[ 268/3625] Checking is OK   | E:\01.userData\ZhuoMian\Github_Releases_批量下载 xray\Xray-core\v1.3.1\Xray-android-arm64-v8a.zip    | LOCAL=127a916e17650628684e56874f1ea08a02b287297d18767c314bbc239950a326 REMOTE=127a916e17650628684e56874f1ea08a02b287297d18767c314bbc239950a326
[ 269/3625] Checking is OK   | E:\01.userData\ZhuoMian\Github_Releases_批量下载 xray\Xray-core\v1.3.1\Xray-dragonfly-64.zip         | LOCAL=ca89832918d954dbb564cab9aa870eee7ac6c46474a73d07bd6d46f73955299b REMOTE=ca89832918d954dbb564cab9aa870eee7ac6c46474a73d07bd6d46f73955299b
[ 270/3625] Checking is OK   | E:\01.userData\ZhuoMian\Github_Releases_批量下载 xray\Xray-core\v1.3.1\Xray-freebsd-32.zip           | LOCAL=77727d47886f812a9cabf59548b48b96d723dc67d408bb993c36b4ae3a38be2d REMOTE=77727d47886f812a9cabf59548b48b96d723dc67d408bb993c36b4ae3a38be2d
[ 271/3625] Checking is OK   | E:\01.userData\ZhuoMian\Github_Releases_批量下载 xray\Xray-core\v1.3.1\Xray-freebsd-64.zip           | LOCAL=56ff3de89c92631dd6b24ea24c7bba8fd67656e391a7c70e4a3cbe659396d7d6 REMOTE=56ff3de89c92631dd6b24ea24c7bba8fd67656e391a7c70e4a3cbe659396d7d6
[ 272/3625] Checking is OK   | E:\01.userData\ZhuoMian\Github_Releases_批量下载 xray\Xray-core\v1.3.1\Xray-freebsd-arm32-v7a.zip    | LOCAL=3f8712308262e37fa67a1f10b82acf0c8a294409956325842e4c8228f12011d1 REMOTE=3f8712308262e37fa67a1f10b82acf0c8a294409956325842e4c8228f12011d1
[ 273/3625] Checking is OK   | E:\01.userData\ZhuoMian\Github_Releases_批量下载 xray\Xray-core\v1.3.1\Xray-freebsd-arm64-v8a.zip    | LOCAL=52c1554467565de6ec364ed56d051b7a5d617863fd82d84bb42d62c38cba526c REMOTE=52c1554467565de6ec364ed56d051b7a5d617863fd82d84bb42d62c38cba526c
[ 274/3625] Checking is OK   | E:\01.userData\ZhuoMian\Github_Releases_批量下载 xray\Xray-core\v1.3.1\Xray-linux-32.zip             | LOCAL=20bfb758811b0af82a0a7d63b8a6ecb90fa3bbcc14968d6f6e8106ba849d36dc REMOTE=20bfb758811b0af82a0a7d63b8a6ecb90fa3bbcc14968d6f6e8106ba849d36dc
[ 275/3625] Checking is OK   | E:\01.userData\ZhuoMian\Github_Releases_批量下载 xray\Xray-core\v1.3.1\Xray-linux-64.zip             | LOCAL=b47cd3370e2a1ff9a4b1d002a618d17d3abc9222fc838c1e8f87e1b8e6079265 REMOTE=b47cd3370e2a1ff9a4b1d002a618d17d3abc9222fc838c1e8f87e1b8e6079265
[ 276/3625] Checking is OK   | E:\01.userData\ZhuoMian\Github_Releases_批量下载 xray\Xray-core\v1.3.1\Xray-linux-arm32-v5.zip       | LOCAL=c58c65dc50858f6e4640dc5d7f6fb63bdc5afc63a8be4262b340930cc17c5b70 REMOTE=c58c65dc50858f6e4640dc5d7f6fb63bdc5afc63a8be4262b340930cc17c5b70
[ 277/3625] Checking is OK   | E:\01.userData\ZhuoMian\Github_Releases_批量下载 xray\Xray-core\v1.3.1\Xray-linux-arm32-v6.zip       | LOCAL=93c715fea4df601fb5ef88c8f2708381d319884e4d5d54aa1a794b02969d1a58 REMOTE=93c715fea4df601fb5ef88c8f2708381d319884e4d5d54aa1a794b02969d1a58
[ 278/3625] Checking is OK   | E:\01.userData\ZhuoMian\Github_Releases_批量下载 xray\Xray-core\v1.3.1\Xray-linux-arm32-v7a.zip      | LOCAL=7147e6ab1b2bacaf20e07acdbb0e024f3fd2ddb0e43b6674785902281b3bac36 REMOTE=7147e6ab1b2bacaf20e07acdbb0e024f3fd2ddb0e43b6674785902281b3bac36
[ 279/3625] Checking is OK   | E:\01.userData\ZhuoMian\Github_Releases_批量下载 xray\Xray-core\v1.3.1\Xray-linux-arm64-v8a.zip      | LOCAL=9fd271c58c8ec10c82d72bc63be5f76a0f91eb1024b28f73757295b456edb694 REMOTE=9fd271c58c8ec10c82d72bc63be5f76a0f91eb1024b28f73757295b456edb694
[ 280/3625] Checking is OK   | E:\01.userData\ZhuoMian\Github_Releases_批量下载 xray\Xray-core\v1.3.1\Xray-linux-mips32.zip         | LOCAL=834e14c7ca934034e472f17e861a0f8314204bbd66bc6ab782b4a202d18fda0e REMOTE=834e14c7ca934034e472f17e861a0f8314204bbd66bc6ab782b4a202d18fda0e
[ 281/3625] Checking is OK   | E:\01.userData\ZhuoMian\Github_Releases_批量下载 xray\Xray-core\v1.3.1\Xray-linux-mips32le.zip       | LOCAL=75b68e65ff41de432f244ab38357f5c2e153a0bf3b20f98311f43cb3fb2044c9 REMOTE=75b68e65ff41de432f244ab38357f5c2e153a0bf3b20f98311f43cb3fb2044c9
[ 282/3625] Checking is OK   | E:\01.userData\ZhuoMian\Github_Releases_批量下载 xray\Xray-core\v1.3.1\Xray-linux-mips64.zip         | LOCAL=cb7f2ac6db408011727b3df4080c452d968ba060d3c7c41f2ca5160050e69bcf REMOTE=cb7f2ac6db408011727b3df4080c452d968ba060d3c7c41f2ca5160050e69bcf
[ 283/3625] Checking is OK   | E:\01.userData\ZhuoMian\Github_Releases_批量下载 xray\Xray-core\v1.3.1\Xray-linux-mips64le.zip       | LOCAL=d2f96807077fe838e33397b59275edc4ab9eb9cc86ee09edc659705957cbf603 REMOTE=d2f96807077fe838e33397b59275edc4ab9eb9cc86ee09edc659705957cbf603
[ 284/3625] Checking is OK   | E:\01.userData\ZhuoMian\Github_Releases_批量下载 xray\Xray-core\v1.3.1\Xray-linux-ppc64.zip          | LOCAL=9e7f7dcdfbac8d4ba645b2511f55709f9a815748dee7678d20ec4dbb723372e6 REMOTE=9e7f7dcdfbac8d4ba645b2511f55709f9a815748dee7678d20ec4dbb723372e6
[ 285/3625] Checking is OK   | E:\01.userData\ZhuoMian\Github_Releases_批量下载 xray\Xray-core\v1.3.1\Xray-linux-riscv64.zip        | LOCAL=b9f30739ad407759a8c7111c7b63a4e58f1d70c18ef0d84a295de5cb9ff49f35 REMOTE=b9f30739ad407759a8c7111c7b63a4e58f1d70c18ef0d84a295de5cb9ff49f35
[ 286/3625] Checking is OK   | E:\01.userData\ZhuoMian\Github_Releases_批量下载 xray\Xray-core\v1.3.1\Xray-linux-rppc64le.zip       | LOCAL=f776f496390a4acbbc850b6d7e53ed933b8cbaa99d4a28837b20e25d0ee84f37 REMOTE=f776f496390a4acbbc850b6d7e53ed933b8cbaa99d4a28837b20e25d0ee84f37
[ 287/3625] Checking is OK   | E:\01.userData\ZhuoMian\Github_Releases_批量下载 xray\Xray-core\v1.3.1\Xray-linux-s390x.zip          | LOCAL=548394ee864376ad7e89da68fd02e9ce701964f1a942dfc920d02328a89f2739 REMOTE=548394ee864376ad7e89da68fd02e9ce701964f1a942dfc920d02328a89f2739
[ 288/3625] Checking is OK   | E:\01.userData\ZhuoMian\Github_Releases_批量下载 xray\Xray-core\v1.3.1\Xray-macos-64.zip             | LOCAL=0f31c36d7c2b5ea49e56acae116f47796e46b29111d6678062b43eb595c7776e REMOTE=0f31c36d7c2b5ea49e56acae116f47796e46b29111d6678062b43eb595c7776e
[ 289/3625] Checking is OK   | E:\01.userData\ZhuoMian\Github_Releases_批量下载 xray\Xray-core\v1.3.1\Xray-macos-arm64-v8a.zip      | LOCAL=0bb7c60ac3ba00b49be2aced01029587f9d925cd8f7d03d58dfac50257586da4 REMOTE=0bb7c60ac3ba00b49be2aced01029587f9d925cd8f7d03d58dfac50257586da4
[ 290/3625] Checking is OK   | E:\01.userData\ZhuoMian\Github_Releases_批量下载 xray\Xray-core\v1.3.1\Xray-openbsd-32.zip           | LOCAL=8b23d9049422ecbed00391e78e67f6dfe6506a748dfca92af68c6429ca18c6e4 REMOTE=8b23d9049422ecbed00391e78e67f6dfe6506a748dfca92af68c6429ca18c6e4
[ 291/3625] Checking is OK   | E:\01.userData\ZhuoMian\Github_Releases_批量下载 xray\Xray-core\v1.3.1\Xray-openbsd-64.zip           | LOCAL=ecdf36b329a5fbfff9e0a2c3510411d49dcca8f74e2c2001613241cf8f215cc1 REMOTE=ecdf36b329a5fbfff9e0a2c3510411d49dcca8f74e2c2001613241cf8f215cc1
[ 292/3625] Checking is OK   | E:\01.userData\ZhuoMian\Github_Releases_批量下载 xray\Xray-core\v1.3.1\Xray-openbsd-arm32-v7a.zip    | LOCAL=3e9fdf53289b572a531f1077171d910d0bfc6e0fa0b24be7361aeafdd95a5c2f REMOTE=3e9fdf53289b572a531f1077171d910d0bfc6e0fa0b24be7361aeafdd95a5c2f
[ 293/3625] Checking is OK   | E:\01.userData\ZhuoMian\Github_Releases_批量下载 xray\Xray-core\v1.3.1\Xray-openbsd-arm64-v8a.zip    | LOCAL=e11b1a6f3422c913ebd4318111e80aa383eb75919f956fb656ca7823bfb4e4bc REMOTE=e11b1a6f3422c913ebd4318111e80aa383eb75919f956fb656ca7823bfb4e4bc
[ 294/3625] Checking is OK   | E:\01.userData\ZhuoMian\Github_Releases_批量下载 xray\Xray-core\v1.3.1\Xray-windows-32.zip           | LOCAL=7763dfafecb569de47ce3d3fa39a72874399ee8b8cefaf6e978860d95c83ae43 REMOTE=7763dfafecb569de47ce3d3fa39a72874399ee8b8cefaf6e978860d95c83ae43
[ 295/3625] Checking is OK   | E:\01.userData\ZhuoMian\Github_Releases_批量下载 xray\Xray-core\v1.3.1\Xray-windows-64.zip           | LOCAL=d784f5033cfe919757fb42b1c4439cf61edd8b7f0824527c64e73ea6eddc0859 REMOTE=d784f5033cfe919757fb42b1c4439cf61edd8b7f0824527c64e73ea6eddc0859
[ 296/3625] Checking is OK   | E:\01.userData\ZhuoMian\Github_Releases_批量下载 xray\Xray-core\v1.3.1\Xray-windows-arm32-v7a.zip    | LOCAL=c472cfc5cfb1b6c598f70e0e0e6a2ddbcb8b7f7addf3bbe0faa2e15aa9bd5ad5 REMOTE=c472cfc5cfb1b6c598f70e0e0e6a2ddbcb8b7f7addf3bbe0faa2e15aa9bd5ad5
[ 297/3625] Checking is OK   | E:\01.userData\ZhuoMian\Github_Releases_批量下载 xray\Xray-core\v1.4.0\Xray-android-arm64-v8a.zip    | LOCAL=908377e44359691d11dcd981de8ce51f9151f6eca6361c78cdf743ed74c529b9 REMOTE=908377e44359691d11dcd981de8ce51f9151f6eca6361c78cdf743ed74c529b9
[ 298/3625] Checking is OK   | E:\01.userData\ZhuoMian\Github_Releases_批量下载 xray\Xray-core\v1.4.0\Xray-dragonfly-64.zip         | LOCAL=c86abdae5001426ac7e5553e73d6bce6cfd8c866ef7804a50cdcfba1d2ca7e64 REMOTE=c86abdae5001426ac7e5553e73d6bce6cfd8c866ef7804a50cdcfba1d2ca7e64
[ 299/3625] Checking is OK   | E:\01.userData\ZhuoMian\Github_Releases_批量下载 xray\Xray-core\v1.4.0\Xray-freebsd-32.zip           | LOCAL=862d52e6252650813d304e8efb7ec51542f33c8b85d95e9862c68b3986d6ff70 REMOTE=862d52e6252650813d304e8efb7ec51542f33c8b85d95e9862c68b3986d6ff70
[ 300/3625] Checking is OK   | E:\01.userData\ZhuoMian\Github_Releases_批量下载 xray\Xray-core\v1.4.0\Xray-freebsd-64.zip           | LOCAL=1f704d3c346306d6ccf688c84ea1f9fc02f956b4f48bc3834e6282f19a603544 REMOTE=1f704d3c346306d6ccf688c84ea1f9fc02f956b4f48bc3834e6282f19a603544
[ 301/3625] Checking is OK   | E:\01.userData\ZhuoMian\Github_Releases_批量下载 xray\Xray-core\v1.4.0\Xray-freebsd-arm32-v7a.zip    | LOCAL=68fc55baa7cf71dd41904d150e21e2fb1fe8c38c754b16c73dc1abbcf8131d5c REMOTE=68fc55baa7cf71dd41904d150e21e2fb1fe8c38c754b16c73dc1abbcf8131d5c
[ 302/3625] Checking is OK   | E:\01.userData\ZhuoMian\Github_Releases_批量下载 xray\Xray-core\v1.4.0\Xray-freebsd-arm64-v8a.zip    | LOCAL=37af3ba8f271c5d95da0e50232c849f7b2ea63c04a336cdbde4dc07bb3e6e1a6 REMOTE=37af3ba8f271c5d95da0e50232c849f7b2ea63c04a336cdbde4dc07bb3e6e1a6
[ 303/3625] Checking is OK   | E:\01.userData\ZhuoMian\Github_Releases_批量下载 xray\Xray-core\v1.4.0\Xray-linux-32.zip             | LOCAL=d69eceb0d1430c6e281540dca68857ac6c87a69436ee1e0cb4cfd5150422b435 REMOTE=d69eceb0d1430c6e281540dca68857ac6c87a69436ee1e0cb4cfd5150422b435
[ 304/3625] Checking is OK   | E:\01.userData\ZhuoMian\Github_Releases_批量下载 xray\Xray-core\v1.4.0\Xray-linux-64.zip             | LOCAL=0a6fb6bea559b74d3c511994d3633bd0621b89a45118627d85d6bf0615b3a98a REMOTE=0a6fb6bea559b74d3c511994d3633bd0621b89a45118627d85d6bf0615b3a98a
[ 305/3625] Checking is OK   | E:\01.userData\ZhuoMian\Github_Releases_批量下载 xray\Xray-core\v1.4.0\Xray-linux-arm32-v5.zip       | LOCAL=3f293a0bf24e58eaf158a6a89021ce1cd92dd4071e7540796135c337966f81c5 REMOTE=3f293a0bf24e58eaf158a6a89021ce1cd92dd4071e7540796135c337966f81c5
[ 306/3625] Checking is OK   | E:\01.userData\ZhuoMian\Github_Releases_批量下载 xray\Xray-core\v1.4.0\Xray-linux-arm32-v6.zip       | LOCAL=8e9c1f1b66f7d7795d02a700c79905cfbaf8c7437c92bca3678734310ef86768 REMOTE=8e9c1f1b66f7d7795d02a700c79905cfbaf8c7437c92bca3678734310ef86768
[ 307/3625] Checking is OK   | E:\01.userData\ZhuoMian\Github_Releases_批量下载 xray\Xray-core\v1.4.0\Xray-linux-arm32-v7a.zip      | LOCAL=507aad7fa2e451108adf68398caa78af672b41833dead85eb1ec8d2f1e960dd0 REMOTE=507aad7fa2e451108adf68398caa78af672b41833dead85eb1ec8d2f1e960dd0
[ 308/3625] Checking is OK   | E:\01.userData\ZhuoMian\Github_Releases_批量下载 xray\Xray-core\v1.4.0\Xray-linux-arm64-v8a.zip      | LOCAL=5f62ab81a95fee9db189f8607e6baba34b32900c48d06d974286abd993d6c510 REMOTE=5f62ab81a95fee9db189f8607e6baba34b32900c48d06d974286abd993d6c510
[ 309/3625] Checking is OK   | E:\01.userData\ZhuoMian\Github_Releases_批量下载 xray\Xray-core\v1.4.0\Xray-linux-mips32.zip         | LOCAL=7be97cd0f67dc2509ff3c728b9d1ef677be0d79e4f157ba67ca7cc0cf3781cd3 REMOTE=7be97cd0f67dc2509ff3c728b9d1ef677be0d79e4f157ba67ca7cc0cf3781cd3
[ 310/3625] Checking is OK   | E:\01.userData\ZhuoMian\Github_Releases_批量下载 xray\Xray-core\v1.4.0\Xray-linux-mips32le.zip       | LOCAL=5f2f8879db2d363f1cccd0340fc309350e001bb5db7c5798ff6613d3e24609e0 REMOTE=5f2f8879db2d363f1cccd0340fc309350e001bb5db7c5798ff6613d3e24609e0
[ 311/3625] Checking is OK   | E:\01.userData\ZhuoMian\Github_Releases_批量下载 xray\Xray-core\v1.4.0\Xray-linux-mips64.zip         | LOCAL=652f15ac5e6dca6af3eed4cbd48464b3eb02673fb622c004d8a98f84b570484b REMOTE=652f15ac5e6dca6af3eed4cbd48464b3eb02673fb622c004d8a98f84b570484b
[ 312/3625] Checking is OK   | E:\01.userData\ZhuoMian\Github_Releases_批量下载 xray\Xray-core\v1.4.0\Xray-linux-mips64le.zip       | LOCAL=61082a5854fdb0b0eea70227a7c027008315bf0751eb250425e8ca6658f0bff9 REMOTE=61082a5854fdb0b0eea70227a7c027008315bf0751eb250425e8ca6658f0bff9
[ 313/3625] Checking is OK   | E:\01.userData\ZhuoMian\Github_Releases_批量下载 xray\Xray-core\v1.4.0\Xray-linux-ppc64.zip          | LOCAL=3f5b3bbb4397b8adcb1c63a48ccfdcf999ca9352f7589bb94effb5706dcb3a36 REMOTE=3f5b3bbb4397b8adcb1c63a48ccfdcf999ca9352f7589bb94effb5706dcb3a36
[ 314/3625] Checking is OK   | E:\01.userData\ZhuoMian\Github_Releases_批量下载 xray\Xray-core\v1.4.0\Xray-linux-ppc64le.zip        | LOCAL=c8147d9659a1a3dc58077772d0fb3bc1fcc680dd66badb8d16b56a09e71ffc79 REMOTE=c8147d9659a1a3dc58077772d0fb3bc1fcc680dd66badb8d16b56a09e71ffc79
[ 315/3625] Checking is OK   | E:\01.userData\ZhuoMian\Github_Releases_批量下载 xray\Xray-core\v1.4.0\Xray-linux-riscv64.zip        | LOCAL=f043e1373702462d349dd216e7736063b93c31606d03ccea6fd7baeec7357b1a REMOTE=f043e1373702462d349dd216e7736063b93c31606d03ccea6fd7baeec7357b1a
[ 316/3625] Checking is OK   | E:\01.userData\ZhuoMian\Github_Releases_批量下载 xray\Xray-core\v1.4.0\Xray-linux-s390x.zip          | LOCAL=23e222b541478ed78bd0ff41659e3a29e30cde83f971f0fba5dcdc0a05b954ec REMOTE=23e222b541478ed78bd0ff41659e3a29e30cde83f971f0fba5dcdc0a05b954ec
[ 317/3625] Checking is OK   | E:\01.userData\ZhuoMian\Github_Releases_批量下载 xray\Xray-core\v1.4.0\Xray-macos-64.zip             | LOCAL=59cd13f719162a558e2cd90292977f014089a09bcccc02459568e23c8ff31a6d REMOTE=59cd13f719162a558e2cd90292977f014089a09bcccc02459568e23c8ff31a6d
[ 318/3625] Checking is OK   | E:\01.userData\ZhuoMian\Github_Releases_批量下载 xray\Xray-core\v1.4.0\Xray-macos-arm64-v8a.zip      | LOCAL=2132f9c6b9f66c2a1b7a92dd98ba54222ad77f5a73eda038a532bd808aa142dc REMOTE=2132f9c6b9f66c2a1b7a92dd98ba54222ad77f5a73eda038a532bd808aa142dc
[ 319/3625] Checking is OK   | E:\01.userData\ZhuoMian\Github_Releases_批量下载 xray\Xray-core\v1.4.0\Xray-openbsd-32.zip           | LOCAL=11af6462db571d5dc487a016ceee9645b0872a5ddda155e9c91cb7f5c49761ac REMOTE=11af6462db571d5dc487a016ceee9645b0872a5ddda155e9c91cb7f5c49761ac
[ 320/3625] Checking is OK   | E:\01.userData\ZhuoMian\Github_Releases_批量下载 xray\Xray-core\v1.4.0\Xray-openbsd-64.zip           | LOCAL=76ba8ae34298b10444a94dd80234e95adcf46b2d19131bcf71808eed4447d5b6 REMOTE=76ba8ae34298b10444a94dd80234e95adcf46b2d19131bcf71808eed4447d5b6
[ 321/3625] Checking is OK   | E:\01.userData\ZhuoMian\Github_Releases_批量下载 xray\Xray-core\v1.4.0\Xray-openbsd-arm32-v7a.zip    | LOCAL=6d5d706f516579c0718e329764d5c731f523bdc5fa26718379b6e0394a55c1eb REMOTE=6d5d706f516579c0718e329764d5c731f523bdc5fa26718379b6e0394a55c1eb
[ 322/3625] Checking is OK   | E:\01.userData\ZhuoMian\Github_Releases_批量下载 xray\Xray-core\v1.4.0\Xray-openbsd-arm64-v8a.zip    | LOCAL=439857fa29edccc232914e66e7f18225fd3eed1c94137e864d685d3c295ea3a1 REMOTE=439857fa29edccc232914e66e7f18225fd3eed1c94137e864d685d3c295ea3a1
[ 323/3625] Checking is OK   | E:\01.userData\ZhuoMian\Github_Releases_批量下载 xray\Xray-core\v1.4.0\Xray-windows-32.zip           | LOCAL=4b5170652d23094a9e9c451f2a5c5692b522c6a9d8f4124c378808d625eed801 REMOTE=4b5170652d23094a9e9c451f2a5c5692b522c6a9d8f4124c378808d625eed801
[ 324/3625] Checking is OK   | E:\01.userData\ZhuoMian\Github_Releases_批量下载 xray\Xray-core\v1.4.0\Xray-windows-64.zip           | LOCAL=7b766d3dccecd0589c1dc15a7f461994a604909723de0ed72df8bcd5a2191416 REMOTE=7b766d3dccecd0589c1dc15a7f461994a604909723de0ed72df8bcd5a2191416
[ 325/3625] Checking is OK   | E:\01.userData\ZhuoMian\Github_Releases_批量下载 xray\Xray-core\v1.4.0\Xray-windows-arm32-v7a.zip    | LOCAL=26af767a3a9c30e44da9ef8d8b7d50b400a72747ebc5b493853b30132a90bc0a REMOTE=26af767a3a9c30e44da9ef8d8b7d50b400a72747ebc5b493853b30132a90bc0a
[ 326/3625] Checking is OK   | E:\01.userData\ZhuoMian\Github_Releases_批量下载 xray\Xray-core\v1.4.2\Xray-android-arm64-v8a.zip    | LOCAL=a6b9edea9f74a7a7ce671b333c8f875e481baf5d64d3d0aa8d45141c05ce497c REMOTE=a6b9edea9f74a7a7ce671b333c8f875e481baf5d64d3d0aa8d45141c05ce497c
[ 327/3625] Checking is OK   | E:\01.userData\ZhuoMian\Github_Releases_批量下载 xray\Xray-core\v1.4.2\Xray-dragonfly-64.zip         | LOCAL=3cf237463dae7e9e932790a5b590345ca9bd72d15f71b0c74eadc6072b6c4d06 REMOTE=3cf237463dae7e9e932790a5b590345ca9bd72d15f71b0c74eadc6072b6c4d06
[ 328/3625] Checking is OK   | E:\01.userData\ZhuoMian\Github_Releases_批量下载 xray\Xray-core\v1.4.2\Xray-freebsd-32.zip           | LOCAL=7472e6a8b1d2122f656ca27fe636f7ec26fd2e70d9a035c1025470010461a788 REMOTE=7472e6a8b1d2122f656ca27fe636f7ec26fd2e70d9a035c1025470010461a788
[ 329/3625] Checking is OK   | E:\01.userData\ZhuoMian\Github_Releases_批量下载 xray\Xray-core\v1.4.2\Xray-freebsd-64.zip           | LOCAL=ed867df7552e628f72b68c098ac32a85637e91d8647add65eb68bd9a22ac7f5d REMOTE=ed867df7552e628f72b68c098ac32a85637e91d8647add65eb68bd9a22ac7f5d
[ 330/3625] Checking is OK   | E:\01.userData\ZhuoMian\Github_Releases_批量下载 xray\Xray-core\v1.4.2\Xray-freebsd-arm32-v7a.zip    | LOCAL=c64edfd3173bf8afe087e7904e7ea507544b65dd0061e862398b81f737788f5e REMOTE=c64edfd3173bf8afe087e7904e7ea507544b65dd0061e862398b81f737788f5e
[ 331/3625] Checking is OK   | E:\01.userData\ZhuoMian\Github_Releases_批量下载 xray\Xray-core\v1.4.2\Xray-freebsd-arm64-v8a.zip    | LOCAL=a4cddc65b95531207a163f3a2b81572bafd5bba79662b6fef35a80b9db5102d3 REMOTE=a4cddc65b95531207a163f3a2b81572bafd5bba79662b6fef35a80b9db5102d3
[ 332/3625] Checking is OK   | E:\01.userData\ZhuoMian\Github_Releases_批量下载 xray\Xray-core\v1.4.2\Xray-linux-32.zip             | LOCAL=7daa08065225461de58240631d24551cc7ff29d872c9948284f94424d6ff2289 REMOTE=7daa08065225461de58240631d24551cc7ff29d872c9948284f94424d6ff2289
[ 333/3625] Checking is OK   | E:\01.userData\ZhuoMian\Github_Releases_批量下载 xray\Xray-core\v1.4.2\Xray-linux-64.zip             | LOCAL=46ac5e708ccb01df75661ca5da1f0d8343fbafbd2c0734957b5b1635903f7c88 REMOTE=46ac5e708ccb01df75661ca5da1f0d8343fbafbd2c0734957b5b1635903f7c88
[ 334/3625] Checking is OK   | E:\01.userData\ZhuoMian\Github_Releases_批量下载 xray\Xray-core\v1.4.2\Xray-linux-arm32-v5.zip       | LOCAL=122946e765390920cfe81239e3befcf4eb33d1dbbc6a1175b9a99157ceff0c45 REMOTE=122946e765390920cfe81239e3befcf4eb33d1dbbc6a1175b9a99157ceff0c45
[ 335/3625] Checking is OK   | E:\01.userData\ZhuoMian\Github_Releases_批量下载 xray\Xray-core\v1.4.2\Xray-linux-arm32-v6.zip       | LOCAL=b89fbe700c2f5798a5c0dd591d32b3ab81237a43cec33a39a065f550441511d8 REMOTE=b89fbe700c2f5798a5c0dd591d32b3ab81237a43cec33a39a065f550441511d8
[ 336/3625] Checking is OK   | E:\01.userData\ZhuoMian\Github_Releases_批量下载 xray\Xray-core\v1.4.2\Xray-linux-arm32-v7a.zip      | LOCAL=e0768175ab801dc23dc01b78ca9db43adbdeb8dd86022b1274dea4475d6f3ad2 REMOTE=e0768175ab801dc23dc01b78ca9db43adbdeb8dd86022b1274dea4475d6f3ad2
[ 337/3625] Checking is OK   | E:\01.userData\ZhuoMian\Github_Releases_批量下载 xray\Xray-core\v1.4.2\Xray-linux-arm64-v8a.zip      | LOCAL=3d105a6a7644265e7d4bb764e1fae015319d3825408af30f8fee5be883302a0c REMOTE=3d105a6a7644265e7d4bb764e1fae015319d3825408af30f8fee5be883302a0c
[ 338/3625] Checking is OK   | E:\01.userData\ZhuoMian\Github_Releases_批量下载 xray\Xray-core\v1.4.2\Xray-linux-mips32.zip         | LOCAL=be94693270e2e92e7ca3a30a9b17e327275ee71c9e993975cedcf00749e7e4b4 REMOTE=be94693270e2e92e7ca3a30a9b17e327275ee71c9e993975cedcf00749e7e4b4
[ 339/3625] Checking is OK   | E:\01.userData\ZhuoMian\Github_Releases_批量下载 xray\Xray-core\v1.4.2\Xray-linux-mips32le.zip       | LOCAL=6eb7fa41ac2199fab646a335551657e1538dfc38ed058935fbf9c24a4973645a REMOTE=6eb7fa41ac2199fab646a335551657e1538dfc38ed058935fbf9c24a4973645a
[ 340/3625] Checking is OK   | E:\01.userData\ZhuoMian\Github_Releases_批量下载 xray\Xray-core\v1.4.2\Xray-linux-mips64.zip         | LOCAL=906bbf93b7cf82eb796c896b2f03b0bc84e6e37f9c9d6cced967586246af89ee REMOTE=906bbf93b7cf82eb796c896b2f03b0bc84e6e37f9c9d6cced967586246af89ee
[ 341/3625] Checking is OK   | E:\01.userData\ZhuoMian\Github_Releases_批量下载 xray\Xray-core\v1.4.2\Xray-linux-mips64le.zip       | LOCAL=efd0b454a575594dcd9f4c092c559147b2e1550bde8b7d69ebda004f6692eb7c REMOTE=efd0b454a575594dcd9f4c092c559147b2e1550bde8b7d69ebda004f6692eb7c
[ 342/3625] Checking is OK   | E:\01.userData\ZhuoMian\Github_Releases_批量下载 xray\Xray-core\v1.4.2\Xray-linux-ppc64.zip          | LOCAL=0f3af1bdb9bff1d000701dc7a28943c6601db84be1ca76e30f9d97adab177c52 REMOTE=0f3af1bdb9bff1d000701dc7a28943c6601db84be1ca76e30f9d97adab177c52
[ 343/3625] Checking is OK   | E:\01.userData\ZhuoMian\Github_Releases_批量下载 xray\Xray-core\v1.4.2\Xray-linux-ppc64le.zip        | LOCAL=9f4b600d3a9ecbfee7e89b06c5079884b5b8b64b735fb3457d2a3a313f4b67c1 REMOTE=9f4b600d3a9ecbfee7e89b06c5079884b5b8b64b735fb3457d2a3a313f4b67c1
[ 344/3625] Checking is OK   | E:\01.userData\ZhuoMian\Github_Releases_批量下载 xray\Xray-core\v1.4.2\Xray-linux-riscv64.zip        | LOCAL=d19801a8a4886e4080ddf65eebbb84cd4fbb07debc947c7b6ad5e4e479639270 REMOTE=d19801a8a4886e4080ddf65eebbb84cd4fbb07debc947c7b6ad5e4e479639270
[ 345/3625] Checking is OK   | E:\01.userData\ZhuoMian\Github_Releases_批量下载 xray\Xray-core\v1.4.2\Xray-linux-s390x.zip          | LOCAL=0be43bdf6284544ccf8bbffcc1767c06b22d9f638ed85a63d91e26f9eb1bf4de REMOTE=0be43bdf6284544ccf8bbffcc1767c06b22d9f638ed85a63d91e26f9eb1bf4de
[ 346/3625] Checking is OK   | E:\01.userData\ZhuoMian\Github_Releases_批量下载 xray\Xray-core\v1.4.2\Xray-macos-64.zip             | LOCAL=7228402b6700b6313587458f37094b7d2d8db3da41f3cfb2612b3cc469498116 REMOTE=7228402b6700b6313587458f37094b7d2d8db3da41f3cfb2612b3cc469498116
[ 347/3625] Checking is OK   | E:\01.userData\ZhuoMian\Github_Releases_批量下载 xray\Xray-core\v1.4.2\Xray-macos-arm64-v8a.zip      | LOCAL=08f1fdf2bf740aefaaf049d1305c6206ef827b5fedbf738f97dcf01318638331 REMOTE=08f1fdf2bf740aefaaf049d1305c6206ef827b5fedbf738f97dcf01318638331
[ 348/3625] Checking is OK   | E:\01.userData\ZhuoMian\Github_Releases_批量下载 xray\Xray-core\v1.4.2\Xray-openbsd-32.zip           | LOCAL=17e807064483ae8ee2c84e4f483e91b1d33002f326e8f6c4b5608b72f8edf777 REMOTE=17e807064483ae8ee2c84e4f483e91b1d33002f326e8f6c4b5608b72f8edf777
[ 349/3625] Checking is OK   | E:\01.userData\ZhuoMian\Github_Releases_批量下载 xray\Xray-core\v1.4.2\Xray-openbsd-64.zip           | LOCAL=77c39e15d91e1c70206a878c07b6762a54a263efe453bc211e452ef3a6a189d6 REMOTE=77c39e15d91e1c70206a878c07b6762a54a263efe453bc211e452ef3a6a189d6
[ 350/3625] Checking is OK   | E:\01.userData\ZhuoMian\Github_Releases_批量下载 xray\Xray-core\v1.4.2\Xray-openbsd-arm32-v7a.zip    | LOCAL=d9304b1abc01704970512519e79f5491beb04324b202d14b1697274dea3c2cdc REMOTE=d9304b1abc01704970512519e79f5491beb04324b202d14b1697274dea3c2cdc
[ 351/3625] Checking is OK   | E:\01.userData\ZhuoMian\Github_Releases_批量下载 xray\Xray-core\v1.4.2\Xray-openbsd-arm64-v8a.zip    | LOCAL=c3c22a382b57748cf21c71e1c14ce48f27ad5792b943b71a82bb7459da4fa87d REMOTE=c3c22a382b57748cf21c71e1c14ce48f27ad5792b943b71a82bb7459da4fa87d
[ 352/3625] Checking is OK   | E:\01.userData\ZhuoMian\Github_Releases_批量下载 xray\Xray-core\v1.4.2\Xray-windows-32.zip           | LOCAL=26228d6e75c9ba49578838e0b933bcda20a8f766534516b23dc03dc8a185685b REMOTE=26228d6e75c9ba49578838e0b933bcda20a8f766534516b23dc03dc8a185685b
[ 353/3625] Checking is OK   | E:\01.userData\ZhuoMian\Github_Releases_批量下载 xray\Xray-core\v1.4.2\Xray-windows-64.zip           | LOCAL=24d9b41c20d6e8db64aa5db5de234bbbc07fd42c185f5ec18c39d4ba386cd276 REMOTE=24d9b41c20d6e8db64aa5db5de234bbbc07fd42c185f5ec18c39d4ba386cd276
[ 354/3625] Checking is OK   | E:\01.userData\ZhuoMian\Github_Releases_批量下载 xray\Xray-core\v1.4.2\Xray-windows-arm32-v7a.zip    | LOCAL=dbe36c2899c421a13191b8ea015112fb9aa646e56a7db82f649b31dcc585befe REMOTE=dbe36c2899c421a13191b8ea015112fb9aa646e56a7db82f649b31dcc585befe
[ 384/3625] Checking is OK   | E:\01.userData\ZhuoMian\Github_Releases_批量下载 xray\Xray-core\v1.4.5\Xray-android-arm64-v8a.zip    | LOCAL=1bc5d24d83c896860e478c79f18f0ce755141fdc96e21cc4167e56dd758eb5a9 REMOTE=1bc5d24d83c896860e478c79f18f0ce755141fdc96e21cc4167e56dd758eb5a9
[ 385/3625] Checking is OK   | E:\01.userData\ZhuoMian\Github_Releases_批量下载 xray\Xray-core\v1.4.5\Xray-dragonfly-64.zip         | LOCAL=e7bc69441daa0c35f57bf1111e546ee21ac19649911c91f8acb5c8df7204f246 REMOTE=e7bc69441daa0c35f57bf1111e546ee21ac19649911c91f8acb5c8df7204f246
[ 386/3625] Checking is OK   | E:\01.userData\ZhuoMian\Github_Releases_批量下载 xray\Xray-core\v1.4.5\Xray-freebsd-32.zip           | LOCAL=f543da0464f9f76a3dcd6de966fb151ee1062a50a53f00b2a68cee698b0850fe REMOTE=f543da0464f9f76a3dcd6de966fb151ee1062a50a53f00b2a68cee698b0850fe
[ 387/3625] Checking is OK   | E:\01.userData\ZhuoMian\Github_Releases_批量下载 xray\Xray-core\v1.4.5\Xray-freebsd-64.zip           | LOCAL=85ac4b77b05f2c0a4cd0e79af11c9484a60efb83f65a6dab9390c92cfbc9d47e REMOTE=85ac4b77b05f2c0a4cd0e79af11c9484a60efb83f65a6dab9390c92cfbc9d47e
[ 388/3625] Checking is OK   | E:\01.userData\ZhuoMian\Github_Releases_批量下载 xray\Xray-core\v1.4.5\Xray-freebsd-arm32-v7a.zip    | LOCAL=698049e00f87508a81557e82d3bef5338b5cc0b13293cc6abfa92c7c80fd4c65 REMOTE=698049e00f87508a81557e82d3bef5338b5cc0b13293cc6abfa92c7c80fd4c65
[ 389/3625] Checking is OK   | E:\01.userData\ZhuoMian\Github_Releases_批量下载 xray\Xray-core\v1.4.5\Xray-freebsd-arm64-v8a.zip    | LOCAL=359590200df6a91651cf9416176b7fd608230c3b87c445fe5ab45e1d44e122c4 REMOTE=359590200df6a91651cf9416176b7fd608230c3b87c445fe5ab45e1d44e122c4
[ 390/3625] Checking is OK   | E:\01.userData\ZhuoMian\Github_Releases_批量下载 xray\Xray-core\v1.4.5\Xray-linux-32.zip             | LOCAL=8758ad2cda8d65c0aca92bb4f2765dc1818e83868cde3e14b69c55e58a4713d4 REMOTE=8758ad2cda8d65c0aca92bb4f2765dc1818e83868cde3e14b69c55e58a4713d4
[ 391/3625] Checking is OK   | E:\01.userData\ZhuoMian\Github_Releases_批量下载 xray\Xray-core\v1.4.5\Xray-linux-64.zip             | LOCAL=82283c8a7e84c27a34bc71ab43f4f4ba3f3ca143972050bd6a4d15ef22995864 REMOTE=82283c8a7e84c27a34bc71ab43f4f4ba3f3ca143972050bd6a4d15ef22995864
[ 392/3625] Checking is OK   | E:\01.userData\ZhuoMian\Github_Releases_批量下载 xray\Xray-core\v1.4.5\Xray-linux-arm32-v5.zip       | LOCAL=1cda9d20e29a802c028bb4ec2f88aa60ac0aa4e056df8f2efb8aba41a7f2de3e REMOTE=1cda9d20e29a802c028bb4ec2f88aa60ac0aa4e056df8f2efb8aba41a7f2de3e
[ 393/3625] Checking is OK   | E:\01.userData\ZhuoMian\Github_Releases_批量下载 xray\Xray-core\v1.4.5\Xray-linux-arm32-v6.zip       | LOCAL=3ff10a94de17e1f74df511869463f5cb7a9f1cfe5c2d2872c58640ffabb06217 REMOTE=3ff10a94de17e1f74df511869463f5cb7a9f1cfe5c2d2872c58640ffabb06217
[ 394/3625] Checking is OK   | E:\01.userData\ZhuoMian\Github_Releases_批量下载 xray\Xray-core\v1.4.5\Xray-linux-arm32-v7a.zip      | LOCAL=9994aad6cb57a0495af4df976ab04486a44b85c72d7d0347252237805b09e9c1 REMOTE=9994aad6cb57a0495af4df976ab04486a44b85c72d7d0347252237805b09e9c1
[ 395/3625] Checking is OK   | E:\01.userData\ZhuoMian\Github_Releases_批量下载 xray\Xray-core\v1.4.5\Xray-linux-arm64-v8a.zip      | LOCAL=ebcd6ffcf0e780b4b17d2c945b6e7d283ef7b4bda37eb2558440f3e53b49afe5 REMOTE=ebcd6ffcf0e780b4b17d2c945b6e7d283ef7b4bda37eb2558440f3e53b49afe5
[ 396/3625] Checking is OK   | E:\01.userData\ZhuoMian\Github_Releases_批量下载 xray\Xray-core\v1.4.5\Xray-linux-mips32.zip         | LOCAL=eb73c2c53fe3fb986036c78b04c384b926a857d883497292e935446b0274939f REMOTE=eb73c2c53fe3fb986036c78b04c384b926a857d883497292e935446b0274939f
[ 397/3625] Checking is OK   | E:\01.userData\ZhuoMian\Github_Releases_批量下载 xray\Xray-core\v1.4.5\Xray-linux-mips32le.zip       | LOCAL=95d719b2cb3555c74a282b49d92bc682e0bfe6851ad852b879459a05366e44fc REMOTE=95d719b2cb3555c74a282b49d92bc682e0bfe6851ad852b879459a05366e44fc
[ 398/3625] Checking is OK   | E:\01.userData\ZhuoMian\Github_Releases_批量下载 xray\Xray-core\v1.4.5\Xray-linux-mips64.zip         | LOCAL=69173dd8a841f232781d7eba79893f189f29c0ebadefd25d1767d2a0d1edcd49 REMOTE=69173dd8a841f232781d7eba79893f189f29c0ebadefd25d1767d2a0d1edcd49
[ 399/3625] Checking is OK   | E:\01.userData\ZhuoMian\Github_Releases_批量下载 xray\Xray-core\v1.4.5\Xray-linux-mips64le.zip       | LOCAL=85e1ad73faaba364138ef673f9d75c138762432c42101fcb6fb9e0dc89c55176 REMOTE=85e1ad73faaba364138ef673f9d75c138762432c42101fcb6fb9e0dc89c55176
[ 400/3625] Checking is OK   | E:\01.userData\ZhuoMian\Github_Releases_批量下载 xray\Xray-core\v1.4.5\Xray-linux-ppc64.zip          | LOCAL=396ce076e5884ee12f51758277b62f78a5c8bd4cf74edbfa83ac6e651178087b REMOTE=396ce076e5884ee12f51758277b62f78a5c8bd4cf74edbfa83ac6e651178087b
[ 401/3625] Checking is OK   | E:\01.userData\ZhuoMian\Github_Releases_批量下载 xray\Xray-core\v1.4.5\Xray-linux-ppc64le.zip        | LOCAL=11891a0adaa0c015a210059b950ee8fe6fe36ce3724879990b32fb7928a725c3 REMOTE=11891a0adaa0c015a210059b950ee8fe6fe36ce3724879990b32fb7928a725c3
[ 402/3625] Checking is OK   | E:\01.userData\ZhuoMian\Github_Releases_批量下载 xray\Xray-core\v1.4.5\Xray-linux-riscv64.zip        | LOCAL=a48265963e97d21a5b3b32271b555873c1addbe1f6fe47af35afd0770c174f93 REMOTE=a48265963e97d21a5b3b32271b555873c1addbe1f6fe47af35afd0770c174f93
[ 403/3625] Checking is OK   | E:\01.userData\ZhuoMian\Github_Releases_批量下载 xray\Xray-core\v1.4.5\Xray-linux-s390x.zip          | LOCAL=39d877bd0fe948fe0c05517a46d0b8742710123bb5755c7b9fa4e90a37c990d1 REMOTE=39d877bd0fe948fe0c05517a46d0b8742710123bb5755c7b9fa4e90a37c990d1
[ 404/3625] Checking is OK   | E:\01.userData\ZhuoMian\Github_Releases_批量下载 xray\Xray-core\v1.4.5\Xray-macos-64.zip             | LOCAL=9ee1074559ae4e8b54d22c4dfab502982482b0915d5f73b5bda9c201c1d127b3 REMOTE=9ee1074559ae4e8b54d22c4dfab502982482b0915d5f73b5bda9c201c1d127b3
[ 405/3625] Checking is OK   | E:\01.userData\ZhuoMian\Github_Releases_批量下载 xray\Xray-core\v1.4.5\Xray-macos-arm64-v8a.zip      | LOCAL=e9464eca14fad3c728d474fd890f1fb8b45a52fac4e4e01cfc6bf0a56a77251f REMOTE=e9464eca14fad3c728d474fd890f1fb8b45a52fac4e4e01cfc6bf0a56a77251f
[ 406/3625] Checking is OK   | E:\01.userData\ZhuoMian\Github_Releases_批量下载 xray\Xray-core\v1.4.5\Xray-openbsd-32.zip           | LOCAL=2c228ff640d708ad35e31431073dbc8ca53866ab47b224ab8198fec199b5c808 REMOTE=2c228ff640d708ad35e31431073dbc8ca53866ab47b224ab8198fec199b5c808
[ 407/3625] Checking is OK   | E:\01.userData\ZhuoMian\Github_Releases_批量下载 xray\Xray-core\v1.4.5\Xray-openbsd-64.zip           | LOCAL=9807b2ac74b599a285a6c22de781e51c9db0745e135516f0b0f1462e4776da35 REMOTE=9807b2ac74b599a285a6c22de781e51c9db0745e135516f0b0f1462e4776da35
[ 408/3625] Checking is OK   | E:\01.userData\ZhuoMian\Github_Releases_批量下载 xray\Xray-core\v1.4.5\Xray-openbsd-arm32-v7a.zip    | LOCAL=4542f43088290683e7ec982ba3aaec7686ed64d402729c8c726b3bcf5475d724 REMOTE=4542f43088290683e7ec982ba3aaec7686ed64d402729c8c726b3bcf5475d724
[ 409/3625] Checking is OK   | E:\01.userData\ZhuoMian\Github_Releases_批量下载 xray\Xray-core\v1.4.5\Xray-openbsd-arm64-v8a.zip    | LOCAL=6d51d2c2b5cd072b54caeb2a90cddd685600793d2c710465d9bc4cb393bff15d REMOTE=6d51d2c2b5cd072b54caeb2a90cddd685600793d2c710465d9bc4cb393bff15d
[ 410/3625] Checking is OK   | E:\01.userData\ZhuoMian\Github_Releases_批量下载 xray\Xray-core\v1.4.5\Xray-windows-32.zip           | LOCAL=2c5f37c67a8e1ffb1f0b1afa7b638daf03ac23fe0a11bcc43c0bf386a92b1c2b REMOTE=2c5f37c67a8e1ffb1f0b1afa7b638daf03ac23fe0a11bcc43c0bf386a92b1c2b
[ 411/3625] Checking is OK   | E:\01.userData\ZhuoMian\Github_Releases_批量下载 xray\Xray-core\v1.4.5\Xray-windows-64.zip           | LOCAL=dac09a3095136da479124bfa6f6ab68542f90f6f8c14904e6ba8d2e44df49dd9 REMOTE=dac09a3095136da479124bfa6f6ab68542f90f6f8c14904e6ba8d2e44df49dd9
[ 412/3625] Checking is OK   | E:\01.userData\ZhuoMian\Github_Releases_批量下载 xray\Xray-core\v1.4.5\Xray-windows-arm32-v7a.zip    | LOCAL=f12109b9595e74995ecbfaa0246b6d943b2f15b823fac4ed2e8cea1f61b1a2a7 REMOTE=f12109b9595e74995ecbfaa0246b6d943b2f15b823fac4ed2e8cea1f61b1a2a7
[ 413/3625] Checking is OK   | E:\01.userData\ZhuoMian\Github_Releases_批量下载 xray\Xray-core\v1.5.0\Xray-android-arm64-v8a.zip    | LOCAL=438693defb5fe1a7a7b80ab1e4941343f3983bc185661ec281b7b2361ead1c85 REMOTE=438693defb5fe1a7a7b80ab1e4941343f3983bc185661ec281b7b2361ead1c85
[ 414/3625] Checking is OK   | E:\01.userData\ZhuoMian\Github_Releases_批量下载 xray\Xray-core\v1.5.0\Xray-dragonfly-64.zip         | LOCAL=9c9d3ff6cd735baf6f33acef25b231b279c4003401b862f12c132aee0c11e1f5 REMOTE=9c9d3ff6cd735baf6f33acef25b231b279c4003401b862f12c132aee0c11e1f5
[ 415/3625] Checking is OK   | E:\01.userData\ZhuoMian\Github_Releases_批量下载 xray\Xray-core\v1.5.0\Xray-freebsd-32.zip           | LOCAL=63eccf8c3b0cd453568e358965a1a1df3bf05f3a611040c9cb12e2dcbd19dd28 REMOTE=63eccf8c3b0cd453568e358965a1a1df3bf05f3a611040c9cb12e2dcbd19dd28
[ 416/3625] Checking is OK   | E:\01.userData\ZhuoMian\Github_Releases_批量下载 xray\Xray-core\v1.5.0\Xray-freebsd-64.zip           | LOCAL=b8d9e10fa7ae00358048a602c636f779c1c006a327787eae3efd3b98dfad0ec5 REMOTE=b8d9e10fa7ae00358048a602c636f779c1c006a327787eae3efd3b98dfad0ec5
[ 417/3625] Checking is OK   | E:\01.userData\ZhuoMian\Github_Releases_批量下载 xray\Xray-core\v1.5.0\Xray-freebsd-arm32-v7a.zip    | LOCAL=a7b230241a5ffe35290ba0ebf90b1311bdad3c7c776b17c40d1655d910e632fb REMOTE=a7b230241a5ffe35290ba0ebf90b1311bdad3c7c776b17c40d1655d910e632fb
[ 418/3625] Checking is OK   | E:\01.userData\ZhuoMian\Github_Releases_批量下载 xray\Xray-core\v1.5.0\Xray-freebsd-arm64-v8a.zip    | LOCAL=4676232e6cc574c334acab89db1edae7edfbd9f84efff622c11030d40c66e030 REMOTE=4676232e6cc574c334acab89db1edae7edfbd9f84efff622c11030d40c66e030
[ 419/3625] Checking is OK   | E:\01.userData\ZhuoMian\Github_Releases_批量下载 xray\Xray-core\v1.5.0\Xray-linux-32.zip             | LOCAL=c4a9a72a3bc078886da74725c4747acf1e83f2bdbfffe851d9d092732923374f REMOTE=c4a9a72a3bc078886da74725c4747acf1e83f2bdbfffe851d9d092732923374f
[ 420/3625] Checking is OK   | E:\01.userData\ZhuoMian\Github_Releases_批量下载 xray\Xray-core\v1.5.0\Xray-linux-64.zip             | LOCAL=db85e64e5b7df678dd974926888c320405d3b4b03f3b99895802dc3ff2028fbe REMOTE=db85e64e5b7df678dd974926888c320405d3b4b03f3b99895802dc3ff2028fbe
[ 421/3625] Checking is OK   | E:\01.userData\ZhuoMian\Github_Releases_批量下载 xray\Xray-core\v1.5.0\Xray-linux-arm32-v5.zip       | LOCAL=91e5ad12f5710f41500a3dde96c701014cca3354a335a845cac7b254ac890159 REMOTE=91e5ad12f5710f41500a3dde96c701014cca3354a335a845cac7b254ac890159
[ 422/3625] Checking is OK   | E:\01.userData\ZhuoMian\Github_Releases_批量下载 xray\Xray-core\v1.5.0\Xray-linux-arm32-v6.zip       | LOCAL=16b8a88ff7ed9dec08fc70db4ea0a43a041ce86c41bd6235562bc30094535703 REMOTE=16b8a88ff7ed9dec08fc70db4ea0a43a041ce86c41bd6235562bc30094535703
[ 423/3625] Checking is OK   | E:\01.userData\ZhuoMian\Github_Releases_批量下载 xray\Xray-core\v1.5.0\Xray-linux-arm32-v7a.zip      | LOCAL=b76458183af207f00c3b4540d81b2ddad3241f61bf4c22c131ca57413fba47f0 REMOTE=b76458183af207f00c3b4540d81b2ddad3241f61bf4c22c131ca57413fba47f0
[ 424/3625] Checking is OK   | E:\01.userData\ZhuoMian\Github_Releases_批量下载 xray\Xray-core\v1.5.0\Xray-linux-arm64-v8a.zip      | LOCAL=c8442cc65106b82581c641c63f7a9c41785bbb516c631cbaa622cf845c7ec519 REMOTE=c8442cc65106b82581c641c63f7a9c41785bbb516c631cbaa622cf845c7ec519
[ 425/3625] Checking is OK   | E:\01.userData\ZhuoMian\Github_Releases_批量下载 xray\Xray-core\v1.5.0\Xray-linux-mips32.zip         | LOCAL=caa6714e6d37830f4c289cdc5aef7ef06248ed8c18c85ac09b027cd318af7d62 REMOTE=caa6714e6d37830f4c289cdc5aef7ef06248ed8c18c85ac09b027cd318af7d62
[ 426/3625] Checking is OK   | E:\01.userData\ZhuoMian\Github_Releases_批量下载 xray\Xray-core\v1.5.0\Xray-linux-mips32le.zip       | LOCAL=e42ac870fcd9469ebdc6644c082349cef97283e502df256d44f849e7d3947037 REMOTE=e42ac870fcd9469ebdc6644c082349cef97283e502df256d44f849e7d3947037
[ 427/3625] Checking is OK   | E:\01.userData\ZhuoMian\Github_Releases_批量下载 xray\Xray-core\v1.5.0\Xray-linux-mips64.zip         | LOCAL=5d3246ef6c27142c3a8c21d07e1c07827509beecf3270bd52654522e2a7525db REMOTE=5d3246ef6c27142c3a8c21d07e1c07827509beecf3270bd52654522e2a7525db
[ 428/3625] Checking is OK   | E:\01.userData\ZhuoMian\Github_Releases_批量下载 xray\Xray-core\v1.5.0\Xray-linux-mips64le.zip       | LOCAL=5186e2d61f7e2eb1a0d54121cedbeac78d8ed613df4143c5c988f19e479dc011 REMOTE=5186e2d61f7e2eb1a0d54121cedbeac78d8ed613df4143c5c988f19e479dc011
[ 429/3625] Checking is OK   | E:\01.userData\ZhuoMian\Github_Releases_批量下载 xray\Xray-core\v1.5.0\Xray-linux-ppc64.zip          | LOCAL=dae6bf7f16693db042cff0d8bc31fd5d65adea84252ee350fdd27322a35882cb REMOTE=dae6bf7f16693db042cff0d8bc31fd5d65adea84252ee350fdd27322a35882cb
[ 430/3625] Checking is OK   | E:\01.userData\ZhuoMian\Github_Releases_批量下载 xray\Xray-core\v1.5.0\Xray-linux-ppc64le.zip        | LOCAL=7ce35fbffb4dcb6010719ed68519591a62051051b5e64a72551ac016caf6a370 REMOTE=7ce35fbffb4dcb6010719ed68519591a62051051b5e64a72551ac016caf6a370
[ 431/3625] Checking is OK   | E:\01.userData\ZhuoMian\Github_Releases_批量下载 xray\Xray-core\v1.5.0\Xray-linux-riscv64.zip        | LOCAL=e1a304f2e182964e7743623e9b4416bd9f77c03d25e772442bae841a449ff031 REMOTE=e1a304f2e182964e7743623e9b4416bd9f77c03d25e772442bae841a449ff031
[ 432/3625] Checking is OK   | E:\01.userData\ZhuoMian\Github_Releases_批量下载 xray\Xray-core\v1.5.0\Xray-linux-s390x.zip          | LOCAL=4f831e7ec353eb3310e0a55260a97ba6e9a60b1a494adb04729701fe1018ecf0 REMOTE=4f831e7ec353eb3310e0a55260a97ba6e9a60b1a494adb04729701fe1018ecf0
[ 433/3625] Checking is OK   | E:\01.userData\ZhuoMian\Github_Releases_批量下载 xray\Xray-core\v1.5.0\Xray-macos-64.zip             | LOCAL=7ac3df222b6f00a31db8a30c86dd73e1ffbff968f9668bc81d217baaf7512cd6 REMOTE=7ac3df222b6f00a31db8a30c86dd73e1ffbff968f9668bc81d217baaf7512cd6
[ 434/3625] Checking is OK   | E:\01.userData\ZhuoMian\Github_Releases_批量下载 xray\Xray-core\v1.5.0\Xray-macos-arm64-v8a.zip      | LOCAL=9e46336a002d60a604f67fb5e7e706d89660df2d3ce8d974fc68808cbed6cf7f REMOTE=9e46336a002d60a604f67fb5e7e706d89660df2d3ce8d974fc68808cbed6cf7f
[ 435/3625] Checking is OK   | E:\01.userData\ZhuoMian\Github_Releases_批量下载 xray\Xray-core\v1.5.0\Xray-openbsd-32.zip           | LOCAL=9acd2db65f4c5eadb62ee5d28b4fe4bdb18555a83aea4a122385d139125b09be REMOTE=9acd2db65f4c5eadb62ee5d28b4fe4bdb18555a83aea4a122385d139125b09be
[ 436/3625] Checking is OK   | E:\01.userData\ZhuoMian\Github_Releases_批量下载 xray\Xray-core\v1.5.0\Xray-openbsd-64.zip           | LOCAL=59ec18f0ce054ef3b87325564c3001993b1c99c2df0909fdd5d89ea336fea76a REMOTE=59ec18f0ce054ef3b87325564c3001993b1c99c2df0909fdd5d89ea336fea76a
[ 437/3625] Checking is OK   | E:\01.userData\ZhuoMian\Github_Releases_批量下载 xray\Xray-core\v1.5.0\Xray-openbsd-arm32-v7a.zip    | LOCAL=96d0a69f05101b265a7c63190707546742579d238cdb6a5f72567e7a613a98a9 REMOTE=96d0a69f05101b265a7c63190707546742579d238cdb6a5f72567e7a613a98a9
[ 438/3625] Checking is OK   | E:\01.userData\ZhuoMian\Github_Releases_批量下载 xray\Xray-core\v1.5.0\Xray-openbsd-arm64-v8a.zip    | LOCAL=26a9f9e40fb1ee31b2b9e4ce932f05d5212b2f7e5959db1741ca615b46cac693 REMOTE=26a9f9e40fb1ee31b2b9e4ce932f05d5212b2f7e5959db1741ca615b46cac693
[ 439/3625] Checking is OK   | E:\01.userData\ZhuoMian\Github_Releases_批量下载 xray\Xray-core\v1.5.0\Xray-windows-32.zip           | LOCAL=ec8ef645e216f28e2d1ed976d6c85189042034e5bb4cf0c8e630841e3f454721 REMOTE=ec8ef645e216f28e2d1ed976d6c85189042034e5bb4cf0c8e630841e3f454721
[ 440/3625] Checking is OK   | E:\01.userData\ZhuoMian\Github_Releases_批量下载 xray\Xray-core\v1.5.0\Xray-windows-64.zip           | LOCAL=e853db777680b6f5388170cefae3c0769f40e5fbb199433dc7124295eb2e4ab8 REMOTE=e853db777680b6f5388170cefae3c0769f40e5fbb199433dc7124295eb2e4ab8
[ 441/3625] Checking is OK   | E:\01.userData\ZhuoMian\Github_Releases_批量下载 xray\Xray-core\v1.5.0\Xray-windows-arm32-v7a.zip    | LOCAL=17e4f8bf4a74c32482d53c9597b0d47fc4641a2b4345f2b10ef9ba7690e8d252 REMOTE=17e4f8bf4a74c32482d53c9597b0d47fc4641a2b4345f2b10ef9ba7690e8d252
[ 442/3625] Checking is OK   | E:\01.userData\ZhuoMian\Github_Releases_批量下载 xray\Xray-core\v1.5.0\Xray-windows-arm64-v8a.zip    | LOCAL=091c388f34d2bad41b0526a9df809565fdd1b7ea589a04b87d1c67314e55348c REMOTE=091c388f34d2bad41b0526a9df809565fdd1b7ea589a04b87d1c67314e55348c
[ 443/3625] Checking is OK   | E:\01.userData\ZhuoMian\Github_Releases_批量下载 xray\Xray-core\v1.5.1\Xray-android-arm64-v8a.zip    | LOCAL=7695758629d330780c5dda57f316918310bcd8b4f801f1240c5145f3ff5b9269 REMOTE=7695758629d330780c5dda57f316918310bcd8b4f801f1240c5145f3ff5b9269
[ 444/3625] Checking is OK   | E:\01.userData\ZhuoMian\Github_Releases_批量下载 xray\Xray-core\v1.5.1\Xray-dragonfly-64.zip         | LOCAL=16325226b42bbc793cb8e0153af67157ee48eb8a4b186e14b7d0c41b96c37639 REMOTE=16325226b42bbc793cb8e0153af67157ee48eb8a4b186e14b7d0c41b96c37639
[ 445/3625] Checking is OK   | E:\01.userData\ZhuoMian\Github_Releases_批量下载 xray\Xray-core\v1.5.1\Xray-freebsd-32.zip           | LOCAL=b9a249023765398c7b42c6ff929bc2074700e319fb2bd9ef189d5f4e9f44239c REMOTE=b9a249023765398c7b42c6ff929bc2074700e319fb2bd9ef189d5f4e9f44239c
[ 446/3625] Checking is OK   | E:\01.userData\ZhuoMian\Github_Releases_批量下载 xray\Xray-core\v1.5.1\Xray-freebsd-64.zip           | LOCAL=02389610f17fa9aa1c50703cb17333815d4f68878d8b5ec5cc2a286ddeefb768 REMOTE=02389610f17fa9aa1c50703cb17333815d4f68878d8b5ec5cc2a286ddeefb768
[ 447/3625] Checking is OK   | E:\01.userData\ZhuoMian\Github_Releases_批量下载 xray\Xray-core\v1.5.1\Xray-freebsd-arm32-v7a.zip    | LOCAL=817acbb8c508033def101e9de4d0b085d595044bf8e8df9233f52d5228471f13 REMOTE=817acbb8c508033def101e9de4d0b085d595044bf8e8df9233f52d5228471f13
[ 448/3625] Checking is OK   | E:\01.userData\ZhuoMian\Github_Releases_批量下载 xray\Xray-core\v1.5.1\Xray-freebsd-arm64-v8a.zip    | LOCAL=d95186f2460118949a98d8abe790f5516d9d454846d41bfe3e36771fcd1422a5 REMOTE=d95186f2460118949a98d8abe790f5516d9d454846d41bfe3e36771fcd1422a5
[ 449/3625] Checking is OK   | E:\01.userData\ZhuoMian\Github_Releases_批量下载 xray\Xray-core\v1.5.1\Xray-linux-32.zip             | LOCAL=9758e939855a214fd1a396566c288f63e6e87c10a651e6f0e8f5142ed23d3114 REMOTE=9758e939855a214fd1a396566c288f63e6e87c10a651e6f0e8f5142ed23d3114
[ 450/3625] Checking is OK   | E:\01.userData\ZhuoMian\Github_Releases_批量下载 xray\Xray-core\v1.5.1\Xray-linux-64.zip             | LOCAL=b5710e24187e922e474163c3fab30b111189a673b98397d48ae14cb593f19ebf REMOTE=b5710e24187e922e474163c3fab30b111189a673b98397d48ae14cb593f19ebf
[ 451/3625] Checking is OK   | E:\01.userData\ZhuoMian\Github_Releases_批量下载 xray\Xray-core\v1.5.1\Xray-linux-arm32-v5.zip       | LOCAL=8b898e3da321330ce4cfde280712ec8dc3979d135d7062f6aa9cf9ab992d6345 REMOTE=8b898e3da321330ce4cfde280712ec8dc3979d135d7062f6aa9cf9ab992d6345
[ 452/3625] Checking is OK   | E:\01.userData\ZhuoMian\Github_Releases_批量下载 xray\Xray-core\v1.5.1\Xray-linux-arm32-v6.zip       | LOCAL=dc7b8c646a6e2268052004f34c33b61d7668ba2bb059d3d6c21ac6af3b9c8529 REMOTE=dc7b8c646a6e2268052004f34c33b61d7668ba2bb059d3d6c21ac6af3b9c8529
[ 453/3625] Checking is OK   | E:\01.userData\ZhuoMian\Github_Releases_批量下载 xray\Xray-core\v1.5.1\Xray-linux-arm32-v7a.zip      | LOCAL=39815d4c5ea30a72ed007d2ac416cc651d9faa6db9d78764b60ba38f38c928fd REMOTE=39815d4c5ea30a72ed007d2ac416cc651d9faa6db9d78764b60ba38f38c928fd
[ 454/3625] Checking is OK   | E:\01.userData\ZhuoMian\Github_Releases_批量下载 xray\Xray-core\v1.5.1\Xray-linux-arm64-v8a.zip      | LOCAL=5833ee4499751a7060f466934bde55261af4ad3b1bb23cb8dd9506bc33fe61cf REMOTE=5833ee4499751a7060f466934bde55261af4ad3b1bb23cb8dd9506bc33fe61cf
[ 455/3625] Checking is OK   | E:\01.userData\ZhuoMian\Github_Releases_批量下载 xray\Xray-core\v1.5.1\Xray-linux-mips32.zip         | LOCAL=3c240e1ec2820ac8c48e3783445b8ecb3e07799ff59c5031d13357020151cb68 REMOTE=3c240e1ec2820ac8c48e3783445b8ecb3e07799ff59c5031d13357020151cb68
[ 456/3625] Checking is OK   | E:\01.userData\ZhuoMian\Github_Releases_批量下载 xray\Xray-core\v1.5.1\Xray-linux-mips32le.zip       | LOCAL=6ea6f80cff025d63b8e0f8495be2f7323df90652c9c8384d6f43c6145c3ff342 REMOTE=6ea6f80cff025d63b8e0f8495be2f7323df90652c9c8384d6f43c6145c3ff342
[ 457/3625] Checking is OK   | E:\01.userData\ZhuoMian\Github_Releases_批量下载 xray\Xray-core\v1.5.1\Xray-linux-mips64.zip         | LOCAL=8d89abd901dea1e49dcd5d4a941b46ba0fbda31530479b3c0de0cee534c758cf REMOTE=8d89abd901dea1e49dcd5d4a941b46ba0fbda31530479b3c0de0cee534c758cf
[ 458/3625] Checking is OK   | E:\01.userData\ZhuoMian\Github_Releases_批量下载 xray\Xray-core\v1.5.1\Xray-linux-mips64le.zip       | LOCAL=fac368caaba919df5984d602f949dbf37d7ab2fe76542ba83e47ab5e3241952a REMOTE=fac368caaba919df5984d602f949dbf37d7ab2fe76542ba83e47ab5e3241952a
[ 459/3625] Checking is OK   | E:\01.userData\ZhuoMian\Github_Releases_批量下载 xray\Xray-core\v1.5.1\Xray-linux-ppc64.zip          | LOCAL=edae9b13eca6d7577d18f4a809f669aed59c9f71852305653ee62b6c044fe590 REMOTE=edae9b13eca6d7577d18f4a809f669aed59c9f71852305653ee62b6c044fe590
[ 460/3625] Checking is OK   | E:\01.userData\ZhuoMian\Github_Releases_批量下载 xray\Xray-core\v1.5.1\Xray-linux-ppc64le.zip        | LOCAL=dfe59b9b8b5346a41f66fdf1f6e9784989ba63c1740524d8cedce127f0ebf965 REMOTE=dfe59b9b8b5346a41f66fdf1f6e9784989ba63c1740524d8cedce127f0ebf965
[ 461/3625] Checking is OK   | E:\01.userData\ZhuoMian\Github_Releases_批量下载 xray\Xray-core\v1.5.1\Xray-linux-riscv64.zip        | LOCAL=6a544ede263eaa894f2b85302deb622d71297eeb3c44276d0b902a6765feebb7 REMOTE=6a544ede263eaa894f2b85302deb622d71297eeb3c44276d0b902a6765feebb7
[ 462/3625] Checking is OK   | E:\01.userData\ZhuoMian\Github_Releases_批量下载 xray\Xray-core\v1.5.1\Xray-linux-s390x.zip          | LOCAL=721de4654c3f82022c9bcd53da2fb4c7821775cb4c88ef037aea654c20b5d768 REMOTE=721de4654c3f82022c9bcd53da2fb4c7821775cb4c88ef037aea654c20b5d768
[ 463/3625] Checking is OK   | E:\01.userData\ZhuoMian\Github_Releases_批量下载 xray\Xray-core\v1.5.1\Xray-macos-64.zip             | LOCAL=4889b13929c9b7680af6936fd8d2bb00270183b17bc189d8f21554c716b67abc REMOTE=4889b13929c9b7680af6936fd8d2bb00270183b17bc189d8f21554c716b67abc
[ 464/3625] Checking is OK   | E:\01.userData\ZhuoMian\Github_Releases_批量下载 xray\Xray-core\v1.5.1\Xray-macos-arm64-v8a.zip      | LOCAL=2759bb546c86799ade615696d6042b857679ac67f53a4c89d4683c59bfac8a42 REMOTE=2759bb546c86799ade615696d6042b857679ac67f53a4c89d4683c59bfac8a42
[ 465/3625] Checking is OK   | E:\01.userData\ZhuoMian\Github_Releases_批量下载 xray\Xray-core\v1.5.1\Xray-openbsd-32.zip           | LOCAL=283add7d357dc90544cdfd1bf4f6ae203f8bb3838f8e0d29872758093b530ef3 REMOTE=283add7d357dc90544cdfd1bf4f6ae203f8bb3838f8e0d29872758093b530ef3
[ 466/3625] Checking is OK   | E:\01.userData\ZhuoMian\Github_Releases_批量下载 xray\Xray-core\v1.5.1\Xray-openbsd-64.zip           | LOCAL=007682e3af444d03ab65e5660e363624da648d105d1471fe08ff69a7054d92ab REMOTE=007682e3af444d03ab65e5660e363624da648d105d1471fe08ff69a7054d92ab
[ 467/3625] Checking is OK   | E:\01.userData\ZhuoMian\Github_Releases_批量下载 xray\Xray-core\v1.5.1\Xray-openbsd-arm32-v7a.zip    | LOCAL=ab925e682a818e66c742b16c569d2113c2c904eb9ab5e126388c4269b02807c4 REMOTE=ab925e682a818e66c742b16c569d2113c2c904eb9ab5e126388c4269b02807c4
[ 468/3625] Checking is OK   | E:\01.userData\ZhuoMian\Github_Releases_批量下载 xray\Xray-core\v1.5.1\Xray-openbsd-arm64-v8a.zip    | LOCAL=81a345c49570a169d411e6acee102cb63ad3361170e58a7625b289597a4bc11e REMOTE=81a345c49570a169d411e6acee102cb63ad3361170e58a7625b289597a4bc11e
[ 469/3625] Checking is OK   | E:\01.userData\ZhuoMian\Github_Releases_批量下载 xray\Xray-core\v1.5.1\Xray-windows-32.zip           | LOCAL=f5f849bd56ce3d1c1a84a847421969f11bfbab91e08aa7df252a93faf977daa7 REMOTE=f5f849bd56ce3d1c1a84a847421969f11bfbab91e08aa7df252a93faf977daa7
[ 470/3625] Checking is OK   | E:\01.userData\ZhuoMian\Github_Releases_批量下载 xray\Xray-core\v1.5.1\Xray-windows-64.zip           | LOCAL=156a8741bdd0ebb5262bcd082276de97653bbc3b7398f149da8c71472f49b4ff REMOTE=156a8741bdd0ebb5262bcd082276de97653bbc3b7398f149da8c71472f49b4ff
[ 471/3625] Checking is OK   | E:\01.userData\ZhuoMian\Github_Releases_批量下载 xray\Xray-core\v1.5.1\Xray-windows-arm32-v7a.zip    | LOCAL=7d78d98a4bdae213ba34d76c197054f125e6eb4fd7d56f0994e42e45580d7e19 REMOTE=7d78d98a4bdae213ba34d76c197054f125e6eb4fd7d56f0994e42e45580d7e19
[ 472/3625] Checking is OK   | E:\01.userData\ZhuoMian\Github_Releases_批量下载 xray\Xray-core\v1.5.1\Xray-windows-arm64-v8a.zip    | LOCAL=8342667a2dbb80becf731caf993d1e69485f7af8d1b0f47a080678c2935b55bf REMOTE=8342667a2dbb80becf731caf993d1e69485f7af8d1b0f47a080678c2935b55bf
[ 473/3625] Checking is OK   | E:\01.userData\ZhuoMian\Github_Releases_批量下载 xray\Xray-core\v1.5.10\Xray-android-arm64-v8a.zip   | LOCAL=351fd78030cd9dd431f9a2253006a98eefbacef257d11be989e0e9949ef14496 REMOTE=351fd78030cd9dd431f9a2253006a98eefbacef257d11be989e0e9949ef14496
[ 474/3625] Checking is OK   | E:\01.userData\ZhuoMian\Github_Releases_批量下载 xray\Xray-core\v1.5.10\Xray-dragonfly-64.zip        | LOCAL=b6e4576c57dc26317c76133e20da46017eeedb854ce70b8eec427ee0a30b7047 REMOTE=b6e4576c57dc26317c76133e20da46017eeedb854ce70b8eec427ee0a30b7047
[ 475/3625] Checking is OK   | E:\01.userData\ZhuoMian\Github_Releases_批量下载 xray\Xray-core\v1.5.10\Xray-freebsd-32.zip          | LOCAL=e622170b0de4e1564d5a2b81d4a339f5814a9df9bb6bea1827834e33c5c64677 REMOTE=e622170b0de4e1564d5a2b81d4a339f5814a9df9bb6bea1827834e33c5c64677
[ 476/3625] Checking is OK   | E:\01.userData\ZhuoMian\Github_Releases_批量下载 xray\Xray-core\v1.5.10\Xray-freebsd-64.zip          | LOCAL=28bdea53d1525e230c773f208126247686fe49ac64207d4dff317718b8bf7bbd REMOTE=28bdea53d1525e230c773f208126247686fe49ac64207d4dff317718b8bf7bbd
[ 477/3625] Checking is OK   | E:\01.userData\ZhuoMian\Github_Releases_批量下载 xray\Xray-core\v1.5.10\Xray-freebsd-arm32-v7a.zip   | LOCAL=8ef0fba89b020235223a0e9ff71ecd0e628f7ab38ceabdb6906f887e00847a0d REMOTE=8ef0fba89b020235223a0e9ff71ecd0e628f7ab38ceabdb6906f887e00847a0d
[ 478/3625] Checking is OK   | E:\01.userData\ZhuoMian\Github_Releases_批量下载 xray\Xray-core\v1.5.10\Xray-freebsd-arm64-v8a.zip   | LOCAL=dc74b1abe2f1161653f007bcb6bf80de3e07d3d51ab208095f451010b6fe3ee7 REMOTE=dc74b1abe2f1161653f007bcb6bf80de3e07d3d51ab208095f451010b6fe3ee7
[ 479/3625] Checking is OK   | E:\01.userData\ZhuoMian\Github_Releases_批量下载 xray\Xray-core\v1.5.10\Xray-linux-32.zip            | LOCAL=a33fcb1081522e1a020fce077dea174aa0ee0a672a1eab18b79dd994d4f063ab REMOTE=a33fcb1081522e1a020fce077dea174aa0ee0a672a1eab18b79dd994d4f063ab
[ 480/3625] Checking is OK   | E:\01.userData\ZhuoMian\Github_Releases_批量下载 xray\Xray-core\v1.5.10\Xray-linux-64.zip            | LOCAL=794bd65f225e07e7c3bb62c86fd16dd073930cb319af98db79f299b61405ec56 REMOTE=794bd65f225e07e7c3bb62c86fd16dd073930cb319af98db79f299b61405ec56
[ 481/3625] Checking is OK   | E:\01.userData\ZhuoMian\Github_Releases_批量下载 xray\Xray-core\v1.5.10\Xray-linux-arm32-v5.zip      | LOCAL=0dca0f57c5abf648bdc6fa84a8f48cb5a0ead0efa1ad9035581c1c21387ab995 REMOTE=0dca0f57c5abf648bdc6fa84a8f48cb5a0ead0efa1ad9035581c1c21387ab995
[ 482/3625] Checking is OK   | E:\01.userData\ZhuoMian\Github_Releases_批量下载 xray\Xray-core\v1.5.10\Xray-linux-arm32-v6.zip      | LOCAL=21bf8cf929eac93fc525f7cd3c87478c27bd8fb57cb7fc51cf6a3340916ca38e REMOTE=21bf8cf929eac93fc525f7cd3c87478c27bd8fb57cb7fc51cf6a3340916ca38e
[ 483/3625] Checking is OK   | E:\01.userData\ZhuoMian\Github_Releases_批量下载 xray\Xray-core\v1.5.10\Xray-linux-arm32-v7a.zip     | LOCAL=c96be228c720713fdb4fa361e267d5d49857479671d0f915b5e28d5d8472e40e REMOTE=c96be228c720713fdb4fa361e267d5d49857479671d0f915b5e28d5d8472e40e
[ 484/3625] Checking is OK   | E:\01.userData\ZhuoMian\Github_Releases_批量下载 xray\Xray-core\v1.5.10\Xray-linux-arm64-v8a.zip     | LOCAL=d16eb8258de3f342cf02d44c67d3aa9e5f7fdb55bda6875cd148d88438797533 REMOTE=d16eb8258de3f342cf02d44c67d3aa9e5f7fdb55bda6875cd148d88438797533
[ 485/3625] Checking is OK   | E:\01.userData\ZhuoMian\Github_Releases_批量下载 xray\Xray-core\v1.5.10\Xray-linux-mips32.zip        | LOCAL=ca74e7fea94d3a76cc71be9f7e08ea08c10a48a5abc537fdc1b9bd724c1e5fbb REMOTE=ca74e7fea94d3a76cc71be9f7e08ea08c10a48a5abc537fdc1b9bd724c1e5fbb
[ 486/3625] Checking is OK   | E:\01.userData\ZhuoMian\Github_Releases_批量下载 xray\Xray-core\v1.5.10\Xray-linux-mips32le.zip      | LOCAL=ba8400edadca8975581132b2f01e00a166b53293abbf5746dfd1c543456dbfae REMOTE=ba8400edadca8975581132b2f01e00a166b53293abbf5746dfd1c543456dbfae
[ 487/3625] Checking is OK   | E:\01.userData\ZhuoMian\Github_Releases_批量下载 xray\Xray-core\v1.5.10\Xray-linux-mips64.zip        | LOCAL=9b8f26b120da782bd1346e16166e59e30f85b5d9e4f4d64ae73f7105b67e277a REMOTE=9b8f26b120da782bd1346e16166e59e30f85b5d9e4f4d64ae73f7105b67e277a
[ 488/3625] Checking is OK   | E:\01.userData\ZhuoMian\Github_Releases_批量下载 xray\Xray-core\v1.5.10\Xray-linux-mips64le.zip      | LOCAL=baa3a1c2ef44d5c872eaee796cfc162a310b66d5481d56faf3efd93ceade5f8a REMOTE=baa3a1c2ef44d5c872eaee796cfc162a310b66d5481d56faf3efd93ceade5f8a
[ 489/3625] Checking is OK   | E:\01.userData\ZhuoMian\Github_Releases_批量下载 xray\Xray-core\v1.5.10\Xray-linux-ppc64.zip         | LOCAL=92ec90f0da74bfe9342f57803292b93f694fe380e35413549e9bf2b7b8afc5cc REMOTE=92ec90f0da74bfe9342f57803292b93f694fe380e35413549e9bf2b7b8afc5cc
[ 490/3625] Checking is OK   | E:\01.userData\ZhuoMian\Github_Releases_批量下载 xray\Xray-core\v1.5.10\Xray-linux-ppc64le.zip       | LOCAL=444034b56b919da2b4929521dd2183c75be51e7d58d344d855869852e52a0b14 REMOTE=444034b56b919da2b4929521dd2183c75be51e7d58d344d855869852e52a0b14
[ 491/3625] Checking is OK   | E:\01.userData\ZhuoMian\Github_Releases_批量下载 xray\Xray-core\v1.5.10\Xray-linux-riscv64.zip       | LOCAL=1de0737b81268719e5142ccbd73e3c8d998e9ee42229de21086544dc3891f7e3 REMOTE=1de0737b81268719e5142ccbd73e3c8d998e9ee42229de21086544dc3891f7e3
[ 492/3625] Checking is OK   | E:\01.userData\ZhuoMian\Github_Releases_批量下载 xray\Xray-core\v1.5.10\Xray-linux-s390x.zip         | LOCAL=6cecd7d816ac3c40e7dad6870e6be5a32c2de53078f9689ad96a171125c92d4c REMOTE=6cecd7d816ac3c40e7dad6870e6be5a32c2de53078f9689ad96a171125c92d4c
[ 493/3625] Checking is OK   | E:\01.userData\ZhuoMian\Github_Releases_批量下载 xray\Xray-core\v1.5.10\Xray-macos-64.zip            | LOCAL=c7bd13d7b16869477e5f78fda2a6ad3dda29196382f41dddc1dd5a670aa64d30 REMOTE=c7bd13d7b16869477e5f78fda2a6ad3dda29196382f41dddc1dd5a670aa64d30
[ 494/3625] Checking is OK   | E:\01.userData\ZhuoMian\Github_Releases_批量下载 xray\Xray-core\v1.5.10\Xray-macos-arm64-v8a.zip     | LOCAL=9808e588a557f478237c9b34b238fc1832f132fbf69532534d06507820441b35 REMOTE=9808e588a557f478237c9b34b238fc1832f132fbf69532534d06507820441b35
[ 495/3625] Checking is OK   | E:\01.userData\ZhuoMian\Github_Releases_批量下载 xray\Xray-core\v1.5.10\Xray-openbsd-32.zip          | LOCAL=58a02b4bdb803501f7785400c4a996019f237435361906dc7435fd5e35ee2bed REMOTE=58a02b4bdb803501f7785400c4a996019f237435361906dc7435fd5e35ee2bed
[ 496/3625] Checking is OK   | E:\01.userData\ZhuoMian\Github_Releases_批量下载 xray\Xray-core\v1.5.10\Xray-openbsd-64.zip          | LOCAL=2bb2c02850621ad4c25aa287dad25d77f7d968b1d3345b0d7c9fec801a707245 REMOTE=2bb2c02850621ad4c25aa287dad25d77f7d968b1d3345b0d7c9fec801a707245
[ 497/3625] Checking is OK   | E:\01.userData\ZhuoMian\Github_Releases_批量下载 xray\Xray-core\v1.5.10\Xray-openbsd-arm32-v7a.zip   | LOCAL=45dd9cbc05089119b4d52a069f19825397fbb7e74c3e27c694f1366a14b89ddc REMOTE=45dd9cbc05089119b4d52a069f19825397fbb7e74c3e27c694f1366a14b89ddc
[ 498/3625] Checking is OK   | E:\01.userData\ZhuoMian\Github_Releases_批量下载 xray\Xray-core\v1.5.10\Xray-openbsd-arm64-v8a.zip   | LOCAL=bc2a7a19c4e7de40b13b893f599f86f1311dd5c36fb88ff64deaa46fa9fd1fa2 REMOTE=bc2a7a19c4e7de40b13b893f599f86f1311dd5c36fb88ff64deaa46fa9fd1fa2
[ 499/3625] Checking is OK   | E:\01.userData\ZhuoMian\Github_Releases_批量下载 xray\Xray-core\v1.5.10\Xray-windows-32.zip          | LOCAL=0471bee618d75828c82a24aeadfc14d9a89f5a0d23df2ca63571381a98b6b441 REMOTE=0471bee618d75828c82a24aeadfc14d9a89f5a0d23df2ca63571381a98b6b441
[ 500/3625] Checking is OK   | E:\01.userData\ZhuoMian\Github_Releases_批量下载 xray\Xray-core\v1.5.10\Xray-windows-64.zip          | LOCAL=de9704d8bc67f331950b657036ffc02c8298db8f8fb50406c5fbcd47e556f426 REMOTE=de9704d8bc67f331950b657036ffc02c8298db8f8fb50406c5fbcd47e556f426
[ 501/3625] Checking is OK   | E:\01.userData\ZhuoMian\Github_Releases_批量下载 xray\Xray-core\v1.5.10\Xray-windows-arm32-v7a.zip   | LOCAL=b78d453e62b1410bbdc88793d0295d6344692c194c03e4e034ae5b7b81db2982 REMOTE=b78d453e62b1410bbdc88793d0295d6344692c194c03e4e034ae5b7b81db2982
[ 502/3625] Checking is OK   | E:\01.userData\ZhuoMian\Github_Releases_批量下载 xray\Xray-core\v1.5.10\Xray-windows-arm64-v8a.zip   | LOCAL=3a641a596877319c82c8f12f73b1fc03b0a2d80eedfa8dc4c719f5c120b02bd7 REMOTE=3a641a596877319c82c8f12f73b1fc03b0a2d80eedfa8dc4c719f5c120b02bd7
[ 503/3625] Checking is OK   | E:\01.userData\ZhuoMian\Github_Releases_批量下载 xray\Xray-core\v1.5.2\Xray-android-arm64-v8a.zip    | LOCAL=52f0900e830ec7eb68dfcc11bc06327e7739590ae36f63c95ba7ef9743757bb8 REMOTE=52f0900e830ec7eb68dfcc11bc06327e7739590ae36f63c95ba7ef9743757bb8
[ 504/3625] Checking is OK   | E:\01.userData\ZhuoMian\Github_Releases_批量下载 xray\Xray-core\v1.5.2\Xray-dragonfly-64.zip         | LOCAL=c9bbf3b267835a43402cd18ecd0fbec6a632f3697a8c71e50e59f481858e782b REMOTE=c9bbf3b267835a43402cd18ecd0fbec6a632f3697a8c71e50e59f481858e782b
[ 505/3625] Checking is OK   | E:\01.userData\ZhuoMian\Github_Releases_批量下载 xray\Xray-core\v1.5.2\Xray-freebsd-32.zip           | LOCAL=9b3997d861e783b1ee7b871bfd148c712873012610026fa257e0e7def2555231 REMOTE=9b3997d861e783b1ee7b871bfd148c712873012610026fa257e0e7def2555231
[ 506/3625] Checking is OK   | E:\01.userData\ZhuoMian\Github_Releases_批量下载 xray\Xray-core\v1.5.2\Xray-freebsd-64.zip           | LOCAL=68c3c516edaf963936530f91f95d1045b78557c43c5d2ca9369dc89b76cdc22f REMOTE=68c3c516edaf963936530f91f95d1045b78557c43c5d2ca9369dc89b76cdc22f
[ 507/3625] Checking is OK   | E:\01.userData\ZhuoMian\Github_Releases_批量下载 xray\Xray-core\v1.5.2\Xray-freebsd-arm32-v7a.zip    | LOCAL=1bfd7235e9d0be2f077f1e974266c46bd167765240a43d7cbd20e2f600aeff36 REMOTE=1bfd7235e9d0be2f077f1e974266c46bd167765240a43d7cbd20e2f600aeff36
[ 508/3625] Checking is OK   | E:\01.userData\ZhuoMian\Github_Releases_批量下载 xray\Xray-core\v1.5.2\Xray-freebsd-arm64-v8a.zip    | LOCAL=e94dbcf44ed7ce76e71e804fdbd0e9b7e177b8ab7ec3f61ab0c30246b407cc9a REMOTE=e94dbcf44ed7ce76e71e804fdbd0e9b7e177b8ab7ec3f61ab0c30246b407cc9a
[ 509/3625] Checking is OK   | E:\01.userData\ZhuoMian\Github_Releases_批量下载 xray\Xray-core\v1.5.2\Xray-linux-32.zip             | LOCAL=3fab304be561907fc016ac9d038184ed5f7864f7082a991aa9d53bca3b781f2e REMOTE=3fab304be561907fc016ac9d038184ed5f7864f7082a991aa9d53bca3b781f2e
[ 510/3625] Checking is OK   | E:\01.userData\ZhuoMian\Github_Releases_批量下载 xray\Xray-core\v1.5.2\Xray-linux-64.zip             | LOCAL=1510786e6dc19037b05baec839ede60c2f3b8d6e79833312431a8f274c963ee2 REMOTE=1510786e6dc19037b05baec839ede60c2f3b8d6e79833312431a8f274c963ee2
[ 511/3625] Checking is OK   | E:\01.userData\ZhuoMian\Github_Releases_批量下载 xray\Xray-core\v1.5.2\Xray-linux-arm32-v5.zip       | LOCAL=c8c59c5924e134195d202a1325a18c1d550e60e9fabab8ca3047d27f5f4c2ce4 REMOTE=c8c59c5924e134195d202a1325a18c1d550e60e9fabab8ca3047d27f5f4c2ce4
[ 512/3625] Checking is OK   | E:\01.userData\ZhuoMian\Github_Releases_批量下载 xray\Xray-core\v1.5.2\Xray-linux-arm32-v6.zip       | LOCAL=7de4921bfdc0cfaddb9a98aaeff928417cc6edaacdca77339162059d11d7d0c2 REMOTE=7de4921bfdc0cfaddb9a98aaeff928417cc6edaacdca77339162059d11d7d0c2
[ 513/3625] Checking is OK   | E:\01.userData\ZhuoMian\Github_Releases_批量下载 xray\Xray-core\v1.5.2\Xray-linux-arm32-v7a.zip      | LOCAL=bcf3a1a5cf35e5623cc1fd78ac15e06041d7d358c6e7bd31698abaa9d2bd4b99 REMOTE=bcf3a1a5cf35e5623cc1fd78ac15e06041d7d358c6e7bd31698abaa9d2bd4b99
[ 514/3625] Checking is OK   | E:\01.userData\ZhuoMian\Github_Releases_批量下载 xray\Xray-core\v1.5.2\Xray-linux-arm64-v8a.zip      | LOCAL=99285f12212b82623390b622a9f8cf5ad7e0d51e889a600a75791f25ec813224 REMOTE=99285f12212b82623390b622a9f8cf5ad7e0d51e889a600a75791f25ec813224
[ 515/3625] Checking is OK   | E:\01.userData\ZhuoMian\Github_Releases_批量下载 xray\Xray-core\v1.5.2\Xray-linux-mips32.zip         | LOCAL=33392b0133d6ac2ace097705c3013dcc20a9f8a830c3e9de8cf94d49db388caf REMOTE=33392b0133d6ac2ace097705c3013dcc20a9f8a830c3e9de8cf94d49db388caf
[ 516/3625] Checking is OK   | E:\01.userData\ZhuoMian\Github_Releases_批量下载 xray\Xray-core\v1.5.2\Xray-linux-mips32le.zip       | LOCAL=f31a09701795ddaac62de21f2c92b0a32a053b88221fe605f33bffcf38a064e0 REMOTE=f31a09701795ddaac62de21f2c92b0a32a053b88221fe605f33bffcf38a064e0
[ 517/3625] Checking is OK   | E:\01.userData\ZhuoMian\Github_Releases_批量下载 xray\Xray-core\v1.5.2\Xray-linux-mips64.zip         | LOCAL=632b3d262b81f8c4771e40f97eef8e2eda51c8ed237e6f58652b1cc76c536ac2 REMOTE=632b3d262b81f8c4771e40f97eef8e2eda51c8ed237e6f58652b1cc76c536ac2
[ 518/3625] Checking is OK   | E:\01.userData\ZhuoMian\Github_Releases_批量下载 xray\Xray-core\v1.5.2\Xray-linux-mips64le.zip       | LOCAL=fab077b0313c2e83570f84b666522081a24414c66bb5c426e8134c1e9c6e10bb REMOTE=fab077b0313c2e83570f84b666522081a24414c66bb5c426e8134c1e9c6e10bb
[ 519/3625] Checking is OK   | E:\01.userData\ZhuoMian\Github_Releases_批量下载 xray\Xray-core\v1.5.2\Xray-linux-ppc64.zip          | LOCAL=e416563ed9c200eff603d0b43c811795121e8703cac27fc994891ce90c3364e3 REMOTE=e416563ed9c200eff603d0b43c811795121e8703cac27fc994891ce90c3364e3
[ 520/3625] Checking is OK   | E:\01.userData\ZhuoMian\Github_Releases_批量下载 xray\Xray-core\v1.5.2\Xray-linux-ppc64le.zip        | LOCAL=d9aaaf5b8ad2999ebd163e4203a3b0e4e8f8ea5f9f4fdc343f38bef390920af3 REMOTE=d9aaaf5b8ad2999ebd163e4203a3b0e4e8f8ea5f9f4fdc343f38bef390920af3
[ 521/3625] Checking is OK   | E:\01.userData\ZhuoMian\Github_Releases_批量下载 xray\Xray-core\v1.5.2\Xray-linux-riscv64.zip        | LOCAL=3ac7484023a51e37dba9332d436bee5dc33c97ce16e6bab5d3a681fbed7c288f REMOTE=3ac7484023a51e37dba9332d436bee5dc33c97ce16e6bab5d3a681fbed7c288f
[ 522/3625] Checking is OK   | E:\01.userData\ZhuoMian\Github_Releases_批量下载 xray\Xray-core\v1.5.2\Xray-linux-s390x.zip          | LOCAL=a1e55b34ce2084a58658986525ba435a2957b8606da5dfb836bb0a17f066dc06 REMOTE=a1e55b34ce2084a58658986525ba435a2957b8606da5dfb836bb0a17f066dc06
[ 523/3625] Checking is OK   | E:\01.userData\ZhuoMian\Github_Releases_批量下载 xray\Xray-core\v1.5.2\Xray-macos-64.zip             | LOCAL=eec78715d5b706134dbdd10baad97d6cf5f8ba6e1f3a1c0789d1cd3821228a14 REMOTE=eec78715d5b706134dbdd10baad97d6cf5f8ba6e1f3a1c0789d1cd3821228a14
[ 524/3625] Checking is OK   | E:\01.userData\ZhuoMian\Github_Releases_批量下载 xray\Xray-core\v1.5.2\Xray-macos-arm64-v8a.zip      | LOCAL=93d37228a22f315031cdb515a2dc8669446fcad2d6b6c1affeba0a14f2f6117e REMOTE=93d37228a22f315031cdb515a2dc8669446fcad2d6b6c1affeba0a14f2f6117e
[ 525/3625] Checking is OK   | E:\01.userData\ZhuoMian\Github_Releases_批量下载 xray\Xray-core\v1.5.2\Xray-openbsd-32.zip           | LOCAL=1c398f3c6dc8b160a829499201ddb86d9a72f0605baea9a8fb9357ebae216aaa REMOTE=1c398f3c6dc8b160a829499201ddb86d9a72f0605baea9a8fb9357ebae216aaa
[ 526/3625] Checking is OK   | E:\01.userData\ZhuoMian\Github_Releases_批量下载 xray\Xray-core\v1.5.2\Xray-openbsd-64.zip           | LOCAL=5735fc532707331fbbc235a061cf7a204e1d311aadec9d5f94d88cbabdee8969 REMOTE=5735fc532707331fbbc235a061cf7a204e1d311aadec9d5f94d88cbabdee8969
[ 527/3625] Checking is OK   | E:\01.userData\ZhuoMian\Github_Releases_批量下载 xray\Xray-core\v1.5.2\Xray-openbsd-arm32-v7a.zip    | LOCAL=8e0f2f2ae00f908a15b67856259551c21c8e4e8a9f7800082f5c72b3c7679fb2 REMOTE=8e0f2f2ae00f908a15b67856259551c21c8e4e8a9f7800082f5c72b3c7679fb2
[ 528/3625] Checking is OK   | E:\01.userData\ZhuoMian\Github_Releases_批量下载 xray\Xray-core\v1.5.2\Xray-openbsd-arm64-v8a.zip    | LOCAL=245338041bda8ae6a2a226c1b64b4b66a2ae6a2ba69f93f4e8a45be9d44ceff9 REMOTE=245338041bda8ae6a2a226c1b64b4b66a2ae6a2ba69f93f4e8a45be9d44ceff9
[ 529/3625] Checking is OK   | E:\01.userData\ZhuoMian\Github_Releases_批量下载 xray\Xray-core\v1.5.2\Xray-windows-32.zip           | LOCAL=433c78f9b2ffda2b5578fb262e3e6aa0cbd87fc4c5c0b738006d4c623cd117ca REMOTE=433c78f9b2ffda2b5578fb262e3e6aa0cbd87fc4c5c0b738006d4c623cd117ca
[ 530/3625] Checking is OK   | E:\01.userData\ZhuoMian\Github_Releases_批量下载 xray\Xray-core\v1.5.2\Xray-windows-64.zip           | LOCAL=8497836e93cadded5af9fe31c2b9df5487b97236b9a2955f826d7e82fe96a26b REMOTE=8497836e93cadded5af9fe31c2b9df5487b97236b9a2955f826d7e82fe96a26b
[ 531/3625] Checking is OK   | E:\01.userData\ZhuoMian\Github_Releases_批量下载 xray\Xray-core\v1.5.2\Xray-windows-arm32-v7a.zip    | LOCAL=c7c3640ea7daeb03cea1edbdb53bdfb82bf1f92ac8079310b3eaed87d3853428 REMOTE=c7c3640ea7daeb03cea1edbdb53bdfb82bf1f92ac8079310b3eaed87d3853428
[ 532/3625] Checking is OK   | E:\01.userData\ZhuoMian\Github_Releases_批量下载 xray\Xray-core\v1.5.2\Xray-windows-arm64-v8a.zip    | LOCAL=606522c745e73f0466d6ea1fa1468ba3947a7f0fb3e15f5c9b0b64fb048e83a3 REMOTE=606522c745e73f0466d6ea1fa1468ba3947a7f0fb3e15f5c9b0b64fb048e83a3
[ 533/3625] Checking is OK   | E:\01.userData\ZhuoMian\Github_Releases_批量下载 xray\Xray-core\v1.5.3\Xray-android-arm64-v8a.zip    | LOCAL=dd454167c9a71d9a071a5c54d623d6b202962fcae4768a8a923dab9fd9ec6353 REMOTE=dd454167c9a71d9a071a5c54d623d6b202962fcae4768a8a923dab9fd9ec6353
[ 534/3625] Checking is OK   | E:\01.userData\ZhuoMian\Github_Releases_批量下载 xray\Xray-core\v1.5.3\Xray-dragonfly-64.zip         | LOCAL=8d538b851c4c755f2a1162d59970bbb891c00b52959e451c0aeed15e8cac2225 REMOTE=8d538b851c4c755f2a1162d59970bbb891c00b52959e451c0aeed15e8cac2225
[ 535/3625] Checking is OK   | E:\01.userData\ZhuoMian\Github_Releases_批量下载 xray\Xray-core\v1.5.3\Xray-freebsd-32.zip           | LOCAL=bbfbc577bd56f3ab1241ceca4fd5c5269d4f34f47a4ec89638af4c3b0d54f4d4 REMOTE=bbfbc577bd56f3ab1241ceca4fd5c5269d4f34f47a4ec89638af4c3b0d54f4d4
[ 536/3625] Checking is OK   | E:\01.userData\ZhuoMian\Github_Releases_批量下载 xray\Xray-core\v1.5.3\Xray-freebsd-64.zip           | LOCAL=61f9834fbe95043d892d90dc47022ea608ea9287e4266e480f4d7a459aad7b35 REMOTE=61f9834fbe95043d892d90dc47022ea608ea9287e4266e480f4d7a459aad7b35
[ 537/3625] Checking is OK   | E:\01.userData\ZhuoMian\Github_Releases_批量下载 xray\Xray-core\v1.5.3\Xray-freebsd-arm32-v7a.zip    | LOCAL=bcaadcd38e8cde3ba6ebc880f93d2ee77e502c3b4532ae3c5a1d224f3e18fdb0 REMOTE=bcaadcd38e8cde3ba6ebc880f93d2ee77e502c3b4532ae3c5a1d224f3e18fdb0
[ 538/3625] Checking is OK   | E:\01.userData\ZhuoMian\Github_Releases_批量下载 xray\Xray-core\v1.5.3\Xray-freebsd-arm64-v8a.zip    | LOCAL=7b66952685ec85238ae3d14ea99e9b8910a30e978e4bb1b86db4b00ed68fd439 REMOTE=7b66952685ec85238ae3d14ea99e9b8910a30e978e4bb1b86db4b00ed68fd439
[ 539/3625] Checking is OK   | E:\01.userData\ZhuoMian\Github_Releases_批量下载 xray\Xray-core\v1.5.3\Xray-linux-32.zip             | LOCAL=98b515750eafae6b2c81d7f4d3cd86711bb17609df0fc84ccc30473e2dad8247 REMOTE=98b515750eafae6b2c81d7f4d3cd86711bb17609df0fc84ccc30473e2dad8247
[ 540/3625] Checking is OK   | E:\01.userData\ZhuoMian\Github_Releases_批量下载 xray\Xray-core\v1.5.3\Xray-linux-64.zip             | LOCAL=c4d99e37b3bc09fd720449b564a20526d8df3aa556a0d8362bc0bb4b59b574a7 REMOTE=c4d99e37b3bc09fd720449b564a20526d8df3aa556a0d8362bc0bb4b59b574a7
[ 541/3625] Checking is OK   | E:\01.userData\ZhuoMian\Github_Releases_批量下载 xray\Xray-core\v1.5.3\Xray-linux-arm32-v5.zip       | LOCAL=0718c629d670ca8c349f485609a5b1eba88ab5288b9b4e13f21d2d85c493564c REMOTE=0718c629d670ca8c349f485609a5b1eba88ab5288b9b4e13f21d2d85c493564c
[ 542/3625] Checking is OK   | E:\01.userData\ZhuoMian\Github_Releases_批量下载 xray\Xray-core\v1.5.3\Xray-linux-arm32-v6.zip       | LOCAL=f3b46245c29f8f5dfcf98975dfd677d30091bbf15b99b22ac2942cc82d7db2e9 REMOTE=f3b46245c29f8f5dfcf98975dfd677d30091bbf15b99b22ac2942cc82d7db2e9
[ 543/3625] Checking is OK   | E:\01.userData\ZhuoMian\Github_Releases_批量下载 xray\Xray-core\v1.5.3\Xray-linux-arm32-v7a.zip      | LOCAL=b101ac099b6918ede18ffc730c7b2cf1bb80cd4fcefb0e1b8c8be596595bd97d REMOTE=b101ac099b6918ede18ffc730c7b2cf1bb80cd4fcefb0e1b8c8be596595bd97d
[ 544/3625] Checking is OK   | E:\01.userData\ZhuoMian\Github_Releases_批量下载 xray\Xray-core\v1.5.3\Xray-linux-arm64-v8a.zip      | LOCAL=9550e8b317c63d00b4a8e87e366367ab0c3f5a060c3e34ce8fd388d75dd4244d REMOTE=9550e8b317c63d00b4a8e87e366367ab0c3f5a060c3e34ce8fd388d75dd4244d
[ 545/3625] Checking is OK   | E:\01.userData\ZhuoMian\Github_Releases_批量下载 xray\Xray-core\v1.5.3\Xray-linux-mips32.zip         | LOCAL=c73867ab597e7811486049a0e9f96e0b46f78f53ddafd6bc20a52e0b2a1f62e3 REMOTE=c73867ab597e7811486049a0e9f96e0b46f78f53ddafd6bc20a52e0b2a1f62e3
[ 546/3625] Checking is OK   | E:\01.userData\ZhuoMian\Github_Releases_批量下载 xray\Xray-core\v1.5.3\Xray-linux-mips32le.zip       | LOCAL=1a890f1d0146420e62aea4982c5d5b658b47d9138b86fa582ad621a9fc544b98 REMOTE=1a890f1d0146420e62aea4982c5d5b658b47d9138b86fa582ad621a9fc544b98
[ 547/3625] Checking is OK   | E:\01.userData\ZhuoMian\Github_Releases_批量下载 xray\Xray-core\v1.5.3\Xray-linux-mips64.zip         | LOCAL=69ce6a24b9fc5493da9b7bea52cafe36755b2072d4e9ee15dc8292fc74707a48 REMOTE=69ce6a24b9fc5493da9b7bea52cafe36755b2072d4e9ee15dc8292fc74707a48
[ 548/3625] Checking is OK   | E:\01.userData\ZhuoMian\Github_Releases_批量下载 xray\Xray-core\v1.5.3\Xray-linux-mips64le.zip       | LOCAL=1283085cf6ff091aeb882aa23a18f0a9dfaf60335f12df30ec3243087745cd5c REMOTE=1283085cf6ff091aeb882aa23a18f0a9dfaf60335f12df30ec3243087745cd5c
[ 549/3625] Checking is OK   | E:\01.userData\ZhuoMian\Github_Releases_批量下载 xray\Xray-core\v1.5.3\Xray-linux-ppc64.zip          | LOCAL=f21eab887b7626b3aedb3bdbec950016a945bb4c3a54d5cea1cf9235ebb1eb11 REMOTE=f21eab887b7626b3aedb3bdbec950016a945bb4c3a54d5cea1cf9235ebb1eb11
[ 550/3625] Checking is OK   | E:\01.userData\ZhuoMian\Github_Releases_批量下载 xray\Xray-core\v1.5.3\Xray-linux-ppc64le.zip        | LOCAL=7f1f3cfffbd28a54f3de0192d1fb43a2e5737758ff8ac695efa255ff8a50a7f3 REMOTE=7f1f3cfffbd28a54f3de0192d1fb43a2e5737758ff8ac695efa255ff8a50a7f3
[ 551/3625] Checking is OK   | E:\01.userData\ZhuoMian\Github_Releases_批量下载 xray\Xray-core\v1.5.3\Xray-linux-riscv64.zip        | LOCAL=c8ecb57ce028236d7b698e5b334ef6c0362a92db4cfa0f9799d17f52efc03dcf REMOTE=c8ecb57ce028236d7b698e5b334ef6c0362a92db4cfa0f9799d17f52efc03dcf
[ 552/3625] Checking is OK   | E:\01.userData\ZhuoMian\Github_Releases_批量下载 xray\Xray-core\v1.5.3\Xray-linux-s390x.zip          | LOCAL=d411d1b7e9afbe77f40d76508989940fb630af79747f92b956db3c093587619b REMOTE=d411d1b7e9afbe77f40d76508989940fb630af79747f92b956db3c093587619b
[ 553/3625] Checking is OK   | E:\01.userData\ZhuoMian\Github_Releases_批量下载 xray\Xray-core\v1.5.3\Xray-macos-64.zip             | LOCAL=16f5e4ac0c6d9c34478300a7ba80a196f2ab3f75a3cd3c68cd3c5fac67a652a0 REMOTE=16f5e4ac0c6d9c34478300a7ba80a196f2ab3f75a3cd3c68cd3c5fac67a652a0
[ 554/3625] Checking is OK   | E:\01.userData\ZhuoMian\Github_Releases_批量下载 xray\Xray-core\v1.5.3\Xray-macos-arm64-v8a.zip      | LOCAL=acd4e716b635e57dc43d13f98a08d08cf5fb39708b473457d7c401fd6b156631 REMOTE=acd4e716b635e57dc43d13f98a08d08cf5fb39708b473457d7c401fd6b156631
[ 555/3625] Checking is OK   | E:\01.userData\ZhuoMian\Github_Releases_批量下载 xray\Xray-core\v1.5.3\Xray-openbsd-32.zip           | LOCAL=206b9c1a5ee35ebe65141cdc19862fc0e8ab9ea9ff0d35bc5cd981a9fce2cc96 REMOTE=206b9c1a5ee35ebe65141cdc19862fc0e8ab9ea9ff0d35bc5cd981a9fce2cc96
[ 556/3625] Checking is OK   | E:\01.userData\ZhuoMian\Github_Releases_批量下载 xray\Xray-core\v1.5.3\Xray-openbsd-64.zip           | LOCAL=bf242c0076cb86ad5b9d89783cb29da6546d707ccdf782695ff30fd912a2e9c8 REMOTE=bf242c0076cb86ad5b9d89783cb29da6546d707ccdf782695ff30fd912a2e9c8
[ 557/3625] Checking is OK   | E:\01.userData\ZhuoMian\Github_Releases_批量下载 xray\Xray-core\v1.5.3\Xray-openbsd-arm32-v7a.zip    | LOCAL=9181e3dd9ecc1cb3a2da588adae7f44b943c30f855a2b17652f9f0e014895a29 REMOTE=9181e3dd9ecc1cb3a2da588adae7f44b943c30f855a2b17652f9f0e014895a29
[ 558/3625] Checking is OK   | E:\01.userData\ZhuoMian\Github_Releases_批量下载 xray\Xray-core\v1.5.3\Xray-openbsd-arm64-v8a.zip    | LOCAL=774aa3a7748ad814655254bd3a66132240022e3e503b8abdf210af2866c2c3aa REMOTE=774aa3a7748ad814655254bd3a66132240022e3e503b8abdf210af2866c2c3aa
[ 559/3625] Checking is OK   | E:\01.userData\ZhuoMian\Github_Releases_批量下载 xray\Xray-core\v1.5.3\Xray-windows-32.zip           | LOCAL=80a14110c0d4dcbd493829af29f0755b84f0240c1c4033bc4e01fe19e571a178 REMOTE=80a14110c0d4dcbd493829af29f0755b84f0240c1c4033bc4e01fe19e571a178
[ 560/3625] Checking is OK   | E:\01.userData\ZhuoMian\Github_Releases_批量下载 xray\Xray-core\v1.5.3\Xray-windows-64.zip           | LOCAL=69e729ef4ec7765a8ed77ba5257090fe0c06e97caece836ea40608849a242488 REMOTE=69e729ef4ec7765a8ed77ba5257090fe0c06e97caece836ea40608849a242488
[ 561/3625] Checking is OK   | E:\01.userData\ZhuoMian\Github_Releases_批量下载 xray\Xray-core\v1.5.3\Xray-windows-arm32-v7a.zip    | LOCAL=41d37c77a20bcffb4904134438f63466a08e6620375ad1cfafa095268a226ce2 REMOTE=41d37c77a20bcffb4904134438f63466a08e6620375ad1cfafa095268a226ce2
[ 562/3625] Checking is OK   | E:\01.userData\ZhuoMian\Github_Releases_批量下载 xray\Xray-core\v1.5.3\Xray-windows-arm64-v8a.zip    | LOCAL=d369e750a32ad88c527800ddf0798383b86f37d0eec1fcb8a05733c1eab2e68b REMOTE=d369e750a32ad88c527800ddf0798383b86f37d0eec1fcb8a05733c1eab2e68b
[ 563/3625] Checking is OK   | E:\01.userData\ZhuoMian\Github_Releases_批量下载 xray\Xray-core\v1.5.4\Xray-android-arm64-v8a.zip    | LOCAL=939176b768fec68f37fa98f7426716cc7bd87ff2985245087af80011c03d691d REMOTE=939176b768fec68f37fa98f7426716cc7bd87ff2985245087af80011c03d691d
[ 564/3625] Checking is OK   | E:\01.userData\ZhuoMian\Github_Releases_批量下载 xray\Xray-core\v1.5.4\Xray-dragonfly-64.zip         | LOCAL=c9db5618ae32ef6aa1121b02286b6a6dc910eabd354dbea97def78b14ea4712a REMOTE=c9db5618ae32ef6aa1121b02286b6a6dc910eabd354dbea97def78b14ea4712a
[ 565/3625] Checking is OK   | E:\01.userData\ZhuoMian\Github_Releases_批量下载 xray\Xray-core\v1.5.4\Xray-freebsd-32.zip           | LOCAL=bf89aa16e3005ac85cfd5b0a9c0fd10c4d60474f8db8afef1085c91f03abcc81 REMOTE=bf89aa16e3005ac85cfd5b0a9c0fd10c4d60474f8db8afef1085c91f03abcc81
[ 566/3625] Checking is OK   | E:\01.userData\ZhuoMian\Github_Releases_批量下载 xray\Xray-core\v1.5.4\Xray-freebsd-64.zip           | LOCAL=999ae81abcaae6074c11949330051973790a009fe34bba3fe5b01c6805b05c6d REMOTE=999ae81abcaae6074c11949330051973790a009fe34bba3fe5b01c6805b05c6d
[ 567/3625] Checking is OK   | E:\01.userData\ZhuoMian\Github_Releases_批量下载 xray\Xray-core\v1.5.4\Xray-freebsd-arm32-v7a.zip    | LOCAL=3ff07263a144eb056785475d26e5c2fee974192cc7363a96e9f1ab1426dc5ba2 REMOTE=3ff07263a144eb056785475d26e5c2fee974192cc7363a96e9f1ab1426dc5ba2
[ 568/3625] Checking is OK   | E:\01.userData\ZhuoMian\Github_Releases_批量下载 xray\Xray-core\v1.5.4\Xray-freebsd-arm64-v8a.zip    | LOCAL=0dfe87c5dbf0176f479d95f9412964d0e923fef2ffcb467ddd50dc8bbf710779 REMOTE=0dfe87c5dbf0176f479d95f9412964d0e923fef2ffcb467ddd50dc8bbf710779
[ 569/3625] Checking is OK   | E:\01.userData\ZhuoMian\Github_Releases_批量下载 xray\Xray-core\v1.5.4\Xray-linux-32.zip             | LOCAL=132b1bfda30c2328f8a97efcf3aa4401b83fc50c04273a27198aaa45ca4c23ee REMOTE=132b1bfda30c2328f8a97efcf3aa4401b83fc50c04273a27198aaa45ca4c23ee
[ 570/3625] Checking is OK   | E:\01.userData\ZhuoMian\Github_Releases_批量下载 xray\Xray-core\v1.5.4\Xray-linux-64.zip             | LOCAL=9338ca8a938b33152098aab5611afa81a4b40cbc5dbe0d1499a768e41267e5bb REMOTE=9338ca8a938b33152098aab5611afa81a4b40cbc5dbe0d1499a768e41267e5bb
[ 571/3625] Checking is OK   | E:\01.userData\ZhuoMian\Github_Releases_批量下载 xray\Xray-core\v1.5.4\Xray-linux-arm32-v5.zip       | LOCAL=bc8764934c6e816d5aeb0948dd10645cf3bb82c52a20ca6697fb45b3193f3aa7 REMOTE=bc8764934c6e816d5aeb0948dd10645cf3bb82c52a20ca6697fb45b3193f3aa7
[ 572/3625] Checking is OK   | E:\01.userData\ZhuoMian\Github_Releases_批量下载 xray\Xray-core\v1.5.4\Xray-linux-arm32-v6.zip       | LOCAL=f2c4bb05bcfee2d3bf016a8a5cc671c5fe98ac4c450dddaac499d432a93a5770 REMOTE=f2c4bb05bcfee2d3bf016a8a5cc671c5fe98ac4c450dddaac499d432a93a5770
[ 573/3625] Checking is OK   | E:\01.userData\ZhuoMian\Github_Releases_批量下载 xray\Xray-core\v1.5.4\Xray-linux-arm32-v7a.zip      | LOCAL=22b4efbf8a3963f70f2aa481207a15be7cbd10c35b9389838aed73e9eda00363 REMOTE=22b4efbf8a3963f70f2aa481207a15be7cbd10c35b9389838aed73e9eda00363
[ 574/3625] Checking is OK   | E:\01.userData\ZhuoMian\Github_Releases_批量下载 xray\Xray-core\v1.5.4\Xray-linux-arm64-v8a.zip      | LOCAL=2386426e6cb399df94adef764c8e92e67c9eb00572ce4539402d3be0ea4deecb REMOTE=2386426e6cb399df94adef764c8e92e67c9eb00572ce4539402d3be0ea4deecb
[ 575/3625] Checking is OK   | E:\01.userData\ZhuoMian\Github_Releases_批量下载 xray\Xray-core\v1.5.4\Xray-linux-mips32.zip         | LOCAL=7f0470364bbcca2b9357ff36a9405b7d8a1034b2d2a2a6a0caadaf08250ab566 REMOTE=7f0470364bbcca2b9357ff36a9405b7d8a1034b2d2a2a6a0caadaf08250ab566
[ 576/3625] Checking is OK   | E:\01.userData\ZhuoMian\Github_Releases_批量下载 xray\Xray-core\v1.5.4\Xray-linux-mips32le.zip       | LOCAL=06de7e1e6dc920ca624ea4a992e449a13224fe484d43b8e9a93a16548d026cc8 REMOTE=06de7e1e6dc920ca624ea4a992e449a13224fe484d43b8e9a93a16548d026cc8
[ 577/3625] Checking is OK   | E:\01.userData\ZhuoMian\Github_Releases_批量下载 xray\Xray-core\v1.5.4\Xray-linux-mips64.zip         | LOCAL=7046ab968a8ac3cca46ed834b881f2b3e6a636ad4e2058ab88c4b601d2f8d387 REMOTE=7046ab968a8ac3cca46ed834b881f2b3e6a636ad4e2058ab88c4b601d2f8d387
[ 578/3625] Checking is OK   | E:\01.userData\ZhuoMian\Github_Releases_批量下载 xray\Xray-core\v1.5.4\Xray-linux-mips64le.zip       | LOCAL=7f7147d758abd9c95e9e79f7ff3899e47734980a47b5935799a30d1faf8b021f REMOTE=7f7147d758abd9c95e9e79f7ff3899e47734980a47b5935799a30d1faf8b021f
[ 579/3625] Checking is OK   | E:\01.userData\ZhuoMian\Github_Releases_批量下载 xray\Xray-core\v1.5.4\Xray-linux-ppc64.zip          | LOCAL=f3fadde3361d3016e617e5c01f00d2ee59926c2b904a696952faaf513d1f9d81 REMOTE=f3fadde3361d3016e617e5c01f00d2ee59926c2b904a696952faaf513d1f9d81
[ 580/3625] Checking is OK   | E:\01.userData\ZhuoMian\Github_Releases_批量下载 xray\Xray-core\v1.5.4\Xray-linux-ppc64le.zip        | LOCAL=eb9dcf7d9ff99f04f005af4dd889eae27b67e5a34474383b9686a4777ffbf6fc REMOTE=eb9dcf7d9ff99f04f005af4dd889eae27b67e5a34474383b9686a4777ffbf6fc
[ 581/3625] Checking is OK   | E:\01.userData\ZhuoMian\Github_Releases_批量下载 xray\Xray-core\v1.5.4\Xray-linux-riscv64.zip        | LOCAL=cf4f0b340a4adcfe5284bfccfc5bb331d7ea122132407355d356e53c672d867b REMOTE=cf4f0b340a4adcfe5284bfccfc5bb331d7ea122132407355d356e53c672d867b
[ 582/3625] Checking is OK   | E:\01.userData\ZhuoMian\Github_Releases_批量下载 xray\Xray-core\v1.5.4\Xray-linux-s390x.zip          | LOCAL=e0dab8df84bcf5cfcd6d846cb93ea499367673fa584d997b035799b1e4489563 REMOTE=e0dab8df84bcf5cfcd6d846cb93ea499367673fa584d997b035799b1e4489563
[ 583/3625] Checking is OK   | E:\01.userData\ZhuoMian\Github_Releases_批量下载 xray\Xray-core\v1.5.4\Xray-macos-64.zip             | LOCAL=40f71455a37dc1e9abf188daeb1480b1ef593c821e9c48c1e737cd61991d7c23 REMOTE=40f71455a37dc1e9abf188daeb1480b1ef593c821e9c48c1e737cd61991d7c23
[ 584/3625] Checking is OK   | E:\01.userData\ZhuoMian\Github_Releases_批量下载 xray\Xray-core\v1.5.4\Xray-macos-arm64-v8a.zip      | LOCAL=32b7a2e3934fe727fee8bb86d21cf239a2f416ddb67424e36c0bf98acdd24024 REMOTE=32b7a2e3934fe727fee8bb86d21cf239a2f416ddb67424e36c0bf98acdd24024
[ 585/3625] Checking is OK   | E:\01.userData\ZhuoMian\Github_Releases_批量下载 xray\Xray-core\v1.5.4\Xray-openbsd-32.zip           | LOCAL=f251b9b70a309b448afab1a7933ab5cd01f159f49f0324785034a08c18ab5793 REMOTE=f251b9b70a309b448afab1a7933ab5cd01f159f49f0324785034a08c18ab5793
[ 586/3625] Checking is OK   | E:\01.userData\ZhuoMian\Github_Releases_批量下载 xray\Xray-core\v1.5.4\Xray-openbsd-64.zip           | LOCAL=104a537b94cabc919056456ede537bbe35fbfec4d061df6bb71dfb9598a84420 REMOTE=104a537b94cabc919056456ede537bbe35fbfec4d061df6bb71dfb9598a84420
[ 587/3625] Checking is OK   | E:\01.userData\ZhuoMian\Github_Releases_批量下载 xray\Xray-core\v1.5.4\Xray-openbsd-arm32-v7a.zip    | LOCAL=136c53d6206ae13e315118edb1270e55d2d6b38f85bc4c53923b53dc17e56660 REMOTE=136c53d6206ae13e315118edb1270e55d2d6b38f85bc4c53923b53dc17e56660
[ 588/3625] Checking is OK   | E:\01.userData\ZhuoMian\Github_Releases_批量下载 xray\Xray-core\v1.5.4\Xray-openbsd-arm64-v8a.zip    | LOCAL=dbeec850a36c97624f2aa49000a29299c26f6fae07a138026976f5a1956301b4 REMOTE=dbeec850a36c97624f2aa49000a29299c26f6fae07a138026976f5a1956301b4
[ 589/3625] Checking is OK   | E:\01.userData\ZhuoMian\Github_Releases_批量下载 xray\Xray-core\v1.5.4\Xray-windows-32.zip           | LOCAL=2c82242bdf5f29d7b5e5d28339e6b659523264555c8dec7ed03a970878c538ac REMOTE=2c82242bdf5f29d7b5e5d28339e6b659523264555c8dec7ed03a970878c538ac
[ 590/3625] Checking is OK   | E:\01.userData\ZhuoMian\Github_Releases_批量下载 xray\Xray-core\v1.5.4\Xray-windows-64.zip           | LOCAL=50a42f929ecba8b1c54981be24333517320ef7f7f19a7aaab7a3ae4945d2be2d REMOTE=50a42f929ecba8b1c54981be24333517320ef7f7f19a7aaab7a3ae4945d2be2d
[ 591/3625] Checking is OK   | E:\01.userData\ZhuoMian\Github_Releases_批量下载 xray\Xray-core\v1.5.4\Xray-windows-arm32-v7a.zip    | LOCAL=45407f8c396d6b26d8c801ef07901deda89aabb49a2da452127dbb5ca90bcbd4 REMOTE=45407f8c396d6b26d8c801ef07901deda89aabb49a2da452127dbb5ca90bcbd4
[ 592/3625] Checking is OK   | E:\01.userData\ZhuoMian\Github_Releases_批量下载 xray\Xray-core\v1.5.4\Xray-windows-arm64-v8a.zip    | LOCAL=d659d6bf6ef5877626a7170bd5a5b31ba63730f26d8ae612610e980a81065ea4 REMOTE=d659d6bf6ef5877626a7170bd5a5b31ba63730f26d8ae612610e980a81065ea4
[ 593/3625] Checking is OK   | E:\01.userData\ZhuoMian\Github_Releases_批量下载 xray\Xray-core\v1.5.5\Xray-android-arm64-v8a.zip    | LOCAL=8e8792d95dbf3d2798b032b549c346b734814125aa1a8f20a8ec2de6de7d7885 REMOTE=8e8792d95dbf3d2798b032b549c346b734814125aa1a8f20a8ec2de6de7d7885
[ 594/3625] Checking is OK   | E:\01.userData\ZhuoMian\Github_Releases_批量下载 xray\Xray-core\v1.5.5\Xray-dragonfly-64.zip         | LOCAL=f71b371add024f26a28e8bf63e7bc997e1862e03f976b61ee587ff4fa0c1b980 REMOTE=f71b371add024f26a28e8bf63e7bc997e1862e03f976b61ee587ff4fa0c1b980
[ 595/3625] Checking is OK   | E:\01.userData\ZhuoMian\Github_Releases_批量下载 xray\Xray-core\v1.5.5\Xray-freebsd-32.zip           | LOCAL=500f480c90150933e4abb8ad683149e33b2d202e0155104a865b0cfd1ad014cb REMOTE=500f480c90150933e4abb8ad683149e33b2d202e0155104a865b0cfd1ad014cb
[ 596/3625] Checking is OK   | E:\01.userData\ZhuoMian\Github_Releases_批量下载 xray\Xray-core\v1.5.5\Xray-freebsd-64.zip           | LOCAL=6d7e66dd58cb7814531b990bcbcd86b469fbbe03941695c315b7a3c02337ed5c REMOTE=6d7e66dd58cb7814531b990bcbcd86b469fbbe03941695c315b7a3c02337ed5c
[ 597/3625] Checking is OK   | E:\01.userData\ZhuoMian\Github_Releases_批量下载 xray\Xray-core\v1.5.5\Xray-freebsd-arm32-v7a.zip    | LOCAL=1170e6f4f8bb8a2599e9e37fcae2af5f24074f7622b78c13b9395915add687e9 REMOTE=1170e6f4f8bb8a2599e9e37fcae2af5f24074f7622b78c13b9395915add687e9
[ 598/3625] Checking is OK   | E:\01.userData\ZhuoMian\Github_Releases_批量下载 xray\Xray-core\v1.5.5\Xray-freebsd-arm64-v8a.zip    | LOCAL=d5227f81684d7295f9f6299a734ba9fdf1c64005b464abda6eff45039b77fc1e REMOTE=d5227f81684d7295f9f6299a734ba9fdf1c64005b464abda6eff45039b77fc1e
[ 599/3625] Checking is OK   | E:\01.userData\ZhuoMian\Github_Releases_批量下载 xray\Xray-core\v1.5.5\Xray-linux-32.zip             | LOCAL=84dcc47e024aa14f0855d16721d34186ea031b9c871b9f6235aff8a9d8c6f3b8 REMOTE=84dcc47e024aa14f0855d16721d34186ea031b9c871b9f6235aff8a9d8c6f3b8
[ 600/3625] Checking is OK   | E:\01.userData\ZhuoMian\Github_Releases_批量下载 xray\Xray-core\v1.5.5\Xray-linux-64.zip             | LOCAL=0535248cb937a8cd6bf6d59b683c03f9b765b756bc7f4606e898f057088fb6c4 REMOTE=0535248cb937a8cd6bf6d59b683c03f9b765b756bc7f4606e898f057088fb6c4
[ 601/3625] Checking is OK   | E:\01.userData\ZhuoMian\Github_Releases_批量下载 xray\Xray-core\v1.5.5\Xray-linux-arm32-v5.zip       | LOCAL=45dbd679e33145fb5fdf6004536f1629b4a10811deda7ab6be8e9b131a9876ab REMOTE=45dbd679e33145fb5fdf6004536f1629b4a10811deda7ab6be8e9b131a9876ab
[ 602/3625] Checking is OK   | E:\01.userData\ZhuoMian\Github_Releases_批量下载 xray\Xray-core\v1.5.5\Xray-linux-arm32-v6.zip       | LOCAL=61090021edd0cb49bf4005e85faf243bdddefb99a19356a04985f92e09172d94 REMOTE=61090021edd0cb49bf4005e85faf243bdddefb99a19356a04985f92e09172d94
[ 603/3625] Checking is OK   | E:\01.userData\ZhuoMian\Github_Releases_批量下载 xray\Xray-core\v1.5.5\Xray-linux-arm32-v7a.zip      | LOCAL=07643fe4430410797cf4edc30abc0a68ee528e02763cee8ed28770f123956102 REMOTE=07643fe4430410797cf4edc30abc0a68ee528e02763cee8ed28770f123956102
[ 604/3625] Checking is OK   | E:\01.userData\ZhuoMian\Github_Releases_批量下载 xray\Xray-core\v1.5.5\Xray-linux-arm64-v8a.zip      | LOCAL=817f7fd1db4d78706b0e513a6acf9d9190674f50a3e5f737b46e9371ac239916 REMOTE=817f7fd1db4d78706b0e513a6acf9d9190674f50a3e5f737b46e9371ac239916
[ 605/3625] Checking is OK   | E:\01.userData\ZhuoMian\Github_Releases_批量下载 xray\Xray-core\v1.5.5\Xray-linux-mips32.zip         | LOCAL=5e4502d1e6f746d7507fd99ddc515d8ba35554256bcdda16a5745a2989b95dba REMOTE=5e4502d1e6f746d7507fd99ddc515d8ba35554256bcdda16a5745a2989b95dba
[ 606/3625] Checking is OK   | E:\01.userData\ZhuoMian\Github_Releases_批量下载 xray\Xray-core\v1.5.5\Xray-linux-mips32le.zip       | LOCAL=fd82df4fd193556be00b00c6529aaf03ce71169b35c31f007ad7c4923e30abf0 REMOTE=fd82df4fd193556be00b00c6529aaf03ce71169b35c31f007ad7c4923e30abf0
[ 607/3625] Checking is OK   | E:\01.userData\ZhuoMian\Github_Releases_批量下载 xray\Xray-core\v1.5.5\Xray-linux-mips64.zip         | LOCAL=efae52b7cb9659b99ab0595fd2a669130883cac791af6e98b3a8d0d74d92ac44 REMOTE=efae52b7cb9659b99ab0595fd2a669130883cac791af6e98b3a8d0d74d92ac44
[ 608/3625] Checking is OK   | E:\01.userData\ZhuoMian\Github_Releases_批量下载 xray\Xray-core\v1.5.5\Xray-linux-mips64le.zip       | LOCAL=0914fa396a93e83069e215f5154e15de4287acc0bbafba50f20bff35fd00c04b REMOTE=0914fa396a93e83069e215f5154e15de4287acc0bbafba50f20bff35fd00c04b
[ 609/3625] Checking is OK   | E:\01.userData\ZhuoMian\Github_Releases_批量下载 xray\Xray-core\v1.5.5\Xray-linux-ppc64.zip          | LOCAL=372a19809388e5a9b4569394143c6ac4606f01f3815c03b7e45b2ee553888e85 REMOTE=372a19809388e5a9b4569394143c6ac4606f01f3815c03b7e45b2ee553888e85
[ 610/3625] Checking is OK   | E:\01.userData\ZhuoMian\Github_Releases_批量下载 xray\Xray-core\v1.5.5\Xray-linux-ppc64le.zip        | LOCAL=30fc83516a030b13dab0bc249d47d045e0f48eb01900a35d85b173d9c72d6abe REMOTE=30fc83516a030b13dab0bc249d47d045e0f48eb01900a35d85b173d9c72d6abe
[ 611/3625] Checking is OK   | E:\01.userData\ZhuoMian\Github_Releases_批量下载 xray\Xray-core\v1.5.5\Xray-linux-riscv64.zip        | LOCAL=deefeb92b2bc2d31825fd31fe6df22971e2615110c9bfbdb4cc9ffc355128b53 REMOTE=deefeb92b2bc2d31825fd31fe6df22971e2615110c9bfbdb4cc9ffc355128b53
[ 612/3625] Checking is OK   | E:\01.userData\ZhuoMian\Github_Releases_批量下载 xray\Xray-core\v1.5.5\Xray-linux-s390x.zip          | LOCAL=19650083513dde53c6e0e0417f704a20392627f22eb02040b9187328072cac9f REMOTE=19650083513dde53c6e0e0417f704a20392627f22eb02040b9187328072cac9f
[ 613/3625] Checking is OK   | E:\01.userData\ZhuoMian\Github_Releases_批量下载 xray\Xray-core\v1.5.5\Xray-macos-64.zip             | LOCAL=029d1820338e42374b74046970e11088c29a962e1f24903f018485d5aaa1e5ae REMOTE=029d1820338e42374b74046970e11088c29a962e1f24903f018485d5aaa1e5ae
[ 614/3625] Checking is OK   | E:\01.userData\ZhuoMian\Github_Releases_批量下载 xray\Xray-core\v1.5.5\Xray-macos-arm64-v8a.zip      | LOCAL=450f5671886c9b5a14e76deb89406eadc4a87203541ef8610f6fca15edbffe72 REMOTE=450f5671886c9b5a14e76deb89406eadc4a87203541ef8610f6fca15edbffe72
[ 615/3625] Checking is OK   | E:\01.userData\ZhuoMian\Github_Releases_批量下载 xray\Xray-core\v1.5.5\Xray-openbsd-32.zip           | LOCAL=cfe5d43dd57e1b3d13b778c99271e11226eaee7c907139ead83a2f912632b5fc REMOTE=cfe5d43dd57e1b3d13b778c99271e11226eaee7c907139ead83a2f912632b5fc
[ 616/3625] Checking is OK   | E:\01.userData\ZhuoMian\Github_Releases_批量下载 xray\Xray-core\v1.5.5\Xray-openbsd-64.zip           | LOCAL=dead7a96bf95d5db5f498d3605e8d54a0b7b6026eb8db9694cf93711531f62f4 REMOTE=dead7a96bf95d5db5f498d3605e8d54a0b7b6026eb8db9694cf93711531f62f4
[ 617/3625] Checking is OK   | E:\01.userData\ZhuoMian\Github_Releases_批量下载 xray\Xray-core\v1.5.5\Xray-openbsd-arm32-v7a.zip    | LOCAL=5d63a13fb6a29142caa2c68636d5d8f60b8f65c7d67311e276aeb69e0efb6b6f REMOTE=5d63a13fb6a29142caa2c68636d5d8f60b8f65c7d67311e276aeb69e0efb6b6f
[ 618/3625] Checking is OK   | E:\01.userData\ZhuoMian\Github_Releases_批量下载 xray\Xray-core\v1.5.5\Xray-openbsd-arm64-v8a.zip    | LOCAL=4763e226e7f19b16ec5dbbd257f2aa8947df61da14a9f22a8f25ba295d4e6d73 REMOTE=4763e226e7f19b16ec5dbbd257f2aa8947df61da14a9f22a8f25ba295d4e6d73
[ 619/3625] Checking is OK   | E:\01.userData\ZhuoMian\Github_Releases_批量下载 xray\Xray-core\v1.5.5\Xray-windows-32.zip           | LOCAL=528db5fdc8de2eba2205c2cfae52d835a7dd2b8127650722295cbfe35e984035 REMOTE=528db5fdc8de2eba2205c2cfae52d835a7dd2b8127650722295cbfe35e984035
[ 620/3625] Checking is OK   | E:\01.userData\ZhuoMian\Github_Releases_批量下载 xray\Xray-core\v1.5.5\Xray-windows-64.zip           | LOCAL=efce268d134f4acabd47334cf6b9842b59c3529bc618b37acd4a0830291fafc6 REMOTE=efce268d134f4acabd47334cf6b9842b59c3529bc618b37acd4a0830291fafc6
[ 621/3625] Checking is OK   | E:\01.userData\ZhuoMian\Github_Releases_批量下载 xray\Xray-core\v1.5.5\Xray-windows-arm32-v7a.zip    | LOCAL=fd9fb1bb46beef13cf979eac219fd187520ef8afcba97335689dfd0af2440d44 REMOTE=fd9fb1bb46beef13cf979eac219fd187520ef8afcba97335689dfd0af2440d44
[ 622/3625] Checking is OK   | E:\01.userData\ZhuoMian\Github_Releases_批量下载 xray\Xray-core\v1.5.5\Xray-windows-arm64-v8a.zip    | LOCAL=6d649bf9923c22590bd0fe0fcd37fd09683058d37464bb3d142a4669b43717b4 REMOTE=6d649bf9923c22590bd0fe0fcd37fd09683058d37464bb3d142a4669b43717b4
[ 623/3625] Checking is OK   | E:\01.userData\ZhuoMian\Github_Releases_批量下载 xray\Xray-core\v1.5.6\Xray-android-arm64-v8a.zip    | LOCAL=31a2c560d5e15765ddbe115cd3ae4e5b423de6568da3c21200ab3a877789297b REMOTE=31a2c560d5e15765ddbe115cd3ae4e5b423de6568da3c21200ab3a877789297b
[ 624/3625] Checking is OK   | E:\01.userData\ZhuoMian\Github_Releases_批量下载 xray\Xray-core\v1.5.6\Xray-dragonfly-64.zip         | LOCAL=f99daeb0999b6f180373b64f000f0a9cf97bf5a4a945cad606f26cf749ca7c2b REMOTE=f99daeb0999b6f180373b64f000f0a9cf97bf5a4a945cad606f26cf749ca7c2b
[ 625/3625] Checking is OK   | E:\01.userData\ZhuoMian\Github_Releases_批量下载 xray\Xray-core\v1.5.6\Xray-freebsd-32.zip           | LOCAL=7ec1f373d1d185d037a6e2b348d3f902516a40bb250eb39b1f816f266748395f REMOTE=7ec1f373d1d185d037a6e2b348d3f902516a40bb250eb39b1f816f266748395f
[ 626/3625] Checking is OK   | E:\01.userData\ZhuoMian\Github_Releases_批量下载 xray\Xray-core\v1.5.6\Xray-freebsd-64.zip           | LOCAL=961d2779993d1b95d47f69aaffde59a2e47f9af14fa16cefa65b5cc938e02cdd REMOTE=961d2779993d1b95d47f69aaffde59a2e47f9af14fa16cefa65b5cc938e02cdd
[ 627/3625] Checking is OK   | E:\01.userData\ZhuoMian\Github_Releases_批量下载 xray\Xray-core\v1.5.6\Xray-freebsd-arm32-v7a.zip    | LOCAL=7a91e9990fe00b41f9165cd870d674ae8007070a64e073a09775f1fc9450dcfc REMOTE=7a91e9990fe00b41f9165cd870d674ae8007070a64e073a09775f1fc9450dcfc
[ 628/3625] Checking is OK   | E:\01.userData\ZhuoMian\Github_Releases_批量下载 xray\Xray-core\v1.5.6\Xray-freebsd-arm64-v8a.zip    | LOCAL=93fcd8d649a5dd5db340a87495b6791127973a08de07a4a6e5ceafd4b442fb62 REMOTE=93fcd8d649a5dd5db340a87495b6791127973a08de07a4a6e5ceafd4b442fb62
[ 629/3625] Checking is OK   | E:\01.userData\ZhuoMian\Github_Releases_批量下载 xray\Xray-core\v1.5.6\Xray-linux-32.zip             | LOCAL=9076072700c4426ba92a4d5bb3a926dc1a6cc512882fe03705fe2a78cfecc537 REMOTE=9076072700c4426ba92a4d5bb3a926dc1a6cc512882fe03705fe2a78cfecc537
[ 630/3625] Checking is OK   | E:\01.userData\ZhuoMian\Github_Releases_批量下载 xray\Xray-core\v1.5.6\Xray-linux-64.zip             | LOCAL=4fcb33115cc00d2b4890190ec6f4f8fc2afefedee9d0b06fe849e4152063b691 REMOTE=4fcb33115cc00d2b4890190ec6f4f8fc2afefedee9d0b06fe849e4152063b691
[ 631/3625] Checking is OK   | E:\01.userData\ZhuoMian\Github_Releases_批量下载 xray\Xray-core\v1.5.6\Xray-linux-arm32-v5.zip       | LOCAL=22d7070c10eb89fa125cce1ec0f25e51ceef3287f0911c01bd4c556f47507766 REMOTE=22d7070c10eb89fa125cce1ec0f25e51ceef3287f0911c01bd4c556f47507766
[ 632/3625] Checking is OK   | E:\01.userData\ZhuoMian\Github_Releases_批量下载 xray\Xray-core\v1.5.6\Xray-linux-arm32-v6.zip       | LOCAL=5b967d340f03a1b09f42e033ff358eb5116714be7a603af5d142cc31a8b5c7e6 REMOTE=5b967d340f03a1b09f42e033ff358eb5116714be7a603af5d142cc31a8b5c7e6
[ 633/3625] Checking is OK   | E:\01.userData\ZhuoMian\Github_Releases_批量下载 xray\Xray-core\v1.5.6\Xray-linux-arm32-v7a.zip      | LOCAL=a557e27d1346085c979d55e28eb0d19c93685529d1fffcc8974b876ebf6ebf44 REMOTE=a557e27d1346085c979d55e28eb0d19c93685529d1fffcc8974b876ebf6ebf44
[ 634/3625] Checking is OK   | E:\01.userData\ZhuoMian\Github_Releases_批量下载 xray\Xray-core\v1.5.6\Xray-linux-arm64-v8a.zip      | LOCAL=a2398b9843f6fc9302732a2ea3d928ff1dec62562e432350bc788544a6668645 REMOTE=a2398b9843f6fc9302732a2ea3d928ff1dec62562e432350bc788544a6668645
[ 635/3625] Checking is OK   | E:\01.userData\ZhuoMian\Github_Releases_批量下载 xray\Xray-core\v1.5.6\Xray-linux-mips32.zip         | LOCAL=3e72b24dd9d255c77a15760fa1dea1d873609d9870075de906173c18ddef14a3 REMOTE=3e72b24dd9d255c77a15760fa1dea1d873609d9870075de906173c18ddef14a3
[ 636/3625] Checking is OK   | E:\01.userData\ZhuoMian\Github_Releases_批量下载 xray\Xray-core\v1.5.6\Xray-linux-mips32le.zip       | LOCAL=e341f11a4bf81b41c154bb720f841bdb133861edb50725edca3a82d1c5928f24 REMOTE=e341f11a4bf81b41c154bb720f841bdb133861edb50725edca3a82d1c5928f24
[ 637/3625] Checking is OK   | E:\01.userData\ZhuoMian\Github_Releases_批量下载 xray\Xray-core\v1.5.6\Xray-linux-mips64.zip         | LOCAL=e7fbe3ed7ee04b528a7cd9a6c2eed6e250b23be6ae933454e6740f5d48fe6d69 REMOTE=e7fbe3ed7ee04b528a7cd9a6c2eed6e250b23be6ae933454e6740f5d48fe6d69
[ 638/3625] Checking is OK   | E:\01.userData\ZhuoMian\Github_Releases_批量下载 xray\Xray-core\v1.5.6\Xray-linux-mips64le.zip       | LOCAL=626aba883da3a04d726a97c1ff71a3e49966e7689758a87346d429096accaf19 REMOTE=626aba883da3a04d726a97c1ff71a3e49966e7689758a87346d429096accaf19
[ 639/3625] Checking is OK   | E:\01.userData\ZhuoMian\Github_Releases_批量下载 xray\Xray-core\v1.5.6\Xray-linux-ppc64.zip          | LOCAL=720b276c5f6508c066550f2be5a9cb06b7b5cab8a0d3897b4d3d8350d192ad2f REMOTE=720b276c5f6508c066550f2be5a9cb06b7b5cab8a0d3897b4d3d8350d192ad2f
[ 640/3625] Checking is OK   | E:\01.userData\ZhuoMian\Github_Releases_批量下载 xray\Xray-core\v1.5.6\Xray-linux-ppc64le.zip        | LOCAL=c7d0ba0ebca7ca79b3629d69cd5dbfa49f28593c54ec83f793d6a90b892025c1 REMOTE=c7d0ba0ebca7ca79b3629d69cd5dbfa49f28593c54ec83f793d6a90b892025c1
[ 641/3625] Checking is OK   | E:\01.userData\ZhuoMian\Github_Releases_批量下载 xray\Xray-core\v1.5.6\Xray-linux-riscv64.zip        | LOCAL=b06ddf8bcf5d082f275db373cb57c76bf4cd9d5a86d4431886f650b4db2c4cad REMOTE=b06ddf8bcf5d082f275db373cb57c76bf4cd9d5a86d4431886f650b4db2c4cad
[ 642/3625] Checking is OK   | E:\01.userData\ZhuoMian\Github_Releases_批量下载 xray\Xray-core\v1.5.6\Xray-linux-s390x.zip          | LOCAL=78cffc5f10b7118661ed0fc1fc0baf14f4042316c1ca524f889ee0222516a606 REMOTE=78cffc5f10b7118661ed0fc1fc0baf14f4042316c1ca524f889ee0222516a606
[ 643/3625] Checking is OK   | E:\01.userData\ZhuoMian\Github_Releases_批量下载 xray\Xray-core\v1.5.6\Xray-macos-64.zip             | LOCAL=afb917d4c873aa434e64a287123d628772a42658a999a01ddbfa0f2de81e9a7b REMOTE=afb917d4c873aa434e64a287123d628772a42658a999a01ddbfa0f2de81e9a7b
[ 644/3625] Checking is OK   | E:\01.userData\ZhuoMian\Github_Releases_批量下载 xray\Xray-core\v1.5.6\Xray-macos-arm64-v8a.zip      | LOCAL=391c3d8766573c8bd8080638e46fa8e8ba5af9130d3bdbe34cf0212b36f169c5 REMOTE=391c3d8766573c8bd8080638e46fa8e8ba5af9130d3bdbe34cf0212b36f169c5
[ 645/3625] Checking is OK   | E:\01.userData\ZhuoMian\Github_Releases_批量下载 xray\Xray-core\v1.5.6\Xray-openbsd-32.zip           | LOCAL=57d9077bc657ca94eae7b203446ffc7d06751f72d40034b49511c625a91295b5 REMOTE=57d9077bc657ca94eae7b203446ffc7d06751f72d40034b49511c625a91295b5
[ 646/3625] Checking is OK   | E:\01.userData\ZhuoMian\Github_Releases_批量下载 xray\Xray-core\v1.5.6\Xray-openbsd-64.zip           | LOCAL=de4fdc343c0c6dd2a0a8ce1bcd254a7570eca2b62dff95319f70d170fb65fd0d REMOTE=de4fdc343c0c6dd2a0a8ce1bcd254a7570eca2b62dff95319f70d170fb65fd0d
[ 647/3625] Checking is OK   | E:\01.userData\ZhuoMian\Github_Releases_批量下载 xray\Xray-core\v1.5.6\Xray-openbsd-arm32-v7a.zip    | LOCAL=eba53af322d6aa2f7f8a57535657b79ee99eb887da5ba5735072f743bf878643 REMOTE=eba53af322d6aa2f7f8a57535657b79ee99eb887da5ba5735072f743bf878643
[ 648/3625] Checking is OK   | E:\01.userData\ZhuoMian\Github_Releases_批量下载 xray\Xray-core\v1.5.6\Xray-openbsd-arm64-v8a.zip    | LOCAL=61a73e5ddcbbf15ed3bec922e034163007341495681c1ea2801a3234ec2be528 REMOTE=61a73e5ddcbbf15ed3bec922e034163007341495681c1ea2801a3234ec2be528
[ 649/3625] Checking is OK   | E:\01.userData\ZhuoMian\Github_Releases_批量下载 xray\Xray-core\v1.5.6\Xray-windows-32.zip           | LOCAL=7c06d6caa07d39b1aaebe8276330f8267a0cc2b4be297c067a95e41ad0761f3b REMOTE=7c06d6caa07d39b1aaebe8276330f8267a0cc2b4be297c067a95e41ad0761f3b
[ 650/3625] Checking is OK   | E:\01.userData\ZhuoMian\Github_Releases_批量下载 xray\Xray-core\v1.5.6\Xray-windows-64.zip           | LOCAL=5565c00be95dfe708c70352f03955f3a427f631e54ff267745130ef7c52ead20 REMOTE=5565c00be95dfe708c70352f03955f3a427f631e54ff267745130ef7c52ead20
[ 651/3625] Checking is OK   | E:\01.userData\ZhuoMian\Github_Releases_批量下载 xray\Xray-core\v1.5.6\Xray-windows-arm32-v7a.zip    | LOCAL=cbcdae16f924c65c58bfcf20ef7c6b8f9efa77f522d4cff230a6eea9c4246c3e REMOTE=cbcdae16f924c65c58bfcf20ef7c6b8f9efa77f522d4cff230a6eea9c4246c3e
[ 652/3625] Checking is OK   | E:\01.userData\ZhuoMian\Github_Releases_批量下载 xray\Xray-core\v1.5.6\Xray-windows-arm64-v8a.zip    | LOCAL=a6aba6309c76e635aab2db0973dd78e09c84592f8b5c916e5273b941f41f0971 REMOTE=a6aba6309c76e635aab2db0973dd78e09c84592f8b5c916e5273b941f41f0971
[ 653/3625] Checking is OK   | E:\01.userData\ZhuoMian\Github_Releases_批量下载 xray\Xray-core\v1.5.7\Xray-android-arm64-v8a.zip    | LOCAL=95f9bd93bd527d0f60804fbf1d8c7b0413aeba9b9ef1dbff620ad5da18fb8235 REMOTE=95f9bd93bd527d0f60804fbf1d8c7b0413aeba9b9ef1dbff620ad5da18fb8235
[ 654/3625] Checking is OK   | E:\01.userData\ZhuoMian\Github_Releases_批量下载 xray\Xray-core\v1.5.7\Xray-dragonfly-64.zip         | LOCAL=c6b3ba51623e7061ea5e8eb1350cc56f82f56461fdc7b1d449de13988dc0e59c REMOTE=c6b3ba51623e7061ea5e8eb1350cc56f82f56461fdc7b1d449de13988dc0e59c
[ 655/3625] Checking is OK   | E:\01.userData\ZhuoMian\Github_Releases_批量下载 xray\Xray-core\v1.5.7\Xray-freebsd-32.zip           | LOCAL=d2e6b082ba8f98c15639de4db61abe8e4dd4ae183931aec1801ac9a6036eb1e5 REMOTE=d2e6b082ba8f98c15639de4db61abe8e4dd4ae183931aec1801ac9a6036eb1e5
[ 656/3625] Checking is OK   | E:\01.userData\ZhuoMian\Github_Releases_批量下载 xray\Xray-core\v1.5.7\Xray-freebsd-64.zip           | LOCAL=2b8a2cf4bc28e5d7d1a1804a66489b592821fe1ae716ebe7ca64694195743303 REMOTE=2b8a2cf4bc28e5d7d1a1804a66489b592821fe1ae716ebe7ca64694195743303
[ 657/3625] Checking is OK   | E:\01.userData\ZhuoMian\Github_Releases_批量下载 xray\Xray-core\v1.5.7\Xray-freebsd-arm32-v7a.zip    | LOCAL=5de1c4fff97c354b67351d8efd429e6af2166cfcda9714cbf703938496718383 REMOTE=5de1c4fff97c354b67351d8efd429e6af2166cfcda9714cbf703938496718383
[ 658/3625] Checking is OK   | E:\01.userData\ZhuoMian\Github_Releases_批量下载 xray\Xray-core\v1.5.7\Xray-freebsd-arm64-v8a.zip    | LOCAL=9392f3bc8e7b42bb8b64dbb0c1e97c426462d0ff165d25b7042f6af3fb750347 REMOTE=9392f3bc8e7b42bb8b64dbb0c1e97c426462d0ff165d25b7042f6af3fb750347
[ 659/3625] Checking is OK   | E:\01.userData\ZhuoMian\Github_Releases_批量下载 xray\Xray-core\v1.5.7\Xray-linux-32.zip             | LOCAL=4d9d7d4f3ef9f44b62cd3f87070c558dd8cf404d17934686b739ae1b84ce6aca REMOTE=4d9d7d4f3ef9f44b62cd3f87070c558dd8cf404d17934686b739ae1b84ce6aca
[ 660/3625] Checking is OK   | E:\01.userData\ZhuoMian\Github_Releases_批量下载 xray\Xray-core\v1.5.7\Xray-linux-64.zip             | LOCAL=783057a1ffa984988ebde1a45ec22b93c9dc1967b12f4ce4b4915417a3e08a14 REMOTE=783057a1ffa984988ebde1a45ec22b93c9dc1967b12f4ce4b4915417a3e08a14
[ 661/3625] Checking is OK   | E:\01.userData\ZhuoMian\Github_Releases_批量下载 xray\Xray-core\v1.5.7\Xray-linux-arm32-v5.zip       | LOCAL=a4f9170bbf9e8e7d1348da0102860d1802b31b9e323207fff164d278597aa47c REMOTE=a4f9170bbf9e8e7d1348da0102860d1802b31b9e323207fff164d278597aa47c
[ 662/3625] Checking is OK   | E:\01.userData\ZhuoMian\Github_Releases_批量下载 xray\Xray-core\v1.5.7\Xray-linux-arm32-v6.zip       | LOCAL=1d7c1d2e8160a74e22f878a06eec9c6bf73a68b6e01dcce426937470ec5022f1 REMOTE=1d7c1d2e8160a74e22f878a06eec9c6bf73a68b6e01dcce426937470ec5022f1
[ 663/3625] Checking is OK   | E:\01.userData\ZhuoMian\Github_Releases_批量下载 xray\Xray-core\v1.5.7\Xray-linux-arm32-v7a.zip      | LOCAL=ba4df25eb58d5a5e0d07f2cbd707bcd5ee24c9bd2586a0b0f1ab1f131ad6cd2c REMOTE=ba4df25eb58d5a5e0d07f2cbd707bcd5ee24c9bd2586a0b0f1ab1f131ad6cd2c
[ 664/3625] Checking is OK   | E:\01.userData\ZhuoMian\Github_Releases_批量下载 xray\Xray-core\v1.5.7\Xray-linux-arm64-v8a.zip      | LOCAL=3ea01cb8e7a1002c3391f1e4c3e23c655c78fcaa0786db7fe5c04f4908479d10 REMOTE=3ea01cb8e7a1002c3391f1e4c3e23c655c78fcaa0786db7fe5c04f4908479d10
[ 665/3625] Checking is OK   | E:\01.userData\ZhuoMian\Github_Releases_批量下载 xray\Xray-core\v1.5.7\Xray-linux-mips32.zip         | LOCAL=aeea2bd63ee402aba25e90f23665a46517f67611f19e888f55ec7f3ee6e8d44a REMOTE=aeea2bd63ee402aba25e90f23665a46517f67611f19e888f55ec7f3ee6e8d44a
[ 666/3625] Checking is OK   | E:\01.userData\ZhuoMian\Github_Releases_批量下载 xray\Xray-core\v1.5.7\Xray-linux-mips32le.zip       | LOCAL=b7acf8f0e93a779ea5ba3b02b8a93f0b4e033181ae7a31f56e77c02c623ac740 REMOTE=b7acf8f0e93a779ea5ba3b02b8a93f0b4e033181ae7a31f56e77c02c623ac740
[ 667/3625] Checking is OK   | E:\01.userData\ZhuoMian\Github_Releases_批量下载 xray\Xray-core\v1.5.7\Xray-linux-mips64.zip         | LOCAL=947bdda91c61049b5ae9116ce9bbc907dd76ccdfb2d277f480bff31c272854be REMOTE=947bdda91c61049b5ae9116ce9bbc907dd76ccdfb2d277f480bff31c272854be
[ 668/3625] Checking is OK   | E:\01.userData\ZhuoMian\Github_Releases_批量下载 xray\Xray-core\v1.5.7\Xray-linux-mips64le.zip       | LOCAL=83584c44237d6a12097cebf269b96ade2bbaaa638402d4a093f22496f359c85a REMOTE=83584c44237d6a12097cebf269b96ade2bbaaa638402d4a093f22496f359c85a
[ 669/3625] Checking is OK   | E:\01.userData\ZhuoMian\Github_Releases_批量下载 xray\Xray-core\v1.5.7\Xray-linux-ppc64.zip          | LOCAL=ec87d589d6dc8b7ba45e48526c3e3a5b75edafb5e98b951d46639afe13e013f8 REMOTE=ec87d589d6dc8b7ba45e48526c3e3a5b75edafb5e98b951d46639afe13e013f8
[ 670/3625] Checking is OK   | E:\01.userData\ZhuoMian\Github_Releases_批量下载 xray\Xray-core\v1.5.7\Xray-linux-ppc64le.zip        | LOCAL=966198f43566c34f1faffd7e124fb6411f292e40fb1f83bd291f7a6b1a59e6d1 REMOTE=966198f43566c34f1faffd7e124fb6411f292e40fb1f83bd291f7a6b1a59e6d1
[ 671/3625] Checking is OK   | E:\01.userData\ZhuoMian\Github_Releases_批量下载 xray\Xray-core\v1.5.7\Xray-linux-riscv64.zip        | LOCAL=a4453464133d023a90c1fe7e4ec314da9ad1ee0444542aff12b2d9693494290f REMOTE=a4453464133d023a90c1fe7e4ec314da9ad1ee0444542aff12b2d9693494290f
[ 672/3625] Checking is OK   | E:\01.userData\ZhuoMian\Github_Releases_批量下载 xray\Xray-core\v1.5.7\Xray-linux-s390x.zip          | LOCAL=d09de7fb4786678fffe914f83d843cfe5795dbb145c2e1d284f23e5df374022c REMOTE=d09de7fb4786678fffe914f83d843cfe5795dbb145c2e1d284f23e5df374022c
[ 673/3625] Checking is OK   | E:\01.userData\ZhuoMian\Github_Releases_批量下载 xray\Xray-core\v1.5.7\Xray-macos-64.zip             | LOCAL=a8acc20e2c5d7650f37e8048bea0aa5e2b9e3cb16d47499fa89c7642c594cf79 REMOTE=a8acc20e2c5d7650f37e8048bea0aa5e2b9e3cb16d47499fa89c7642c594cf79
[ 674/3625] Checking is OK   | E:\01.userData\ZhuoMian\Github_Releases_批量下载 xray\Xray-core\v1.5.7\Xray-macos-arm64-v8a.zip      | LOCAL=1ed5e190b75af05912d335ff6d807e5e378e3d480fb992b634d2b5ab6f488076 REMOTE=1ed5e190b75af05912d335ff6d807e5e378e3d480fb992b634d2b5ab6f488076
[ 675/3625] Checking is OK   | E:\01.userData\ZhuoMian\Github_Releases_批量下载 xray\Xray-core\v1.5.7\Xray-openbsd-32.zip           | LOCAL=1b519386ad76eb5ec0a9d868c164764729085046002061357dcbcf150addd7b0 REMOTE=1b519386ad76eb5ec0a9d868c164764729085046002061357dcbcf150addd7b0
[ 676/3625] Checking is OK   | E:\01.userData\ZhuoMian\Github_Releases_批量下载 xray\Xray-core\v1.5.7\Xray-openbsd-64.zip           | LOCAL=bac902ed840504025d8aa3909e20a10b2b120b19e21ba0fdc2ed7cc700a3e1e6 REMOTE=bac902ed840504025d8aa3909e20a10b2b120b19e21ba0fdc2ed7cc700a3e1e6
[ 677/3625] Checking is OK   | E:\01.userData\ZhuoMian\Github_Releases_批量下载 xray\Xray-core\v1.5.7\Xray-openbsd-arm32-v7a.zip    | LOCAL=4f721f2f416520a57a0473457686201c4d0f971b81913b79f79ece46095c56d6 REMOTE=4f721f2f416520a57a0473457686201c4d0f971b81913b79f79ece46095c56d6
[ 678/3625] Checking is OK   | E:\01.userData\ZhuoMian\Github_Releases_批量下载 xray\Xray-core\v1.5.7\Xray-openbsd-arm64-v8a.zip    | LOCAL=258c900d1d71ebf41f930f5cc78f3ee64f37c0b18e64db7d9ff89b0f1132e300 REMOTE=258c900d1d71ebf41f930f5cc78f3ee64f37c0b18e64db7d9ff89b0f1132e300
[ 679/3625] Checking is OK   | E:\01.userData\ZhuoMian\Github_Releases_批量下载 xray\Xray-core\v1.5.7\Xray-windows-32.zip           | LOCAL=3d64b73f19cf11f95f6337baa63c2c1861a12981165c0f203386ab31a988c977 REMOTE=3d64b73f19cf11f95f6337baa63c2c1861a12981165c0f203386ab31a988c977
[ 680/3625] Checking is OK   | E:\01.userData\ZhuoMian\Github_Releases_批量下载 xray\Xray-core\v1.5.7\Xray-windows-64.zip           | LOCAL=5ecddbd7fc51d693d103b6b78e41cbd7c3067f836ce28673d3b6c6ad8f2075d1 REMOTE=5ecddbd7fc51d693d103b6b78e41cbd7c3067f836ce28673d3b6c6ad8f2075d1
[ 681/3625] Checking is OK   | E:\01.userData\ZhuoMian\Github_Releases_批量下载 xray\Xray-core\v1.5.7\Xray-windows-arm32-v7a.zip    | LOCAL=1746288c7e1dcc6dbfee66c20ba4fbaec44fe5e096c4f75c4e2f56bf3fdf09c9 REMOTE=1746288c7e1dcc6dbfee66c20ba4fbaec44fe5e096c4f75c4e2f56bf3fdf09c9
[ 682/3625] Checking is OK   | E:\01.userData\ZhuoMian\Github_Releases_批量下载 xray\Xray-core\v1.5.7\Xray-windows-arm64-v8a.zip    | LOCAL=20b0620329fe730ce067360674aa0ed1f3a49b4f9d6de425a14b071615c43d35 REMOTE=20b0620329fe730ce067360674aa0ed1f3a49b4f9d6de425a14b071615c43d35
[ 683/3625] Checking is OK   | E:\01.userData\ZhuoMian\Github_Releases_批量下载 xray\Xray-core\v1.5.8\Xray-android-arm64-v8a.zip    | LOCAL=e3d85be494a3d344f3e121dd325a3a20ceccc0b93c2cccbf7b7a10a63a686cc1 REMOTE=e3d85be494a3d344f3e121dd325a3a20ceccc0b93c2cccbf7b7a10a63a686cc1
[ 684/3625] Checking is OK   | E:\01.userData\ZhuoMian\Github_Releases_批量下载 xray\Xray-core\v1.5.8\Xray-dragonfly-64.zip         | LOCAL=772e1fd315609e74e99c006f1f788f039a38123d045f4ae10347c15040f0d57c REMOTE=772e1fd315609e74e99c006f1f788f039a38123d045f4ae10347c15040f0d57c
[ 685/3625] Checking is OK   | E:\01.userData\ZhuoMian\Github_Releases_批量下载 xray\Xray-core\v1.5.8\Xray-freebsd-32.zip           | LOCAL=9a5f08ef440e26b36d935086527f8ed231b625ba26f1e198a3b3adcaaa947639 REMOTE=9a5f08ef440e26b36d935086527f8ed231b625ba26f1e198a3b3adcaaa947639
[ 686/3625] Checking is OK   | E:\01.userData\ZhuoMian\Github_Releases_批量下载 xray\Xray-core\v1.5.8\Xray-freebsd-64.zip           | LOCAL=343bd3625b8da0c23658e7786a5242602aebb1c7d292a816d8ca70ec05887d72 REMOTE=343bd3625b8da0c23658e7786a5242602aebb1c7d292a816d8ca70ec05887d72
[ 687/3625] Checking is OK   | E:\01.userData\ZhuoMian\Github_Releases_批量下载 xray\Xray-core\v1.5.8\Xray-freebsd-arm32-v7a.zip    | LOCAL=a7d76c6159d315b870cfcb60540ee02384f2f5973ab349846bcfc0ab07a05f28 REMOTE=a7d76c6159d315b870cfcb60540ee02384f2f5973ab349846bcfc0ab07a05f28
[ 688/3625] Checking is OK   | E:\01.userData\ZhuoMian\Github_Releases_批量下载 xray\Xray-core\v1.5.8\Xray-freebsd-arm64-v8a.zip    | LOCAL=4d2f179b709938263d32ecd05121f6b370e2df29fcf75cb92d793dff9aec1c22 REMOTE=4d2f179b709938263d32ecd05121f6b370e2df29fcf75cb92d793dff9aec1c22
[ 689/3625] Checking is OK   | E:\01.userData\ZhuoMian\Github_Releases_批量下载 xray\Xray-core\v1.5.8\Xray-linux-32.zip             | LOCAL=17a9749a35b35ba1d38090f2e3ad3a6eaca92938c7f6f991ff5416ca1f3dfcc7 REMOTE=17a9749a35b35ba1d38090f2e3ad3a6eaca92938c7f6f991ff5416ca1f3dfcc7
[ 690/3625] Checking is OK   | E:\01.userData\ZhuoMian\Github_Releases_批量下载 xray\Xray-core\v1.5.8\Xray-linux-64.zip             | LOCAL=42d7b83aca0597043be5ed34fddeeda6d87a4e7bc9fc55db630473d60907915d REMOTE=42d7b83aca0597043be5ed34fddeeda6d87a4e7bc9fc55db630473d60907915d
[ 691/3625] Checking is OK   | E:\01.userData\ZhuoMian\Github_Releases_批量下载 xray\Xray-core\v1.5.8\Xray-linux-arm32-v5.zip       | LOCAL=9346ffa8d18f8a56fdc0b9c7442d5ad801de319e6e01f5a235b6d4452fdd8e18 REMOTE=9346ffa8d18f8a56fdc0b9c7442d5ad801de319e6e01f5a235b6d4452fdd8e18
[ 692/3625] Checking is OK   | E:\01.userData\ZhuoMian\Github_Releases_批量下载 xray\Xray-core\v1.5.8\Xray-linux-arm32-v6.zip       | LOCAL=2f6a2aa15dc38063d56fe2c86487201f4b67d2baaf3ca0cef1d6db06a30b0933 REMOTE=2f6a2aa15dc38063d56fe2c86487201f4b67d2baaf3ca0cef1d6db06a30b0933
[ 693/3625] Checking is OK   | E:\01.userData\ZhuoMian\Github_Releases_批量下载 xray\Xray-core\v1.5.8\Xray-linux-arm32-v7a.zip      | LOCAL=0840b4e42ffd5df6de45a4529db88cba933962741f2f927c60f7f447ab5705ee REMOTE=0840b4e42ffd5df6de45a4529db88cba933962741f2f927c60f7f447ab5705ee
[ 694/3625] Checking is OK   | E:\01.userData\ZhuoMian\Github_Releases_批量下载 xray\Xray-core\v1.5.8\Xray-linux-arm64-v8a.zip      | LOCAL=a90e818e516359424a10bcbc35406049edcef8da2bb1dec1011c7c2226c54472 REMOTE=a90e818e516359424a10bcbc35406049edcef8da2bb1dec1011c7c2226c54472
[ 695/3625] Checking is OK   | E:\01.userData\ZhuoMian\Github_Releases_批量下载 xray\Xray-core\v1.5.8\Xray-linux-mips32.zip         | LOCAL=103de6fcb9ff07e4cad8912c89f55e84cd35e5a072504b335baa57410801a795 REMOTE=103de6fcb9ff07e4cad8912c89f55e84cd35e5a072504b335baa57410801a795
[ 696/3625] Checking is OK   | E:\01.userData\ZhuoMian\Github_Releases_批量下载 xray\Xray-core\v1.5.8\Xray-linux-mips32le.zip       | LOCAL=9aa92021a5144bc19632b7b94544a718c5174856914dc0db4acd72cf43c9c2bd REMOTE=9aa92021a5144bc19632b7b94544a718c5174856914dc0db4acd72cf43c9c2bd
[ 697/3625] Checking is OK   | E:\01.userData\ZhuoMian\Github_Releases_批量下载 xray\Xray-core\v1.5.8\Xray-linux-mips64.zip         | LOCAL=75224c14d269fd679339c7513578cf218ad370cfcdbee28d42ff41abe6fc70cc REMOTE=75224c14d269fd679339c7513578cf218ad370cfcdbee28d42ff41abe6fc70cc
[ 698/3625] Checking is OK   | E:\01.userData\ZhuoMian\Github_Releases_批量下载 xray\Xray-core\v1.5.8\Xray-linux-mips64le.zip       | LOCAL=d364c050df28c619aedeadf7a55865d84028555fa806a4cc41cafb3315fd7844 REMOTE=d364c050df28c619aedeadf7a55865d84028555fa806a4cc41cafb3315fd7844
[ 699/3625] Checking is OK   | E:\01.userData\ZhuoMian\Github_Releases_批量下载 xray\Xray-core\v1.5.8\Xray-linux-ppc64.zip          | LOCAL=0749bf3e681996c9221c2ad84a3e4efe2cb39e4a3b64241abfafebce0de8f1f1 REMOTE=0749bf3e681996c9221c2ad84a3e4efe2cb39e4a3b64241abfafebce0de8f1f1
[ 700/3625] Checking is OK   | E:\01.userData\ZhuoMian\Github_Releases_批量下载 xray\Xray-core\v1.5.8\Xray-linux-ppc64le.zip        | LOCAL=9bcf84bc657de42796d17f8615d62acefd9b9cc2358858f502100bbba470ead7 REMOTE=9bcf84bc657de42796d17f8615d62acefd9b9cc2358858f502100bbba470ead7
[ 701/3625] Checking is OK   | E:\01.userData\ZhuoMian\Github_Releases_批量下载 xray\Xray-core\v1.5.8\Xray-linux-riscv64.zip        | LOCAL=feda7efe08ed1f52d98fa3cd08258dccead1f3a800e1e4703ecb62d674376c36 REMOTE=feda7efe08ed1f52d98fa3cd08258dccead1f3a800e1e4703ecb62d674376c36
[ 702/3625] Checking is OK   | E:\01.userData\ZhuoMian\Github_Releases_批量下载 xray\Xray-core\v1.5.8\Xray-linux-s390x.zip          | LOCAL=adebf7bf6fdc1b94405d3d1b583fa02934268d12acb487ac50e3fbc1cfd60a68 REMOTE=adebf7bf6fdc1b94405d3d1b583fa02934268d12acb487ac50e3fbc1cfd60a68
[ 703/3625] Checking is OK   | E:\01.userData\ZhuoMian\Github_Releases_批量下载 xray\Xray-core\v1.5.8\Xray-macos-64.zip             | LOCAL=58242cec8b597a3ad429239e835744d9ef4cb1b4a2bf1f595c3ecca998dbc202 REMOTE=58242cec8b597a3ad429239e835744d9ef4cb1b4a2bf1f595c3ecca998dbc202
[ 704/3625] Checking is OK   | E:\01.userData\ZhuoMian\Github_Releases_批量下载 xray\Xray-core\v1.5.8\Xray-macos-arm64-v8a.zip      | LOCAL=15c0ef0cf03ac0b5d3b09bb86c5c3f6e72dc7e2cc541893c9fb6e7ad78b15d2e REMOTE=15c0ef0cf03ac0b5d3b09bb86c5c3f6e72dc7e2cc541893c9fb6e7ad78b15d2e
[ 705/3625] Checking is OK   | E:\01.userData\ZhuoMian\Github_Releases_批量下载 xray\Xray-core\v1.5.8\Xray-openbsd-32.zip           | LOCAL=a96e8390409eecc1fa70b5b96554c32bb6a588d6671b932a2e8c8ee912ce0552 REMOTE=a96e8390409eecc1fa70b5b96554c32bb6a588d6671b932a2e8c8ee912ce0552
[ 706/3625] Checking is OK   | E:\01.userData\ZhuoMian\Github_Releases_批量下载 xray\Xray-core\v1.5.8\Xray-openbsd-64.zip           | LOCAL=ecbda85f6b1fd78407dff750bb9eb03a85840c28e6e9178a2036858aa21670d8 REMOTE=ecbda85f6b1fd78407dff750bb9eb03a85840c28e6e9178a2036858aa21670d8
[ 707/3625] Checking is OK   | E:\01.userData\ZhuoMian\Github_Releases_批量下载 xray\Xray-core\v1.5.8\Xray-openbsd-arm32-v7a.zip    | LOCAL=71a51c005e730576ad0876db3319ab395465261ba6d3dedb646c76d39fe60397 REMOTE=71a51c005e730576ad0876db3319ab395465261ba6d3dedb646c76d39fe60397
[ 708/3625] Checking is OK   | E:\01.userData\ZhuoMian\Github_Releases_批量下载 xray\Xray-core\v1.5.8\Xray-openbsd-arm64-v8a.zip    | LOCAL=eab9bb4b0a41876f9db60acb9bdec0849a63d56a9ec3f775407ca81d1fc0ef61 REMOTE=eab9bb4b0a41876f9db60acb9bdec0849a63d56a9ec3f775407ca81d1fc0ef61
[ 709/3625] Checking is OK   | E:\01.userData\ZhuoMian\Github_Releases_批量下载 xray\Xray-core\v1.5.8\Xray-windows-32.zip           | LOCAL=9c687ea88c28524efe901165f0d4b493127e086da107c463337b4c725223ea04 REMOTE=9c687ea88c28524efe901165f0d4b493127e086da107c463337b4c725223ea04
[ 710/3625] Checking is OK   | E:\01.userData\ZhuoMian\Github_Releases_批量下载 xray\Xray-core\v1.5.8\Xray-windows-64.zip           | LOCAL=e6e7afac0b356916c6a1b89f51279b1a8e9dacd034b66fcac945a314fc832be6 REMOTE=e6e7afac0b356916c6a1b89f51279b1a8e9dacd034b66fcac945a314fc832be6
[ 711/3625] Checking is OK   | E:\01.userData\ZhuoMian\Github_Releases_批量下载 xray\Xray-core\v1.5.8\Xray-windows-arm32-v7a.zip    | LOCAL=95028d2f0075bee86c34b4c14165bbe33b1c0f155a5523f179d5357324aefcbe REMOTE=95028d2f0075bee86c34b4c14165bbe33b1c0f155a5523f179d5357324aefcbe
[ 712/3625] Checking is OK   | E:\01.userData\ZhuoMian\Github_Releases_批量下载 xray\Xray-core\v1.5.8\Xray-windows-arm64-v8a.zip    | LOCAL=d01d1681693fb01f53ff73588f3d2a903af072993c0f5748f43ff262af833576 REMOTE=d01d1681693fb01f53ff73588f3d2a903af072993c0f5748f43ff262af833576
[ 713/3625] Checking is OK   | E:\01.userData\ZhuoMian\Github_Releases_批量下载 xray\Xray-core\v1.5.9\Xray-android-arm64-v8a.zip    | LOCAL=dab9cb2cf94de8ac3ea7192d28c4e2964daa2adbda422a71e67bef8ab532863e REMOTE=dab9cb2cf94de8ac3ea7192d28c4e2964daa2adbda422a71e67bef8ab532863e
[ 714/3625] Checking is OK   | E:\01.userData\ZhuoMian\Github_Releases_批量下载 xray\Xray-core\v1.5.9\Xray-dragonfly-64.zip         | LOCAL=b5cf9c18b8c164a69f7decee87b030cd5fd4ff19ad431f78d38dbd851110779d REMOTE=b5cf9c18b8c164a69f7decee87b030cd5fd4ff19ad431f78d38dbd851110779d
[ 715/3625] Checking is OK   | E:\01.userData\ZhuoMian\Github_Releases_批量下载 xray\Xray-core\v1.5.9\Xray-freebsd-32.zip           | LOCAL=164519cee09208cba06b0b7818fadf105ecbeea9d03486c1c3e656b4fdc5e089 REMOTE=164519cee09208cba06b0b7818fadf105ecbeea9d03486c1c3e656b4fdc5e089
[ 716/3625] Checking is OK   | E:\01.userData\ZhuoMian\Github_Releases_批量下载 xray\Xray-core\v1.5.9\Xray-freebsd-64.zip           | LOCAL=c95495a31a72f00d19d039637e37587ebf9f9ea3a729da85a9103bd143bdc848 REMOTE=c95495a31a72f00d19d039637e37587ebf9f9ea3a729da85a9103bd143bdc848
[ 717/3625] Checking is OK   | E:\01.userData\ZhuoMian\Github_Releases_批量下载 xray\Xray-core\v1.5.9\Xray-freebsd-arm32-v7a.zip    | LOCAL=54019eba12b92179b4911285113994d4490bed70ee466dfa25d6006df4b77a42 REMOTE=54019eba12b92179b4911285113994d4490bed70ee466dfa25d6006df4b77a42
[ 718/3625] Checking is OK   | E:\01.userData\ZhuoMian\Github_Releases_批量下载 xray\Xray-core\v1.5.9\Xray-freebsd-arm64-v8a.zip    | LOCAL=caee967c84886fc40e2d9f81bde5d3ad66660eb8730905d2d15a0138762b507b REMOTE=caee967c84886fc40e2d9f81bde5d3ad66660eb8730905d2d15a0138762b507b
[ 719/3625] Checking is OK   | E:\01.userData\ZhuoMian\Github_Releases_批量下载 xray\Xray-core\v1.5.9\Xray-linux-32.zip             | LOCAL=a9d2ca5e424d3ea6d4f6fd00b21895aab8e580afc334e8c7d7d5a8a37c86012a REMOTE=a9d2ca5e424d3ea6d4f6fd00b21895aab8e580afc334e8c7d7d5a8a37c86012a
[ 720/3625] Checking is OK   | E:\01.userData\ZhuoMian\Github_Releases_批量下载 xray\Xray-core\v1.5.9\Xray-linux-64.zip             | LOCAL=3a4f4250b64024144d8121ee8a84951bbbb58ce9722d495552c4aa8fdfbfaa65 REMOTE=3a4f4250b64024144d8121ee8a84951bbbb58ce9722d495552c4aa8fdfbfaa65
[ 721/3625] Checking is OK   | E:\01.userData\ZhuoMian\Github_Releases_批量下载 xray\Xray-core\v1.5.9\Xray-linux-arm32-v5.zip       | LOCAL=e39976a246bcd632de8c143647ad9e91504331527b8792ef3f2020334874c82a REMOTE=e39976a246bcd632de8c143647ad9e91504331527b8792ef3f2020334874c82a
[ 722/3625] Checking is OK   | E:\01.userData\ZhuoMian\Github_Releases_批量下载 xray\Xray-core\v1.5.9\Xray-linux-arm32-v6.zip       | LOCAL=5add9f043c12820ac2a5a548fd57835ef31d9f45bb9597ae754be9480027f6bc REMOTE=5add9f043c12820ac2a5a548fd57835ef31d9f45bb9597ae754be9480027f6bc
[ 723/3625] Checking is OK   | E:\01.userData\ZhuoMian\Github_Releases_批量下载 xray\Xray-core\v1.5.9\Xray-linux-arm32-v7a.zip      | LOCAL=7f1b34320d1da7b695fbd0562c2383bc47fad9e4acc816e860da1e64338d4c3d REMOTE=7f1b34320d1da7b695fbd0562c2383bc47fad9e4acc816e860da1e64338d4c3d
[ 724/3625] Checking is OK   | E:\01.userData\ZhuoMian\Github_Releases_批量下载 xray\Xray-core\v1.5.9\Xray-linux-arm64-v8a.zip      | LOCAL=e6c636d862ba933a3f70423b6b6b8a5696bcb661bb084d45232659126234fd8b REMOTE=e6c636d862ba933a3f70423b6b6b8a5696bcb661bb084d45232659126234fd8b
[ 725/3625] Checking is OK   | E:\01.userData\ZhuoMian\Github_Releases_批量下载 xray\Xray-core\v1.5.9\Xray-linux-mips32.zip         | LOCAL=2cd66a23ea1e293565811c9020bb79cad8afe00ec5e32a01e8b20600a19e556e REMOTE=2cd66a23ea1e293565811c9020bb79cad8afe00ec5e32a01e8b20600a19e556e
[ 726/3625] Checking is OK   | E:\01.userData\ZhuoMian\Github_Releases_批量下载 xray\Xray-core\v1.5.9\Xray-linux-mips32le.zip       | LOCAL=7f6742efdb99bc8307bf8af91736e27f3ed7f11dccdb68c166f0baece12d63c3 REMOTE=7f6742efdb99bc8307bf8af91736e27f3ed7f11dccdb68c166f0baece12d63c3
[ 727/3625] Checking is OK   | E:\01.userData\ZhuoMian\Github_Releases_批量下载 xray\Xray-core\v1.5.9\Xray-linux-mips64.zip         | LOCAL=46a9c1c773472d1b1637c08e1901678af385afdc2967c424bdae86332849bd5f REMOTE=46a9c1c773472d1b1637c08e1901678af385afdc2967c424bdae86332849bd5f
[ 728/3625] Checking is OK   | E:\01.userData\ZhuoMian\Github_Releases_批量下载 xray\Xray-core\v1.5.9\Xray-linux-mips64le.zip       | LOCAL=039f7b73329fe42cdf600a411a9e0edc1d10f34e5a74338b47ea0383ca04cfb1 REMOTE=039f7b73329fe42cdf600a411a9e0edc1d10f34e5a74338b47ea0383ca04cfb1
[ 729/3625] Checking is OK   | E:\01.userData\ZhuoMian\Github_Releases_批量下载 xray\Xray-core\v1.5.9\Xray-linux-ppc64.zip          | LOCAL=1d6c5bddd3aab2b13adb7a08dbccea2d3a029712f47aec1b253f142a2ecd565e REMOTE=1d6c5bddd3aab2b13adb7a08dbccea2d3a029712f47aec1b253f142a2ecd565e
[ 730/3625] Checking is OK   | E:\01.userData\ZhuoMian\Github_Releases_批量下载 xray\Xray-core\v1.5.9\Xray-linux-ppc64le.zip        | LOCAL=c54e15878b6f24c47d675c61beb197bae562cd8942ebe77056d3cfee6fddc86c REMOTE=c54e15878b6f24c47d675c61beb197bae562cd8942ebe77056d3cfee6fddc86c
[ 731/3625] Checking is OK   | E:\01.userData\ZhuoMian\Github_Releases_批量下载 xray\Xray-core\v1.5.9\Xray-linux-riscv64.zip        | LOCAL=0572337ac6fc5179ba5d4384ba24bb6ff2c59e0af069d6daf1fe9647c759f9b3 REMOTE=0572337ac6fc5179ba5d4384ba24bb6ff2c59e0af069d6daf1fe9647c759f9b3
[ 732/3625] Checking is OK   | E:\01.userData\ZhuoMian\Github_Releases_批量下载 xray\Xray-core\v1.5.9\Xray-linux-s390x.zip          | LOCAL=76fc0e497143a289574b8d90787d02821cebde8a4ac2ce151bfb459d9393a6d6 REMOTE=76fc0e497143a289574b8d90787d02821cebde8a4ac2ce151bfb459d9393a6d6
[ 733/3625] Checking is OK   | E:\01.userData\ZhuoMian\Github_Releases_批量下载 xray\Xray-core\v1.5.9\Xray-macos-64.zip             | LOCAL=43427e869025235d1e81fca6ce21b920192772c9e51b7e76d33a4534a95e7460 REMOTE=43427e869025235d1e81fca6ce21b920192772c9e51b7e76d33a4534a95e7460
[ 734/3625] Checking is OK   | E:\01.userData\ZhuoMian\Github_Releases_批量下载 xray\Xray-core\v1.5.9\Xray-macos-arm64-v8a.zip      | LOCAL=436e1620d5e4367359aa6d2f514aceeb8eb9d79cea3251934a8c3f6682704565 REMOTE=436e1620d5e4367359aa6d2f514aceeb8eb9d79cea3251934a8c3f6682704565
[ 735/3625] Checking is OK   | E:\01.userData\ZhuoMian\Github_Releases_批量下载 xray\Xray-core\v1.5.9\Xray-openbsd-32.zip           | LOCAL=e262dc59d85c86f5c5322af74f87d8e88c3655a42af2c34364d87d4d572019db REMOTE=e262dc59d85c86f5c5322af74f87d8e88c3655a42af2c34364d87d4d572019db
[ 736/3625] Checking is OK   | E:\01.userData\ZhuoMian\Github_Releases_批量下载 xray\Xray-core\v1.5.9\Xray-openbsd-64.zip           | LOCAL=1e52f354b5ba30df50716e12aa0437199232c9582b220ca16b9e9eec34daa406 REMOTE=1e52f354b5ba30df50716e12aa0437199232c9582b220ca16b9e9eec34daa406
[ 737/3625] Checking is OK   | E:\01.userData\ZhuoMian\Github_Releases_批量下载 xray\Xray-core\v1.5.9\Xray-openbsd-arm32-v7a.zip    | LOCAL=6cf3fabe1619cbb690207552f5a7dd78297390042736d3f219d714e9a5f1a904 REMOTE=6cf3fabe1619cbb690207552f5a7dd78297390042736d3f219d714e9a5f1a904
[ 738/3625] Checking is OK   | E:\01.userData\ZhuoMian\Github_Releases_批量下载 xray\Xray-core\v1.5.9\Xray-openbsd-arm64-v8a.zip    | LOCAL=fab48afa4e93e72418f8019320e8ed09782c38744c482ed8bdd88ea4d85633e7 REMOTE=fab48afa4e93e72418f8019320e8ed09782c38744c482ed8bdd88ea4d85633e7
[ 739/3625] Checking is OK   | E:\01.userData\ZhuoMian\Github_Releases_批量下载 xray\Xray-core\v1.5.9\Xray-windows-32.zip           | LOCAL=b18fcf219a81023bced1486af4d0888d3c8d4186e7675d72a6d25c6071296d60 REMOTE=b18fcf219a81023bced1486af4d0888d3c8d4186e7675d72a6d25c6071296d60
[ 740/3625] Checking is OK   | E:\01.userData\ZhuoMian\Github_Releases_批量下载 xray\Xray-core\v1.5.9\Xray-windows-64.zip           | LOCAL=46012772b64e8125920e2c2fe585e3a33068b6a974ed0d5f3c470590114f3243 REMOTE=46012772b64e8125920e2c2fe585e3a33068b6a974ed0d5f3c470590114f3243
[ 741/3625] Checking is OK   | E:\01.userData\ZhuoMian\Github_Releases_批量下载 xray\Xray-core\v1.5.9\Xray-windows-arm32-v7a.zip    | LOCAL=4fa7458ac81754620ff2f378eb81268f74e77e74c25f6a0aae6ee8d35bfc9a7d REMOTE=4fa7458ac81754620ff2f378eb81268f74e77e74c25f6a0aae6ee8d35bfc9a7d
[ 742/3625] Checking is OK   | E:\01.userData\ZhuoMian\Github_Releases_批量下载 xray\Xray-core\v1.5.9\Xray-windows-arm64-v8a.zip    | LOCAL=79944806ecb984a47e4835e841d304acaedbceaf31b837e71dd522c5108b5911 REMOTE=79944806ecb984a47e4835e841d304acaedbceaf31b837e71dd522c5108b5911
[ 743/3625] Checking is OK   | E:\01.userData\ZhuoMian\Github_Releases_批量下载 xray\Xray-core\v1.6.0\Xray-android-arm64-v8a.zip    | LOCAL=2a6a796429f581a5c89c48e7efae709ff309daa86346a16ed6a3bb8aff91322c REMOTE=2a6a796429f581a5c89c48e7efae709ff309daa86346a16ed6a3bb8aff91322c
[ 744/3625] Checking is OK   | E:\01.userData\ZhuoMian\Github_Releases_批量下载 xray\Xray-core\v1.6.0\Xray-dragonfly-64.zip         | LOCAL=5a6d0714f0fea38d8c51d15cf0ffa2437f6ccd7c76044894ceab8bac8574ade1 REMOTE=5a6d0714f0fea38d8c51d15cf0ffa2437f6ccd7c76044894ceab8bac8574ade1
[ 745/3625] Checking is OK   | E:\01.userData\ZhuoMian\Github_Releases_批量下载 xray\Xray-core\v1.6.0\Xray-freebsd-32.zip           | LOCAL=2b6f6131756315b79276217075365212b6ddb3606e7a87e2e781fa291373878d REMOTE=2b6f6131756315b79276217075365212b6ddb3606e7a87e2e781fa291373878d
[ 746/3625] Checking is OK   | E:\01.userData\ZhuoMian\Github_Releases_批量下载 xray\Xray-core\v1.6.0\Xray-freebsd-64.zip           | LOCAL=c7b98eb814e84adb6174accc7ee52d61e80dcf55bd8c0916e921c74ca0d33c82 REMOTE=c7b98eb814e84adb6174accc7ee52d61e80dcf55bd8c0916e921c74ca0d33c82
[ 747/3625] Checking is OK   | E:\01.userData\ZhuoMian\Github_Releases_批量下载 xray\Xray-core\v1.6.0\Xray-freebsd-arm32-v7a.zip    | LOCAL=e6bacba06973eb827c7b49c90788b4c4e3291c9ac6b5ec4e4553e0315104c65d REMOTE=e6bacba06973eb827c7b49c90788b4c4e3291c9ac6b5ec4e4553e0315104c65d
[ 748/3625] Checking is OK   | E:\01.userData\ZhuoMian\Github_Releases_批量下载 xray\Xray-core\v1.6.0\Xray-freebsd-arm64-v8a.zip    | LOCAL=09ea66da3daaf042d92444e2c5e2c0fd0416a5746c660353c89fc98cebbe95e1 REMOTE=09ea66da3daaf042d92444e2c5e2c0fd0416a5746c660353c89fc98cebbe95e1
[ 749/3625] Checking is OK   | E:\01.userData\ZhuoMian\Github_Releases_批量下载 xray\Xray-core\v1.6.0\Xray-linux-32.zip             | LOCAL=5a275b537d9c3787d36e70768e8cca9b007513205bbb0bc17ea79e7d0c2bfb3f REMOTE=5a275b537d9c3787d36e70768e8cca9b007513205bbb0bc17ea79e7d0c2bfb3f
[ 750/3625] Checking is OK   | E:\01.userData\ZhuoMian\Github_Releases_批量下载 xray\Xray-core\v1.6.0\Xray-linux-64.zip             | LOCAL=9afab7f2d483c4283ad228f6c5ae7771519d95b4e85d3fa770dc53094805ef12 REMOTE=9afab7f2d483c4283ad228f6c5ae7771519d95b4e85d3fa770dc53094805ef12
[ 751/3625] Checking is OK   | E:\01.userData\ZhuoMian\Github_Releases_批量下载 xray\Xray-core\v1.6.0\Xray-linux-arm32-v5.zip       | LOCAL=bc9ecc6565e3e4731a2d583e518a49d29056c9ec9368a4725aa0e93275689e96 REMOTE=bc9ecc6565e3e4731a2d583e518a49d29056c9ec9368a4725aa0e93275689e96
[ 752/3625] Checking is OK   | E:\01.userData\ZhuoMian\Github_Releases_批量下载 xray\Xray-core\v1.6.0\Xray-linux-arm32-v6.zip       | LOCAL=497003a500c596ef2aaa0a750b9b91044eeab545ed7e79cdf4cffe90cb24a2ec REMOTE=497003a500c596ef2aaa0a750b9b91044eeab545ed7e79cdf4cffe90cb24a2ec
[ 753/3625] Checking is OK   | E:\01.userData\ZhuoMian\Github_Releases_批量下载 xray\Xray-core\v1.6.0\Xray-linux-arm32-v7a.zip      | LOCAL=ccd9819adfb32b7d32121a45a78d14055a9f5b70aa5d72287b2c75f38b3299af REMOTE=ccd9819adfb32b7d32121a45a78d14055a9f5b70aa5d72287b2c75f38b3299af
[ 754/3625] Checking is OK   | E:\01.userData\ZhuoMian\Github_Releases_批量下载 xray\Xray-core\v1.6.0\Xray-linux-arm64-v8a.zip      | LOCAL=f69b030831a181e76e1d3927fadaf28a7b3b38b0159fcb189e8d3b1a2b78b890 REMOTE=f69b030831a181e76e1d3927fadaf28a7b3b38b0159fcb189e8d3b1a2b78b890
[ 755/3625] Checking is OK   | E:\01.userData\ZhuoMian\Github_Releases_批量下载 xray\Xray-core\v1.6.0\Xray-linux-mips32.zip         | LOCAL=276adf8747751944b5f097fb1ff6e9e34b80340e449cc823a25cbb5d5f5cfc26 REMOTE=276adf8747751944b5f097fb1ff6e9e34b80340e449cc823a25cbb5d5f5cfc26
[ 756/3625] Checking is OK   | E:\01.userData\ZhuoMian\Github_Releases_批量下载 xray\Xray-core\v1.6.0\Xray-linux-mips32le.zip       | LOCAL=33a6d3ac17e6016d6406b8fb56371c469ed7d0f87070906f0028d980d459b71d REMOTE=33a6d3ac17e6016d6406b8fb56371c469ed7d0f87070906f0028d980d459b71d
[ 757/3625] Checking is OK   | E:\01.userData\ZhuoMian\Github_Releases_批量下载 xray\Xray-core\v1.6.0\Xray-linux-mips64.zip         | LOCAL=9279651c1480517963bf2d7bd0dceb662a56ba23dbbd4808bd405dea3a2b0bcf REMOTE=9279651c1480517963bf2d7bd0dceb662a56ba23dbbd4808bd405dea3a2b0bcf
[ 758/3625] Checking is OK   | E:\01.userData\ZhuoMian\Github_Releases_批量下载 xray\Xray-core\v1.6.0\Xray-linux-mips64le.zip       | LOCAL=e22e0e8df7810c0c2a653ce968692141b51e571275582d6d27b59d996a332067 REMOTE=e22e0e8df7810c0c2a653ce968692141b51e571275582d6d27b59d996a332067
[ 759/3625] Checking is OK   | E:\01.userData\ZhuoMian\Github_Releases_批量下载 xray\Xray-core\v1.6.0\Xray-linux-ppc64.zip          | LOCAL=06826c6970d65f4c586a4e441e636d088a2813cbd21f09c75c07cdaa04c1cdd5 REMOTE=06826c6970d65f4c586a4e441e636d088a2813cbd21f09c75c07cdaa04c1cdd5
[ 760/3625] Checking is OK   | E:\01.userData\ZhuoMian\Github_Releases_批量下载 xray\Xray-core\v1.6.0\Xray-linux-ppc64le.zip        | LOCAL=2eb9fd410b396557199cde294044a36321247246527ff9c343b13a1b67ce60b0 REMOTE=2eb9fd410b396557199cde294044a36321247246527ff9c343b13a1b67ce60b0
[ 761/3625] Checking is OK   | E:\01.userData\ZhuoMian\Github_Releases_批量下载 xray\Xray-core\v1.6.0\Xray-linux-riscv64.zip        | LOCAL=5217204342b53423a4cc2ec34f53f4439cf03cb7555d36b4d746f3d33181203f REMOTE=5217204342b53423a4cc2ec34f53f4439cf03cb7555d36b4d746f3d33181203f
[ 762/3625] Checking is OK   | E:\01.userData\ZhuoMian\Github_Releases_批量下载 xray\Xray-core\v1.6.0\Xray-linux-s390x.zip          | LOCAL=7cb1926f9e5fb77521a47f012e68c16220db37e9e3b329a68633e4db5241f90c REMOTE=7cb1926f9e5fb77521a47f012e68c16220db37e9e3b329a68633e4db5241f90c
[ 763/3625] Checking is OK   | E:\01.userData\ZhuoMian\Github_Releases_批量下载 xray\Xray-core\v1.6.0\Xray-macos-64.zip             | LOCAL=aac2f5e30e8e6c6fc61a9f4b216268e7a0fa8892d9ceb0348241d4c1a2e24582 REMOTE=aac2f5e30e8e6c6fc61a9f4b216268e7a0fa8892d9ceb0348241d4c1a2e24582
[ 764/3625] Checking is OK   | E:\01.userData\ZhuoMian\Github_Releases_批量下载 xray\Xray-core\v1.6.0\Xray-macos-arm64-v8a.zip      | LOCAL=c96ffb99e3799ca5a774108341bfa52ada7f50b6a475b0d99ee97e84857c3c3f REMOTE=c96ffb99e3799ca5a774108341bfa52ada7f50b6a475b0d99ee97e84857c3c3f
[ 765/3625] Checking is OK   | E:\01.userData\ZhuoMian\Github_Releases_批量下载 xray\Xray-core\v1.6.0\Xray-openbsd-32.zip           | LOCAL=9d34d80c8249dd97cb04eaa77c70c85345db04ab49f0268b69a6848923d5d03a REMOTE=9d34d80c8249dd97cb04eaa77c70c85345db04ab49f0268b69a6848923d5d03a
[ 766/3625] Checking is OK   | E:\01.userData\ZhuoMian\Github_Releases_批量下载 xray\Xray-core\v1.6.0\Xray-openbsd-64.zip           | LOCAL=68098dff5c25a55775695a5a1ef56cace0f8239b332b4014b2d59bbd482387c2 REMOTE=68098dff5c25a55775695a5a1ef56cace0f8239b332b4014b2d59bbd482387c2
[ 767/3625] Checking is OK   | E:\01.userData\ZhuoMian\Github_Releases_批量下载 xray\Xray-core\v1.6.0\Xray-openbsd-arm32-v7a.zip    | LOCAL=d32799ec3f51a66a4280cff81cecbd16ccfe45d189e9034e3e9ebed1fe76c56c REMOTE=d32799ec3f51a66a4280cff81cecbd16ccfe45d189e9034e3e9ebed1fe76c56c
[ 768/3625] Checking is OK   | E:\01.userData\ZhuoMian\Github_Releases_批量下载 xray\Xray-core\v1.6.0\Xray-openbsd-arm64-v8a.zip    | LOCAL=a41b5ae80a45d3ec27933fc82d8d3d149aec30f65b85acaf8deb6e7d40a861a5 REMOTE=a41b5ae80a45d3ec27933fc82d8d3d149aec30f65b85acaf8deb6e7d40a861a5
[ 769/3625] Checking is OK   | E:\01.userData\ZhuoMian\Github_Releases_批量下载 xray\Xray-core\v1.6.0\Xray-windows-32.zip           | LOCAL=bf4e9de6c7d6d4518ec35a12fee4726cea4a7a455cd32b3e732088547ac3059f REMOTE=bf4e9de6c7d6d4518ec35a12fee4726cea4a7a455cd32b3e732088547ac3059f
[ 770/3625] Checking is OK   | E:\01.userData\ZhuoMian\Github_Releases_批量下载 xray\Xray-core\v1.6.0\Xray-windows-64.zip           | LOCAL=191d66a83ca2efdb793726d5928c3adb7f80506a3f2e00dcab901abfffdaf359 REMOTE=191d66a83ca2efdb793726d5928c3adb7f80506a3f2e00dcab901abfffdaf359
[ 771/3625] Checking is OK   | E:\01.userData\ZhuoMian\Github_Releases_批量下载 xray\Xray-core\v1.6.0\Xray-windows-arm32-v7a.zip    | LOCAL=069dffb42852be820effbc7d4e092c6044d0f31922c8dfd4a66e17d80968dd16 REMOTE=069dffb42852be820effbc7d4e092c6044d0f31922c8dfd4a66e17d80968dd16
[ 772/3625] Checking is OK   | E:\01.userData\ZhuoMian\Github_Releases_批量下载 xray\Xray-core\v1.6.0\Xray-windows-arm64-v8a.zip    | LOCAL=adc2803195132c9ef9773100f1fd4a3bfaf4bb5f600e3d1e0501dcbd5812e821 REMOTE=adc2803195132c9ef9773100f1fd4a3bfaf4bb5f600e3d1e0501dcbd5812e821
[ 773/3625] Checking is OK   | E:\01.userData\ZhuoMian\Github_Releases_批量下载 xray\Xray-core\v1.6.1\Xray-android-arm64-v8a.zip    | LOCAL=e359f5e15638bf9f5ad73c390fea93295ae4fa2b8f55a41b2042639e077bc0c6 REMOTE=e359f5e15638bf9f5ad73c390fea93295ae4fa2b8f55a41b2042639e077bc0c6
[ 774/3625] Checking is OK   | E:\01.userData\ZhuoMian\Github_Releases_批量下载 xray\Xray-core\v1.6.1\Xray-dragonfly-64.zip         | LOCAL=b29dade6d620286d07df9b9f85071e032182dc1f15cdebaeafb194e31ec89e9f REMOTE=b29dade6d620286d07df9b9f85071e032182dc1f15cdebaeafb194e31ec89e9f
[ 775/3625] Checking is OK   | E:\01.userData\ZhuoMian\Github_Releases_批量下载 xray\Xray-core\v1.6.1\Xray-freebsd-32.zip           | LOCAL=02dab8dfd6f2e723c155dd8ff4a3b83ef1b75c9e9cb6c9719ac9d2ae82509e73 REMOTE=02dab8dfd6f2e723c155dd8ff4a3b83ef1b75c9e9cb6c9719ac9d2ae82509e73
[ 776/3625] Checking is OK   | E:\01.userData\ZhuoMian\Github_Releases_批量下载 xray\Xray-core\v1.6.1\Xray-freebsd-64.zip           | LOCAL=f5ac490a982fecbf408a4e38824745b0ab28359d36d88aa86fa1fa79d60457ea REMOTE=f5ac490a982fecbf408a4e38824745b0ab28359d36d88aa86fa1fa79d60457ea
[ 777/3625] Checking is OK   | E:\01.userData\ZhuoMian\Github_Releases_批量下载 xray\Xray-core\v1.6.1\Xray-freebsd-arm32-v7a.zip    | LOCAL=dea66147192645b5242e8d05c100a85db1489157db6443dfff47b464eb8bb591 REMOTE=dea66147192645b5242e8d05c100a85db1489157db6443dfff47b464eb8bb591
[ 778/3625] Checking is OK   | E:\01.userData\ZhuoMian\Github_Releases_批量下载 xray\Xray-core\v1.6.1\Xray-freebsd-arm64-v8a.zip    | LOCAL=cfb9e8e999ffd02b2c8f7d55b8a5dd1619dc1526143198175f9538f6b60597a3 REMOTE=cfb9e8e999ffd02b2c8f7d55b8a5dd1619dc1526143198175f9538f6b60597a3
[ 779/3625] Checking is OK   | E:\01.userData\ZhuoMian\Github_Releases_批量下载 xray\Xray-core\v1.6.1\Xray-linux-32.zip             | LOCAL=d7a09c1d6060dca3d670b358526c6289e1f7f07970881d678735630267a5ac2a REMOTE=d7a09c1d6060dca3d670b358526c6289e1f7f07970881d678735630267a5ac2a
[ 780/3625] Checking is OK   | E:\01.userData\ZhuoMian\Github_Releases_批量下载 xray\Xray-core\v1.6.1\Xray-linux-64.zip             | LOCAL=fa6517eea07f10f5f0a7e8768bb4b411266a217161b0a9d2794b48769f1ad541 REMOTE=fa6517eea07f10f5f0a7e8768bb4b411266a217161b0a9d2794b48769f1ad541
[ 781/3625] Checking is OK   | E:\01.userData\ZhuoMian\Github_Releases_批量下载 xray\Xray-core\v1.6.1\Xray-linux-arm32-v5.zip       | LOCAL=0df1ac34018591b67e6ed0b200d92d0a6480555a91bb01fb4751960a2d86de9d REMOTE=0df1ac34018591b67e6ed0b200d92d0a6480555a91bb01fb4751960a2d86de9d
[ 782/3625] Checking is OK   | E:\01.userData\ZhuoMian\Github_Releases_批量下载 xray\Xray-core\v1.6.1\Xray-linux-arm32-v6.zip       | LOCAL=a05357605d6169a7c85cc529e4667260612afa245128c1ff57a2130570c9da4c REMOTE=a05357605d6169a7c85cc529e4667260612afa245128c1ff57a2130570c9da4c
[ 783/3625] Checking is OK   | E:\01.userData\ZhuoMian\Github_Releases_批量下载 xray\Xray-core\v1.6.1\Xray-linux-arm32-v7a.zip      | LOCAL=a8fbe140e6683c3fe152eefcb28a7ff1277c886804ca144927f9990dae2718df REMOTE=a8fbe140e6683c3fe152eefcb28a7ff1277c886804ca144927f9990dae2718df
[ 784/3625] Checking is OK   | E:\01.userData\ZhuoMian\Github_Releases_批量下载 xray\Xray-core\v1.6.1\Xray-linux-arm64-v8a.zip      | LOCAL=83ef5db995c374aca9e20a140d83815fe51f49403d08276367d05fd17e00dd38 REMOTE=83ef5db995c374aca9e20a140d83815fe51f49403d08276367d05fd17e00dd38
[ 785/3625] Checking is OK   | E:\01.userData\ZhuoMian\Github_Releases_批量下载 xray\Xray-core\v1.6.1\Xray-linux-mips32.zip         | LOCAL=524b2a767e8cd662bf0bad2f01ab062f10290bd244de6ccdd3b164cff0722815 REMOTE=524b2a767e8cd662bf0bad2f01ab062f10290bd244de6ccdd3b164cff0722815
[ 786/3625] Checking is OK   | E:\01.userData\ZhuoMian\Github_Releases_批量下载 xray\Xray-core\v1.6.1\Xray-linux-mips32le.zip       | LOCAL=6dac1b25ca1d22ec2af64d21b36fe3d5cbee9991827d6c5b93a0b4d9121438a6 REMOTE=6dac1b25ca1d22ec2af64d21b36fe3d5cbee9991827d6c5b93a0b4d9121438a6
[ 787/3625] Checking is OK   | E:\01.userData\ZhuoMian\Github_Releases_批量下载 xray\Xray-core\v1.6.1\Xray-linux-mips64.zip         | LOCAL=bf0adcb94bb1710e53bf4a81304c9438dfbae1dd268e382a17dfe49d6a6998ae REMOTE=bf0adcb94bb1710e53bf4a81304c9438dfbae1dd268e382a17dfe49d6a6998ae
[ 788/3625] Checking is OK   | E:\01.userData\ZhuoMian\Github_Releases_批量下载 xray\Xray-core\v1.6.1\Xray-linux-mips64le.zip       | LOCAL=95c1fac84d3e04fce1c1a397ebabc1ba0d429cad247ed1a71debbdd1bc88d8e6 REMOTE=95c1fac84d3e04fce1c1a397ebabc1ba0d429cad247ed1a71debbdd1bc88d8e6
[ 789/3625] Checking is OK   | E:\01.userData\ZhuoMian\Github_Releases_批量下载 xray\Xray-core\v1.6.1\Xray-linux-ppc64.zip          | LOCAL=e11fdfdd727d7b151b8faacc5e16863ab16916a804498290d35e62e66f32a3f3 REMOTE=e11fdfdd727d7b151b8faacc5e16863ab16916a804498290d35e62e66f32a3f3
[ 790/3625] Checking is OK   | E:\01.userData\ZhuoMian\Github_Releases_批量下载 xray\Xray-core\v1.6.1\Xray-linux-ppc64le.zip        | LOCAL=cee8400d7afb443ebdc6bcf9191f11af50be093b203892f9b7ee4f8bc00b5639 REMOTE=cee8400d7afb443ebdc6bcf9191f11af50be093b203892f9b7ee4f8bc00b5639
[ 791/3625] Checking is OK   | E:\01.userData\ZhuoMian\Github_Releases_批量下载 xray\Xray-core\v1.6.1\Xray-linux-riscv64.zip        | LOCAL=927c295294b0105e8ebd094395a81e6921bf7d0dd0f345e394b5fd302ea13d38 REMOTE=927c295294b0105e8ebd094395a81e6921bf7d0dd0f345e394b5fd302ea13d38
[ 792/3625] Checking is OK   | E:\01.userData\ZhuoMian\Github_Releases_批量下载 xray\Xray-core\v1.6.1\Xray-linux-s390x.zip          | LOCAL=45b957c8dfdae6f8381a4a6c2fcc6202a457adff00b49cace43e895864a4fb31 REMOTE=45b957c8dfdae6f8381a4a6c2fcc6202a457adff00b49cace43e895864a4fb31
[ 793/3625] Checking is OK   | E:\01.userData\ZhuoMian\Github_Releases_批量下载 xray\Xray-core\v1.6.1\Xray-macos-64.zip             | LOCAL=ebd64d19e28a657eb7741c8757339696e8c99d6b36980c416f532aa66ddc8088 REMOTE=ebd64d19e28a657eb7741c8757339696e8c99d6b36980c416f532aa66ddc8088
[ 794/3625] Checking is OK   | E:\01.userData\ZhuoMian\Github_Releases_批量下载 xray\Xray-core\v1.6.1\Xray-macos-arm64-v8a.zip      | LOCAL=22365db24b0820afd1e9dee47199b578363ce9b067ee05bd4b2ecc915e9c8da2 REMOTE=22365db24b0820afd1e9dee47199b578363ce9b067ee05bd4b2ecc915e9c8da2
[ 795/3625] Checking is OK   | E:\01.userData\ZhuoMian\Github_Releases_批量下载 xray\Xray-core\v1.6.1\Xray-openbsd-32.zip           | LOCAL=47d696d0a91e84c782b72b27d83b17f0c4a708a97ec005ef5f8e8c7cf2f5f591 REMOTE=47d696d0a91e84c782b72b27d83b17f0c4a708a97ec005ef5f8e8c7cf2f5f591
[ 796/3625] Checking is OK   | E:\01.userData\ZhuoMian\Github_Releases_批量下载 xray\Xray-core\v1.6.1\Xray-openbsd-64.zip           | LOCAL=be4833d22905a7a884d02f146cf9a581c94c02c6782c6f7a85d60aca665ccffc REMOTE=be4833d22905a7a884d02f146cf9a581c94c02c6782c6f7a85d60aca665ccffc
[ 797/3625] Checking is OK   | E:\01.userData\ZhuoMian\Github_Releases_批量下载 xray\Xray-core\v1.6.1\Xray-openbsd-arm32-v7a.zip    | LOCAL=c8cb30844cb303d2e5ba08a1daf071481e67705812e82cd72448dc5a190088cd REMOTE=c8cb30844cb303d2e5ba08a1daf071481e67705812e82cd72448dc5a190088cd
[ 798/3625] Checking is OK   | E:\01.userData\ZhuoMian\Github_Releases_批量下载 xray\Xray-core\v1.6.1\Xray-openbsd-arm64-v8a.zip    | LOCAL=624b0a8688789afbf713aa307c2ec907d2b5c476d0c8a1d88b34fd81df7643f1 REMOTE=624b0a8688789afbf713aa307c2ec907d2b5c476d0c8a1d88b34fd81df7643f1
[ 799/3625] Checking is OK   | E:\01.userData\ZhuoMian\Github_Releases_批量下载 xray\Xray-core\v1.6.1\Xray-windows-32.zip           | LOCAL=c566e32fcc823902fb9ad05e5dc81a96582b0e2e188234345c94ad1679be231c REMOTE=c566e32fcc823902fb9ad05e5dc81a96582b0e2e188234345c94ad1679be231c
[ 800/3625] Checking is OK   | E:\01.userData\ZhuoMian\Github_Releases_批量下载 xray\Xray-core\v1.6.1\Xray-windows-64.zip           | LOCAL=5473c3b9a23764a0c71d5621ddc71e5ff16e71f7bea52a59c331e6655598c746 REMOTE=5473c3b9a23764a0c71d5621ddc71e5ff16e71f7bea52a59c331e6655598c746
[ 801/3625] Checking is OK   | E:\01.userData\ZhuoMian\Github_Releases_批量下载 xray\Xray-core\v1.6.1\Xray-windows-arm32-v7a.zip    | LOCAL=d7c4d1465f4dc9cd62fad05832732554abd38d9a8ab0024027c37b1291e7c44a REMOTE=d7c4d1465f4dc9cd62fad05832732554abd38d9a8ab0024027c37b1291e7c44a
[ 802/3625] Checking is OK   | E:\01.userData\ZhuoMian\Github_Releases_批量下载 xray\Xray-core\v1.6.1\Xray-windows-arm64-v8a.zip    | LOCAL=7c1e82f6846818f7c3f0dfed2f3c870a7e8cf46696a7a8df5cecb2193aa5e6cc REMOTE=7c1e82f6846818f7c3f0dfed2f3c870a7e8cf46696a7a8df5cecb2193aa5e6cc
[ 803/3625] Checking is OK   | E:\01.userData\ZhuoMian\Github_Releases_批量下载 xray\Xray-core\v1.6.2\Xray-android-arm64-v8a.zip    | LOCAL=ae091af5a110785d6ba39cc0e2417092a7b7eadbbcf41ba67cb2efca4139f634 REMOTE=ae091af5a110785d6ba39cc0e2417092a7b7eadbbcf41ba67cb2efca4139f634
[ 804/3625] Checking is OK   | E:\01.userData\ZhuoMian\Github_Releases_批量下载 xray\Xray-core\v1.6.2\Xray-dragonfly-64.zip         | LOCAL=c799ef904933e70d726fb18b034c0c52cc23767ea5524e276d0a7e2adc3c6119 REMOTE=c799ef904933e70d726fb18b034c0c52cc23767ea5524e276d0a7e2adc3c6119
[ 805/3625] Checking is OK   | E:\01.userData\ZhuoMian\Github_Releases_批量下载 xray\Xray-core\v1.6.2\Xray-freebsd-32.zip           | LOCAL=8d4a523f4e54a7c76378e27ffa7961a0e10524d536c8fc9f432ca09fc0e1318c REMOTE=8d4a523f4e54a7c76378e27ffa7961a0e10524d536c8fc9f432ca09fc0e1318c
[ 806/3625] Checking is OK   | E:\01.userData\ZhuoMian\Github_Releases_批量下载 xray\Xray-core\v1.6.2\Xray-freebsd-64.zip           | LOCAL=376878e3afaef6df5572c687aa185ba1d2091dd01383b91025ac1c1f2cb18edc REMOTE=376878e3afaef6df5572c687aa185ba1d2091dd01383b91025ac1c1f2cb18edc
[ 807/3625] Checking is OK   | E:\01.userData\ZhuoMian\Github_Releases_批量下载 xray\Xray-core\v1.6.2\Xray-freebsd-arm32-v7a.zip    | LOCAL=b7c2c4f98cd42f6bdde3a644570737c3414e80f3c159951753c1bb64299cbee9 REMOTE=b7c2c4f98cd42f6bdde3a644570737c3414e80f3c159951753c1bb64299cbee9
[ 808/3625] Checking is OK   | E:\01.userData\ZhuoMian\Github_Releases_批量下载 xray\Xray-core\v1.6.2\Xray-freebsd-arm64-v8a.zip    | LOCAL=ffbddccd0fd9ff5397736a2518d1b5736575f25f9f24897326dba64625e53468 REMOTE=ffbddccd0fd9ff5397736a2518d1b5736575f25f9f24897326dba64625e53468
[ 809/3625] Checking is OK   | E:\01.userData\ZhuoMian\Github_Releases_批量下载 xray\Xray-core\v1.6.2\Xray-linux-32.zip             | LOCAL=5dac148031384762ebf2199be9579f2bc1bf7525169c08f21648d9c4d0aa6393 REMOTE=5dac148031384762ebf2199be9579f2bc1bf7525169c08f21648d9c4d0aa6393
[ 810/3625] Checking is OK   | E:\01.userData\ZhuoMian\Github_Releases_批量下载 xray\Xray-core\v1.6.2\Xray-linux-64.zip             | LOCAL=1e911e0039ca5207faeabd974bf8a9599ecaee313ac2ff0293da44c9243039a7 REMOTE=1e911e0039ca5207faeabd974bf8a9599ecaee313ac2ff0293da44c9243039a7
[ 811/3625] Checking is OK   | E:\01.userData\ZhuoMian\Github_Releases_批量下载 xray\Xray-core\v1.6.2\Xray-linux-arm32-v5.zip       | LOCAL=9d5a45e81b57665895f496f04a77be4b0c64aa63dc0ad70dedd73bb2c55f6334 REMOTE=9d5a45e81b57665895f496f04a77be4b0c64aa63dc0ad70dedd73bb2c55f6334
[ 812/3625] Checking is OK   | E:\01.userData\ZhuoMian\Github_Releases_批量下载 xray\Xray-core\v1.6.2\Xray-linux-arm32-v6.zip       | LOCAL=327119e1c1790aa1fe9054ceb2d00c0de83c7bd80277fc9e5d23446566ea2013 REMOTE=327119e1c1790aa1fe9054ceb2d00c0de83c7bd80277fc9e5d23446566ea2013
[ 813/3625] Checking is OK   | E:\01.userData\ZhuoMian\Github_Releases_批量下载 xray\Xray-core\v1.6.2\Xray-linux-arm32-v7a.zip      | LOCAL=48d02f53c9c1b8cdc02a8ad7c2590020076b5d17f3bc5b166c9fa5fe4b8bf310 REMOTE=48d02f53c9c1b8cdc02a8ad7c2590020076b5d17f3bc5b166c9fa5fe4b8bf310
[ 814/3625] Checking is OK   | E:\01.userData\ZhuoMian\Github_Releases_批量下载 xray\Xray-core\v1.6.2\Xray-linux-arm64-v8a.zip      | LOCAL=bfa7dde225ff345b0fc79a84357159b64d55a4db11fc152919c23f82b4e9c065 REMOTE=bfa7dde225ff345b0fc79a84357159b64d55a4db11fc152919c23f82b4e9c065
[ 815/3625] Checking is OK   | E:\01.userData\ZhuoMian\Github_Releases_批量下载 xray\Xray-core\v1.6.2\Xray-linux-mips32.zip         | LOCAL=aca6d72c3f42759abb5e560a25f9f092fbe63357eb744d6e2adff6f256a9cb96 REMOTE=aca6d72c3f42759abb5e560a25f9f092fbe63357eb744d6e2adff6f256a9cb96
[ 816/3625] Checking is OK   | E:\01.userData\ZhuoMian\Github_Releases_批量下载 xray\Xray-core\v1.6.2\Xray-linux-mips32le.zip       | LOCAL=2bffad66d2a159836d75fb4d897054ff3b1af462f55fb4ae76b8823b1d5dc2a4 REMOTE=2bffad66d2a159836d75fb4d897054ff3b1af462f55fb4ae76b8823b1d5dc2a4
[ 817/3625] Checking is OK   | E:\01.userData\ZhuoMian\Github_Releases_批量下载 xray\Xray-core\v1.6.2\Xray-linux-mips64.zip         | LOCAL=151e911a1ca306f67d475c811baf8a7ee0859374522dccc3f804883f30722e52 REMOTE=151e911a1ca306f67d475c811baf8a7ee0859374522dccc3f804883f30722e52
[ 818/3625] Checking is OK   | E:\01.userData\ZhuoMian\Github_Releases_批量下载 xray\Xray-core\v1.6.2\Xray-linux-mips64le.zip       | LOCAL=3dd99eab594472b6d4f4997bb0edd78f73b1dad8e9bc2316e6fcd568b1363e21 REMOTE=3dd99eab594472b6d4f4997bb0edd78f73b1dad8e9bc2316e6fcd568b1363e21
[ 819/3625] Checking is OK   | E:\01.userData\ZhuoMian\Github_Releases_批量下载 xray\Xray-core\v1.6.2\Xray-linux-ppc64.zip          | LOCAL=e4bb76893dcd803d9e675e704450c9ce1e5455961a94a9ac348941b89494b436 REMOTE=e4bb76893dcd803d9e675e704450c9ce1e5455961a94a9ac348941b89494b436
[ 820/3625] Checking is OK   | E:\01.userData\ZhuoMian\Github_Releases_批量下载 xray\Xray-core\v1.6.2\Xray-linux-ppc64le.zip        | LOCAL=0d8bf73195d1a8cc841ae04d1c23b3f6a31e54cd453b80596704a594c5680e11 REMOTE=0d8bf73195d1a8cc841ae04d1c23b3f6a31e54cd453b80596704a594c5680e11
[ 821/3625] Checking is OK   | E:\01.userData\ZhuoMian\Github_Releases_批量下载 xray\Xray-core\v1.6.2\Xray-linux-riscv64.zip        | LOCAL=05930e752765ce2c0788f5ec84257a7991e71fc3d39a9c40be4f9ba9f4aada37 REMOTE=05930e752765ce2c0788f5ec84257a7991e71fc3d39a9c40be4f9ba9f4aada37
[ 822/3625] Checking is OK   | E:\01.userData\ZhuoMian\Github_Releases_批量下载 xray\Xray-core\v1.6.2\Xray-linux-s390x.zip          | LOCAL=bf6364d785e60970d1208e990618597c91950bfe471511a04ce64ae92cc8b806 REMOTE=bf6364d785e60970d1208e990618597c91950bfe471511a04ce64ae92cc8b806
[ 823/3625] Checking is OK   | E:\01.userData\ZhuoMian\Github_Releases_批量下载 xray\Xray-core\v1.6.2\Xray-macos-64.zip             | LOCAL=493c8d50e588938e209c7036d732a958a6f9969c1c51df65fff5ea317f81fd4c REMOTE=493c8d50e588938e209c7036d732a958a6f9969c1c51df65fff5ea317f81fd4c
[ 824/3625] Checking is OK   | E:\01.userData\ZhuoMian\Github_Releases_批量下载 xray\Xray-core\v1.6.2\Xray-macos-arm64-v8a.zip      | LOCAL=3ff7f3f1144adb5d5dc448e7225792ed1c371b3121d7ffa985cd7e3aa0bc74f0 REMOTE=3ff7f3f1144adb5d5dc448e7225792ed1c371b3121d7ffa985cd7e3aa0bc74f0
[ 825/3625] Checking is OK   | E:\01.userData\ZhuoMian\Github_Releases_批量下载 xray\Xray-core\v1.6.2\Xray-openbsd-32.zip           | LOCAL=5aaacc84385ea49a4998fe69341f9a938f8ea4adb3c6fb2434c5582b89861150 REMOTE=5aaacc84385ea49a4998fe69341f9a938f8ea4adb3c6fb2434c5582b89861150
[ 826/3625] Checking is OK   | E:\01.userData\ZhuoMian\Github_Releases_批量下载 xray\Xray-core\v1.6.2\Xray-openbsd-64.zip           | LOCAL=48759e6a22e480c4dee474697b51cc9581dcd861ba770d278dbfefd0dfd48125 REMOTE=48759e6a22e480c4dee474697b51cc9581dcd861ba770d278dbfefd0dfd48125
[ 827/3625] Checking is OK   | E:\01.userData\ZhuoMian\Github_Releases_批量下载 xray\Xray-core\v1.6.2\Xray-openbsd-arm32-v7a.zip    | LOCAL=1205fc7bf46c31927913d49ef9a2e0f5b8412bc24569a0902449d542d63cbb6e REMOTE=1205fc7bf46c31927913d49ef9a2e0f5b8412bc24569a0902449d542d63cbb6e
[ 828/3625] Checking is OK   | E:\01.userData\ZhuoMian\Github_Releases_批量下载 xray\Xray-core\v1.6.2\Xray-openbsd-arm64-v8a.zip    | LOCAL=f61774dd4f3bbd3e5ad7dac4c066af23a2e73116aabeffff887d73dea0250ef6 REMOTE=f61774dd4f3bbd3e5ad7dac4c066af23a2e73116aabeffff887d73dea0250ef6
[ 829/3625] Checking is OK   | E:\01.userData\ZhuoMian\Github_Releases_批量下载 xray\Xray-core\v1.6.2\Xray-windows-32.zip           | LOCAL=3fbff390a861d589fd6d054311cb156a146bfe77d564474c6e373c4cc3bfb8e6 REMOTE=3fbff390a861d589fd6d054311cb156a146bfe77d564474c6e373c4cc3bfb8e6
[ 830/3625] Checking is OK   | E:\01.userData\ZhuoMian\Github_Releases_批量下载 xray\Xray-core\v1.6.2\Xray-windows-64.zip           | LOCAL=5122d97c926296c651de8f353f0d37334e8257a13b2e49a90186f861aa2c459f REMOTE=5122d97c926296c651de8f353f0d37334e8257a13b2e49a90186f861aa2c459f
[ 831/3625] Checking is OK   | E:\01.userData\ZhuoMian\Github_Releases_批量下载 xray\Xray-core\v1.6.2\Xray-windows-arm32-v7a.zip    | LOCAL=36eda255e9b5f6b45b0f7ce1ec50542702b667ca1093905b2383c3198546d728 REMOTE=36eda255e9b5f6b45b0f7ce1ec50542702b667ca1093905b2383c3198546d728
[ 832/3625] Checking is OK   | E:\01.userData\ZhuoMian\Github_Releases_批量下载 xray\Xray-core\v1.6.2\Xray-windows-arm64-v8a.zip    | LOCAL=556c50f16a7524a54e06d1f746022ab862fdeb5e27f1f95ef81769e93a709207 REMOTE=556c50f16a7524a54e06d1f746022ab862fdeb5e27f1f95ef81769e93a709207
[ 833/3625] Checking is OK   | E:\01.userData\ZhuoMian\Github_Releases_批量下载 xray\Xray-core\v1.6.3\Xray-android-arm64-v8a.zip    | LOCAL=3de643f69cab95817ec4700895938c885868ec41e32f43fa611b5a70e8e65dfe REMOTE=3de643f69cab95817ec4700895938c885868ec41e32f43fa611b5a70e8e65dfe
[ 834/3625] Checking is OK   | E:\01.userData\ZhuoMian\Github_Releases_批量下载 xray\Xray-core\v1.6.3\Xray-dragonfly-64.zip         | LOCAL=7904ec1a2623a17c7a127acba70caf88708342e348b6ccd6d822ac7c47d927bc REMOTE=7904ec1a2623a17c7a127acba70caf88708342e348b6ccd6d822ac7c47d927bc
[ 835/3625] Checking is OK   | E:\01.userData\ZhuoMian\Github_Releases_批量下载 xray\Xray-core\v1.6.3\Xray-freebsd-32.zip           | LOCAL=82becbf85d0da7a698031ce80ee55e608ab30abe54cede99757b1a8399aa4034 REMOTE=82becbf85d0da7a698031ce80ee55e608ab30abe54cede99757b1a8399aa4034
[ 836/3625] Checking is OK   | E:\01.userData\ZhuoMian\Github_Releases_批量下载 xray\Xray-core\v1.6.3\Xray-freebsd-64.zip           | LOCAL=51fc3649af41db1dc2d5a4681fb3b53a234dfaf4af1183d74bf7c871d63a1b14 REMOTE=51fc3649af41db1dc2d5a4681fb3b53a234dfaf4af1183d74bf7c871d63a1b14
[ 837/3625] Checking is OK   | E:\01.userData\ZhuoMian\Github_Releases_批量下载 xray\Xray-core\v1.6.3\Xray-freebsd-arm32-v7a.zip    | LOCAL=9424309ada864cbf954a324c24078f0735c59de3536c9184f89eed009e4579dd REMOTE=9424309ada864cbf954a324c24078f0735c59de3536c9184f89eed009e4579dd
[ 838/3625] Checking is OK   | E:\01.userData\ZhuoMian\Github_Releases_批量下载 xray\Xray-core\v1.6.3\Xray-freebsd-arm64-v8a.zip    | LOCAL=a38d996871dce0c8df4c4aa8367f8ba0e3779ce4a14804871563e8c557d2dba5 REMOTE=a38d996871dce0c8df4c4aa8367f8ba0e3779ce4a14804871563e8c557d2dba5
[ 839/3625] Checking is OK   | E:\01.userData\ZhuoMian\Github_Releases_批量下载 xray\Xray-core\v1.6.3\Xray-linux-32.zip             | LOCAL=65a28965d5c26c844d9435a0f98d83f7b6e8407442a604b75487b3c1129924fb REMOTE=65a28965d5c26c844d9435a0f98d83f7b6e8407442a604b75487b3c1129924fb
[ 840/3625] Checking is OK   | E:\01.userData\ZhuoMian\Github_Releases_批量下载 xray\Xray-core\v1.6.3\Xray-linux-64.zip             | LOCAL=6cf95f1207873632b17408d87f853470b163f7bb4d10995eec4b7ba1ad4da89f REMOTE=6cf95f1207873632b17408d87f853470b163f7bb4d10995eec4b7ba1ad4da89f
[ 841/3625] Checking is OK   | E:\01.userData\ZhuoMian\Github_Releases_批量下载 xray\Xray-core\v1.6.3\Xray-linux-arm32-v5.zip       | LOCAL=b6e0ca9a8a3f1644206dcecbd01272af0dab951f556f8f578d70b7f0a3069650 REMOTE=b6e0ca9a8a3f1644206dcecbd01272af0dab951f556f8f578d70b7f0a3069650
[ 842/3625] Checking is OK   | E:\01.userData\ZhuoMian\Github_Releases_批量下载 xray\Xray-core\v1.6.3\Xray-linux-arm32-v6.zip       | LOCAL=0140595ef7793412b12ea1bfc6c1bac3be828224076022c1bcb05659e95c6b3c REMOTE=0140595ef7793412b12ea1bfc6c1bac3be828224076022c1bcb05659e95c6b3c
[ 843/3625] Checking is OK   | E:\01.userData\ZhuoMian\Github_Releases_批量下载 xray\Xray-core\v1.6.3\Xray-linux-arm32-v7a.zip      | LOCAL=d92db00eabb6700a60797e78260fb870735e0c321542f3e8ddb1786de004ae96 REMOTE=d92db00eabb6700a60797e78260fb870735e0c321542f3e8ddb1786de004ae96
[ 844/3625] Checking is OK   | E:\01.userData\ZhuoMian\Github_Releases_批量下载 xray\Xray-core\v1.6.3\Xray-linux-arm64-v8a.zip      | LOCAL=2c462fa62171653f5554a05f0c53e2446582444f8db1681574cef43e8e4f1620 REMOTE=2c462fa62171653f5554a05f0c53e2446582444f8db1681574cef43e8e4f1620
[ 845/3625] Checking is OK   | E:\01.userData\ZhuoMian\Github_Releases_批量下载 xray\Xray-core\v1.6.3\Xray-linux-mips32.zip         | LOCAL=6fcb5eaa8e012b3d070dd89279042ae35217667285945d0570096459207f3644 REMOTE=6fcb5eaa8e012b3d070dd89279042ae35217667285945d0570096459207f3644
[ 846/3625] Checking is OK   | E:\01.userData\ZhuoMian\Github_Releases_批量下载 xray\Xray-core\v1.6.3\Xray-linux-mips32le.zip       | LOCAL=9d4209ca75b9ba86f286b6d4b13258bc5f1322141ba02333bdab3ecde241bc5e REMOTE=9d4209ca75b9ba86f286b6d4b13258bc5f1322141ba02333bdab3ecde241bc5e
[ 847/3625] Checking is OK   | E:\01.userData\ZhuoMian\Github_Releases_批量下载 xray\Xray-core\v1.6.3\Xray-linux-mips64.zip         | LOCAL=3a4ecf49a7d075e03c941715f32c9f0957bb71048aa42677e08b29af9637172b REMOTE=3a4ecf49a7d075e03c941715f32c9f0957bb71048aa42677e08b29af9637172b
[ 848/3625] Checking is OK   | E:\01.userData\ZhuoMian\Github_Releases_批量下载 xray\Xray-core\v1.6.3\Xray-linux-mips64le.zip       | LOCAL=8b36febb9b0caf8d1f21adaf9b5123924161cedfd009dac0334f5efb7dff9c2d REMOTE=8b36febb9b0caf8d1f21adaf9b5123924161cedfd009dac0334f5efb7dff9c2d
[ 849/3625] Checking is OK   | E:\01.userData\ZhuoMian\Github_Releases_批量下载 xray\Xray-core\v1.6.3\Xray-linux-ppc64.zip          | LOCAL=92c5f28f13c75830e3e6228262477e1416aa483d4be7cc993f9c13057dff18b1 REMOTE=92c5f28f13c75830e3e6228262477e1416aa483d4be7cc993f9c13057dff18b1
[ 850/3625] Checking is OK   | E:\01.userData\ZhuoMian\Github_Releases_批量下载 xray\Xray-core\v1.6.3\Xray-linux-ppc64le.zip        | LOCAL=957a5efdc36158e118711e111102b9338041de4e561860d68008967f9d57da47 REMOTE=957a5efdc36158e118711e111102b9338041de4e561860d68008967f9d57da47
[ 851/3625] Checking is OK   | E:\01.userData\ZhuoMian\Github_Releases_批量下载 xray\Xray-core\v1.6.3\Xray-linux-riscv64.zip        | LOCAL=c673d60004df2ad5f71a79103e8e121d29e217d23cb87ce721f3434aae6c3c81 REMOTE=c673d60004df2ad5f71a79103e8e121d29e217d23cb87ce721f3434aae6c3c81
[ 852/3625] Checking is OK   | E:\01.userData\ZhuoMian\Github_Releases_批量下载 xray\Xray-core\v1.6.3\Xray-linux-s390x.zip          | LOCAL=3591ce99e82dc12107c1b463e3f2ae62c2edc36061986aa7fdb212ddb596e957 REMOTE=3591ce99e82dc12107c1b463e3f2ae62c2edc36061986aa7fdb212ddb596e957
[ 853/3625] Checking is OK   | E:\01.userData\ZhuoMian\Github_Releases_批量下载 xray\Xray-core\v1.6.3\Xray-macos-64.zip             | LOCAL=74c0ac8b11c5ed12f267eaad969aa159c78fe5445c5972b8d8ef54750807fd23 REMOTE=74c0ac8b11c5ed12f267eaad969aa159c78fe5445c5972b8d8ef54750807fd23
[ 854/3625] Checking is OK   | E:\01.userData\ZhuoMian\Github_Releases_批量下载 xray\Xray-core\v1.6.3\Xray-macos-arm64-v8a.zip      | LOCAL=7adcd8b83a66d4c6655eab21910e1566538e619846f4f07ccfd043ef15b0e92c REMOTE=7adcd8b83a66d4c6655eab21910e1566538e619846f4f07ccfd043ef15b0e92c
[ 855/3625] Checking is OK   | E:\01.userData\ZhuoMian\Github_Releases_批量下载 xray\Xray-core\v1.6.3\Xray-openbsd-32.zip           | LOCAL=04519892f8f1174620f4172d609a6ec9c3148090a8cc976a50b86032f8b95995 REMOTE=04519892f8f1174620f4172d609a6ec9c3148090a8cc976a50b86032f8b95995
[ 856/3625] Checking is OK   | E:\01.userData\ZhuoMian\Github_Releases_批量下载 xray\Xray-core\v1.6.3\Xray-openbsd-64.zip           | LOCAL=b6960f8fbfcefa3f203934730e49a948d2b5b5e8d6f7819850565be1f62428e9 REMOTE=b6960f8fbfcefa3f203934730e49a948d2b5b5e8d6f7819850565be1f62428e9
[ 857/3625] Checking is OK   | E:\01.userData\ZhuoMian\Github_Releases_批量下载 xray\Xray-core\v1.6.3\Xray-openbsd-arm32-v7a.zip    | LOCAL=5170608a06e4428b8379079cf95a610f179e1be05690b9675fb914c9fdeb803c REMOTE=5170608a06e4428b8379079cf95a610f179e1be05690b9675fb914c9fdeb803c
[ 858/3625] Checking is OK   | E:\01.userData\ZhuoMian\Github_Releases_批量下载 xray\Xray-core\v1.6.3\Xray-openbsd-arm64-v8a.zip    | LOCAL=e05bf1e3c5eff8b73332a5f2884eb1846b09947e1cca569c5db93e141578288f REMOTE=e05bf1e3c5eff8b73332a5f2884eb1846b09947e1cca569c5db93e141578288f
[ 859/3625] Checking is OK   | E:\01.userData\ZhuoMian\Github_Releases_批量下载 xray\Xray-core\v1.6.3\Xray-windows-32.zip           | LOCAL=a2f71b063ecfc965f3b2353e31056c9aff8d8aba7ec8af5a8453876ad13e17bb REMOTE=a2f71b063ecfc965f3b2353e31056c9aff8d8aba7ec8af5a8453876ad13e17bb
[ 860/3625] Checking is OK   | E:\01.userData\ZhuoMian\Github_Releases_批量下载 xray\Xray-core\v1.6.3\Xray-windows-64.zip           | LOCAL=82508d4f4090cbaf175b236c048b21054633d4ec643390680db6c1c1345b2a98 REMOTE=82508d4f4090cbaf175b236c048b21054633d4ec643390680db6c1c1345b2a98
[ 861/3625] Checking is OK   | E:\01.userData\ZhuoMian\Github_Releases_批量下载 xray\Xray-core\v1.6.3\Xray-windows-arm32-v7a.zip    | LOCAL=02f97a2ce8bf7de9921b9c1fc1d44986923fed91f0e4f328c77df54398fda53c REMOTE=02f97a2ce8bf7de9921b9c1fc1d44986923fed91f0e4f328c77df54398fda53c
[ 862/3625] Checking is OK   | E:\01.userData\ZhuoMian\Github_Releases_批量下载 xray\Xray-core\v1.6.3\Xray-windows-arm64-v8a.zip    | LOCAL=cbdb7e8d59a53e2aa961d173f5f60a9909c746b0e3d7d9c0e62bcce7797a99ff REMOTE=cbdb7e8d59a53e2aa961d173f5f60a9909c746b0e3d7d9c0e62bcce7797a99ff
[ 863/3625] Checking is OK   | E:\01.userData\ZhuoMian\Github_Releases_批量下载 xray\Xray-core\v1.6.4\Xray-android-arm64-v8a.zip    | LOCAL=125b1e93b0303b3ba7840130fb8dd4f639f6ef5b57277e8bbc765d29edf89177 REMOTE=125b1e93b0303b3ba7840130fb8dd4f639f6ef5b57277e8bbc765d29edf89177
[ 864/3625] Checking is OK   | E:\01.userData\ZhuoMian\Github_Releases_批量下载 xray\Xray-core\v1.6.4\Xray-dragonfly-64.zip         | LOCAL=4ef2683f57bb75beeefc18a77f231816a30440d9cf94bb2f408c4d7a0a222974 REMOTE=4ef2683f57bb75beeefc18a77f231816a30440d9cf94bb2f408c4d7a0a222974
[ 865/3625] Checking is OK   | E:\01.userData\ZhuoMian\Github_Releases_批量下载 xray\Xray-core\v1.6.4\Xray-freebsd-32.zip           | LOCAL=b5b02b4e4b85ce6d431dced5ebf25b52f88129743a565132d30fd4e1f7097c0f REMOTE=b5b02b4e4b85ce6d431dced5ebf25b52f88129743a565132d30fd4e1f7097c0f
[ 866/3625] Checking is OK   | E:\01.userData\ZhuoMian\Github_Releases_批量下载 xray\Xray-core\v1.6.4\Xray-freebsd-64.zip           | LOCAL=0c5d9bc697b62d5e235bc7a96fa9d314f0c541894e14ee2b9adf27d159eeb499 REMOTE=0c5d9bc697b62d5e235bc7a96fa9d314f0c541894e14ee2b9adf27d159eeb499
[ 867/3625] Checking is OK   | E:\01.userData\ZhuoMian\Github_Releases_批量下载 xray\Xray-core\v1.6.4\Xray-freebsd-arm32-v7a.zip    | LOCAL=c6f8630bbe667983c50d528bbcd1658b7ff0331e0bbb1ebb3d31827bb577f1c6 REMOTE=c6f8630bbe667983c50d528bbcd1658b7ff0331e0bbb1ebb3d31827bb577f1c6
[ 868/3625] Checking is OK   | E:\01.userData\ZhuoMian\Github_Releases_批量下载 xray\Xray-core\v1.6.4\Xray-freebsd-arm64-v8a.zip    | LOCAL=c5b1327e6d91f37b190ce8095202755171a7ae45c94c97423622f1bf16984fb4 REMOTE=c5b1327e6d91f37b190ce8095202755171a7ae45c94c97423622f1bf16984fb4
[ 869/3625] Checking is OK   | E:\01.userData\ZhuoMian\Github_Releases_批量下载 xray\Xray-core\v1.6.4\Xray-linux-32.zip             | LOCAL=7fa09e68b14f349bd51fa9bd8897438526d560188500a1e932f0309ed876c5d2 REMOTE=7fa09e68b14f349bd51fa9bd8897438526d560188500a1e932f0309ed876c5d2
[ 870/3625] Checking is OK   | E:\01.userData\ZhuoMian\Github_Releases_批量下载 xray\Xray-core\v1.6.4\Xray-linux-64.zip             | LOCAL=7be3e7291c0f8d3886c4db87cb142867031219352a099bc0fdd753c1bf78c586 REMOTE=7be3e7291c0f8d3886c4db87cb142867031219352a099bc0fdd753c1bf78c586
[ 871/3625] Checking is OK   | E:\01.userData\ZhuoMian\Github_Releases_批量下载 xray\Xray-core\v1.6.4\Xray-linux-arm32-v5.zip       | LOCAL=4761f2d17317b0ef64b9040797408b7a440519845d8719aceba472201489d212 REMOTE=4761f2d17317b0ef64b9040797408b7a440519845d8719aceba472201489d212
[ 872/3625] Checking is OK   | E:\01.userData\ZhuoMian\Github_Releases_批量下载 xray\Xray-core\v1.6.4\Xray-linux-arm32-v6.zip       | LOCAL=fd502219920d19c095286b666b5a870dd5e765b60fd467a8e0518f142747c40e REMOTE=fd502219920d19c095286b666b5a870dd5e765b60fd467a8e0518f142747c40e
[ 873/3625] Checking is OK   | E:\01.userData\ZhuoMian\Github_Releases_批量下载 xray\Xray-core\v1.6.4\Xray-linux-arm32-v7a.zip      | LOCAL=34e899c0130804d70932bbc332818088ff6895dec7f487ff53ebb2ab55b0a8ba REMOTE=34e899c0130804d70932bbc332818088ff6895dec7f487ff53ebb2ab55b0a8ba
[ 874/3625] Checking is OK   | E:\01.userData\ZhuoMian\Github_Releases_批量下载 xray\Xray-core\v1.6.4\Xray-linux-arm64-v8a.zip      | LOCAL=38a7b88ac85ad1ec97d3c60856ef1952fef00ebf3390e4adc30efd425439d61f REMOTE=38a7b88ac85ad1ec97d3c60856ef1952fef00ebf3390e4adc30efd425439d61f
[ 875/3625] Checking is OK   | E:\01.userData\ZhuoMian\Github_Releases_批量下载 xray\Xray-core\v1.6.4\Xray-linux-mips32.zip         | LOCAL=0bcb68fce7eb844f790256b5f774c504b6b24359c80f59f33a911bb70baf38d2 REMOTE=0bcb68fce7eb844f790256b5f774c504b6b24359c80f59f33a911bb70baf38d2
[ 876/3625] Checking is OK   | E:\01.userData\ZhuoMian\Github_Releases_批量下载 xray\Xray-core\v1.6.4\Xray-linux-mips32le.zip       | LOCAL=17b2bce5380c23322f8e78afaddeaa634e24f8ef4e65166b3409502444d296cd REMOTE=17b2bce5380c23322f8e78afaddeaa634e24f8ef4e65166b3409502444d296cd
[ 877/3625] Checking is OK   | E:\01.userData\ZhuoMian\Github_Releases_批量下载 xray\Xray-core\v1.6.4\Xray-linux-mips64.zip         | LOCAL=7e44ed5c9f0cc4a8fa8de5fc688cb6911216b10f8218b2656692abb805b22b94 REMOTE=7e44ed5c9f0cc4a8fa8de5fc688cb6911216b10f8218b2656692abb805b22b94
[ 878/3625] Checking is OK   | E:\01.userData\ZhuoMian\Github_Releases_批量下载 xray\Xray-core\v1.6.4\Xray-linux-mips64le.zip       | LOCAL=c9570fd817eb081bc402775b9203a9f34f2486e4d100ec0eab420f2b57ceb6ac REMOTE=c9570fd817eb081bc402775b9203a9f34f2486e4d100ec0eab420f2b57ceb6ac
[ 879/3625] Checking is OK   | E:\01.userData\ZhuoMian\Github_Releases_批量下载 xray\Xray-core\v1.6.4\Xray-linux-ppc64.zip          | LOCAL=78c84a4dd6b73fe3c0a49460e441b0bdcb2a6ff220d43418d30f879be4fa27c0 REMOTE=78c84a4dd6b73fe3c0a49460e441b0bdcb2a6ff220d43418d30f879be4fa27c0
[ 880/3625] Checking is OK   | E:\01.userData\ZhuoMian\Github_Releases_批量下载 xray\Xray-core\v1.6.4\Xray-linux-ppc64le.zip        | LOCAL=0f7bfa90306f786fe942cb0ab3813cbcbd73d130716385dfa7f98b1ab82fa077 REMOTE=0f7bfa90306f786fe942cb0ab3813cbcbd73d130716385dfa7f98b1ab82fa077
[ 881/3625] Checking is OK   | E:\01.userData\ZhuoMian\Github_Releases_批量下载 xray\Xray-core\v1.6.4\Xray-linux-riscv64.zip        | LOCAL=f16babb7f21b7c20eeb4e96cb471e77cd6a86969473239503a67f7e4dc2efa81 REMOTE=f16babb7f21b7c20eeb4e96cb471e77cd6a86969473239503a67f7e4dc2efa81
[ 882/3625] Checking is OK   | E:\01.userData\ZhuoMian\Github_Releases_批量下载 xray\Xray-core\v1.6.4\Xray-linux-s390x.zip          | LOCAL=71e82c73535de3146060ce2eb715bb1bb1a518a7f453218f413137cbcef5aa33 REMOTE=71e82c73535de3146060ce2eb715bb1bb1a518a7f453218f413137cbcef5aa33
[ 883/3625] Checking is OK   | E:\01.userData\ZhuoMian\Github_Releases_批量下载 xray\Xray-core\v1.6.4\Xray-macos-64.zip             | LOCAL=b246a4105ae46566cd182890bbc71577f2e4cabff777051fef3d9ba6c91da64d REMOTE=b246a4105ae46566cd182890bbc71577f2e4cabff777051fef3d9ba6c91da64d
[ 884/3625] Checking is OK   | E:\01.userData\ZhuoMian\Github_Releases_批量下载 xray\Xray-core\v1.6.4\Xray-macos-arm64-v8a.zip      | LOCAL=084a5cc571d4f8ab018b657c19b64856e083dd540ab549f49a1ac3e1a098e988 REMOTE=084a5cc571d4f8ab018b657c19b64856e083dd540ab549f49a1ac3e1a098e988
[ 885/3625] Checking is OK   | E:\01.userData\ZhuoMian\Github_Releases_批量下载 xray\Xray-core\v1.6.4\Xray-openbsd-32.zip           | LOCAL=1a596c7a59164fadf45a997f21efd7674364ac486bb94701a46a862e5bdd03df REMOTE=1a596c7a59164fadf45a997f21efd7674364ac486bb94701a46a862e5bdd03df
[ 886/3625] Checking is OK   | E:\01.userData\ZhuoMian\Github_Releases_批量下载 xray\Xray-core\v1.6.4\Xray-openbsd-64.zip           | LOCAL=f3ccc639b65414f5bf44bbfa5408e95cdf7df1460db2bf1ff5674406d141ea61 REMOTE=f3ccc639b65414f5bf44bbfa5408e95cdf7df1460db2bf1ff5674406d141ea61
[ 887/3625] Checking is OK   | E:\01.userData\ZhuoMian\Github_Releases_批量下载 xray\Xray-core\v1.6.4\Xray-openbsd-arm32-v7a.zip    | LOCAL=9d183f7a5523641b5ca7e986ef6851eea3b9880ba96dddadb456ccece1af16e5 REMOTE=9d183f7a5523641b5ca7e986ef6851eea3b9880ba96dddadb456ccece1af16e5
[ 888/3625] Checking is OK   | E:\01.userData\ZhuoMian\Github_Releases_批量下载 xray\Xray-core\v1.6.4\Xray-openbsd-arm64-v8a.zip    | LOCAL=348d6768e1723d08b3a79b0b68525fe7e779353fe71e3aff8e344f0ab8e63df8 REMOTE=348d6768e1723d08b3a79b0b68525fe7e779353fe71e3aff8e344f0ab8e63df8
[ 889/3625] Checking is OK   | E:\01.userData\ZhuoMian\Github_Releases_批量下载 xray\Xray-core\v1.6.4\Xray-windows-32.zip           | LOCAL=a8fb2b382736b6d5d8fc3fb2a0e5f09080a2b48071334f2b7a5e8d6ce2d2c34a REMOTE=a8fb2b382736b6d5d8fc3fb2a0e5f09080a2b48071334f2b7a5e8d6ce2d2c34a
[ 890/3625] Checking is OK   | E:\01.userData\ZhuoMian\Github_Releases_批量下载 xray\Xray-core\v1.6.4\Xray-windows-64.zip           | LOCAL=16a7c8be97687c596cd0674b6961cac262cbd42021d678c6ea7f0eb6430dcef2 REMOTE=16a7c8be97687c596cd0674b6961cac262cbd42021d678c6ea7f0eb6430dcef2
[ 891/3625] Checking is OK   | E:\01.userData\ZhuoMian\Github_Releases_批量下载 xray\Xray-core\v1.6.4\Xray-windows-arm32-v7a.zip    | LOCAL=8179689b64417751c326586723accea7de25a29081b1887fc3395a55345130b9 REMOTE=8179689b64417751c326586723accea7de25a29081b1887fc3395a55345130b9
[ 892/3625] Checking is OK   | E:\01.userData\ZhuoMian\Github_Releases_批量下载 xray\Xray-core\v1.6.4\Xray-windows-arm64-v8a.zip    | LOCAL=28984248977db2ec93f1fd43a538159d9c67b0eccf5d0caedcc360adc534371d REMOTE=28984248977db2ec93f1fd43a538159d9c67b0eccf5d0caedcc360adc534371d
[ 893/3625] Checking is OK   | E:\01.userData\ZhuoMian\Github_Releases_批量下载 xray\Xray-core\v1.6.5\Xray-android-arm64-v8a.zip    | LOCAL=17c668e59c9275082adb057ea11fe25b8e90e009127885a0ccb22d30150e6090 REMOTE=17c668e59c9275082adb057ea11fe25b8e90e009127885a0ccb22d30150e6090
[ 894/3625] Checking is OK   | E:\01.userData\ZhuoMian\Github_Releases_批量下载 xray\Xray-core\v1.6.5\Xray-dragonfly-64.zip         | LOCAL=dd8ddcffec1833b8d22a6d15b9b2eb4641501779a3bffa168ef67bdcd1916b46 REMOTE=dd8ddcffec1833b8d22a6d15b9b2eb4641501779a3bffa168ef67bdcd1916b46
[ 895/3625] Checking is OK   | E:\01.userData\ZhuoMian\Github_Releases_批量下载 xray\Xray-core\v1.6.5\Xray-freebsd-32.zip           | LOCAL=d33242d63cadd72f0286f48c11b65695717cc69966e88e82419f2eed8581a49f REMOTE=d33242d63cadd72f0286f48c11b65695717cc69966e88e82419f2eed8581a49f
[ 896/3625] Checking is OK   | E:\01.userData\ZhuoMian\Github_Releases_批量下载 xray\Xray-core\v1.6.5\Xray-freebsd-64.zip           | LOCAL=d9add9559bb5089f5b9f13977ce71318dc2b8091ea073165b1355b6283cd31ed REMOTE=d9add9559bb5089f5b9f13977ce71318dc2b8091ea073165b1355b6283cd31ed
[ 897/3625] Checking is OK   | E:\01.userData\ZhuoMian\Github_Releases_批量下载 xray\Xray-core\v1.6.5\Xray-freebsd-arm32-v7a.zip    | LOCAL=aa9e3a16e4851c75a4cde701b16657bf8c2b2a8242a45d2aaf845d5cf5d63837 REMOTE=aa9e3a16e4851c75a4cde701b16657bf8c2b2a8242a45d2aaf845d5cf5d63837
[ 898/3625] Checking is OK   | E:\01.userData\ZhuoMian\Github_Releases_批量下载 xray\Xray-core\v1.6.5\Xray-freebsd-arm64-v8a.zip    | LOCAL=22d42b1a25e8c595fee8301723588a7e389b2029397a82fbf553b738021967ba REMOTE=22d42b1a25e8c595fee8301723588a7e389b2029397a82fbf553b738021967ba
[ 899/3625] Checking is OK   | E:\01.userData\ZhuoMian\Github_Releases_批量下载 xray\Xray-core\v1.6.5\Xray-linux-32.zip             | LOCAL=3f7d742d6ba407308ad7beb02fdbe7e4ca2690fc189048b59447758f47ba12a3 REMOTE=3f7d742d6ba407308ad7beb02fdbe7e4ca2690fc189048b59447758f47ba12a3
[ 900/3625] Checking is OK   | E:\01.userData\ZhuoMian\Github_Releases_批量下载 xray\Xray-core\v1.6.5\Xray-linux-64.zip             | LOCAL=af9c01f0e67d874cf238a61419e7e6e15cb6f41b4cf507bf237b1743963d930c REMOTE=af9c01f0e67d874cf238a61419e7e6e15cb6f41b4cf507bf237b1743963d930c
[ 901/3625] Checking is OK   | E:\01.userData\ZhuoMian\Github_Releases_批量下载 xray\Xray-core\v1.6.5\Xray-linux-arm32-v5.zip       | LOCAL=d3ac7fc7dd722ee0483c319e5334a2dbbd7e0ee03543980878a3d27565859e11 REMOTE=d3ac7fc7dd722ee0483c319e5334a2dbbd7e0ee03543980878a3d27565859e11
[ 902/3625] Checking is OK   | E:\01.userData\ZhuoMian\Github_Releases_批量下载 xray\Xray-core\v1.6.5\Xray-linux-arm32-v6.zip       | LOCAL=2c0ac7b4c7a8f7dc93f062e99cd3d2a237bc68a6d4dd447c2627276c6fff1908 REMOTE=2c0ac7b4c7a8f7dc93f062e99cd3d2a237bc68a6d4dd447c2627276c6fff1908
[ 903/3625] Checking is OK   | E:\01.userData\ZhuoMian\Github_Releases_批量下载 xray\Xray-core\v1.6.5\Xray-linux-arm32-v7a.zip      | LOCAL=62e721da34c5dbb6b8a503927e2f7cfc273c7eacf2a9a6d7675e8ba6c237dfa9 REMOTE=62e721da34c5dbb6b8a503927e2f7cfc273c7eacf2a9a6d7675e8ba6c237dfa9
[ 904/3625] Checking is OK   | E:\01.userData\ZhuoMian\Github_Releases_批量下载 xray\Xray-core\v1.6.5\Xray-linux-arm64-v8a.zip      | LOCAL=e579c21363383376b0065ecc1d3cc14f8ab21da2b53bd144dd4e63fa20fb6dce REMOTE=e579c21363383376b0065ecc1d3cc14f8ab21da2b53bd144dd4e63fa20fb6dce
[ 905/3625] Checking is OK   | E:\01.userData\ZhuoMian\Github_Releases_批量下载 xray\Xray-core\v1.6.5\Xray-linux-mips32.zip         | LOCAL=c7f0c09150a74fb26539ec2f3aedb7dd0f0883df6b40459540a6d66bcd8d4bf9 REMOTE=c7f0c09150a74fb26539ec2f3aedb7dd0f0883df6b40459540a6d66bcd8d4bf9
[ 906/3625] Checking is OK   | E:\01.userData\ZhuoMian\Github_Releases_批量下载 xray\Xray-core\v1.6.5\Xray-linux-mips32le.zip       | LOCAL=3b2363bdc41277a9ebbce5e251a32b447caacd2292f0bbd80f7f37c2bb65c346 REMOTE=3b2363bdc41277a9ebbce5e251a32b447caacd2292f0bbd80f7f37c2bb65c346
[ 907/3625] Checking is OK   | E:\01.userData\ZhuoMian\Github_Releases_批量下载 xray\Xray-core\v1.6.5\Xray-linux-mips64.zip         | LOCAL=4eda31c6a8168e77fb09b708856a8fb776a464b4ef11c6ccf0bf10ee7918180b REMOTE=4eda31c6a8168e77fb09b708856a8fb776a464b4ef11c6ccf0bf10ee7918180b
[ 908/3625] Checking is OK   | E:\01.userData\ZhuoMian\Github_Releases_批量下载 xray\Xray-core\v1.6.5\Xray-linux-mips64le.zip       | LOCAL=b5aea4e136ebae819b94924f325f9437bdd7e1d5e082875f286cacc4d1f35b15 REMOTE=b5aea4e136ebae819b94924f325f9437bdd7e1d5e082875f286cacc4d1f35b15
[ 909/3625] Checking is OK   | E:\01.userData\ZhuoMian\Github_Releases_批量下载 xray\Xray-core\v1.6.5\Xray-linux-ppc64.zip          | LOCAL=63088a4b7033b0984b9fefffdfb773182308e346e3607571186bca76182010a0 REMOTE=63088a4b7033b0984b9fefffdfb773182308e346e3607571186bca76182010a0
[ 910/3625] Checking is OK   | E:\01.userData\ZhuoMian\Github_Releases_批量下载 xray\Xray-core\v1.6.5\Xray-linux-ppc64le.zip        | LOCAL=f187fd0d7cde5d624fe2896d4c7ed319e7b43d4987fd5000d52bd29be265644c REMOTE=f187fd0d7cde5d624fe2896d4c7ed319e7b43d4987fd5000d52bd29be265644c
[ 911/3625] Checking is OK   | E:\01.userData\ZhuoMian\Github_Releases_批量下载 xray\Xray-core\v1.6.5\Xray-linux-riscv64.zip        | LOCAL=e3aeb6cc0d52f32b7736feb314c5e2dd951f8163aaa3c48c36d43a18916d6f09 REMOTE=e3aeb6cc0d52f32b7736feb314c5e2dd951f8163aaa3c48c36d43a18916d6f09
[ 912/3625] Checking is OK   | E:\01.userData\ZhuoMian\Github_Releases_批量下载 xray\Xray-core\v1.6.5\Xray-linux-s390x.zip          | LOCAL=ec786c75ab3fdc9a32a6ab54141ebc130f7a685a5b47d01ca2a45585929d3d20 REMOTE=ec786c75ab3fdc9a32a6ab54141ebc130f7a685a5b47d01ca2a45585929d3d20
[ 913/3625] Checking is OK   | E:\01.userData\ZhuoMian\Github_Releases_批量下载 xray\Xray-core\v1.6.5\Xray-macos-64.zip             | LOCAL=29a2ddccd62b0f8a1d2de90f20f9207af31e8657c591a7aaa53b5a5137194641 REMOTE=29a2ddccd62b0f8a1d2de90f20f9207af31e8657c591a7aaa53b5a5137194641
[ 914/3625] Checking is OK   | E:\01.userData\ZhuoMian\Github_Releases_批量下载 xray\Xray-core\v1.6.5\Xray-macos-arm64-v8a.zip      | LOCAL=0db42621dcc5687492f98c93f8c666882bb4ab269dd59df58e39402804e56a9c REMOTE=0db42621dcc5687492f98c93f8c666882bb4ab269dd59df58e39402804e56a9c
[ 915/3625] Checking is OK   | E:\01.userData\ZhuoMian\Github_Releases_批量下载 xray\Xray-core\v1.6.5\Xray-openbsd-32.zip           | LOCAL=bf442cab857dd8f8da6e87f5269ca72f9a8644dc43e6d1ee5a34b3154d64ac6a REMOTE=bf442cab857dd8f8da6e87f5269ca72f9a8644dc43e6d1ee5a34b3154d64ac6a
[ 916/3625] Checking is OK   | E:\01.userData\ZhuoMian\Github_Releases_批量下载 xray\Xray-core\v1.6.5\Xray-openbsd-64.zip           | LOCAL=c9fef211cbf810bc18ef839a443dfb799f6b75d7c2e454d55d7d3ec5451e0150 REMOTE=c9fef211cbf810bc18ef839a443dfb799f6b75d7c2e454d55d7d3ec5451e0150
[ 917/3625] Checking is OK   | E:\01.userData\ZhuoMian\Github_Releases_批量下载 xray\Xray-core\v1.6.5\Xray-openbsd-arm32-v7a.zip    | LOCAL=27a2018fcd96ed00cad597c20cce61d28ea69181f9d2974b20dbd00afc1abafb REMOTE=27a2018fcd96ed00cad597c20cce61d28ea69181f9d2974b20dbd00afc1abafb
[ 918/3625] Checking is OK   | E:\01.userData\ZhuoMian\Github_Releases_批量下载 xray\Xray-core\v1.6.5\Xray-openbsd-arm64-v8a.zip    | LOCAL=60f4682a1aeaed3c773c6da9ddd76af2ded487ba9fa7213a3c0d414a73269396 REMOTE=60f4682a1aeaed3c773c6da9ddd76af2ded487ba9fa7213a3c0d414a73269396
[ 919/3625] Checking is OK   | E:\01.userData\ZhuoMian\Github_Releases_批量下载 xray\Xray-core\v1.6.5\Xray-windows-32.zip           | LOCAL=d5adf9b7e681b4a54ab40892b40d10d3405463452067f84f68495a5c71e5739d REMOTE=d5adf9b7e681b4a54ab40892b40d10d3405463452067f84f68495a5c71e5739d
[ 920/3625] Checking is OK   | E:\01.userData\ZhuoMian\Github_Releases_批量下载 xray\Xray-core\v1.6.5\Xray-windows-64.zip           | LOCAL=4f57de00d2f066adb6be2693c169125d051a701979863f4b0c3bb3550cc3976d REMOTE=4f57de00d2f066adb6be2693c169125d051a701979863f4b0c3bb3550cc3976d
[ 921/3625] Checking is OK   | E:\01.userData\ZhuoMian\Github_Releases_批量下载 xray\Xray-core\v1.6.5\Xray-windows-arm32-v7a.zip    | LOCAL=adaa4d025226731b3c73ae956b06f3cbba4ff52717b8a394741e7177bd593f88 REMOTE=adaa4d025226731b3c73ae956b06f3cbba4ff52717b8a394741e7177bd593f88
[ 922/3625] Checking is OK   | E:\01.userData\ZhuoMian\Github_Releases_批量下载 xray\Xray-core\v1.6.5\Xray-windows-arm64-v8a.zip    | LOCAL=07ed6aaea65f4c9d765f0e80e68415a371a3356139a165af28a3ed31761a26f3 REMOTE=07ed6aaea65f4c9d765f0e80e68415a371a3356139a165af28a3ed31761a26f3
[ 923/3625] Checking is OK   | E:\01.userData\ZhuoMian\Github_Releases_批量下载 xray\Xray-core\v1.6.6-2\Xray-android-arm64-v8a.zip  | LOCAL=eecc468e2d85ef96cc369e65bf770adcf3d9391c456a67dda19002ab05a79dc9 REMOTE=eecc468e2d85ef96cc369e65bf770adcf3d9391c456a67dda19002ab05a79dc9
[ 924/3625] Checking is OK   | E:\01.userData\ZhuoMian\Github_Releases_批量下载 xray\Xray-core\v1.6.6-2\Xray-dragonfly-64.zip       | LOCAL=3b8890ba471e8c1c7a38cef6fee09269f737ad92d7ee4692afe3bf85be2dbe39 REMOTE=3b8890ba471e8c1c7a38cef6fee09269f737ad92d7ee4692afe3bf85be2dbe39
[ 925/3625] Checking is OK   | E:\01.userData\ZhuoMian\Github_Releases_批量下载 xray\Xray-core\v1.6.6-2\Xray-freebsd-32.zip         | LOCAL=bdc91ebfa30c42d644d97f89d2db130b113222d14ff559ace51fdc7baca1bde1 REMOTE=bdc91ebfa30c42d644d97f89d2db130b113222d14ff559ace51fdc7baca1bde1
[ 926/3625] Checking is OK   | E:\01.userData\ZhuoMian\Github_Releases_批量下载 xray\Xray-core\v1.6.6-2\Xray-freebsd-64.zip         | LOCAL=27c49cb53ef0d4cba4f24b1ed58c8c6c89a059faa818d75378de2fe4a8ebb97d REMOTE=27c49cb53ef0d4cba4f24b1ed58c8c6c89a059faa818d75378de2fe4a8ebb97d
[ 927/3625] Checking is OK   | E:\01.userData\ZhuoMian\Github_Releases_批量下载 xray\Xray-core\v1.6.6-2\Xray-freebsd-arm32-v7a.zip  | LOCAL=c5e0f6ae127c5c289a01b920729d9d0fac5497755f5ca99b34e86224de99e973 REMOTE=c5e0f6ae127c5c289a01b920729d9d0fac5497755f5ca99b34e86224de99e973
[ 928/3625] Checking is OK   | E:\01.userData\ZhuoMian\Github_Releases_批量下载 xray\Xray-core\v1.6.6-2\Xray-freebsd-arm64-v8a.zip  | LOCAL=ac8f6878bc35cb35ad006423ff6246b8da423229b01dfa40a8a2b5e89febef0c REMOTE=ac8f6878bc35cb35ad006423ff6246b8da423229b01dfa40a8a2b5e89febef0c
[ 929/3625] Checking is OK   | E:\01.userData\ZhuoMian\Github_Releases_批量下载 xray\Xray-core\v1.6.6-2\Xray-linux-32.zip           | LOCAL=1da86010678ef51c892a0afc60a0c5233889fb6f768c2b43619722a7fd87273f REMOTE=1da86010678ef51c892a0afc60a0c5233889fb6f768c2b43619722a7fd87273f
[ 930/3625] Checking is OK   | E:\01.userData\ZhuoMian\Github_Releases_批量下载 xray\Xray-core\v1.6.6-2\Xray-linux-64.zip           | LOCAL=3c6c4722f0ed88642e2b81d8f98dd036f6509d3c2832c20462cc13b58d162906 REMOTE=3c6c4722f0ed88642e2b81d8f98dd036f6509d3c2832c20462cc13b58d162906
[ 931/3625] Checking is OK   | E:\01.userData\ZhuoMian\Github_Releases_批量下载 xray\Xray-core\v1.6.6-2\Xray-linux-arm32-v5.zip     | LOCAL=823da02b63deec85e4389b891d93a3a6f49797b8a172d7af73e75caba8cf92bc REMOTE=823da02b63deec85e4389b891d93a3a6f49797b8a172d7af73e75caba8cf92bc
[ 932/3625] Checking is OK   | E:\01.userData\ZhuoMian\Github_Releases_批量下载 xray\Xray-core\v1.6.6-2\Xray-linux-arm32-v6.zip     | LOCAL=46e218356132d8176ea64eac74754a8d222b84fa80a5d95398e9364b645985a5 REMOTE=46e218356132d8176ea64eac74754a8d222b84fa80a5d95398e9364b645985a5
[ 933/3625] Checking is OK   | E:\01.userData\ZhuoMian\Github_Releases_批量下载 xray\Xray-core\v1.6.6-2\Xray-linux-arm32-v7a.zip    | LOCAL=c521b15ba68da2ecf546308a9bc3759e2fa3abb4939a08cc1d50fc04b9a747e9 REMOTE=c521b15ba68da2ecf546308a9bc3759e2fa3abb4939a08cc1d50fc04b9a747e9
[ 934/3625] Checking is OK   | E:\01.userData\ZhuoMian\Github_Releases_批量下载 xray\Xray-core\v1.6.6-2\Xray-linux-arm64-v8a.zip    | LOCAL=84c141478099b543f1d113f639fe78a53c1b8ce98841974014135d41ae9a8569 REMOTE=84c141478099b543f1d113f639fe78a53c1b8ce98841974014135d41ae9a8569
[ 935/3625] Checking is OK   | E:\01.userData\ZhuoMian\Github_Releases_批量下载 xray\Xray-core\v1.6.6-2\Xray-linux-mips32.zip       | LOCAL=30c8e39616a3597f0e672b913d6e1cc01252345692a7c6b008461986b30df32f REMOTE=30c8e39616a3597f0e672b913d6e1cc01252345692a7c6b008461986b30df32f
[ 936/3625] Checking is OK   | E:\01.userData\ZhuoMian\Github_Releases_批量下载 xray\Xray-core\v1.6.6-2\Xray-linux-mips32le.zip     | LOCAL=c0a3b794d10edf9d2d17de4433c2b6b2b96a9bb0e4064fe247be9c7538a2bf8d REMOTE=c0a3b794d10edf9d2d17de4433c2b6b2b96a9bb0e4064fe247be9c7538a2bf8d
[ 937/3625] Checking is OK   | E:\01.userData\ZhuoMian\Github_Releases_批量下载 xray\Xray-core\v1.6.6-2\Xray-linux-mips64.zip       | LOCAL=c2e5d3939705b36c61eaa1967e37d5628f5b10798b506a4499cddbbf2e8bffb8 REMOTE=c2e5d3939705b36c61eaa1967e37d5628f5b10798b506a4499cddbbf2e8bffb8
[ 938/3625] Checking is OK   | E:\01.userData\ZhuoMian\Github_Releases_批量下载 xray\Xray-core\v1.6.6-2\Xray-linux-mips64le.zip     | LOCAL=e8380392e843f58300f1378e79d7941236c599cf3633daad09c85732db26b035 REMOTE=e8380392e843f58300f1378e79d7941236c599cf3633daad09c85732db26b035
[ 939/3625] Checking is OK   | E:\01.userData\ZhuoMian\Github_Releases_批量下载 xray\Xray-core\v1.6.6-2\Xray-linux-ppc64.zip        | LOCAL=f19e0b617a4034bafec0a414d265a28b85627c7ab6f9afc76ba88c42e9d37bd4 REMOTE=f19e0b617a4034bafec0a414d265a28b85627c7ab6f9afc76ba88c42e9d37bd4
[ 940/3625] Checking is OK   | E:\01.userData\ZhuoMian\Github_Releases_批量下载 xray\Xray-core\v1.6.6-2\Xray-linux-ppc64le.zip      | LOCAL=e493790c57b39f2f3bbfb21e8ef7c4bd67f987c8735312765644088391496528 REMOTE=e493790c57b39f2f3bbfb21e8ef7c4bd67f987c8735312765644088391496528
[ 941/3625] Checking is OK   | E:\01.userData\ZhuoMian\Github_Releases_批量下载 xray\Xray-core\v1.6.6-2\Xray-linux-riscv64.zip      | LOCAL=49c63784aeff3636a2edb6a70d7573f9d6f3348e8bbef55c82b5da74b4eb4604 REMOTE=49c63784aeff3636a2edb6a70d7573f9d6f3348e8bbef55c82b5da74b4eb4604
[ 942/3625] Checking is OK   | E:\01.userData\ZhuoMian\Github_Releases_批量下载 xray\Xray-core\v1.6.6-2\Xray-linux-s390x.zip        | LOCAL=8ebd16608166ff44aa79818fbada71d4a1c00f4cbf7f4d89f88dd826e8acbcee REMOTE=8ebd16608166ff44aa79818fbada71d4a1c00f4cbf7f4d89f88dd826e8acbcee
[ 943/3625] Checking is OK   | E:\01.userData\ZhuoMian\Github_Releases_批量下载 xray\Xray-core\v1.6.6-2\Xray-macos-64.zip           | LOCAL=307ff39a889211e695a0aaa2d5e1d42aa8052a1853b2da20b719163bacd6775d REMOTE=307ff39a889211e695a0aaa2d5e1d42aa8052a1853b2da20b719163bacd6775d
[ 944/3625] Checking is OK   | E:\01.userData\ZhuoMian\Github_Releases_批量下载 xray\Xray-core\v1.6.6-2\Xray-macos-arm64-v8a.zip    | LOCAL=547c5c72652fcf55819a419ab4b2e0838dd008c0c1eba58f5835a498f8ba57f7 REMOTE=547c5c72652fcf55819a419ab4b2e0838dd008c0c1eba58f5835a498f8ba57f7
[ 945/3625] Checking is OK   | E:\01.userData\ZhuoMian\Github_Releases_批量下载 xray\Xray-core\v1.6.6-2\Xray-openbsd-32.zip         | LOCAL=de27b028a0af2f75a988baaf7fb57fbfc1334be497e30fb758533345f4264d1c REMOTE=de27b028a0af2f75a988baaf7fb57fbfc1334be497e30fb758533345f4264d1c
[ 946/3625] Checking is OK   | E:\01.userData\ZhuoMian\Github_Releases_批量下载 xray\Xray-core\v1.6.6-2\Xray-openbsd-64.zip         | LOCAL=ced9a2437f0971b75f6cef3bd8af1418346ef3e6c79c75b67730032d88d180d7 REMOTE=ced9a2437f0971b75f6cef3bd8af1418346ef3e6c79c75b67730032d88d180d7
[ 947/3625] Checking is OK   | E:\01.userData\ZhuoMian\Github_Releases_批量下载 xray\Xray-core\v1.6.6-2\Xray-openbsd-arm32-v7a.zip  | LOCAL=5c5cd0b1b1b824ea2d381e50da5b191235791d7d98aa37077be4a6199cb1d109 REMOTE=5c5cd0b1b1b824ea2d381e50da5b191235791d7d98aa37077be4a6199cb1d109
[ 948/3625] Checking is OK   | E:\01.userData\ZhuoMian\Github_Releases_批量下载 xray\Xray-core\v1.6.6-2\Xray-openbsd-arm64-v8a.zip  | LOCAL=9db0faba6f4d8f20a0c996cc08659996cd11fb13070f171c7cab0d6c2700c290 REMOTE=9db0faba6f4d8f20a0c996cc08659996cd11fb13070f171c7cab0d6c2700c290
[ 949/3625] Checking is OK   | E:\01.userData\ZhuoMian\Github_Releases_批量下载 xray\Xray-core\v1.6.6-2\Xray-windows-32.zip         | LOCAL=8f9a1cdb7666cdd9ac8d8f92dc3abed96886d062d1a65112f6593633eedb1f0c REMOTE=8f9a1cdb7666cdd9ac8d8f92dc3abed96886d062d1a65112f6593633eedb1f0c
[ 950/3625] Checking is OK   | E:\01.userData\ZhuoMian\Github_Releases_批量下载 xray\Xray-core\v1.6.6-2\Xray-windows-64.zip         | LOCAL=e51f131fd0688a54c7ccad84f400b505cec51587b7f5b3ff119d3e10d7f2df17 REMOTE=e51f131fd0688a54c7ccad84f400b505cec51587b7f5b3ff119d3e10d7f2df17
[ 951/3625] Checking is OK   | E:\01.userData\ZhuoMian\Github_Releases_批量下载 xray\Xray-core\v1.6.6-2\Xray-windows-arm32-v7a.zip  | LOCAL=fb1c1e055e1d35c437e67cd6072d84030a4a27f1757d712e2eb4018defbcb519 REMOTE=fb1c1e055e1d35c437e67cd6072d84030a4a27f1757d712e2eb4018defbcb519
[ 952/3625] Checking is OK   | E:\01.userData\ZhuoMian\Github_Releases_批量下载 xray\Xray-core\v1.6.6-2\Xray-windows-arm64-v8a.zip  | LOCAL=448afca0391d4f57af74377314d03398c72b295048dcf4854d718ef391461531 REMOTE=448afca0391d4f57af74377314d03398c72b295048dcf4854d718ef391461531
[ 953/3625] Checking is OK   | E:\01.userData\ZhuoMian\Github_Releases_批量下载 xray\Xray-core\v1.7.0\Xray-android-arm64-v8a.zip    | LOCAL=6bb3314d7d164526f3d0216ded721393395bc928da23d2bee5b8c801d186bcff REMOTE=6bb3314d7d164526f3d0216ded721393395bc928da23d2bee5b8c801d186bcff
[ 954/3625] Checking is OK   | E:\01.userData\ZhuoMian\Github_Releases_批量下载 xray\Xray-core\v1.7.0\Xray-dragonfly-64.zip         | LOCAL=fb803a8461f55dd3e2c31c288b64de0b3c7baca9d09f3800dde6a3db2249a859 REMOTE=fb803a8461f55dd3e2c31c288b64de0b3c7baca9d09f3800dde6a3db2249a859
[ 955/3625] Checking is OK   | E:\01.userData\ZhuoMian\Github_Releases_批量下载 xray\Xray-core\v1.7.0\Xray-freebsd-32.zip           | LOCAL=ee10a50b5f55caa2afc405877cd962051341a2b3117a7fa491696555a1bbdcd6 REMOTE=ee10a50b5f55caa2afc405877cd962051341a2b3117a7fa491696555a1bbdcd6
[ 956/3625] Checking is OK   | E:\01.userData\ZhuoMian\Github_Releases_批量下载 xray\Xray-core\v1.7.0\Xray-freebsd-64.zip           | LOCAL=d66dd9d5373f060ec0f4a38cb0336daeb9d05674fab36afb4ac3c6aaf5c1e376 REMOTE=d66dd9d5373f060ec0f4a38cb0336daeb9d05674fab36afb4ac3c6aaf5c1e376
[ 957/3625] Checking is OK   | E:\01.userData\ZhuoMian\Github_Releases_批量下载 xray\Xray-core\v1.7.0\Xray-freebsd-arm32-v7a.zip    | LOCAL=ff6831a33a1a000f6f4fdef97019bd78469d855146a70d4e47aa7bee562ec30d REMOTE=ff6831a33a1a000f6f4fdef97019bd78469d855146a70d4e47aa7bee562ec30d
[ 958/3625] Checking is OK   | E:\01.userData\ZhuoMian\Github_Releases_批量下载 xray\Xray-core\v1.7.0\Xray-freebsd-arm64-v8a.zip    | LOCAL=733dde797eac5afa03cfcdd2500a234b12c282681dc46246136b2a851987c14c REMOTE=733dde797eac5afa03cfcdd2500a234b12c282681dc46246136b2a851987c14c
[ 959/3625] Checking is OK   | E:\01.userData\ZhuoMian\Github_Releases_批量下载 xray\Xray-core\v1.7.0\Xray-linux-32.zip             | LOCAL=380aec5e3423f78dc8df48e36bd1b13f3e1189f9116fae232031de983862ebdc REMOTE=380aec5e3423f78dc8df48e36bd1b13f3e1189f9116fae232031de983862ebdc
[ 960/3625] Checking is OK   | E:\01.userData\ZhuoMian\Github_Releases_批量下载 xray\Xray-core\v1.7.0\Xray-linux-64.zip             | LOCAL=bb219818d31ebee8c206124233e789cb3ed70e07ea076f0fa23ad09f463dc6fb REMOTE=bb219818d31ebee8c206124233e789cb3ed70e07ea076f0fa23ad09f463dc6fb
[ 961/3625] Checking is OK   | E:\01.userData\ZhuoMian\Github_Releases_批量下载 xray\Xray-core\v1.7.0\Xray-linux-arm32-v5.zip       | LOCAL=c8b124f7dafbf1ce6c69562fa50d501951bb59a1133c9f59401de64d14de5054 REMOTE=c8b124f7dafbf1ce6c69562fa50d501951bb59a1133c9f59401de64d14de5054
[ 962/3625] Checking is OK   | E:\01.userData\ZhuoMian\Github_Releases_批量下载 xray\Xray-core\v1.7.0\Xray-linux-arm32-v6.zip       | LOCAL=50d58ce4563e4d3e3d6b77f82c8a2861e0ee00aa92bd1728da484a634221f0af REMOTE=50d58ce4563e4d3e3d6b77f82c8a2861e0ee00aa92bd1728da484a634221f0af
[ 963/3625] Checking is OK   | E:\01.userData\ZhuoMian\Github_Releases_批量下载 xray\Xray-core\v1.7.0\Xray-linux-arm32-v7a.zip      | LOCAL=eaf4909a0f2a6efe83966d43c73c88c4302b138becca45d4bdafde7fe7837a65 REMOTE=eaf4909a0f2a6efe83966d43c73c88c4302b138becca45d4bdafde7fe7837a65
[ 964/3625] Checking is OK   | E:\01.userData\ZhuoMian\Github_Releases_批量下载 xray\Xray-core\v1.7.0\Xray-linux-arm64-v8a.zip      | LOCAL=b129948e083c01072038661d69ca4998104517f7b6f3673653b0a6986b556ded REMOTE=b129948e083c01072038661d69ca4998104517f7b6f3673653b0a6986b556ded
[ 965/3625] Checking is OK   | E:\01.userData\ZhuoMian\Github_Releases_批量下载 xray\Xray-core\v1.7.0\Xray-linux-mips32.zip         | LOCAL=91ee4437b125e687b31ca3457e86d95ea8c1b2d368d76649876d77c41bdbf402 REMOTE=91ee4437b125e687b31ca3457e86d95ea8c1b2d368d76649876d77c41bdbf402
[ 966/3625] Checking is OK   | E:\01.userData\ZhuoMian\Github_Releases_批量下载 xray\Xray-core\v1.7.0\Xray-linux-mips32le.zip       | LOCAL=5345105d9fffb71ec91c358686079a732a606e3c2b67270dfeb7fb9b8ecbce7b REMOTE=5345105d9fffb71ec91c358686079a732a606e3c2b67270dfeb7fb9b8ecbce7b
[ 967/3625] Checking is OK   | E:\01.userData\ZhuoMian\Github_Releases_批量下载 xray\Xray-core\v1.7.0\Xray-linux-mips64.zip         | LOCAL=ebe5524c695d9893a3c66139c37dbcc363d6dc9cbfa149bed80ecfc7ae7027cc REMOTE=ebe5524c695d9893a3c66139c37dbcc363d6dc9cbfa149bed80ecfc7ae7027cc
[ 968/3625] Checking is OK   | E:\01.userData\ZhuoMian\Github_Releases_批量下载 xray\Xray-core\v1.7.0\Xray-linux-mips64le.zip       | LOCAL=4755fd9eaf2606ad96dc9350ae48f9ba0cf2708c368f60423083073f1d7b75e3 REMOTE=4755fd9eaf2606ad96dc9350ae48f9ba0cf2708c368f60423083073f1d7b75e3
[ 969/3625] Checking is OK   | E:\01.userData\ZhuoMian\Github_Releases_批量下载 xray\Xray-core\v1.7.0\Xray-linux-ppc64.zip          | LOCAL=1b9351890db578717bf84fe54cf238b9a3b277cae50165cce0e88a0ebcbb6a78 REMOTE=1b9351890db578717bf84fe54cf238b9a3b277cae50165cce0e88a0ebcbb6a78
[ 970/3625] Checking is OK   | E:\01.userData\ZhuoMian\Github_Releases_批量下载 xray\Xray-core\v1.7.0\Xray-linux-ppc64le.zip        | LOCAL=7a0ca706314a4334e7b2e0f320bff044e6ff931f0e8b6cb9de4da213b86bd3d9 REMOTE=7a0ca706314a4334e7b2e0f320bff044e6ff931f0e8b6cb9de4da213b86bd3d9
[ 971/3625] Checking is OK   | E:\01.userData\ZhuoMian\Github_Releases_批量下载 xray\Xray-core\v1.7.0\Xray-linux-riscv64.zip        | LOCAL=4ee0cc7c7d80dd6388ec13e34f95421e0357cb1526c0d8107d25249d6b551a58 REMOTE=4ee0cc7c7d80dd6388ec13e34f95421e0357cb1526c0d8107d25249d6b551a58
[ 972/3625] Checking is OK   | E:\01.userData\ZhuoMian\Github_Releases_批量下载 xray\Xray-core\v1.7.0\Xray-linux-s390x.zip          | LOCAL=0bba1ed2459693c7f98a6f47f9b706648aa3fd3ec29a6a74a406368aec60f0b7 REMOTE=0bba1ed2459693c7f98a6f47f9b706648aa3fd3ec29a6a74a406368aec60f0b7
[ 973/3625] Checking is OK   | E:\01.userData\ZhuoMian\Github_Releases_批量下载 xray\Xray-core\v1.7.0\Xray-macos-64.zip             | LOCAL=1e8e5de7e320e5f52bee8d22cd12d10ba71bb5c8c7348217b745b71afb812e11 REMOTE=1e8e5de7e320e5f52bee8d22cd12d10ba71bb5c8c7348217b745b71afb812e11
[ 974/3625] Checking is OK   | E:\01.userData\ZhuoMian\Github_Releases_批量下载 xray\Xray-core\v1.7.0\Xray-macos-arm64-v8a.zip      | LOCAL=86515144d6c749de8c0ae07c096d848613a44326630767b2e3f115bb7402123e REMOTE=86515144d6c749de8c0ae07c096d848613a44326630767b2e3f115bb7402123e
[ 975/3625] Checking is OK   | E:\01.userData\ZhuoMian\Github_Releases_批量下载 xray\Xray-core\v1.7.0\Xray-openbsd-32.zip           | LOCAL=3951688b9b4fa9b5ef1796aa3ea54cdfee1c20c926686c45925dc144b2202169 REMOTE=3951688b9b4fa9b5ef1796aa3ea54cdfee1c20c926686c45925dc144b2202169
[ 976/3625] Checking is OK   | E:\01.userData\ZhuoMian\Github_Releases_批量下载 xray\Xray-core\v1.7.0\Xray-openbsd-64.zip           | LOCAL=bb214049f826bece48bf9e7a199dda2e7ec5930cb6a5ea43593ce0d60754512b REMOTE=bb214049f826bece48bf9e7a199dda2e7ec5930cb6a5ea43593ce0d60754512b
[ 977/3625] Checking is OK   | E:\01.userData\ZhuoMian\Github_Releases_批量下载 xray\Xray-core\v1.7.0\Xray-openbsd-arm32-v7a.zip    | LOCAL=c52259e7c8b018c590e05032e5eddd56377c25f0911461bd73ac9e90ac8fbd76 REMOTE=c52259e7c8b018c590e05032e5eddd56377c25f0911461bd73ac9e90ac8fbd76
[ 978/3625] Checking is OK   | E:\01.userData\ZhuoMian\Github_Releases_批量下载 xray\Xray-core\v1.7.0\Xray-openbsd-arm64-v8a.zip    | LOCAL=653c0152200725ecb83f307532de4ea1aa53e96fa5293a8c2ec211bc3051fc83 REMOTE=653c0152200725ecb83f307532de4ea1aa53e96fa5293a8c2ec211bc3051fc83
[ 979/3625] Checking is OK   | E:\01.userData\ZhuoMian\Github_Releases_批量下载 xray\Xray-core\v1.7.0\Xray-windows-32.zip           | LOCAL=6a7a07f69cb80768b1fcd5d4d093b84bc32d52f74543b6495fdbb536a5fd0b43 REMOTE=6a7a07f69cb80768b1fcd5d4d093b84bc32d52f74543b6495fdbb536a5fd0b43
[ 980/3625] Checking is OK   | E:\01.userData\ZhuoMian\Github_Releases_批量下载 xray\Xray-core\v1.7.0\Xray-windows-64.zip           | LOCAL=fb27e2c9a60d69bd3763561be393f39424e8be9233e83b5a06177b5d6cc4aa38 REMOTE=fb27e2c9a60d69bd3763561be393f39424e8be9233e83b5a06177b5d6cc4aa38
[ 981/3625] Checking is OK   | E:\01.userData\ZhuoMian\Github_Releases_批量下载 xray\Xray-core\v1.7.0\Xray-windows-arm32-v7a.zip    | LOCAL=fe68e985f7ec09c07126af990a74cceebebc2c55d0cc368c95be54c4404d3fe0 REMOTE=fe68e985f7ec09c07126af990a74cceebebc2c55d0cc368c95be54c4404d3fe0
[ 982/3625] Checking is OK   | E:\01.userData\ZhuoMian\Github_Releases_批量下载 xray\Xray-core\v1.7.0\Xray-windows-arm64-v8a.zip    | LOCAL=c31f242c5811bdcaf1a9a6370ba16d651f6c4e0ab882bce5cba72e4f2f174455 REMOTE=c31f242c5811bdcaf1a9a6370ba16d651f6c4e0ab882bce5cba72e4f2f174455
[ 983/3625] Checking is OK   | E:\01.userData\ZhuoMian\Github_Releases_批量下载 xray\Xray-core\v1.7.1\Xray-android-arm64-v8a.zip    | LOCAL=322c59101509ce06399551f2e65e0165a258a1362d799a197062540956fa5ba8 REMOTE=322c59101509ce06399551f2e65e0165a258a1362d799a197062540956fa5ba8
[ 984/3625] Checking is OK   | E:\01.userData\ZhuoMian\Github_Releases_批量下载 xray\Xray-core\v1.7.1\Xray-dragonfly-64.zip         | LOCAL=5c3a873e72f8410fc9e1b9f9116a51cc96f0ab18283a68481f93aafbf0396bec REMOTE=5c3a873e72f8410fc9e1b9f9116a51cc96f0ab18283a68481f93aafbf0396bec
[ 985/3625] Checking is OK   | E:\01.userData\ZhuoMian\Github_Releases_批量下载 xray\Xray-core\v1.7.1\Xray-freebsd-32.zip           | LOCAL=8e8b4e0151440a91b3b4ab1c3356af8255fc00eeb43c261a682374e12b0a1bb1 REMOTE=8e8b4e0151440a91b3b4ab1c3356af8255fc00eeb43c261a682374e12b0a1bb1
[ 986/3625] Checking is OK   | E:\01.userData\ZhuoMian\Github_Releases_批量下载 xray\Xray-core\v1.7.1\Xray-freebsd-64.zip           | LOCAL=fc3c0dfafac3c3163bd5613c084320c8175fe13c509386a66559e9fa988ee407 REMOTE=fc3c0dfafac3c3163bd5613c084320c8175fe13c509386a66559e9fa988ee407
[ 987/3625] Checking is OK   | E:\01.userData\ZhuoMian\Github_Releases_批量下载 xray\Xray-core\v1.7.1\Xray-freebsd-arm32-v7a.zip    | LOCAL=a7ddba462ee5e37f4d070e00cd56a624a628adb812f1f46fb06d4745468c8d8c REMOTE=a7ddba462ee5e37f4d070e00cd56a624a628adb812f1f46fb06d4745468c8d8c
[ 988/3625] Checking is OK   | E:\01.userData\ZhuoMian\Github_Releases_批量下载 xray\Xray-core\v1.7.1\Xray-freebsd-arm64-v8a.zip    | LOCAL=b50e84836f721ec6c6ad3bf5515deca01656e585db23d519758e9fb5d3f9ad00 REMOTE=b50e84836f721ec6c6ad3bf5515deca01656e585db23d519758e9fb5d3f9ad00
[ 989/3625] Checking is OK   | E:\01.userData\ZhuoMian\Github_Releases_批量下载 xray\Xray-core\v1.7.1\Xray-linux-32.zip             | LOCAL=c77061f2efe88c6875995edda4652eed2ffac10ccafa600155c46f2061570d16 REMOTE=c77061f2efe88c6875995edda4652eed2ffac10ccafa600155c46f2061570d16
[ 990/3625] Checking is OK   | E:\01.userData\ZhuoMian\Github_Releases_批量下载 xray\Xray-core\v1.7.1\Xray-linux-64.zip             | LOCAL=d763bc8d67968032783287cd70932c892cf9029f20320abe34375d7605fc5799 REMOTE=d763bc8d67968032783287cd70932c892cf9029f20320abe34375d7605fc5799
[ 991/3625] Checking is OK   | E:\01.userData\ZhuoMian\Github_Releases_批量下载 xray\Xray-core\v1.7.1\Xray-linux-arm32-v5.zip       | LOCAL=b8d2d4ff94968c237d45982e6f055b8dffef7761d482cf987e2de721be92a8e4 REMOTE=b8d2d4ff94968c237d45982e6f055b8dffef7761d482cf987e2de721be92a8e4
[ 992/3625] Checking is OK   | E:\01.userData\ZhuoMian\Github_Releases_批量下载 xray\Xray-core\v1.7.1\Xray-linux-arm32-v6.zip       | LOCAL=f04b54a4424544b27925a2d24cc642d084e5dd984b319538ce5b818b222b1859 REMOTE=f04b54a4424544b27925a2d24cc642d084e5dd984b319538ce5b818b222b1859
[ 993/3625] Checking is OK   | E:\01.userData\ZhuoMian\Github_Releases_批量下载 xray\Xray-core\v1.7.1\Xray-linux-arm32-v7a.zip      | LOCAL=91a5fb5dd71f5e76068b3b59543326f29755e072a1b462fde50727a257865a96 REMOTE=91a5fb5dd71f5e76068b3b59543326f29755e072a1b462fde50727a257865a96
[ 994/3625] Checking is OK   | E:\01.userData\ZhuoMian\Github_Releases_批量下载 xray\Xray-core\v1.7.1\Xray-linux-arm64-v8a.zip      | LOCAL=b34ec174bdee9c72ff47599fac19dfd770a35937842b108d68d0435ed786a05e REMOTE=b34ec174bdee9c72ff47599fac19dfd770a35937842b108d68d0435ed786a05e
[ 995/3625] Checking is OK   | E:\01.userData\ZhuoMian\Github_Releases_批量下载 xray\Xray-core\v1.7.1\Xray-linux-mips32.zip         | LOCAL=9657dd17035440e9eb1a369a9bc14d24d1f2b4bc5e478d0a968c815075f14e88 REMOTE=9657dd17035440e9eb1a369a9bc14d24d1f2b4bc5e478d0a968c815075f14e88
[ 996/3625] Checking is OK   | E:\01.userData\ZhuoMian\Github_Releases_批量下载 xray\Xray-core\v1.7.1\Xray-linux-mips32le.zip       | LOCAL=549606c7e74cb061e32d9aadebb0efcb5e1998de8a73c15c703ba9d3a81653e5 REMOTE=549606c7e74cb061e32d9aadebb0efcb5e1998de8a73c15c703ba9d3a81653e5
[ 997/3625] Checking is OK   | E:\01.userData\ZhuoMian\Github_Releases_批量下载 xray\Xray-core\v1.7.1\Xray-linux-mips64.zip         | LOCAL=579ee08f46220b07b99c34e8f20ebef0e4ae780ed1e8824edec9205485a0583f REMOTE=579ee08f46220b07b99c34e8f20ebef0e4ae780ed1e8824edec9205485a0583f
[ 998/3625] Checking is OK   | E:\01.userData\ZhuoMian\Github_Releases_批量下载 xray\Xray-core\v1.7.1\Xray-linux-mips64le.zip       | LOCAL=e81a5f1b9794b9c65b69f5339a81a888a4b4c7044ee7823dbf5117f36f7d08f2 REMOTE=e81a5f1b9794b9c65b69f5339a81a888a4b4c7044ee7823dbf5117f36f7d08f2
[ 999/3625] Checking is OK   | E:\01.userData\ZhuoMian\Github_Releases_批量下载 xray\Xray-core\v1.7.1\Xray-linux-ppc64.zip          | LOCAL=1d9f256abcf0e0f62c3cd80e1f03a74fa43208a078df84cc059c597fa12f57f4 REMOTE=1d9f256abcf0e0f62c3cd80e1f03a74fa43208a078df84cc059c597fa12f57f4
[1000/3625] Checking is OK   | E:\01.userData\ZhuoMian\Github_Releases_批量下载 xray\Xray-core\v1.7.1\Xray-linux-ppc64le.zip        | LOCAL=db5e7f5abfe0c18810f4ad16917a11056db8c3b406c39ef6bc1e1f49dc2566e9 REMOTE=db5e7f5abfe0c18810f4ad16917a11056db8c3b406c39ef6bc1e1f49dc2566e9
[1001/3625] Checking is OK   | E:\01.userData\ZhuoMian\Github_Releases_批量下载 xray\Xray-core\v1.7.1\Xray-linux-riscv64.zip        | LOCAL=15c3c42a783e89fd3090f92f540882b5994f8fad21daed4f559dbbb26c1e744a REMOTE=15c3c42a783e89fd3090f92f540882b5994f8fad21daed4f559dbbb26c1e744a
[1002/3625] Checking is OK   | E:\01.userData\ZhuoMian\Github_Releases_批量下载 xray\Xray-core\v1.7.1\Xray-linux-s390x.zip          | LOCAL=45302ef8e64d74dfc4f0949dd8deb00b8bd2cc9e2c0683b23bc747381a49ebc5 REMOTE=45302ef8e64d74dfc4f0949dd8deb00b8bd2cc9e2c0683b23bc747381a49ebc5
[1003/3625] Checking is OK   | E:\01.userData\ZhuoMian\Github_Releases_批量下载 xray\Xray-core\v1.7.1\Xray-macos-64.zip             | LOCAL=ca51bbad2e373f6e6d402d7364cb79678d96374bed4ad43be9bcb51c47735702 REMOTE=ca51bbad2e373f6e6d402d7364cb79678d96374bed4ad43be9bcb51c47735702
[1004/3625] Checking is OK   | E:\01.userData\ZhuoMian\Github_Releases_批量下载 xray\Xray-core\v1.7.1\Xray-macos-arm64-v8a.zip      | LOCAL=7213a921723cf699349e705a74cb55c34a6169171e6ecbd16556ac0196d871d3 REMOTE=7213a921723cf699349e705a74cb55c34a6169171e6ecbd16556ac0196d871d3
[1005/3625] Checking is OK   | E:\01.userData\ZhuoMian\Github_Releases_批量下载 xray\Xray-core\v1.7.1\Xray-openbsd-32.zip           | LOCAL=5582f2f4fdbf09aae5f8e4dd5f588a6d97e91469a8d241a7935e80802bf2ca4f REMOTE=5582f2f4fdbf09aae5f8e4dd5f588a6d97e91469a8d241a7935e80802bf2ca4f
[1006/3625] Checking is OK   | E:\01.userData\ZhuoMian\Github_Releases_批量下载 xray\Xray-core\v1.7.1\Xray-openbsd-64.zip           | LOCAL=ffccdfeda874ebff9c3deb31cb873381915f23ab54731254693849a94722e23b REMOTE=ffccdfeda874ebff9c3deb31cb873381915f23ab54731254693849a94722e23b
[1007/3625] Checking is OK   | E:\01.userData\ZhuoMian\Github_Releases_批量下载 xray\Xray-core\v1.7.1\Xray-openbsd-arm32-v7a.zip    | LOCAL=e99545f5bfe4f829fe99f358dc28ecb5f3255c56de2935a2ce0c1d9bb32ef266 REMOTE=e99545f5bfe4f829fe99f358dc28ecb5f3255c56de2935a2ce0c1d9bb32ef266
[1008/3625] Checking is OK   | E:\01.userData\ZhuoMian\Github_Releases_批量下载 xray\Xray-core\v1.7.1\Xray-openbsd-arm64-v8a.zip    | LOCAL=c80897160271cb58e60e7f6cb3e7c221e26bf8cb909bf8dac7cf5c61e7913ea2 REMOTE=c80897160271cb58e60e7f6cb3e7c221e26bf8cb909bf8dac7cf5c61e7913ea2
[1009/3625] Checking is OK   | E:\01.userData\ZhuoMian\Github_Releases_批量下载 xray\Xray-core\v1.7.1\Xray-windows-32.zip           | LOCAL=d075ad53c20e31a7a860a67c3f666e12a707eda333f1fd243852376442c2a7e2 REMOTE=d075ad53c20e31a7a860a67c3f666e12a707eda333f1fd243852376442c2a7e2
[1010/3625] Checking is OK   | E:\01.userData\ZhuoMian\Github_Releases_批量下载 xray\Xray-core\v1.7.1\Xray-windows-64.zip           | LOCAL=99ed69431f10b95137df94e8899cbe2fd90404d8e7b1eb3d5967d5232b75187f REMOTE=99ed69431f10b95137df94e8899cbe2fd90404d8e7b1eb3d5967d5232b75187f
[1011/3625] Checking is OK   | E:\01.userData\ZhuoMian\Github_Releases_批量下载 xray\Xray-core\v1.7.1\Xray-windows-arm32-v7a.zip    | LOCAL=5ee6f67239a3e273973164d557ae91f54224968e3e914e0061a7621b080cd67d REMOTE=5ee6f67239a3e273973164d557ae91f54224968e3e914e0061a7621b080cd67d
[1012/3625] Checking is OK   | E:\01.userData\ZhuoMian\Github_Releases_批量下载 xray\Xray-core\v1.7.1\Xray-windows-arm64-v8a.zip    | LOCAL=447c6723f1c72e7ed8c2ec170136e83c444025f6fbc5be7363590a583429fa3a REMOTE=447c6723f1c72e7ed8c2ec170136e83c444025f6fbc5be7363590a583429fa3a
[1013/3625] Checking is OK   | E:\01.userData\ZhuoMian\Github_Releases_批量下载 xray\Xray-core\v1.7.2\Xray-android-arm64-v8a.zip    | LOCAL=9710e5df11214bfe09cd26b5d0180da2bcf5c81ab7f8747f42f5f05ed46eee59 REMOTE=9710e5df11214bfe09cd26b5d0180da2bcf5c81ab7f8747f42f5f05ed46eee59
[1014/3625] Checking is OK   | E:\01.userData\ZhuoMian\Github_Releases_批量下载 xray\Xray-core\v1.7.2\Xray-dragonfly-64.zip         | LOCAL=3eace191628491442b6c79782774a52194854ef686596dc06e61d7fb82ca39b3 REMOTE=3eace191628491442b6c79782774a52194854ef686596dc06e61d7fb82ca39b3
[1015/3625] Checking is OK   | E:\01.userData\ZhuoMian\Github_Releases_批量下载 xray\Xray-core\v1.7.2\Xray-freebsd-32.zip           | LOCAL=a9278b2621afdcbc300676ba4e441b88e59de6657669b01d822fb4de63b35e23 REMOTE=a9278b2621afdcbc300676ba4e441b88e59de6657669b01d822fb4de63b35e23
[1016/3625] Checking is OK   | E:\01.userData\ZhuoMian\Github_Releases_批量下载 xray\Xray-core\v1.7.2\Xray-freebsd-64.zip           | LOCAL=19b56800b80bf9f21ba00cfda759174c4a3b28fa51f34b4c044639fca4bf3471 REMOTE=19b56800b80bf9f21ba00cfda759174c4a3b28fa51f34b4c044639fca4bf3471
[1017/3625] Checking is OK   | E:\01.userData\ZhuoMian\Github_Releases_批量下载 xray\Xray-core\v1.7.2\Xray-freebsd-arm32-v7a.zip    | LOCAL=14bb71e17480b715a7af48572745002c91cd1f19e72816522985d17f3fdaa423 REMOTE=14bb71e17480b715a7af48572745002c91cd1f19e72816522985d17f3fdaa423
[1018/3625] Checking is OK   | E:\01.userData\ZhuoMian\Github_Releases_批量下载 xray\Xray-core\v1.7.2\Xray-freebsd-arm64-v8a.zip    | LOCAL=96ad8d10250c21555f38a75a488103ebe9eafc8d81ff923a10652c5d993c5e22 REMOTE=96ad8d10250c21555f38a75a488103ebe9eafc8d81ff923a10652c5d993c5e22
[1019/3625] Checking is OK   | E:\01.userData\ZhuoMian\Github_Releases_批量下载 xray\Xray-core\v1.7.2\Xray-linux-32.zip             | LOCAL=9fda0d6df7b54376bb09bd48cdaf191fc20068a7a02f2b14cc955f52892c3dad REMOTE=9fda0d6df7b54376bb09bd48cdaf191fc20068a7a02f2b14cc955f52892c3dad
[1020/3625] Checking is OK   | E:\01.userData\ZhuoMian\Github_Releases_批量下载 xray\Xray-core\v1.7.2\Xray-linux-64.zip             | LOCAL=0fec67b906bc65e4764054147edde25ce1bfd000ed54f29fb723753fc0169b1c REMOTE=0fec67b906bc65e4764054147edde25ce1bfd000ed54f29fb723753fc0169b1c
[1021/3625] Checking is OK   | E:\01.userData\ZhuoMian\Github_Releases_批量下载 xray\Xray-core\v1.7.2\Xray-linux-arm32-v5.zip       | LOCAL=db91fdf8c1fb90fa201a4e362dacd8950fe5a64fda290fe50ab46c24ff991597 REMOTE=db91fdf8c1fb90fa201a4e362dacd8950fe5a64fda290fe50ab46c24ff991597
[1022/3625] Checking is OK   | E:\01.userData\ZhuoMian\Github_Releases_批量下载 xray\Xray-core\v1.7.2\Xray-linux-arm32-v6.zip       | LOCAL=354b8f374acb5c785f9bf4be16920d93d751e762db7db45841469e607b21895a REMOTE=354b8f374acb5c785f9bf4be16920d93d751e762db7db45841469e607b21895a
[1023/3625] Checking is OK   | E:\01.userData\ZhuoMian\Github_Releases_批量下载 xray\Xray-core\v1.7.2\Xray-linux-arm32-v7a.zip      | LOCAL=3b210c3b0e5980d85f598065b8f36cc1e549a54cecbd1527f6eb56b725b9774d REMOTE=3b210c3b0e5980d85f598065b8f36cc1e549a54cecbd1527f6eb56b725b9774d
[1024/3625] Checking is OK   | E:\01.userData\ZhuoMian\Github_Releases_批量下载 xray\Xray-core\v1.7.2\Xray-linux-arm64-v8a.zip      | LOCAL=89224ec06d9b89f271f441a97cff211a6be3d420302cdfd370975ad603544004 REMOTE=89224ec06d9b89f271f441a97cff211a6be3d420302cdfd370975ad603544004
[1025/3625] Checking is OK   | E:\01.userData\ZhuoMian\Github_Releases_批量下载 xray\Xray-core\v1.7.2\Xray-linux-mips32.zip         | LOCAL=02f2f21203e2895e5aac2d31544ba0f487f7ebbf19a8e4dd7d03e1ff23533819 REMOTE=02f2f21203e2895e5aac2d31544ba0f487f7ebbf19a8e4dd7d03e1ff23533819
[1026/3625] Checking is OK   | E:\01.userData\ZhuoMian\Github_Releases_批量下载 xray\Xray-core\v1.7.2\Xray-linux-mips32le.zip       | LOCAL=d9fdbd15aa8f668a55933bcb8a2eef17a43cb1ae6d05d900315954428897d005 REMOTE=d9fdbd15aa8f668a55933bcb8a2eef17a43cb1ae6d05d900315954428897d005
[1027/3625] Checking is OK   | E:\01.userData\ZhuoMian\Github_Releases_批量下载 xray\Xray-core\v1.7.2\Xray-linux-mips64.zip         | LOCAL=f76d8c5000a4998aa15d7ef9ac2d6d8ca1e8b14c2824305742f8c3bf1d48ecaf REMOTE=f76d8c5000a4998aa15d7ef9ac2d6d8ca1e8b14c2824305742f8c3bf1d48ecaf
[1028/3625] Checking is OK   | E:\01.userData\ZhuoMian\Github_Releases_批量下载 xray\Xray-core\v1.7.2\Xray-linux-mips64le.zip       | LOCAL=cad4daac480714d8b8ac0c8a78735c41a4ffd63aa8c2bdcca86be37565c009a3 REMOTE=cad4daac480714d8b8ac0c8a78735c41a4ffd63aa8c2bdcca86be37565c009a3
[1029/3625] Checking is OK   | E:\01.userData\ZhuoMian\Github_Releases_批量下载 xray\Xray-core\v1.7.2\Xray-linux-ppc64.zip          | LOCAL=e9221e0f142d58fab9f435da4457213b840b220d119a7549713bbfbe1eb8727d REMOTE=e9221e0f142d58fab9f435da4457213b840b220d119a7549713bbfbe1eb8727d
[1030/3625] Checking is OK   | E:\01.userData\ZhuoMian\Github_Releases_批量下载 xray\Xray-core\v1.7.2\Xray-linux-ppc64le.zip        | LOCAL=3b0095eb663ee8d339320babe07f3abb37172f729c06c605be3e9e487a5c83e1 REMOTE=3b0095eb663ee8d339320babe07f3abb37172f729c06c605be3e9e487a5c83e1
[1031/3625] Checking is OK   | E:\01.userData\ZhuoMian\Github_Releases_批量下载 xray\Xray-core\v1.7.2\Xray-linux-riscv64.zip        | LOCAL=5974f06a30bd13a72cea8c12bcbdb31e92c1a26634104063c72b38e63aba40c0 REMOTE=5974f06a30bd13a72cea8c12bcbdb31e92c1a26634104063c72b38e63aba40c0
[1032/3625] Checking is OK   | E:\01.userData\ZhuoMian\Github_Releases_批量下载 xray\Xray-core\v1.7.2\Xray-linux-s390x.zip          | LOCAL=ac042bbf90bd0cd236f178f0d2d13e5f6e4b45f0b8fadf2bea2c8b02b638d8b7 REMOTE=ac042bbf90bd0cd236f178f0d2d13e5f6e4b45f0b8fadf2bea2c8b02b638d8b7
[1033/3625] Checking is OK   | E:\01.userData\ZhuoMian\Github_Releases_批量下载 xray\Xray-core\v1.7.2\Xray-macos-64.zip             | LOCAL=4b244c4679337f36194118e50871a1b081d3120c1e000aced498762b83b1aa2f REMOTE=4b244c4679337f36194118e50871a1b081d3120c1e000aced498762b83b1aa2f
[1034/3625] Checking is OK   | E:\01.userData\ZhuoMian\Github_Releases_批量下载 xray\Xray-core\v1.7.2\Xray-macos-arm64-v8a.zip      | LOCAL=702f8bf0ce313e3e9c95d9eb2ef13284a12395579f4af5459b4cd39b9fb97569 REMOTE=702f8bf0ce313e3e9c95d9eb2ef13284a12395579f4af5459b4cd39b9fb97569
[1035/3625] Checking is OK   | E:\01.userData\ZhuoMian\Github_Releases_批量下载 xray\Xray-core\v1.7.2\Xray-openbsd-32.zip           | LOCAL=97ad9bab55f8b34b5ced9e260372323c5af0d0cd73fd2f6967d8025fad548af4 REMOTE=97ad9bab55f8b34b5ced9e260372323c5af0d0cd73fd2f6967d8025fad548af4
[1036/3625] Checking is OK   | E:\01.userData\ZhuoMian\Github_Releases_批量下载 xray\Xray-core\v1.7.2\Xray-openbsd-64.zip           | LOCAL=7c4209eaa9b197048d19de94fb0fbda9c7c9815f419a8592b69a3848f9c5eab6 REMOTE=7c4209eaa9b197048d19de94fb0fbda9c7c9815f419a8592b69a3848f9c5eab6
[1037/3625] Checking is OK   | E:\01.userData\ZhuoMian\Github_Releases_批量下载 xray\Xray-core\v1.7.2\Xray-openbsd-arm32-v7a.zip    | LOCAL=1434021b237f28f8cdbc544f49cbef18b2a3b38cfa40fa6fa3039d1dde5e79de REMOTE=1434021b237f28f8cdbc544f49cbef18b2a3b38cfa40fa6fa3039d1dde5e79de
[1038/3625] Checking is OK   | E:\01.userData\ZhuoMian\Github_Releases_批量下载 xray\Xray-core\v1.7.2\Xray-openbsd-arm64-v8a.zip    | LOCAL=464596bbb89c506c82752326023a9eaeaf5b7542d59e8fbd88a8603531e029a8 REMOTE=464596bbb89c506c82752326023a9eaeaf5b7542d59e8fbd88a8603531e029a8
[1039/3625] Checking is OK   | E:\01.userData\ZhuoMian\Github_Releases_批量下载 xray\Xray-core\v1.7.2\Xray-windows-32.zip           | LOCAL=aa9e3636732fc458b2806fbfe16ca50fd92ac20640b92ace807a5de008a3c641 REMOTE=aa9e3636732fc458b2806fbfe16ca50fd92ac20640b92ace807a5de008a3c641
[1040/3625] Checking is OK   | E:\01.userData\ZhuoMian\Github_Releases_批量下载 xray\Xray-core\v1.7.2\Xray-windows-64.zip           | LOCAL=0c6185f70e929d9d8295a1b46f4159f80800a1748c15dc9b61a249883e1e32c9 REMOTE=0c6185f70e929d9d8295a1b46f4159f80800a1748c15dc9b61a249883e1e32c9
[1041/3625] Checking is OK   | E:\01.userData\ZhuoMian\Github_Releases_批量下载 xray\Xray-core\v1.7.2\Xray-windows-arm32-v7a.zip    | LOCAL=33583e94bbca86bdb2e2c00b63741d77bb6a1e0483e6276bc927ca8ac9d35fed REMOTE=33583e94bbca86bdb2e2c00b63741d77bb6a1e0483e6276bc927ca8ac9d35fed
[1042/3625] Checking is OK   | E:\01.userData\ZhuoMian\Github_Releases_批量下载 xray\Xray-core\v1.7.2\Xray-windows-arm64-v8a.zip    | LOCAL=fac52897c8a4f27a51c8fb9da01cdaffc72c7a0ab60ecdcac3bd5d1e2ed8100d REMOTE=fac52897c8a4f27a51c8fb9da01cdaffc72c7a0ab60ecdcac3bd5d1e2ed8100d
[1043/3625] Checking is OK   | E:\01.userData\ZhuoMian\Github_Releases_批量下载 xray\Xray-core\v1.7.3\Xray-android-arm64-v8a.zip    | LOCAL=c5f0b13d45d6c7ef0eb8a701256a3cca3a01584cdb461d876deb6fcaddde4903 REMOTE=c5f0b13d45d6c7ef0eb8a701256a3cca3a01584cdb461d876deb6fcaddde4903
[1044/3625] Checking is OK   | E:\01.userData\ZhuoMian\Github_Releases_批量下载 xray\Xray-core\v1.7.3\Xray-dragonfly-64.zip         | LOCAL=f32409e3c1dbc83cb0a927561dbe6b765ad77d21224e57cace0455d93ccb77dd REMOTE=f32409e3c1dbc83cb0a927561dbe6b765ad77d21224e57cace0455d93ccb77dd
[1045/3625] Checking is OK   | E:\01.userData\ZhuoMian\Github_Releases_批量下载 xray\Xray-core\v1.7.3\Xray-freebsd-32.zip           | LOCAL=1ce1388dbc6b08918b1bb9fb49ab0f2464c78a6daafb0e34825a16133a976bd2 REMOTE=1ce1388dbc6b08918b1bb9fb49ab0f2464c78a6daafb0e34825a16133a976bd2
[1046/3625] Checking is OK   | E:\01.userData\ZhuoMian\Github_Releases_批量下载 xray\Xray-core\v1.7.3\Xray-freebsd-64.zip           | LOCAL=7da62e507d6a91032c4ca9d523bdc501c359856ce8bf75999fe471bb5193058b REMOTE=7da62e507d6a91032c4ca9d523bdc501c359856ce8bf75999fe471bb5193058b
[1047/3625] Checking is OK   | E:\01.userData\ZhuoMian\Github_Releases_批量下载 xray\Xray-core\v1.7.3\Xray-freebsd-arm32-v7a.zip    | LOCAL=8c2204ab09d7a5b22bee476a8d4bc66c3aa4cd203574ff010ace3dfe20fb90ee REMOTE=8c2204ab09d7a5b22bee476a8d4bc66c3aa4cd203574ff010ace3dfe20fb90ee
[1048/3625] Checking is OK   | E:\01.userData\ZhuoMian\Github_Releases_批量下载 xray\Xray-core\v1.7.3\Xray-freebsd-arm64-v8a.zip    | LOCAL=f1c947df0c71ba10806c92bb6e48e34ef189efb5d4d37721b76a44b727b7dd8b REMOTE=f1c947df0c71ba10806c92bb6e48e34ef189efb5d4d37721b76a44b727b7dd8b
[1049/3625] Checking is OK   | E:\01.userData\ZhuoMian\Github_Releases_批量下载 xray\Xray-core\v1.7.3\Xray-linux-32.zip             | LOCAL=9b33a545d60cae19189844b41851723e3b738f3eae40dfb8bfc37812d0aa615c REMOTE=9b33a545d60cae19189844b41851723e3b738f3eae40dfb8bfc37812d0aa615c
[1050/3625] Checking is OK   | E:\01.userData\ZhuoMian\Github_Releases_批量下载 xray\Xray-core\v1.7.3\Xray-linux-64.zip             | LOCAL=fbfd158429548f6bedab80821fc0f61ec86b45f2caf3fc8e9aaed12e37886f38 REMOTE=fbfd158429548f6bedab80821fc0f61ec86b45f2caf3fc8e9aaed12e37886f38
[1051/3625] Checking is OK   | E:\01.userData\ZhuoMian\Github_Releases_批量下载 xray\Xray-core\v1.7.3\Xray-linux-arm32-v5.zip       | LOCAL=4252809969839ce1d528cedcf71ac2afd731f6342da1e609b79a65db379d400f REMOTE=4252809969839ce1d528cedcf71ac2afd731f6342da1e609b79a65db379d400f
[1052/3625] Checking is OK   | E:\01.userData\ZhuoMian\Github_Releases_批量下载 xray\Xray-core\v1.7.3\Xray-linux-arm32-v6.zip       | LOCAL=b123f0747836c4f8387a0fb030d2c14b9816afce51e258c01d2f876528f9a40a REMOTE=b123f0747836c4f8387a0fb030d2c14b9816afce51e258c01d2f876528f9a40a
[1053/3625] Checking is OK   | E:\01.userData\ZhuoMian\Github_Releases_批量下载 xray\Xray-core\v1.7.3\Xray-linux-arm32-v7a.zip      | LOCAL=a9c211ac6074f5921b96e701419f3ef8730b2309d82b7404764b2cafe1fa16d9 REMOTE=a9c211ac6074f5921b96e701419f3ef8730b2309d82b7404764b2cafe1fa16d9
[1054/3625] Checking is OK   | E:\01.userData\ZhuoMian\Github_Releases_批量下载 xray\Xray-core\v1.7.3\Xray-linux-arm64-v8a.zip      | LOCAL=760b986748b96b61fc76349587f6ff46b4ba6ee8bdddf0ef84f04d3d826eb972 REMOTE=760b986748b96b61fc76349587f6ff46b4ba6ee8bdddf0ef84f04d3d826eb972
[1055/3625] Checking is OK   | E:\01.userData\ZhuoMian\Github_Releases_批量下载 xray\Xray-core\v1.7.3\Xray-linux-mips32.zip         | LOCAL=5164f4fcb07f20ef32672530182a3279938d834a796a8781a3fb3b01337855b1 REMOTE=5164f4fcb07f20ef32672530182a3279938d834a796a8781a3fb3b01337855b1
[1056/3625] Checking is OK   | E:\01.userData\ZhuoMian\Github_Releases_批量下载 xray\Xray-core\v1.7.3\Xray-linux-mips32le.zip       | LOCAL=123b005b0474a012cfe209e9417c4be5be606295ba7d53235a269d28d2df9be9 REMOTE=123b005b0474a012cfe209e9417c4be5be606295ba7d53235a269d28d2df9be9
[1057/3625] Checking is OK   | E:\01.userData\ZhuoMian\Github_Releases_批量下载 xray\Xray-core\v1.7.3\Xray-linux-mips64.zip         | LOCAL=ea2108990e804675afd3326fda4f79e7555384da21470b603d50d1048de8ce8b REMOTE=ea2108990e804675afd3326fda4f79e7555384da21470b603d50d1048de8ce8b
[1058/3625] Checking is OK   | E:\01.userData\ZhuoMian\Github_Releases_批量下载 xray\Xray-core\v1.7.3\Xray-linux-mips64le.zip       | LOCAL=82e946cf7e239e77c4dc559c186376af3aa60c7950cebe0c5d17c78b10895bae REMOTE=82e946cf7e239e77c4dc559c186376af3aa60c7950cebe0c5d17c78b10895bae
[1059/3625] Checking is OK   | E:\01.userData\ZhuoMian\Github_Releases_批量下载 xray\Xray-core\v1.7.3\Xray-linux-ppc64.zip          | LOCAL=7e6e1240f69d755d4950f8f5552b0a464f0f5b966e97e0e9fbf37e5f9ef1aa50 REMOTE=7e6e1240f69d755d4950f8f5552b0a464f0f5b966e97e0e9fbf37e5f9ef1aa50
[1060/3625] Checking is OK   | E:\01.userData\ZhuoMian\Github_Releases_批量下载 xray\Xray-core\v1.7.3\Xray-linux-ppc64le.zip        | LOCAL=f11b074b942bde1751fe8b2f0877a5682949328e52bf2f8e957a701fd23453c9 REMOTE=f11b074b942bde1751fe8b2f0877a5682949328e52bf2f8e957a701fd23453c9
[1061/3625] Checking is OK   | E:\01.userData\ZhuoMian\Github_Releases_批量下载 xray\Xray-core\v1.7.3\Xray-linux-riscv64.zip        | LOCAL=ed1c34d5f1fd595c8b4a82efb043508dfacc42ffebe755c2bf41c36541458793 REMOTE=ed1c34d5f1fd595c8b4a82efb043508dfacc42ffebe755c2bf41c36541458793
[1062/3625] Checking is OK   | E:\01.userData\ZhuoMian\Github_Releases_批量下载 xray\Xray-core\v1.7.3\Xray-linux-s390x.zip          | LOCAL=8be55db2fdbd22b26d166fd0ac5f8f6bdafbf1468e9ff04ab84b1a5721247b1d REMOTE=8be55db2fdbd22b26d166fd0ac5f8f6bdafbf1468e9ff04ab84b1a5721247b1d
[1063/3625] Checking is OK   | E:\01.userData\ZhuoMian\Github_Releases_批量下载 xray\Xray-core\v1.7.3\Xray-macos-64.zip             | LOCAL=80bab2290da7841ee499287954f9383abc4771bd4e1f7c81060d14e7af5ed9d1 REMOTE=80bab2290da7841ee499287954f9383abc4771bd4e1f7c81060d14e7af5ed9d1
[1064/3625] Checking is OK   | E:\01.userData\ZhuoMian\Github_Releases_批量下载 xray\Xray-core\v1.7.3\Xray-macos-arm64-v8a.zip      | LOCAL=cad06e5a3029671d79178d8954055e6d27a6a95bda525b99d00175a86a0fc743 REMOTE=cad06e5a3029671d79178d8954055e6d27a6a95bda525b99d00175a86a0fc743
[1065/3625] Checking is OK   | E:\01.userData\ZhuoMian\Github_Releases_批量下载 xray\Xray-core\v1.7.3\Xray-openbsd-32.zip           | LOCAL=0bfcf221becadc2957ba350d732ea12bcbd6bd1191044aeea20149e6532844a2 REMOTE=0bfcf221becadc2957ba350d732ea12bcbd6bd1191044aeea20149e6532844a2
[1066/3625] Checking is OK   | E:\01.userData\ZhuoMian\Github_Releases_批量下载 xray\Xray-core\v1.7.3\Xray-openbsd-64.zip           | LOCAL=906f59eff68a1ac414d4d38d522aa27e53ec3bc353f8deee6963e4f942537d62 REMOTE=906f59eff68a1ac414d4d38d522aa27e53ec3bc353f8deee6963e4f942537d62
[1067/3625] Checking is OK   | E:\01.userData\ZhuoMian\Github_Releases_批量下载 xray\Xray-core\v1.7.3\Xray-openbsd-arm32-v7a.zip    | LOCAL=5016cdea1e845eabf8c733cf131f36d92757b26de600a4f298a57252463d7b31 REMOTE=5016cdea1e845eabf8c733cf131f36d92757b26de600a4f298a57252463d7b31
[1068/3625] Checking is OK   | E:\01.userData\ZhuoMian\Github_Releases_批量下载 xray\Xray-core\v1.7.3\Xray-openbsd-arm64-v8a.zip    | LOCAL=30793dbe9fcc18655dbb16b18609646f1fe0b41609575a82c5ded83adad1bddd REMOTE=30793dbe9fcc18655dbb16b18609646f1fe0b41609575a82c5ded83adad1bddd
[1069/3625] Checking is OK   | E:\01.userData\ZhuoMian\Github_Releases_批量下载 xray\Xray-core\v1.7.3\Xray-windows-32.zip           | LOCAL=6ae6c1fd596ac30ff4e9e4249a08f410b51e18cdb9bcf1494a49662201ef940d REMOTE=6ae6c1fd596ac30ff4e9e4249a08f410b51e18cdb9bcf1494a49662201ef940d
[1070/3625] Checking is OK   | E:\01.userData\ZhuoMian\Github_Releases_批量下载 xray\Xray-core\v1.7.3\Xray-windows-64.zip           | LOCAL=eb4adeb38ea49af1355bb3f7489668622e8c295b4102cc14adab3ae0328cb4f3 REMOTE=eb4adeb38ea49af1355bb3f7489668622e8c295b4102cc14adab3ae0328cb4f3
[1071/3625] Checking is OK   | E:\01.userData\ZhuoMian\Github_Releases_批量下载 xray\Xray-core\v1.7.3\Xray-windows-arm32-v7a.zip    | LOCAL=4167fc2d70d20d37082bccdc610db9210376c9513d540557172e69db29c888fa REMOTE=4167fc2d70d20d37082bccdc610db9210376c9513d540557172e69db29c888fa
[1072/3625] Checking is OK   | E:\01.userData\ZhuoMian\Github_Releases_批量下载 xray\Xray-core\v1.7.3\Xray-windows-arm64-v8a.zip    | LOCAL=05c9979c4c12aa6ab33227fb2df9cf2cd9fc77f201a8008b7a9aff48cad87fba REMOTE=05c9979c4c12aa6ab33227fb2df9cf2cd9fc77f201a8008b7a9aff48cad87fba
[1073/3625] Checking is OK   | E:\01.userData\ZhuoMian\Github_Releases_批量下载 xray\Xray-core\v1.7.5\Xray-android-arm64-v8a.zip    | LOCAL=ee7931df66ef7ccb9ed0094de3c2e0956055bafe3e4910de0bdbc8f29d44306f REMOTE=ee7931df66ef7ccb9ed0094de3c2e0956055bafe3e4910de0bdbc8f29d44306f
[1074/3625] Checking is OK   | E:\01.userData\ZhuoMian\Github_Releases_批量下载 xray\Xray-core\v1.7.5\Xray-dragonfly-64.zip         | LOCAL=1a9dc1209bb2485976f10a7ae234eafa7b41d6acfb6f7eaad7fd8f9a26a824fe REMOTE=1a9dc1209bb2485976f10a7ae234eafa7b41d6acfb6f7eaad7fd8f9a26a824fe
[1075/3625] Checking is OK   | E:\01.userData\ZhuoMian\Github_Releases_批量下载 xray\Xray-core\v1.7.5\Xray-freebsd-32.zip           | LOCAL=ee167f2f1b7a9e060756b30d250f74d30c5a21d4951d1680988956de5be115ff REMOTE=ee167f2f1b7a9e060756b30d250f74d30c5a21d4951d1680988956de5be115ff
[1076/3625] Checking is OK   | E:\01.userData\ZhuoMian\Github_Releases_批量下载 xray\Xray-core\v1.7.5\Xray-freebsd-64.zip           | LOCAL=c3ceacbafc0cfbcecf59a3df797be7ddfdec33506e253222ceb722b4455d90fd REMOTE=c3ceacbafc0cfbcecf59a3df797be7ddfdec33506e253222ceb722b4455d90fd
[1077/3625] Checking is OK   | E:\01.userData\ZhuoMian\Github_Releases_批量下载 xray\Xray-core\v1.7.5\Xray-freebsd-arm32-v7a.zip    | LOCAL=db5e63cc97f542f06b9e477b1ab5d0b5dc660a96b7966d9a2c73d6924fdc6bba REMOTE=db5e63cc97f542f06b9e477b1ab5d0b5dc660a96b7966d9a2c73d6924fdc6bba
[1078/3625] Checking is OK   | E:\01.userData\ZhuoMian\Github_Releases_批量下载 xray\Xray-core\v1.7.5\Xray-freebsd-arm64-v8a.zip    | LOCAL=d68f30e8539eb7ba95b6d1eea50a1444a92797f44810f5f61445363add30a9ca REMOTE=d68f30e8539eb7ba95b6d1eea50a1444a92797f44810f5f61445363add30a9ca
[1079/3625] Checking is OK   | E:\01.userData\ZhuoMian\Github_Releases_批量下载 xray\Xray-core\v1.7.5\Xray-linux-32.zip             | LOCAL=86dba0f1a1e13b36cdd90902ddf257f35e2d3db3b64641e8da65e26306968657 REMOTE=86dba0f1a1e13b36cdd90902ddf257f35e2d3db3b64641e8da65e26306968657
[1080/3625] Checking is OK   | E:\01.userData\ZhuoMian\Github_Releases_批量下载 xray\Xray-core\v1.7.5\Xray-linux-64.zip             | LOCAL=d621476ffb84d472717b03dd633d40ae6f1a0d8431f85ffcf44ff11224373453 REMOTE=d621476ffb84d472717b03dd633d40ae6f1a0d8431f85ffcf44ff11224373453
[1081/3625] Checking is OK   | E:\01.userData\ZhuoMian\Github_Releases_批量下载 xray\Xray-core\v1.7.5\Xray-linux-arm32-v5.zip       | LOCAL=6122bb06d2a3dfb21f7497a11bd888a234f68b9a292ef8c48907913bae8b5347 REMOTE=6122bb06d2a3dfb21f7497a11bd888a234f68b9a292ef8c48907913bae8b5347
[1082/3625] Checking is OK   | E:\01.userData\ZhuoMian\Github_Releases_批量下载 xray\Xray-core\v1.7.5\Xray-linux-arm32-v6.zip       | LOCAL=4e199d9dfb95c42118f70d0c25d6ef12a22c15113031620d2d3e5d237a379cca REMOTE=4e199d9dfb95c42118f70d0c25d6ef12a22c15113031620d2d3e5d237a379cca
[1083/3625] Checking is OK   | E:\01.userData\ZhuoMian\Github_Releases_批量下载 xray\Xray-core\v1.7.5\Xray-linux-arm32-v7a.zip      | LOCAL=596318d55e83dffda40f070c0f3c3450b5a693bd76aa4175b922104ce21343bb REMOTE=596318d55e83dffda40f070c0f3c3450b5a693bd76aa4175b922104ce21343bb
[1084/3625] Checking is OK   | E:\01.userData\ZhuoMian\Github_Releases_批量下载 xray\Xray-core\v1.7.5\Xray-linux-arm64-v8a.zip      | LOCAL=21b8a35dd35ca3f5e54f48f8cdbfc4868fe102658f47e3bf7668b81f8510c173 REMOTE=21b8a35dd35ca3f5e54f48f8cdbfc4868fe102658f47e3bf7668b81f8510c173
[1085/3625] Checking is OK   | E:\01.userData\ZhuoMian\Github_Releases_批量下载 xray\Xray-core\v1.7.5\Xray-linux-mips32.zip         | LOCAL=e4d139a55ae09e771c2ced64bf97a8561c88d81f01c15789e34ebd2782eb1d4f REMOTE=e4d139a55ae09e771c2ced64bf97a8561c88d81f01c15789e34ebd2782eb1d4f
[1086/3625] Checking is OK   | E:\01.userData\ZhuoMian\Github_Releases_批量下载 xray\Xray-core\v1.7.5\Xray-linux-mips32le.zip       | LOCAL=14d935dd582ad50b07c57a6a1189b1b536ea4721bab101dd7b5b575cac0e728a REMOTE=14d935dd582ad50b07c57a6a1189b1b536ea4721bab101dd7b5b575cac0e728a
[1087/3625] Checking is OK   | E:\01.userData\ZhuoMian\Github_Releases_批量下载 xray\Xray-core\v1.7.5\Xray-linux-mips64.zip         | LOCAL=efe48688605626973f58e62ebb586b77401dcae47b00bedcff137d21445938e2 REMOTE=efe48688605626973f58e62ebb586b77401dcae47b00bedcff137d21445938e2
[1088/3625] Checking is OK   | E:\01.userData\ZhuoMian\Github_Releases_批量下载 xray\Xray-core\v1.7.5\Xray-linux-mips64le.zip       | LOCAL=bcd1b1fe7375caa73cf33cac7d7b62a22f5e22d04d2b651257ef3961a3fcccd4 REMOTE=bcd1b1fe7375caa73cf33cac7d7b62a22f5e22d04d2b651257ef3961a3fcccd4
[1089/3625] Checking is OK   | E:\01.userData\ZhuoMian\Github_Releases_批量下载 xray\Xray-core\v1.7.5\Xray-linux-ppc64.zip          | LOCAL=807c93d833292923c5fc43049407de33840cb4d1e325079227ede9eccb615059 REMOTE=807c93d833292923c5fc43049407de33840cb4d1e325079227ede9eccb615059
[1090/3625] Checking is OK   | E:\01.userData\ZhuoMian\Github_Releases_批量下载 xray\Xray-core\v1.7.5\Xray-linux-ppc64le.zip        | LOCAL=35e2c9d648539b7dacd21bcd1e7a686d595098d7cd6bafb0db1df2e651f5565d REMOTE=35e2c9d648539b7dacd21bcd1e7a686d595098d7cd6bafb0db1df2e651f5565d
[1091/3625] Checking is OK   | E:\01.userData\ZhuoMian\Github_Releases_批量下载 xray\Xray-core\v1.7.5\Xray-linux-riscv64.zip        | LOCAL=07bedd462d8ba0942296dbd7068da72a57e091a535ee5b8f7c25c8097fa69572 REMOTE=07bedd462d8ba0942296dbd7068da72a57e091a535ee5b8f7c25c8097fa69572
[1092/3625] Checking is OK   | E:\01.userData\ZhuoMian\Github_Releases_批量下载 xray\Xray-core\v1.7.5\Xray-linux-s390x.zip          | LOCAL=2ebe9ba54433a7e97b14b1731c813c17818fadf61159aad84734a16bc7949c79 REMOTE=2ebe9ba54433a7e97b14b1731c813c17818fadf61159aad84734a16bc7949c79
[1093/3625] Checking is OK   | E:\01.userData\ZhuoMian\Github_Releases_批量下载 xray\Xray-core\v1.7.5\Xray-macos-64.zip             | LOCAL=fc6477f7b5b7ee5e5d1f8910f8367541d996f226bf48047ac6bac620f04fcc04 REMOTE=fc6477f7b5b7ee5e5d1f8910f8367541d996f226bf48047ac6bac620f04fcc04
[1094/3625] Checking is OK   | E:\01.userData\ZhuoMian\Github_Releases_批量下载 xray\Xray-core\v1.7.5\Xray-macos-arm64-v8a.zip      | LOCAL=4ba0870206c3603db89fbf23b0bfc4f7cefb530cf83e8f0bb39a573f1e36b31f REMOTE=4ba0870206c3603db89fbf23b0bfc4f7cefb530cf83e8f0bb39a573f1e36b31f
[1095/3625] Checking is OK   | E:\01.userData\ZhuoMian\Github_Releases_批量下载 xray\Xray-core\v1.7.5\Xray-openbsd-32.zip           | LOCAL=32eb619f9dbca99c651e252e2759263eb83deb2fb37c9511eb65ecb525152535 REMOTE=32eb619f9dbca99c651e252e2759263eb83deb2fb37c9511eb65ecb525152535
[1096/3625] Checking is OK   | E:\01.userData\ZhuoMian\Github_Releases_批量下载 xray\Xray-core\v1.7.5\Xray-openbsd-64.zip           | LOCAL=f404757b13cd6eddb343d4e88faa67cc39ab518024f1d2dae212a1b15e5f1ec9 REMOTE=f404757b13cd6eddb343d4e88faa67cc39ab518024f1d2dae212a1b15e5f1ec9
[1097/3625] Checking is OK   | E:\01.userData\ZhuoMian\Github_Releases_批量下载 xray\Xray-core\v1.7.5\Xray-openbsd-arm32-v7a.zip    | LOCAL=7e9d44a7f3487bcc31907b3a33bcd9cc109dec4b029ee451ef9a0ab3e2a0e19a REMOTE=7e9d44a7f3487bcc31907b3a33bcd9cc109dec4b029ee451ef9a0ab3e2a0e19a
[1098/3625] Checking is OK   | E:\01.userData\ZhuoMian\Github_Releases_批量下载 xray\Xray-core\v1.7.5\Xray-openbsd-arm64-v8a.zip    | LOCAL=283035e261a9e4b0c8c7e5b6055507a4f3717a93e8f66ada994b7858c09630db REMOTE=283035e261a9e4b0c8c7e5b6055507a4f3717a93e8f66ada994b7858c09630db
[1099/3625] Checking is OK   | E:\01.userData\ZhuoMian\Github_Releases_批量下载 xray\Xray-core\v1.7.5\Xray-windows-32.zip           | LOCAL=d09c8d34c175e54576520df8d3617ccfd2fbc97da199e18b9cacae6f5287b97d REMOTE=d09c8d34c175e54576520df8d3617ccfd2fbc97da199e18b9cacae6f5287b97d
[1100/3625] Checking is OK   | E:\01.userData\ZhuoMian\Github_Releases_批量下载 xray\Xray-core\v1.7.5\Xray-windows-64.zip           | LOCAL=3ec029d8db25bae76e30027ad796a08ca830a8dce71d0a02b16b18d0f5002cdb REMOTE=3ec029d8db25bae76e30027ad796a08ca830a8dce71d0a02b16b18d0f5002cdb
[1101/3625] Checking is OK   | E:\01.userData\ZhuoMian\Github_Releases_批量下载 xray\Xray-core\v1.7.5\Xray-windows-arm32-v7a.zip    | LOCAL=13d2c377fbdeb396c2740166e8bfb3bdd46c0e83d7114f824c3ca0fce7533414 REMOTE=13d2c377fbdeb396c2740166e8bfb3bdd46c0e83d7114f824c3ca0fce7533414
[1102/3625] Checking is OK   | E:\01.userData\ZhuoMian\Github_Releases_批量下载 xray\Xray-core\v1.7.5\Xray-windows-arm64-v8a.zip    | LOCAL=a405d27e8e95041c02f539138082841b5848609512ab1699f123a1fc2ffaa879 REMOTE=a405d27e8e95041c02f539138082841b5848609512ab1699f123a1fc2ffaa879
[1103/3625] Checking is OK   | E:\01.userData\ZhuoMian\Github_Releases_批量下载 xray\Xray-core\v1.8.0\Xray-android-arm64-v8a.zip    | LOCAL=3bd916744a95e4991ac1d9fa377ce087bab78a847e5997b2770f4df9d764d6da REMOTE=3bd916744a95e4991ac1d9fa377ce087bab78a847e5997b2770f4df9d764d6da
[1104/3625] Checking is OK   | E:\01.userData\ZhuoMian\Github_Releases_批量下载 xray\Xray-core\v1.8.0\Xray-dragonfly-64.zip         | LOCAL=c496609f1c6486016391b02f4ebf02d6ee4f080ad40926e849723bd72096538b REMOTE=c496609f1c6486016391b02f4ebf02d6ee4f080ad40926e849723bd72096538b
[1105/3625] Checking is OK   | E:\01.userData\ZhuoMian\Github_Releases_批量下载 xray\Xray-core\v1.8.0\Xray-freebsd-32.zip           | LOCAL=0b4a15c07fb02b82d6168b77acd0bfb6c6ec305716524bae80a4c14eb03fb071 REMOTE=0b4a15c07fb02b82d6168b77acd0bfb6c6ec305716524bae80a4c14eb03fb071
[1106/3625] Checking is OK   | E:\01.userData\ZhuoMian\Github_Releases_批量下载 xray\Xray-core\v1.8.0\Xray-freebsd-64.zip           | LOCAL=88690e0d2234b459e9712c890b3ee08a3635136aa72bd1047030f38118e3b609 REMOTE=88690e0d2234b459e9712c890b3ee08a3635136aa72bd1047030f38118e3b609
[1107/3625] Checking is OK   | E:\01.userData\ZhuoMian\Github_Releases_批量下载 xray\Xray-core\v1.8.0\Xray-freebsd-arm32-v7a.zip    | LOCAL=47ff22bc1a6f8be1db205b5160dc58765c43fa7a6f3330f3d196cfa6c6f69c2f REMOTE=47ff22bc1a6f8be1db205b5160dc58765c43fa7a6f3330f3d196cfa6c6f69c2f
[1108/3625] Checking is OK   | E:\01.userData\ZhuoMian\Github_Releases_批量下载 xray\Xray-core\v1.8.0\Xray-freebsd-arm64-v8a.zip    | LOCAL=f74baf7c9a8f9640f1a5380ee2a05e3d407f2025bf670ee3575a44494a979bc6 REMOTE=f74baf7c9a8f9640f1a5380ee2a05e3d407f2025bf670ee3575a44494a979bc6
[1109/3625] Checking is OK   | E:\01.userData\ZhuoMian\Github_Releases_批量下载 xray\Xray-core\v1.8.0\Xray-linux-32.zip             | LOCAL=ad9aa28092d0778fb7735da4ba613c3c6d769233c2bc27a32575285b7de4f9c5 REMOTE=ad9aa28092d0778fb7735da4ba613c3c6d769233c2bc27a32575285b7de4f9c5
[1110/3625] Checking is OK   | E:\01.userData\ZhuoMian\Github_Releases_批量下载 xray\Xray-core\v1.8.0\Xray-linux-64.zip             | LOCAL=899028a4e48bb2e3ecc6ea8a78dbf10fa3405bb7569172e68581633fec0669ff REMOTE=899028a4e48bb2e3ecc6ea8a78dbf10fa3405bb7569172e68581633fec0669ff
[1111/3625] Checking is OK   | E:\01.userData\ZhuoMian\Github_Releases_批量下载 xray\Xray-core\v1.8.0\Xray-linux-arm32-v5.zip       | LOCAL=5b7dbeb9214a352f27d923f516233f5e6935d35902d40eb5f16c187b603a4c9b REMOTE=5b7dbeb9214a352f27d923f516233f5e6935d35902d40eb5f16c187b603a4c9b
[1112/3625] Checking is OK   | E:\01.userData\ZhuoMian\Github_Releases_批量下载 xray\Xray-core\v1.8.0\Xray-linux-arm32-v6.zip       | LOCAL=a9b3fafb493c17d89182fe0a72e6e7cf337610544de7590dcda233f3cb8f3574 REMOTE=a9b3fafb493c17d89182fe0a72e6e7cf337610544de7590dcda233f3cb8f3574
[1113/3625] Checking is OK   | E:\01.userData\ZhuoMian\Github_Releases_批量下载 xray\Xray-core\v1.8.0\Xray-linux-arm32-v7a.zip      | LOCAL=fee26eb64984ecb73bd7da496440f7bcbcafff2b45ea5730fee15a85323ace4d REMOTE=fee26eb64984ecb73bd7da496440f7bcbcafff2b45ea5730fee15a85323ace4d
[1114/3625] Checking is OK   | E:\01.userData\ZhuoMian\Github_Releases_批量下载 xray\Xray-core\v1.8.0\Xray-linux-arm64-v8a.zip      | LOCAL=7e5e26abf8321dd2caceff3f0ab985e9e754669863a07266fa4072f09c319f90 REMOTE=7e5e26abf8321dd2caceff3f0ab985e9e754669863a07266fa4072f09c319f90
[1115/3625] Checking is OK   | E:\01.userData\ZhuoMian\Github_Releases_批量下载 xray\Xray-core\v1.8.0\Xray-linux-mips32.zip         | LOCAL=d78a22b6570c5fc95bafe2e3982c8944b8af51e2ac78668e3438cc525c380d8a REMOTE=d78a22b6570c5fc95bafe2e3982c8944b8af51e2ac78668e3438cc525c380d8a
[1116/3625] Checking is OK   | E:\01.userData\ZhuoMian\Github_Releases_批量下载 xray\Xray-core\v1.8.0\Xray-linux-mips32le.zip       | LOCAL=1dc2f2c20a93903cbc01671cf75d2b89074485b0251877490131568973d20f6d REMOTE=1dc2f2c20a93903cbc01671cf75d2b89074485b0251877490131568973d20f6d
[1117/3625] Checking is OK   | E:\01.userData\ZhuoMian\Github_Releases_批量下载 xray\Xray-core\v1.8.0\Xray-linux-mips64.zip         | LOCAL=8ce306bb8018a41ce71cdd4e5f3c6ca1ce3eafcbf5137462b995750e7009ccfc REMOTE=8ce306bb8018a41ce71cdd4e5f3c6ca1ce3eafcbf5137462b995750e7009ccfc
[1118/3625] Checking is OK   | E:\01.userData\ZhuoMian\Github_Releases_批量下载 xray\Xray-core\v1.8.0\Xray-linux-mips64le.zip       | LOCAL=cb6431c8927f994d588d643724f6b6de80e521859760e1acd17a425b6ae0ce14 REMOTE=cb6431c8927f994d588d643724f6b6de80e521859760e1acd17a425b6ae0ce14
[1119/3625] Checking is OK   | E:\01.userData\ZhuoMian\Github_Releases_批量下载 xray\Xray-core\v1.8.0\Xray-linux-ppc64.zip          | LOCAL=a29fc037d5475141e3efd7565fbe247edf7e964810fb7c6e88bb16b04ce06951 REMOTE=a29fc037d5475141e3efd7565fbe247edf7e964810fb7c6e88bb16b04ce06951
[1120/3625] Checking is OK   | E:\01.userData\ZhuoMian\Github_Releases_批量下载 xray\Xray-core\v1.8.0\Xray-linux-ppc64le.zip        | LOCAL=9d750081b684333ccc16be76094376c4ce7fc85cb7ed4a2e96af0c50ef89c2cb REMOTE=9d750081b684333ccc16be76094376c4ce7fc85cb7ed4a2e96af0c50ef89c2cb
[1121/3625] Checking is OK   | E:\01.userData\ZhuoMian\Github_Releases_批量下载 xray\Xray-core\v1.8.0\Xray-linux-riscv64.zip        | LOCAL=4ad86cbb800dbf9fa5639f5ebf7c9fc115dc2513b18303a13ac9d5d0897aaa83 REMOTE=4ad86cbb800dbf9fa5639f5ebf7c9fc115dc2513b18303a13ac9d5d0897aaa83
[1122/3625] Checking is OK   | E:\01.userData\ZhuoMian\Github_Releases_批量下载 xray\Xray-core\v1.8.0\Xray-linux-s390x.zip          | LOCAL=0f86a99aa4572e7315c305f6037295f5f93c3a5691e72e430f89d63f97700f4c REMOTE=0f86a99aa4572e7315c305f6037295f5f93c3a5691e72e430f89d63f97700f4c
[1123/3625] Checking is OK   | E:\01.userData\ZhuoMian\Github_Releases_批量下载 xray\Xray-core\v1.8.0\Xray-macos-64.zip             | LOCAL=533dec8374985618e7e86673f677bc8b68d462c3a870edf4635b8c42d3db7819 REMOTE=533dec8374985618e7e86673f677bc8b68d462c3a870edf4635b8c42d3db7819
[1124/3625] Checking is OK   | E:\01.userData\ZhuoMian\Github_Releases_批量下载 xray\Xray-core\v1.8.0\Xray-macos-arm64-v8a.zip      | LOCAL=d9ad6bd2ca14096fc6f8beb9bee0760826deb330dd8e9e8b07f285bece979972 REMOTE=d9ad6bd2ca14096fc6f8beb9bee0760826deb330dd8e9e8b07f285bece979972
[1125/3625] Checking is OK   | E:\01.userData\ZhuoMian\Github_Releases_批量下载 xray\Xray-core\v1.8.0\Xray-openbsd-32.zip           | LOCAL=a7579b80e2aa5b97636740374775cc8c2ceb03cfdbf47d276bfc1a34a799a2b4 REMOTE=a7579b80e2aa5b97636740374775cc8c2ceb03cfdbf47d276bfc1a34a799a2b4
[1126/3625] Checking is OK   | E:\01.userData\ZhuoMian\Github_Releases_批量下载 xray\Xray-core\v1.8.0\Xray-openbsd-64.zip           | LOCAL=b7c8c062e846894cf7e1421091fdc494e3a62f29df0ed8c226069575e1a51fc9 REMOTE=b7c8c062e846894cf7e1421091fdc494e3a62f29df0ed8c226069575e1a51fc9
[1127/3625] Checking is OK   | E:\01.userData\ZhuoMian\Github_Releases_批量下载 xray\Xray-core\v1.8.0\Xray-openbsd-arm32-v7a.zip    | LOCAL=0ea1242f03aa9e94dc61d6776bdf338891d5262755532d7f865adebf65184f22 REMOTE=0ea1242f03aa9e94dc61d6776bdf338891d5262755532d7f865adebf65184f22
[1128/3625] Checking is OK   | E:\01.userData\ZhuoMian\Github_Releases_批量下载 xray\Xray-core\v1.8.0\Xray-openbsd-arm64-v8a.zip    | LOCAL=076e0848cc520aca40e42a0d5b770ee49d7162e63a90619a6800dd149d156d75 REMOTE=076e0848cc520aca40e42a0d5b770ee49d7162e63a90619a6800dd149d156d75
[1129/3625] Checking is OK   | E:\01.userData\ZhuoMian\Github_Releases_批量下载 xray\Xray-core\v1.8.0\Xray-windows-32.zip           | LOCAL=30a1b2480224f2a2212c626497d5d5d55195de6b781f9c480aa6f06c9f3c7b60 REMOTE=30a1b2480224f2a2212c626497d5d5d55195de6b781f9c480aa6f06c9f3c7b60
[1130/3625] Checking is OK   | E:\01.userData\ZhuoMian\Github_Releases_批量下载 xray\Xray-core\v1.8.0\Xray-windows-64.zip           | LOCAL=48165c67a5d297e76ba0a699ec2afcd5d3939761d8b4fec88ffe7f8e3ef709e7 REMOTE=48165c67a5d297e76ba0a699ec2afcd5d3939761d8b4fec88ffe7f8e3ef709e7
[1131/3625] Checking is OK   | E:\01.userData\ZhuoMian\Github_Releases_批量下载 xray\Xray-core\v1.8.0\Xray-windows-arm32-v7a.zip    | LOCAL=8abca9b5b0925ea894a2b57057065296618164287d81ab9b6dfcfb4bca4cc654 REMOTE=8abca9b5b0925ea894a2b57057065296618164287d81ab9b6dfcfb4bca4cc654
[1132/3625] Checking is OK   | E:\01.userData\ZhuoMian\Github_Releases_批量下载 xray\Xray-core\v1.8.0\Xray-windows-arm64-v8a.zip    | LOCAL=8258ad26ed898b4142a683762ea847c5232cb3d0b337857067d5859e416249fc REMOTE=8258ad26ed898b4142a683762ea847c5232cb3d0b337857067d5859e416249fc
[1133/3625] Checking is OK   | E:\01.userData\ZhuoMian\Github_Releases_批量下载 xray\Xray-core\v1.8.1\Xray-android-arm64-v8a.zip    | LOCAL=595165ee3250f02da881e221e07ba026e338a92c0f69e4a06c4a6cc147d2ae23 REMOTE=595165ee3250f02da881e221e07ba026e338a92c0f69e4a06c4a6cc147d2ae23
[1134/3625] Checking is OK   | E:\01.userData\ZhuoMian\Github_Releases_批量下载 xray\Xray-core\v1.8.1\Xray-dragonfly-64.zip         | LOCAL=c960eaa321e1c354c453472f3db5fa98185eb436baf7ef05d0e5398bc45916db REMOTE=c960eaa321e1c354c453472f3db5fa98185eb436baf7ef05d0e5398bc45916db
[1135/3625] Checking is OK   | E:\01.userData\ZhuoMian\Github_Releases_批量下载 xray\Xray-core\v1.8.1\Xray-freebsd-32.zip           | LOCAL=aca3692fba8bef0dcc4c1286d2eeb570f73bca36ac42a62930b81b66a5e929d6 REMOTE=aca3692fba8bef0dcc4c1286d2eeb570f73bca36ac42a62930b81b66a5e929d6
[1136/3625] Checking is OK   | E:\01.userData\ZhuoMian\Github_Releases_批量下载 xray\Xray-core\v1.8.1\Xray-freebsd-64.zip           | LOCAL=8a504508621d44f816c1edb08a9052dd77656a306c21675b7ea2f763d8e7c830 REMOTE=8a504508621d44f816c1edb08a9052dd77656a306c21675b7ea2f763d8e7c830
[1137/3625] Checking is OK   | E:\01.userData\ZhuoMian\Github_Releases_批量下载 xray\Xray-core\v1.8.1\Xray-freebsd-arm32-v7a.zip    | LOCAL=c0a28697f0e03714244fadf1b89280e95ccea893357fe40da567a2560ac53076 REMOTE=c0a28697f0e03714244fadf1b89280e95ccea893357fe40da567a2560ac53076
[1138/3625] Checking is OK   | E:\01.userData\ZhuoMian\Github_Releases_批量下载 xray\Xray-core\v1.8.1\Xray-freebsd-arm64-v8a.zip    | LOCAL=d6b8f52c52cdb93720eb002731cc891065ea999c472e4ca740766cef22c9b7ea REMOTE=d6b8f52c52cdb93720eb002731cc891065ea999c472e4ca740766cef22c9b7ea
[1139/3625] Checking is OK   | E:\01.userData\ZhuoMian\Github_Releases_批量下载 xray\Xray-core\v1.8.1\Xray-linux-32.zip             | LOCAL=392a18cc7339539f79b44565dd9a31401c5505a880144e188235dd0b417d59d1 REMOTE=392a18cc7339539f79b44565dd9a31401c5505a880144e188235dd0b417d59d1
[1140/3625] Checking is OK   | E:\01.userData\ZhuoMian\Github_Releases_批量下载 xray\Xray-core\v1.8.1\Xray-linux-64.zip             | LOCAL=7b0584f0a89b155a8d54cbb5f78f94c2ec04a6caadcd2edb2268bdb9f8e7bb1e REMOTE=7b0584f0a89b155a8d54cbb5f78f94c2ec04a6caadcd2edb2268bdb9f8e7bb1e
[1141/3625] Checking is OK   | E:\01.userData\ZhuoMian\Github_Releases_批量下载 xray\Xray-core\v1.8.1\Xray-linux-arm32-v5.zip       | LOCAL=ebf21c817e34fb3caced93ec387e3054b4e5d5bd66e5e1f3fae92dd63e48eaa9 REMOTE=ebf21c817e34fb3caced93ec387e3054b4e5d5bd66e5e1f3fae92dd63e48eaa9
[1142/3625] Checking is OK   | E:\01.userData\ZhuoMian\Github_Releases_批量下载 xray\Xray-core\v1.8.1\Xray-linux-arm32-v6.zip       | LOCAL=a495655c7650cf21d67e15316ed639e18c0fe21961e794d64c4ceba6f63aab14 REMOTE=a495655c7650cf21d67e15316ed639e18c0fe21961e794d64c4ceba6f63aab14
[1143/3625] Checking is OK   | E:\01.userData\ZhuoMian\Github_Releases_批量下载 xray\Xray-core\v1.8.1\Xray-linux-arm32-v7a.zip      | LOCAL=951da439f208f4a3a08d873f08fe676c057d42237764df8c98f3a94d918d3dcc REMOTE=951da439f208f4a3a08d873f08fe676c057d42237764df8c98f3a94d918d3dcc
[1144/3625] Checking is OK   | E:\01.userData\ZhuoMian\Github_Releases_批量下载 xray\Xray-core\v1.8.1\Xray-linux-arm64-v8a.zip      | LOCAL=2dc1394e265af69612928f97c7854ad21574d1f89dbc3420472992f1e4e290de REMOTE=2dc1394e265af69612928f97c7854ad21574d1f89dbc3420472992f1e4e290de
[1145/3625] Checking is OK   | E:\01.userData\ZhuoMian\Github_Releases_批量下载 xray\Xray-core\v1.8.1\Xray-linux-mips32.zip         | LOCAL=addf661f768a0307c9ebcadcda90cac0b12d81994f709ca5be725e751b7a8705 REMOTE=addf661f768a0307c9ebcadcda90cac0b12d81994f709ca5be725e751b7a8705
[1146/3625] Checking is OK   | E:\01.userData\ZhuoMian\Github_Releases_批量下载 xray\Xray-core\v1.8.1\Xray-linux-mips32le.zip       | LOCAL=6cb5ed1ade7be9de3eea42a2a1bf4f262a93645111834a2c95329f4d93fbedc8 REMOTE=6cb5ed1ade7be9de3eea42a2a1bf4f262a93645111834a2c95329f4d93fbedc8
[1147/3625] Checking is OK   | E:\01.userData\ZhuoMian\Github_Releases_批量下载 xray\Xray-core\v1.8.1\Xray-linux-mips64.zip         | LOCAL=e4552b851d22f01a49feba73f755a86ca32e4ec025164d5c733f4e882dced5b8 REMOTE=e4552b851d22f01a49feba73f755a86ca32e4ec025164d5c733f4e882dced5b8
[1148/3625] Checking is OK   | E:\01.userData\ZhuoMian\Github_Releases_批量下载 xray\Xray-core\v1.8.1\Xray-linux-mips64le.zip       | LOCAL=4a7b30b6af55f01dbb78dbc8a33456bc1ca7745ee63002b1349357ef4486e706 REMOTE=4a7b30b6af55f01dbb78dbc8a33456bc1ca7745ee63002b1349357ef4486e706
[1149/3625] Checking is OK   | E:\01.userData\ZhuoMian\Github_Releases_批量下载 xray\Xray-core\v1.8.1\Xray-linux-ppc64.zip          | LOCAL=aa971d743214bbc74c7371dc8994fcf214c5f9ca602aa4814bdd139e304f588d REMOTE=aa971d743214bbc74c7371dc8994fcf214c5f9ca602aa4814bdd139e304f588d
[1150/3625] Checking is OK   | E:\01.userData\ZhuoMian\Github_Releases_批量下载 xray\Xray-core\v1.8.1\Xray-linux-ppc64le.zip        | LOCAL=e69d3fd41bdd545d5ecdf5a2c09da3056d004c231e9340f4d8c7412af8a6a445 REMOTE=e69d3fd41bdd545d5ecdf5a2c09da3056d004c231e9340f4d8c7412af8a6a445
[1151/3625] Checking is OK   | E:\01.userData\ZhuoMian\Github_Releases_批量下载 xray\Xray-core\v1.8.1\Xray-linux-riscv64.zip        | LOCAL=082327e19c0c823e49fb064a017041b9a442c20aa48cd5506cde43439ac5efec REMOTE=082327e19c0c823e49fb064a017041b9a442c20aa48cd5506cde43439ac5efec
[1152/3625] Checking is OK   | E:\01.userData\ZhuoMian\Github_Releases_批量下载 xray\Xray-core\v1.8.1\Xray-linux-s390x.zip          | LOCAL=d73826956995951aadc9aaf604f3f6faa72e3393c604e8c171b18d2f4d72404e REMOTE=d73826956995951aadc9aaf604f3f6faa72e3393c604e8c171b18d2f4d72404e
[1153/3625] Checking is OK   | E:\01.userData\ZhuoMian\Github_Releases_批量下载 xray\Xray-core\v1.8.1\Xray-macos-64.zip             | LOCAL=03144e3e92c8740107830cd274eb8b4873bfd65447ea53a1063eac9565f09025 REMOTE=03144e3e92c8740107830cd274eb8b4873bfd65447ea53a1063eac9565f09025
[1154/3625] Checking is OK   | E:\01.userData\ZhuoMian\Github_Releases_批量下载 xray\Xray-core\v1.8.1\Xray-macos-arm64-v8a.zip      | LOCAL=27878e5264c4f468541e137bb037a9dd55fc7e05b184b529622a5c49757207e9 REMOTE=27878e5264c4f468541e137bb037a9dd55fc7e05b184b529622a5c49757207e9
[1155/3625] Checking is OK   | E:\01.userData\ZhuoMian\Github_Releases_批量下载 xray\Xray-core\v1.8.1\Xray-openbsd-32.zip           | LOCAL=8fde6dac31e0123b361841234a965419ecef7cd6db13b70829ae434fe7bb8d5f REMOTE=8fde6dac31e0123b361841234a965419ecef7cd6db13b70829ae434fe7bb8d5f
[1156/3625] Checking is OK   | E:\01.userData\ZhuoMian\Github_Releases_批量下载 xray\Xray-core\v1.8.1\Xray-openbsd-64.zip           | LOCAL=a32aec48a03aa94fc34e53d25289f9878a99b1fe5d3d237ce162e91ed157ff47 REMOTE=a32aec48a03aa94fc34e53d25289f9878a99b1fe5d3d237ce162e91ed157ff47
[1157/3625] Checking is OK   | E:\01.userData\ZhuoMian\Github_Releases_批量下载 xray\Xray-core\v1.8.1\Xray-openbsd-arm32-v7a.zip    | LOCAL=3613b7fa486198925be34596fbd619e821cef99f3c28bd43d79db426784225f8 REMOTE=3613b7fa486198925be34596fbd619e821cef99f3c28bd43d79db426784225f8
[1158/3625] Checking is OK   | E:\01.userData\ZhuoMian\Github_Releases_批量下载 xray\Xray-core\v1.8.1\Xray-openbsd-arm64-v8a.zip    | LOCAL=f0fa56ee1bc68a1e6f02f44a78cc13d449285242a0a9bc6c6ec45ce343a14c93 REMOTE=f0fa56ee1bc68a1e6f02f44a78cc13d449285242a0a9bc6c6ec45ce343a14c93
[1159/3625] Checking is OK   | E:\01.userData\ZhuoMian\Github_Releases_批量下载 xray\Xray-core\v1.8.1\Xray-windows-32.zip           | LOCAL=1cb5e05755423f28774d439b8f5afd2f3398cce3d5da1dde6dfbee1b19d3e779 REMOTE=1cb5e05755423f28774d439b8f5afd2f3398cce3d5da1dde6dfbee1b19d3e779
[1160/3625] Checking is OK   | E:\01.userData\ZhuoMian\Github_Releases_批量下载 xray\Xray-core\v1.8.1\Xray-windows-64.zip           | LOCAL=32ba3cdabb37b18b8f79b3f9e22bd9fd240cba45460f816a61bc9b8ce57e383d REMOTE=32ba3cdabb37b18b8f79b3f9e22bd9fd240cba45460f816a61bc9b8ce57e383d
[1161/3625] Checking is OK   | E:\01.userData\ZhuoMian\Github_Releases_批量下载 xray\Xray-core\v1.8.1\Xray-windows-arm32-v7a.zip    | LOCAL=8ca165a53faf229da08a216e75c45c4d0e7be9022ec5ffdc5c3ab9af8b3d4e2f REMOTE=8ca165a53faf229da08a216e75c45c4d0e7be9022ec5ffdc5c3ab9af8b3d4e2f
[1162/3625] Checking is OK   | E:\01.userData\ZhuoMian\Github_Releases_批量下载 xray\Xray-core\v1.8.1\Xray-windows-arm64-v8a.zip    | LOCAL=b2a93ea90dcfe3974041a5936f189a8274cb69969c7ed1a09b7c2ae58af98e08 REMOTE=b2a93ea90dcfe3974041a5936f189a8274cb69969c7ed1a09b7c2ae58af98e08
[1163/3625] Checking is OK   | E:\01.userData\ZhuoMian\Github_Releases_批量下载 xray\Xray-core\v1.8.10\Xray-android-arm64-v8a.zip   | LOCAL=2b974afd179f0bb8ae30d8444e07a3da5bfcc7a01ba123f0de8ed92b94cf86c7 REMOTE=2b974afd179f0bb8ae30d8444e07a3da5bfcc7a01ba123f0de8ed92b94cf86c7
[1164/3625] Checking is OK   | E:\01.userData\ZhuoMian\Github_Releases_批量下载 xray\Xray-core\v1.8.10\Xray-freebsd-32.zip          | LOCAL=6a69b36f77ab96255381252c54a5e5854ef39f400be96c6dad83e1c5a45e2ff1 REMOTE=6a69b36f77ab96255381252c54a5e5854ef39f400be96c6dad83e1c5a45e2ff1
[1165/3625] Checking is OK   | E:\01.userData\ZhuoMian\Github_Releases_批量下载 xray\Xray-core\v1.8.10\Xray-freebsd-64.zip          | LOCAL=c097072d3a1abcbd2138fb90dbe9cce7210b5eed8965cec098d78a8449a98ddf REMOTE=c097072d3a1abcbd2138fb90dbe9cce7210b5eed8965cec098d78a8449a98ddf
[1166/3625] Checking is OK   | E:\01.userData\ZhuoMian\Github_Releases_批量下载 xray\Xray-core\v1.8.10\Xray-freebsd-arm32-v7a.zip   | LOCAL=cf318d5753d6657378a42e326bf8c35d4b1df58f32e54d5712b03f23ef4e7e85 REMOTE=cf318d5753d6657378a42e326bf8c35d4b1df58f32e54d5712b03f23ef4e7e85
[1167/3625] Checking is OK   | E:\01.userData\ZhuoMian\Github_Releases_批量下载 xray\Xray-core\v1.8.10\Xray-freebsd-arm64-v8a.zip   | LOCAL=50111b376456cf62c12f3e6bc8c9e47ff7b342d275670aa613086c5f990a2869 REMOTE=50111b376456cf62c12f3e6bc8c9e47ff7b342d275670aa613086c5f990a2869
[1168/3625] Checking is OK   | E:\01.userData\ZhuoMian\Github_Releases_批量下载 xray\Xray-core\v1.8.10\Xray-linux-32.zip            | LOCAL=7cc749ab4b40b19af90d4fbb999025144b3b556c4201ac32e2c0112d6887b6a3 REMOTE=7cc749ab4b40b19af90d4fbb999025144b3b556c4201ac32e2c0112d6887b6a3
[1169/3625] Checking is OK   | E:\01.userData\ZhuoMian\Github_Releases_批量下载 xray\Xray-core\v1.8.10\Xray-linux-64.zip            | LOCAL=bfe015d33b9e3a698c47837fb0b08f0e84fdf442a8efe965ca2381c36f5eef48 REMOTE=bfe015d33b9e3a698c47837fb0b08f0e84fdf442a8efe965ca2381c36f5eef48
[1170/3625] Checking is OK   | E:\01.userData\ZhuoMian\Github_Releases_批量下载 xray\Xray-core\v1.8.10\Xray-linux-arm32-v5.zip      | LOCAL=5e4a29e74a64e771eeb1ceed47ef354adb4f72bb143a908f76005cd72572a350 REMOTE=5e4a29e74a64e771eeb1ceed47ef354adb4f72bb143a908f76005cd72572a350
[1171/3625] Checking is OK   | E:\01.userData\ZhuoMian\Github_Releases_批量下载 xray\Xray-core\v1.8.10\Xray-linux-arm32-v6.zip      | LOCAL=3dcc4f617fc8d900b164f5c5746bb29ad84e00b5cdefa97618977db5fd4eb38b REMOTE=3dcc4f617fc8d900b164f5c5746bb29ad84e00b5cdefa97618977db5fd4eb38b
[1172/3625] Checking is OK   | E:\01.userData\ZhuoMian\Github_Releases_批量下载 xray\Xray-core\v1.8.10\Xray-linux-arm32-v7a.zip     | LOCAL=138214876e71a09e635f69ec9947f6ad75444ae379bd8e9243e000ac626a2591 REMOTE=138214876e71a09e635f69ec9947f6ad75444ae379bd8e9243e000ac626a2591
[1173/3625] Checking is OK   | E:\01.userData\ZhuoMian\Github_Releases_批量下载 xray\Xray-core\v1.8.10\Xray-linux-arm64-v8a.zip     | LOCAL=63c559fe402c405a3dec3db6c85dbc01ec08e5c088ae3ed62cd4bff122b930e4 REMOTE=63c559fe402c405a3dec3db6c85dbc01ec08e5c088ae3ed62cd4bff122b930e4
[1174/3625] Checking is OK   | E:\01.userData\ZhuoMian\Github_Releases_批量下载 xray\Xray-core\v1.8.10\Xray-linux-loong64.zip       | LOCAL=98af2c5b44b59f27a884775a57d5f5d6e98b5b32720430ded03ba9e6176a2c07 REMOTE=98af2c5b44b59f27a884775a57d5f5d6e98b5b32720430ded03ba9e6176a2c07
[1175/3625] Checking is OK   | E:\01.userData\ZhuoMian\Github_Releases_批量下载 xray\Xray-core\v1.8.10\Xray-linux-mips32.zip        | LOCAL=753e15f189af2d1341b05da696aea41fdae5cad7c2229593b903ebacac92477e REMOTE=753e15f189af2d1341b05da696aea41fdae5cad7c2229593b903ebacac92477e
[1176/3625] Checking is OK   | E:\01.userData\ZhuoMian\Github_Releases_批量下载 xray\Xray-core\v1.8.10\Xray-linux-mips32le.zip      | LOCAL=981760d0ffb118eb15b76b72c755d0e033e77b2ace978dd8a367f3feb9d007ae REMOTE=981760d0ffb118eb15b76b72c755d0e033e77b2ace978dd8a367f3feb9d007ae
[1177/3625] Checking is OK   | E:\01.userData\ZhuoMian\Github_Releases_批量下载 xray\Xray-core\v1.8.10\Xray-linux-mips64.zip        | LOCAL=6e34a33e4e031c70bea82361d3ed193772a386a350e2cdf3fb80960df0c5782f REMOTE=6e34a33e4e031c70bea82361d3ed193772a386a350e2cdf3fb80960df0c5782f
[1178/3625] Checking is OK   | E:\01.userData\ZhuoMian\Github_Releases_批量下载 xray\Xray-core\v1.8.10\Xray-linux-mips64le.zip      | LOCAL=3a638d0388d2b5c96932aa5c4da847d118757076d15790ae9a4c21e560d07077 REMOTE=3a638d0388d2b5c96932aa5c4da847d118757076d15790ae9a4c21e560d07077
[1179/3625] Checking is OK   | E:\01.userData\ZhuoMian\Github_Releases_批量下载 xray\Xray-core\v1.8.10\Xray-linux-ppc64.zip         | LOCAL=29c2d9d22884034002097651b6515ad07a82ee469a9c892fc003c37bf8eed103 REMOTE=29c2d9d22884034002097651b6515ad07a82ee469a9c892fc003c37bf8eed103
[1180/3625] Checking is OK   | E:\01.userData\ZhuoMian\Github_Releases_批量下载 xray\Xray-core\v1.8.10\Xray-linux-ppc64le.zip       | LOCAL=32392486827959379cbb7b97b348aa877a27cccbd3098dbfc0afe4862a1ae88c REMOTE=32392486827959379cbb7b97b348aa877a27cccbd3098dbfc0afe4862a1ae88c
[1181/3625] Checking is OK   | E:\01.userData\ZhuoMian\Github_Releases_批量下载 xray\Xray-core\v1.8.10\Xray-linux-riscv64.zip       | LOCAL=db6632efb5d92bee7b9cd652e21a1a338da3335586657dd24051985f0374538b REMOTE=db6632efb5d92bee7b9cd652e21a1a338da3335586657dd24051985f0374538b
[1182/3625] Checking is OK   | E:\01.userData\ZhuoMian\Github_Releases_批量下载 xray\Xray-core\v1.8.10\Xray-linux-s390x.zip         | LOCAL=f66702c2bae9883a3f1d3e6ff80b148191164fc9caa4b8ddb39517b80086e485 REMOTE=f66702c2bae9883a3f1d3e6ff80b148191164fc9caa4b8ddb39517b80086e485
[1183/3625] Checking is OK   | E:\01.userData\ZhuoMian\Github_Releases_批量下载 xray\Xray-core\v1.8.10\Xray-macos-64.zip            | LOCAL=dfff29c89706a02c7eec0b30a62883a99243746fa0a91e64a51ec33f5f30bf0a REMOTE=dfff29c89706a02c7eec0b30a62883a99243746fa0a91e64a51ec33f5f30bf0a
[1184/3625] Checking is OK   | E:\01.userData\ZhuoMian\Github_Releases_批量下载 xray\Xray-core\v1.8.10\Xray-macos-arm64-v8a.zip     | LOCAL=1945377015f419b9d5eb0ddfe3c09f1984269f5758d2a98da144442c13b9738a REMOTE=1945377015f419b9d5eb0ddfe3c09f1984269f5758d2a98da144442c13b9738a
[1185/3625] Checking is OK   | E:\01.userData\ZhuoMian\Github_Releases_批量下载 xray\Xray-core\v1.8.10\Xray-openbsd-32.zip          | LOCAL=5ebfd574ad6edcdbbb18aa6737e714f1565ba9c966f42e8c8e85c9164e4d4f8d REMOTE=5ebfd574ad6edcdbbb18aa6737e714f1565ba9c966f42e8c8e85c9164e4d4f8d
[1186/3625] Checking is OK   | E:\01.userData\ZhuoMian\Github_Releases_批量下载 xray\Xray-core\v1.8.10\Xray-openbsd-64.zip          | LOCAL=23d6171082173e352c906c864c5fca75e22359f4ef19f8203c989ee286f546c0 REMOTE=23d6171082173e352c906c864c5fca75e22359f4ef19f8203c989ee286f546c0
[1187/3625] Checking is OK   | E:\01.userData\ZhuoMian\Github_Releases_批量下载 xray\Xray-core\v1.8.10\Xray-openbsd-arm32-v7a.zip   | LOCAL=d5e36096da36def1f223ffa69f9a06dec091982c8d741368d631f1f5f768afeb REMOTE=d5e36096da36def1f223ffa69f9a06dec091982c8d741368d631f1f5f768afeb
[1188/3625] Checking is OK   | E:\01.userData\ZhuoMian\Github_Releases_批量下载 xray\Xray-core\v1.8.10\Xray-openbsd-arm64-v8a.zip   | LOCAL=af90ac6fc3b8bc21be24581b33d4176923d75318300414981706f97129652e4a REMOTE=af90ac6fc3b8bc21be24581b33d4176923d75318300414981706f97129652e4a
[1189/3625] Checking is OK   | E:\01.userData\ZhuoMian\Github_Releases_批量下载 xray\Xray-core\v1.8.10\Xray-windows-32.zip          | LOCAL=a42c6ecf4deec0213547f899ff3c873f65794846f91f2b7a5ac783ced28907ca REMOTE=a42c6ecf4deec0213547f899ff3c873f65794846f91f2b7a5ac783ced28907ca
[1190/3625] Checking is OK   | E:\01.userData\ZhuoMian\Github_Releases_批量下载 xray\Xray-core\v1.8.10\Xray-windows-64.zip          | LOCAL=df5caee620274b5d613a7abc379525d919119b5c04822779e15fe440072a1ebb REMOTE=df5caee620274b5d613a7abc379525d919119b5c04822779e15fe440072a1ebb
[1191/3625] Checking is OK   | E:\01.userData\ZhuoMian\Github_Releases_批量下载 xray\Xray-core\v1.8.10\Xray-windows-arm32-v7a.zip   | LOCAL=99d53d907a165c32548dd3b132bfd85d5e750a692f2d36c0b10ef52367ae7e77 REMOTE=99d53d907a165c32548dd3b132bfd85d5e750a692f2d36c0b10ef52367ae7e77
[1192/3625] Checking is OK   | E:\01.userData\ZhuoMian\Github_Releases_批量下载 xray\Xray-core\v1.8.10\Xray-windows-arm64-v8a.zip   | LOCAL=9f80adaccf9e7c9086f4717a5c81060e109502279671aafa1416751e3dbec94c REMOTE=9f80adaccf9e7c9086f4717a5c81060e109502279671aafa1416751e3dbec94c
[1193/3625] Checking is OK   | E:\01.userData\ZhuoMian\Github_Releases_批量下载 xray\Xray-core\v1.8.11\Xray-android-arm64-v8a.zip   | LOCAL=c7bf752ea9ac54d06a21fc540008deed6c70598f14fb44a0bbe0d26921ee2654 REMOTE=c7bf752ea9ac54d06a21fc540008deed6c70598f14fb44a0bbe0d26921ee2654
[1194/3625] Checking is OK   | E:\01.userData\ZhuoMian\Github_Releases_批量下载 xray\Xray-core\v1.8.11\Xray-freebsd-32.zip          | LOCAL=ede5888f0698c2b43ffac6b7f15f81e32c54ffb252cefc3eb10d86d34116b85b REMOTE=ede5888f0698c2b43ffac6b7f15f81e32c54ffb252cefc3eb10d86d34116b85b
[1195/3625] Checking is OK   | E:\01.userData\ZhuoMian\Github_Releases_批量下载 xray\Xray-core\v1.8.11\Xray-freebsd-64.zip          | LOCAL=6eb97edde8850cebecdd2bd971beedf52a4729a911fe9da32aa4792ec038b7ff REMOTE=6eb97edde8850cebecdd2bd971beedf52a4729a911fe9da32aa4792ec038b7ff
[1196/3625] Checking is OK   | E:\01.userData\ZhuoMian\Github_Releases_批量下载 xray\Xray-core\v1.8.11\Xray-freebsd-arm32-v7a.zip   | LOCAL=1180f5f276b874e6d2d6850a56ea144be03015718653e20873d25f7e84731ae1 REMOTE=1180f5f276b874e6d2d6850a56ea144be03015718653e20873d25f7e84731ae1
[1197/3625] Checking is OK   | E:\01.userData\ZhuoMian\Github_Releases_批量下载 xray\Xray-core\v1.8.11\Xray-freebsd-arm64-v8a.zip   | LOCAL=e891a208c81bce342a1c3ac80f1301bd5b2998abd0baf3c9387e4eb471875e3c REMOTE=e891a208c81bce342a1c3ac80f1301bd5b2998abd0baf3c9387e4eb471875e3c
[1198/3625] Checking is OK   | E:\01.userData\ZhuoMian\Github_Releases_批量下载 xray\Xray-core\v1.8.11\Xray-linux-32.zip            | LOCAL=6dbaefc3907705eb6182eb67f4fc3655907a9e8e3eb5c1f7d5c9ebb0866586b0 REMOTE=6dbaefc3907705eb6182eb67f4fc3655907a9e8e3eb5c1f7d5c9ebb0866586b0
[1199/3625] Checking is OK   | E:\01.userData\ZhuoMian\Github_Releases_批量下载 xray\Xray-core\v1.8.11\Xray-linux-64.zip            | LOCAL=a25c9851cef0ddae4e08a27612792a81c4f816b6f2669ce7aae6eed83e7154ba REMOTE=a25c9851cef0ddae4e08a27612792a81c4f816b6f2669ce7aae6eed83e7154ba
[1200/3625] Checking is OK   | E:\01.userData\ZhuoMian\Github_Releases_批量下载 xray\Xray-core\v1.8.11\Xray-linux-arm32-v5.zip      | LOCAL=19a8afd91e3759cc55eb17b879f849ebf686a47336decacc1728aa8c53442319 REMOTE=19a8afd91e3759cc55eb17b879f849ebf686a47336decacc1728aa8c53442319
[1201/3625] Checking is OK   | E:\01.userData\ZhuoMian\Github_Releases_批量下载 xray\Xray-core\v1.8.11\Xray-linux-arm32-v6.zip      | LOCAL=3d881287f332aeb0434133342816d7600426f405347c27fec3e4328bbd14411b REMOTE=3d881287f332aeb0434133342816d7600426f405347c27fec3e4328bbd14411b
[1202/3625] Checking is OK   | E:\01.userData\ZhuoMian\Github_Releases_批量下载 xray\Xray-core\v1.8.11\Xray-linux-arm32-v7a.zip     | LOCAL=f1d95af075b40532da43c37dcd6b09803a38408a0a47822bc703c9d9f8b8e038 REMOTE=f1d95af075b40532da43c37dcd6b09803a38408a0a47822bc703c9d9f8b8e038
[1203/3625] Checking is OK   | E:\01.userData\ZhuoMian\Github_Releases_批量下载 xray\Xray-core\v1.8.11\Xray-linux-arm64-v8a.zip     | LOCAL=0b2c101407b8e73a315d8107b73218f40eb9b933aead75026955d4586fb50c77 REMOTE=0b2c101407b8e73a315d8107b73218f40eb9b933aead75026955d4586fb50c77
[1204/3625] Checking is OK   | E:\01.userData\ZhuoMian\Github_Releases_批量下载 xray\Xray-core\v1.8.11\Xray-linux-loong64.zip       | LOCAL=1461dc9beefcf3e4b3fe9eb2318bba122234fb2f03f3201875b47ed36233b000 REMOTE=1461dc9beefcf3e4b3fe9eb2318bba122234fb2f03f3201875b47ed36233b000
[1205/3625] Checking is OK   | E:\01.userData\ZhuoMian\Github_Releases_批量下载 xray\Xray-core\v1.8.11\Xray-linux-mips32.zip        | LOCAL=cd832b9e3740f14b2f023d85f1b691c81c7b8baafab40d2d0b9b2a02c92e140d REMOTE=cd832b9e3740f14b2f023d85f1b691c81c7b8baafab40d2d0b9b2a02c92e140d
[1206/3625] Checking is OK   | E:\01.userData\ZhuoMian\Github_Releases_批量下载 xray\Xray-core\v1.8.11\Xray-linux-mips32le.zip      | LOCAL=15cf81845df17ed621147b247547234cbcfc82619dc84a0d9be788139bbff63e REMOTE=15cf81845df17ed621147b247547234cbcfc82619dc84a0d9be788139bbff63e
[1207/3625] Checking is OK   | E:\01.userData\ZhuoMian\Github_Releases_批量下载 xray\Xray-core\v1.8.11\Xray-linux-mips64.zip        | LOCAL=4ef5df06dafa8e80ff45f9f56bdc8b7de36b8c5675aef0764e7d3f237239d537 REMOTE=4ef5df06dafa8e80ff45f9f56bdc8b7de36b8c5675aef0764e7d3f237239d537
[1208/3625] Checking is OK   | E:\01.userData\ZhuoMian\Github_Releases_批量下载 xray\Xray-core\v1.8.11\Xray-linux-mips64le.zip      | LOCAL=eaf80d0c66bb8bb1cea0415e1e333ef8d08e45e3a4e40a1823df04fcc6ee1a8a REMOTE=eaf80d0c66bb8bb1cea0415e1e333ef8d08e45e3a4e40a1823df04fcc6ee1a8a
[1209/3625] Checking is OK   | E:\01.userData\ZhuoMian\Github_Releases_批量下载 xray\Xray-core\v1.8.11\Xray-linux-ppc64.zip         | LOCAL=2474ad964e8b885cc76bbd38170184cfa40d2fa4437712bc96d2145313827357 REMOTE=2474ad964e8b885cc76bbd38170184cfa40d2fa4437712bc96d2145313827357
[1210/3625] Checking is OK   | E:\01.userData\ZhuoMian\Github_Releases_批量下载 xray\Xray-core\v1.8.11\Xray-linux-ppc64le.zip       | LOCAL=965e9a44c95d73467706ce769af7e7123e282efa0c0b97565b036ed33c3dcc7f REMOTE=965e9a44c95d73467706ce769af7e7123e282efa0c0b97565b036ed33c3dcc7f
[1211/3625] Checking is OK   | E:\01.userData\ZhuoMian\Github_Releases_批量下载 xray\Xray-core\v1.8.11\Xray-linux-riscv64.zip       | LOCAL=46a126bad75e74cc63251e94f553cccb5c99d2b6e0122eb14fe5292ef282da04 REMOTE=46a126bad75e74cc63251e94f553cccb5c99d2b6e0122eb14fe5292ef282da04
[1212/3625] Checking is OK   | E:\01.userData\ZhuoMian\Github_Releases_批量下载 xray\Xray-core\v1.8.11\Xray-linux-s390x.zip         | LOCAL=85068d217fc15d014130cfd81203dde315e5f5c7af0ad6b82ef589244ceacf5f REMOTE=85068d217fc15d014130cfd81203dde315e5f5c7af0ad6b82ef589244ceacf5f
[1213/3625] Checking is OK   | E:\01.userData\ZhuoMian\Github_Releases_批量下载 xray\Xray-core\v1.8.11\Xray-macos-64.zip            | LOCAL=c2fdbdac8454b660155dfb4b3fe822c296ca00c2c8e1e5b816f3d84c353ce2da REMOTE=c2fdbdac8454b660155dfb4b3fe822c296ca00c2c8e1e5b816f3d84c353ce2da
[1214/3625] Checking is OK   | E:\01.userData\ZhuoMian\Github_Releases_批量下载 xray\Xray-core\v1.8.11\Xray-macos-arm64-v8a.zip     | LOCAL=30d94f952d3c153e5bc43b8048dbf04621969fd6c7d1660039361cf89af3fe42 REMOTE=30d94f952d3c153e5bc43b8048dbf04621969fd6c7d1660039361cf89af3fe42
[1215/3625] Checking is OK   | E:\01.userData\ZhuoMian\Github_Releases_批量下载 xray\Xray-core\v1.8.11\Xray-openbsd-32.zip          | LOCAL=f8cc6eff8c9a80903e3243cbe0e398f2c84d71eb81aa3517b7aad02f74fc8325 REMOTE=f8cc6eff8c9a80903e3243cbe0e398f2c84d71eb81aa3517b7aad02f74fc8325
[1216/3625] Checking is OK   | E:\01.userData\ZhuoMian\Github_Releases_批量下载 xray\Xray-core\v1.8.11\Xray-openbsd-64.zip          | LOCAL=59830e2862f612801c275262bbc60dafc707464bd650cd0345d2b72bac06f4f0 REMOTE=59830e2862f612801c275262bbc60dafc707464bd650cd0345d2b72bac06f4f0
[1217/3625] Checking is OK   | E:\01.userData\ZhuoMian\Github_Releases_批量下载 xray\Xray-core\v1.8.11\Xray-openbsd-arm32-v7a.zip   | LOCAL=19e8c4332d97d0f4e1622409b20e6762c7b59488fab89420fa048c495939304d REMOTE=19e8c4332d97d0f4e1622409b20e6762c7b59488fab89420fa048c495939304d
[1218/3625] Checking is OK   | E:\01.userData\ZhuoMian\Github_Releases_批量下载 xray\Xray-core\v1.8.11\Xray-openbsd-arm64-v8a.zip   | LOCAL=46709232a2bd603d118cc6c4c37f90f16b948c497fb7ec2be47d727cb13041a0 REMOTE=46709232a2bd603d118cc6c4c37f90f16b948c497fb7ec2be47d727cb13041a0
[1219/3625] Checking is OK   | E:\01.userData\ZhuoMian\Github_Releases_批量下载 xray\Xray-core\v1.8.11\Xray-windows-32.zip          | LOCAL=04d0f0172f8e18ad5c73c1e461c4662719cf7b1c9454cf4638e31d534a743a64 REMOTE=04d0f0172f8e18ad5c73c1e461c4662719cf7b1c9454cf4638e31d534a743a64
[1220/3625] Checking is OK   | E:\01.userData\ZhuoMian\Github_Releases_批量下载 xray\Xray-core\v1.8.11\Xray-windows-64.zip          | LOCAL=4a6db6c9d08f1c66a8d269de7d279957e70a7a2ed18c063e91996ee3e7606e5b REMOTE=4a6db6c9d08f1c66a8d269de7d279957e70a7a2ed18c063e91996ee3e7606e5b
[1221/3625] Checking is OK   | E:\01.userData\ZhuoMian\Github_Releases_批量下载 xray\Xray-core\v1.8.11\Xray-windows-arm32-v7a.zip   | LOCAL=ede4ba30be47420ac02a5bd69fbf125f41043f0ce31f2f74c4e02c66232ca19d REMOTE=ede4ba30be47420ac02a5bd69fbf125f41043f0ce31f2f74c4e02c66232ca19d
[1222/3625] Checking is OK   | E:\01.userData\ZhuoMian\Github_Releases_批量下载 xray\Xray-core\v1.8.11\Xray-windows-arm64-v8a.zip   | LOCAL=294c5edeab92b3f3b86bcd7aa247707716ac636fde22778444a798cb06ee254f REMOTE=294c5edeab92b3f3b86bcd7aa247707716ac636fde22778444a798cb06ee254f
[1223/3625] Checking is OK   | E:\01.userData\ZhuoMian\Github_Releases_批量下载 xray\Xray-core\v1.8.12\Xray-android-arm64-v8a.zip   | LOCAL=12ed6ee0586bf8ab1d533746788059f55d82f04524cc0a1061a7796d855750a3 REMOTE=12ed6ee0586bf8ab1d533746788059f55d82f04524cc0a1061a7796d855750a3
[1224/3625] Checking is OK   | E:\01.userData\ZhuoMian\Github_Releases_批量下载 xray\Xray-core\v1.8.12\Xray-freebsd-32.zip          | LOCAL=98b6146519b11853a6253f73a52597e0257a8347309a4d82d4ee4fa64e00d7ec REMOTE=98b6146519b11853a6253f73a52597e0257a8347309a4d82d4ee4fa64e00d7ec
[1225/3625] Checking is OK   | E:\01.userData\ZhuoMian\Github_Releases_批量下载 xray\Xray-core\v1.8.12\Xray-freebsd-64.zip          | LOCAL=f54f3e08733d259d6f1e51ddd6163c7410c5cb210b83efd12b40c3a6ba61f7f1 REMOTE=f54f3e08733d259d6f1e51ddd6163c7410c5cb210b83efd12b40c3a6ba61f7f1
[1226/3625] Checking is OK   | E:\01.userData\ZhuoMian\Github_Releases_批量下载 xray\Xray-core\v1.8.12\Xray-freebsd-arm32-v7a.zip   | LOCAL=233871f28bc57640e43b996fb1576be7de9b99dd5edd8136a4f02c0da243d4aa REMOTE=233871f28bc57640e43b996fb1576be7de9b99dd5edd8136a4f02c0da243d4aa
[1227/3625] Checking is OK   | E:\01.userData\ZhuoMian\Github_Releases_批量下载 xray\Xray-core\v1.8.12\Xray-freebsd-arm64-v8a.zip   | LOCAL=48815874dc73c7a479c7dce249a33b1942553913d1ab2e2723fcfa71a117d5cb REMOTE=48815874dc73c7a479c7dce249a33b1942553913d1ab2e2723fcfa71a117d5cb
[1228/3625] Checking is OK   | E:\01.userData\ZhuoMian\Github_Releases_批量下载 xray\Xray-core\v1.8.12\Xray-linux-32.zip            | LOCAL=2a86a60fa80a5cf38626dd86c4e0706c55378b10b5e3cd64f3cc191ac480adbf REMOTE=2a86a60fa80a5cf38626dd86c4e0706c55378b10b5e3cd64f3cc191ac480adbf
[1229/3625] Checking is OK   | E:\01.userData\ZhuoMian\Github_Releases_批量下载 xray\Xray-core\v1.8.12\Xray-linux-64.zip            | LOCAL=2b3ec04bb41e71fd9b1c6c161bc295c4907b09451fdd32fe557ad885aec244f6 REMOTE=2b3ec04bb41e71fd9b1c6c161bc295c4907b09451fdd32fe557ad885aec244f6
[1230/3625] Checking is OK   | E:\01.userData\ZhuoMian\Github_Releases_批量下载 xray\Xray-core\v1.8.12\Xray-linux-arm32-v5.zip      | LOCAL=97bb19a4862a198239433845779a0dde65fd92f71064992a3bc3e34d628d45df REMOTE=97bb19a4862a198239433845779a0dde65fd92f71064992a3bc3e34d628d45df
[1231/3625] Checking is OK   | E:\01.userData\ZhuoMian\Github_Releases_批量下载 xray\Xray-core\v1.8.12\Xray-linux-arm32-v6.zip      | LOCAL=282fec787126c73f53d867d6d87c390a74e1e9ce9a632456ac6cbfa6cca47169 REMOTE=282fec787126c73f53d867d6d87c390a74e1e9ce9a632456ac6cbfa6cca47169
[1232/3625] Checking is OK   | E:\01.userData\ZhuoMian\Github_Releases_批量下载 xray\Xray-core\v1.8.12\Xray-linux-arm32-v7a.zip     | LOCAL=6a0245b2912bd2c7bd3119b8fa491c82be06879309267f600d6a2537c2588629 REMOTE=6a0245b2912bd2c7bd3119b8fa491c82be06879309267f600d6a2537c2588629
[1233/3625] Checking is OK   | E:\01.userData\ZhuoMian\Github_Releases_批量下载 xray\Xray-core\v1.8.12\Xray-linux-arm64-v8a.zip     | LOCAL=505a90dd422c6480bd41d5cac26f9263435d0df6b48be4a6ab485a1d7f012883 REMOTE=505a90dd422c6480bd41d5cac26f9263435d0df6b48be4a6ab485a1d7f012883
[1234/3625] Checking is OK   | E:\01.userData\ZhuoMian\Github_Releases_批量下载 xray\Xray-core\v1.8.12\Xray-linux-loong64.zip       | LOCAL=6143a30566a39b72f7f56281578352c0bdbc9ad3c0694c05c630684fcb203079 REMOTE=6143a30566a39b72f7f56281578352c0bdbc9ad3c0694c05c630684fcb203079
[1235/3625] Checking is OK   | E:\01.userData\ZhuoMian\Github_Releases_批量下载 xray\Xray-core\v1.8.12\Xray-linux-mips32.zip        | LOCAL=14c9ae203f77bb22a1744145de99821f0c71254bc14973e44e447b1696b73678 REMOTE=14c9ae203f77bb22a1744145de99821f0c71254bc14973e44e447b1696b73678
[1236/3625] Checking is OK   | E:\01.userData\ZhuoMian\Github_Releases_批量下载 xray\Xray-core\v1.8.12\Xray-linux-mips32le.zip      | LOCAL=035aef8960b6efd4f44fec8e6b53da8b9774bd0e4a1e7c4c0992392fa5a1a929 REMOTE=035aef8960b6efd4f44fec8e6b53da8b9774bd0e4a1e7c4c0992392fa5a1a929
[1237/3625] Checking is OK   | E:\01.userData\ZhuoMian\Github_Releases_批量下载 xray\Xray-core\v1.8.12\Xray-linux-mips64.zip        | LOCAL=f184b246d674530de5b2c2e219040be53eecb69b22e9cf53b0d56b731757b9a8 REMOTE=f184b246d674530de5b2c2e219040be53eecb69b22e9cf53b0d56b731757b9a8
[1238/3625] Checking is OK   | E:\01.userData\ZhuoMian\Github_Releases_批量下载 xray\Xray-core\v1.8.12\Xray-linux-mips64le.zip      | LOCAL=5e7887b9106e993e39ea3d2bc741ea77b673b8d79dae5d6508b5dc20a0beafd1 REMOTE=5e7887b9106e993e39ea3d2bc741ea77b673b8d79dae5d6508b5dc20a0beafd1
[1239/3625] Checking is OK   | E:\01.userData\ZhuoMian\Github_Releases_批量下载 xray\Xray-core\v1.8.12\Xray-linux-ppc64.zip         | LOCAL=5f226af8ee7a4637e9ce7e44d090fd1e9b97cc77e5e314cc9918d79e0bfb1798 REMOTE=5f226af8ee7a4637e9ce7e44d090fd1e9b97cc77e5e314cc9918d79e0bfb1798
[1240/3625] Checking is OK   | E:\01.userData\ZhuoMian\Github_Releases_批量下载 xray\Xray-core\v1.8.12\Xray-linux-ppc64le.zip       | LOCAL=768553f872bef1d7afaf098fc6cb0fb754cdd44f5bbf25ca78e193a1f298ca33 REMOTE=768553f872bef1d7afaf098fc6cb0fb754cdd44f5bbf25ca78e193a1f298ca33
[1241/3625] Checking is OK   | E:\01.userData\ZhuoMian\Github_Releases_批量下载 xray\Xray-core\v1.8.12\Xray-linux-riscv64.zip       | LOCAL=901ee0c4a65b05c711b7da2caf7f73ad0eede9aeb6e356a6e2b5ea13321ad067 REMOTE=901ee0c4a65b05c711b7da2caf7f73ad0eede9aeb6e356a6e2b5ea13321ad067
[1242/3625] Checking is OK   | E:\01.userData\ZhuoMian\Github_Releases_批量下载 xray\Xray-core\v1.8.12\Xray-linux-s390x.zip         | LOCAL=0402d4921fd3533271a4a27ba2657f254334e4590841521f6dd17ff736ba342a REMOTE=0402d4921fd3533271a4a27ba2657f254334e4590841521f6dd17ff736ba342a
[1243/3625] Checking is OK   | E:\01.userData\ZhuoMian\Github_Releases_批量下载 xray\Xray-core\v1.8.12\Xray-macos-64.zip            | LOCAL=ccbc26a682c4784936c3162f9af3582919ec78c740638c70f2ac233da02a6d84 REMOTE=ccbc26a682c4784936c3162f9af3582919ec78c740638c70f2ac233da02a6d84
[1244/3625] Checking is OK   | E:\01.userData\ZhuoMian\Github_Releases_批量下载 xray\Xray-core\v1.8.12\Xray-macos-arm64-v8a.zip     | LOCAL=bb438e8902167daf2cdc900f26d7786c08763e7f51fc40c87148d496c16660f6 REMOTE=bb438e8902167daf2cdc900f26d7786c08763e7f51fc40c87148d496c16660f6
[1245/3625] Checking is OK   | E:\01.userData\ZhuoMian\Github_Releases_批量下载 xray\Xray-core\v1.8.12\Xray-openbsd-32.zip          | LOCAL=e1f1702bf6ef56963230613a372369b1a3f3381b8500b2cc1d72b821b3dba0d2 REMOTE=e1f1702bf6ef56963230613a372369b1a3f3381b8500b2cc1d72b821b3dba0d2
[1246/3625] Checking is OK   | E:\01.userData\ZhuoMian\Github_Releases_批量下载 xray\Xray-core\v1.8.12\Xray-openbsd-64.zip          | LOCAL=1ee99675bafa9850b7e9f9f94bf1ffc95e8021a56e537b95fdf3902966845e2c REMOTE=1ee99675bafa9850b7e9f9f94bf1ffc95e8021a56e537b95fdf3902966845e2c
[1247/3625] Checking is OK   | E:\01.userData\ZhuoMian\Github_Releases_批量下载 xray\Xray-core\v1.8.12\Xray-openbsd-arm32-v7a.zip   | LOCAL=ff932d65ff22b34c26d7092d192716e3bfb30dda97269ea763bb59b8230fa253 REMOTE=ff932d65ff22b34c26d7092d192716e3bfb30dda97269ea763bb59b8230fa253
[1248/3625] Checking is OK   | E:\01.userData\ZhuoMian\Github_Releases_批量下载 xray\Xray-core\v1.8.12\Xray-openbsd-arm64-v8a.zip   | LOCAL=89584651774cbc246af0ebe686cfcfa57f47758ebcc4fcdb07e9d09f300fbc53 REMOTE=89584651774cbc246af0ebe686cfcfa57f47758ebcc4fcdb07e9d09f300fbc53
[1249/3625] Checking is OK   | E:\01.userData\ZhuoMian\Github_Releases_批量下载 xray\Xray-core\v1.8.12\Xray-windows-32.zip          | LOCAL=d16fa656fcee6cea5ed495ed9e1a8ccaeb594216ad419155a1df2f83138ed9e7 REMOTE=d16fa656fcee6cea5ed495ed9e1a8ccaeb594216ad419155a1df2f83138ed9e7
[1250/3625] Checking is OK   | E:\01.userData\ZhuoMian\Github_Releases_批量下载 xray\Xray-core\v1.8.12\Xray-windows-64.zip          | LOCAL=fc25a641cc44eaa88ab91ae076553004fe097833b896adbe74d9c58495534287 REMOTE=fc25a641cc44eaa88ab91ae076553004fe097833b896adbe74d9c58495534287
[1251/3625] Checking is OK   | E:\01.userData\ZhuoMian\Github_Releases_批量下载 xray\Xray-core\v1.8.12\Xray-windows-arm32-v7a.zip   | LOCAL=78b65b04c3e48a18eb361cd73b76c2c32020418c29480e5b2694eb88c3662b58 REMOTE=78b65b04c3e48a18eb361cd73b76c2c32020418c29480e5b2694eb88c3662b58
[1252/3625] Checking is OK   | E:\01.userData\ZhuoMian\Github_Releases_批量下载 xray\Xray-core\v1.8.12\Xray-windows-arm64-v8a.zip   | LOCAL=a88b736d160d9e3c2e97bca9c0e26bd259a16858e3f18a45a74b47a2a5839dc1 REMOTE=a88b736d160d9e3c2e97bca9c0e26bd259a16858e3f18a45a74b47a2a5839dc1
[1253/3625] Checking is OK   | E:\01.userData\ZhuoMian\Github_Releases_批量下载 xray\Xray-core\v1.8.13\Xray-android-arm64-v8a.zip   | LOCAL=411e9771786313768449dba3e5a2fa44a402a2b1ea69bc854d470afcd3f9f085 REMOTE=411e9771786313768449dba3e5a2fa44a402a2b1ea69bc854d470afcd3f9f085
[1254/3625] Checking is OK   | E:\01.userData\ZhuoMian\Github_Releases_批量下载 xray\Xray-core\v1.8.13\Xray-freebsd-32.zip          | LOCAL=9dd5bdc1ad7fea09220d8a7e2855914bb1f9a793b40911d593959d9b939e1ccf REMOTE=9dd5bdc1ad7fea09220d8a7e2855914bb1f9a793b40911d593959d9b939e1ccf
[1255/3625] Checking is OK   | E:\01.userData\ZhuoMian\Github_Releases_批量下载 xray\Xray-core\v1.8.13\Xray-freebsd-64.zip          | LOCAL=fd9c2e3bf269e470106c0561b5ca301061d8e99d313d7528832130cbae42d526 REMOTE=fd9c2e3bf269e470106c0561b5ca301061d8e99d313d7528832130cbae42d526
[1256/3625] Checking is OK   | E:\01.userData\ZhuoMian\Github_Releases_批量下载 xray\Xray-core\v1.8.13\Xray-freebsd-arm32-v7a.zip   | LOCAL=55f92c2690f92e5b84a41e210495d4239834c6726d134c975c3a83a4cc4e6851 REMOTE=55f92c2690f92e5b84a41e210495d4239834c6726d134c975c3a83a4cc4e6851
[1257/3625] Checking is OK   | E:\01.userData\ZhuoMian\Github_Releases_批量下载 xray\Xray-core\v1.8.13\Xray-freebsd-arm64-v8a.zip   | LOCAL=673547260ce681eed46abdcd27208be87c9ca47be47b572772935f8009ef0b76 REMOTE=673547260ce681eed46abdcd27208be87c9ca47be47b572772935f8009ef0b76
[1258/3625] Checking is OK   | E:\01.userData\ZhuoMian\Github_Releases_批量下载 xray\Xray-core\v1.8.13\Xray-linux-32.zip            | LOCAL=aca19622db1aa5ce1c8761e0571695f2cdad69d1858905a4dfb6178cf842297d REMOTE=aca19622db1aa5ce1c8761e0571695f2cdad69d1858905a4dfb6178cf842297d
[1259/3625] Checking is OK   | E:\01.userData\ZhuoMian\Github_Releases_批量下载 xray\Xray-core\v1.8.13\Xray-linux-64.zip            | LOCAL=2e4514670c001380992cc8de351fd9c7c73c8040f4b789c0108645a7ce0ab0e6 REMOTE=2e4514670c001380992cc8de351fd9c7c73c8040f4b789c0108645a7ce0ab0e6
[1260/3625] Checking is OK   | E:\01.userData\ZhuoMian\Github_Releases_批量下载 xray\Xray-core\v1.8.13\Xray-linux-arm32-v5.zip      | LOCAL=d38f2f2928f29fc74f11b0d72f1d24c52f2769a8e76a28a8598bc384b2cb2db8 REMOTE=d38f2f2928f29fc74f11b0d72f1d24c52f2769a8e76a28a8598bc384b2cb2db8
[1261/3625] Checking is OK   | E:\01.userData\ZhuoMian\Github_Releases_批量下载 xray\Xray-core\v1.8.13\Xray-linux-arm32-v6.zip      | LOCAL=db552804cf754b66c982830251f8da38c9f3d7cc539f1fb02191eb11e8434edd REMOTE=db552804cf754b66c982830251f8da38c9f3d7cc539f1fb02191eb11e8434edd
[1262/3625] Checking is OK   | E:\01.userData\ZhuoMian\Github_Releases_批量下载 xray\Xray-core\v1.8.13\Xray-linux-arm32-v7a.zip     | LOCAL=7ddd3c94bd5435ce2a75072371a4d696c8a710e865a2ad68c0abf17b3ce5383f REMOTE=7ddd3c94bd5435ce2a75072371a4d696c8a710e865a2ad68c0abf17b3ce5383f
[1263/3625] Checking is OK   | E:\01.userData\ZhuoMian\Github_Releases_批量下载 xray\Xray-core\v1.8.13\Xray-linux-arm64-v8a.zip     | LOCAL=9249fe318fb6cc72d091abd773177e2e2c602be1828339d6b4e9183d2fc8ec49 REMOTE=9249fe318fb6cc72d091abd773177e2e2c602be1828339d6b4e9183d2fc8ec49
[1264/3625] Checking is OK   | E:\01.userData\ZhuoMian\Github_Releases_批量下载 xray\Xray-core\v1.8.13\Xray-linux-loong64.zip       | LOCAL=580ca162039712babf8742aa264150fc8ef0988b2737d94d928448fdd70931c4 REMOTE=580ca162039712babf8742aa264150fc8ef0988b2737d94d928448fdd70931c4
[1265/3625] Checking is OK   | E:\01.userData\ZhuoMian\Github_Releases_批量下载 xray\Xray-core\v1.8.13\Xray-linux-mips32.zip        | LOCAL=31acf9a340ed006fa7bbff8d635d78e91add162e194d8d769276cf4e374585f7 REMOTE=31acf9a340ed006fa7bbff8d635d78e91add162e194d8d769276cf4e374585f7
[1266/3625] Checking is OK   | E:\01.userData\ZhuoMian\Github_Releases_批量下载 xray\Xray-core\v1.8.13\Xray-linux-mips32le.zip      | LOCAL=af4bf0045957c0ccc39c42734a1fdd709a980778d249dcfc8a57a6ca98b92ba4 REMOTE=af4bf0045957c0ccc39c42734a1fdd709a980778d249dcfc8a57a6ca98b92ba4
[1267/3625] Checking is OK   | E:\01.userData\ZhuoMian\Github_Releases_批量下载 xray\Xray-core\v1.8.13\Xray-linux-mips64.zip        | LOCAL=289091fe2650ff8a184863ea0ca4672cd3ef4a786c5d1791b3dd222c1cd4fc6e REMOTE=289091fe2650ff8a184863ea0ca4672cd3ef4a786c5d1791b3dd222c1cd4fc6e
[1268/3625] Checking is OK   | E:\01.userData\ZhuoMian\Github_Releases_批量下载 xray\Xray-core\v1.8.13\Xray-linux-mips64le.zip      | LOCAL=06c4d58d22ca5b619a6fe34125bee29a3b0c726af64a406440f3db7448924f8a REMOTE=06c4d58d22ca5b619a6fe34125bee29a3b0c726af64a406440f3db7448924f8a
[1269/3625] Checking is OK   | E:\01.userData\ZhuoMian\Github_Releases_批量下载 xray\Xray-core\v1.8.13\Xray-linux-ppc64.zip         | LOCAL=1fe8202101a6bfe0a9feb07a7bdf6a9b4173a5613efefb46154686036d718bc4 REMOTE=1fe8202101a6bfe0a9feb07a7bdf6a9b4173a5613efefb46154686036d718bc4
[1270/3625] Checking is OK   | E:\01.userData\ZhuoMian\Github_Releases_批量下载 xray\Xray-core\v1.8.13\Xray-linux-ppc64le.zip       | LOCAL=decb57f5ba1fa9677bb927428faa35929c17bf0fe82536e8460275e540e55f55 REMOTE=decb57f5ba1fa9677bb927428faa35929c17bf0fe82536e8460275e540e55f55
[1271/3625] Checking is OK   | E:\01.userData\ZhuoMian\Github_Releases_批量下载 xray\Xray-core\v1.8.13\Xray-linux-riscv64.zip       | LOCAL=44290e68bed1aaf64eb5c8db10dead7edc05552d5fb59d40af88c6a3f1abb8c4 REMOTE=44290e68bed1aaf64eb5c8db10dead7edc05552d5fb59d40af88c6a3f1abb8c4
[1272/3625] Checking is OK   | E:\01.userData\ZhuoMian\Github_Releases_批量下载 xray\Xray-core\v1.8.13\Xray-linux-s390x.zip         | LOCAL=d3769ca5165dafd3902813a801fad81198a2eae8bd06ded607d681d735d38fe5 REMOTE=d3769ca5165dafd3902813a801fad81198a2eae8bd06ded607d681d735d38fe5
[1273/3625] Checking is OK   | E:\01.userData\ZhuoMian\Github_Releases_批量下载 xray\Xray-core\v1.8.13\Xray-macos-64.zip            | LOCAL=fb3e6bba2f9e33d24dbf67fd1f792f73e6ba20e1ac1ebb915a938b64c9bd1053 REMOTE=fb3e6bba2f9e33d24dbf67fd1f792f73e6ba20e1ac1ebb915a938b64c9bd1053
[1274/3625] Checking is OK   | E:\01.userData\ZhuoMian\Github_Releases_批量下载 xray\Xray-core\v1.8.13\Xray-macos-arm64-v8a.zip     | LOCAL=4aabf0833439876a7836cefd76f5dd6c148648380b8164df3730d3cfe2fc5ba9 REMOTE=4aabf0833439876a7836cefd76f5dd6c148648380b8164df3730d3cfe2fc5ba9
[1275/3625] Checking is OK   | E:\01.userData\ZhuoMian\Github_Releases_批量下载 xray\Xray-core\v1.8.13\Xray-openbsd-32.zip          | LOCAL=59d621618dec589885e4da41f05ac1306228665086bbdf343d84c357fb8f711d REMOTE=59d621618dec589885e4da41f05ac1306228665086bbdf343d84c357fb8f711d
[1276/3625] Checking is OK   | E:\01.userData\ZhuoMian\Github_Releases_批量下载 xray\Xray-core\v1.8.13\Xray-openbsd-64.zip          | LOCAL=56c184abbbebdeac867fac06f78d7046ec4a771d678fd00c6933a5c79005e5a4 REMOTE=56c184abbbebdeac867fac06f78d7046ec4a771d678fd00c6933a5c79005e5a4
[1277/3625] Checking is OK   | E:\01.userData\ZhuoMian\Github_Releases_批量下载 xray\Xray-core\v1.8.13\Xray-openbsd-arm32-v7a.zip   | LOCAL=f55959644e3fe7857fb448e1df63e6e7985360f51067a9a4fe0e064deb77f258 REMOTE=f55959644e3fe7857fb448e1df63e6e7985360f51067a9a4fe0e064deb77f258
[1278/3625] Checking is OK   | E:\01.userData\ZhuoMian\Github_Releases_批量下载 xray\Xray-core\v1.8.13\Xray-openbsd-arm64-v8a.zip   | LOCAL=1a2ef5ce62344634941a86b8b06f81c4e0b62272e9870b51247624033a7e016e REMOTE=1a2ef5ce62344634941a86b8b06f81c4e0b62272e9870b51247624033a7e016e
[1279/3625] Checking is OK   | E:\01.userData\ZhuoMian\Github_Releases_批量下载 xray\Xray-core\v1.8.13\Xray-windows-32.zip          | LOCAL=d93f980f39c4a0697a64971abfe83b96b6690af433cd11cf871c245d12802b94 REMOTE=d93f980f39c4a0697a64971abfe83b96b6690af433cd11cf871c245d12802b94
[1280/3625] Checking is OK   | E:\01.userData\ZhuoMian\Github_Releases_批量下载 xray\Xray-core\v1.8.13\Xray-windows-64.zip          | LOCAL=2dabb99d5face1b805eb2788fbb085576f57cd8670a63be3d0e7776e3868a502 REMOTE=2dabb99d5face1b805eb2788fbb085576f57cd8670a63be3d0e7776e3868a502
[1281/3625] Checking is OK   | E:\01.userData\ZhuoMian\Github_Releases_批量下载 xray\Xray-core\v1.8.13\Xray-windows-arm32-v7a.zip   | LOCAL=b313ca6d2c6ef8ef7cf3dd8d699c9206ea9516aa782b1cd3a54d291bfdf793a3 REMOTE=b313ca6d2c6ef8ef7cf3dd8d699c9206ea9516aa782b1cd3a54d291bfdf793a3
[1282/3625] Checking is OK   | E:\01.userData\ZhuoMian\Github_Releases_批量下载 xray\Xray-core\v1.8.13\Xray-windows-arm64-v8a.zip   | LOCAL=0bc6762e5f8ead945487fb964a4f27d05e3dd0681c2eb5e1bf0fb04a4ce98404 REMOTE=0bc6762e5f8ead945487fb964a4f27d05e3dd0681c2eb5e1bf0fb04a4ce98404
[1283/3625] Checking is OK   | E:\01.userData\ZhuoMian\Github_Releases_批量下载 xray\Xray-core\v1.8.15\Xray-android-arm64-v8a.zip   | LOCAL=bc6abe4e3e5d0d39616a116a7e17613e40f86bdd1ef9e3533b8e86193c0cb667 REMOTE=bc6abe4e3e5d0d39616a116a7e17613e40f86bdd1ef9e3533b8e86193c0cb667
[1284/3625] Checking is OK   | E:\01.userData\ZhuoMian\Github_Releases_批量下载 xray\Xray-core\v1.8.15\Xray-freebsd-32.zip          | LOCAL=4d4c9185172c33f0c49ea38ad1873a29629baf58771b94e8ab876fc73547d8c9 REMOTE=4d4c9185172c33f0c49ea38ad1873a29629baf58771b94e8ab876fc73547d8c9
[1285/3625] Checking is OK   | E:\01.userData\ZhuoMian\Github_Releases_批量下载 xray\Xray-core\v1.8.15\Xray-freebsd-64.zip          | LOCAL=f49971f39e82932e8e3ff260a6979554f65314fbe8e7805b46f2249d2fd4ae86 REMOTE=f49971f39e82932e8e3ff260a6979554f65314fbe8e7805b46f2249d2fd4ae86
[1286/3625] Checking is OK   | E:\01.userData\ZhuoMian\Github_Releases_批量下载 xray\Xray-core\v1.8.15\Xray-freebsd-arm32-v7a.zip   | LOCAL=2e18d35383194abfee4ece3cd62eae292232b067b56cf3e4ffbd08c9779fc385 REMOTE=2e18d35383194abfee4ece3cd62eae292232b067b56cf3e4ffbd08c9779fc385
[1287/3625] Checking is OK   | E:\01.userData\ZhuoMian\Github_Releases_批量下载 xray\Xray-core\v1.8.15\Xray-freebsd-arm64-v8a.zip   | LOCAL=8de5301bb7d636f894c91bd9013a5d4a85378be070ee6b258c36e4ffb74712f0 REMOTE=8de5301bb7d636f894c91bd9013a5d4a85378be070ee6b258c36e4ffb74712f0
[1288/3625] Checking is OK   | E:\01.userData\ZhuoMian\Github_Releases_批量下载 xray\Xray-core\v1.8.15\Xray-linux-32.zip            | LOCAL=62515b59ec932bed310794339b249c6137deb3a184843efc20e1343a1635c4ec REMOTE=62515b59ec932bed310794339b249c6137deb3a184843efc20e1343a1635c4ec
[1289/3625] Checking is OK   | E:\01.userData\ZhuoMian\Github_Releases_批量下载 xray\Xray-core\v1.8.15\Xray-linux-64.zip            | LOCAL=df66ac3f1c58a4c3b2c0de737bb1594138d6a9c35b69e8ad7d36bc433c160b4d REMOTE=df66ac3f1c58a4c3b2c0de737bb1594138d6a9c35b69e8ad7d36bc433c160b4d
[1290/3625] Checking is OK   | E:\01.userData\ZhuoMian\Github_Releases_批量下载 xray\Xray-core\v1.8.15\Xray-linux-arm32-v5.zip      | LOCAL=dbb66aa9afee261ba4228588e94845bbf84e736d0f8a04862fc7fa7dbc395752 REMOTE=dbb66aa9afee261ba4228588e94845bbf84e736d0f8a04862fc7fa7dbc395752
[1291/3625] Checking is OK   | E:\01.userData\ZhuoMian\Github_Releases_批量下载 xray\Xray-core\v1.8.15\Xray-linux-arm32-v6.zip      | LOCAL=b9e8e77e4b1c12e646950b4920cc11e0280f96fa66f622f0756fca720346357b REMOTE=b9e8e77e4b1c12e646950b4920cc11e0280f96fa66f622f0756fca720346357b
[1292/3625] Checking is OK   | E:\01.userData\ZhuoMian\Github_Releases_批量下载 xray\Xray-core\v1.8.15\Xray-linux-arm32-v7a.zip     | LOCAL=f7519bc6afe6095954eaae7127a9f764c31ea66df020b85ed2b364ecb80ce2e5 REMOTE=f7519bc6afe6095954eaae7127a9f764c31ea66df020b85ed2b364ecb80ce2e5
[1293/3625] Checking is OK   | E:\01.userData\ZhuoMian\Github_Releases_批量下载 xray\Xray-core\v1.8.15\Xray-linux-arm64-v8a.zip     | LOCAL=27885e3841f05d9624fb6bf529d4407c94bdbe9b4d91a36fcb7a48c77b0ab943 REMOTE=27885e3841f05d9624fb6bf529d4407c94bdbe9b4d91a36fcb7a48c77b0ab943
[1294/3625] Checking is OK   | E:\01.userData\ZhuoMian\Github_Releases_批量下载 xray\Xray-core\v1.8.15\Xray-linux-loong64.zip       | LOCAL=51671dbf84087cebc48c364db0ef15556450285e67a6f6e3adee8ba32db9e44d REMOTE=51671dbf84087cebc48c364db0ef15556450285e67a6f6e3adee8ba32db9e44d
[1295/3625] Checking is OK   | E:\01.userData\ZhuoMian\Github_Releases_批量下载 xray\Xray-core\v1.8.15\Xray-linux-mips32.zip        | LOCAL=96fec6a6f6d4a94aa183dd977ad9cf04d583289ca05df0e1ec35d8da2e335af8 REMOTE=96fec6a6f6d4a94aa183dd977ad9cf04d583289ca05df0e1ec35d8da2e335af8
[1296/3625] Checking is OK   | E:\01.userData\ZhuoMian\Github_Releases_批量下载 xray\Xray-core\v1.8.15\Xray-linux-mips32le.zip      | LOCAL=989ff2390dd0719fe7b4f1904d1cbe43f1489f99b7565c3834028430e981d3ca REMOTE=989ff2390dd0719fe7b4f1904d1cbe43f1489f99b7565c3834028430e981d3ca
[1297/3625] Checking is OK   | E:\01.userData\ZhuoMian\Github_Releases_批量下载 xray\Xray-core\v1.8.15\Xray-linux-mips64.zip        | LOCAL=38c197f3c3deb115b0c26fa916f50117589ac44e002c54b3fa2daa4f6ff86edf REMOTE=38c197f3c3deb115b0c26fa916f50117589ac44e002c54b3fa2daa4f6ff86edf
[1298/3625] Checking is OK   | E:\01.userData\ZhuoMian\Github_Releases_批量下载 xray\Xray-core\v1.8.15\Xray-linux-mips64le.zip      | LOCAL=0d3a1b834e6af1c096aa8c1ceebd6a7ae047c6a362db9156c083559351a6cee1 REMOTE=0d3a1b834e6af1c096aa8c1ceebd6a7ae047c6a362db9156c083559351a6cee1
[1299/3625] Checking is OK   | E:\01.userData\ZhuoMian\Github_Releases_批量下载 xray\Xray-core\v1.8.15\Xray-linux-ppc64.zip         | LOCAL=89c6dcea6beef91bee8314701a399f99d11e15dc8378c9ce3e6a9483bb98b4a1 REMOTE=89c6dcea6beef91bee8314701a399f99d11e15dc8378c9ce3e6a9483bb98b4a1
[1300/3625] Checking is OK   | E:\01.userData\ZhuoMian\Github_Releases_批量下载 xray\Xray-core\v1.8.15\Xray-linux-ppc64le.zip       | LOCAL=f3ca679b4514a40d462e7ea88d0b4820496aa833e0032de163a547243a36b1e2 REMOTE=f3ca679b4514a40d462e7ea88d0b4820496aa833e0032de163a547243a36b1e2
[1301/3625] Checking is OK   | E:\01.userData\ZhuoMian\Github_Releases_批量下载 xray\Xray-core\v1.8.15\Xray-linux-riscv64.zip       | LOCAL=b336c6c087617ee1b6d65639e2607786d81f3f24090b2287c41f18fc777b4bc5 REMOTE=b336c6c087617ee1b6d65639e2607786d81f3f24090b2287c41f18fc777b4bc5
[1302/3625] Checking is OK   | E:\01.userData\ZhuoMian\Github_Releases_批量下载 xray\Xray-core\v1.8.15\Xray-linux-s390x.zip         | LOCAL=496d1307fee79012803866cace97a15f230e95325312bebb1060ecb7752699a0 REMOTE=496d1307fee79012803866cace97a15f230e95325312bebb1060ecb7752699a0
[1303/3625] Checking is OK   | E:\01.userData\ZhuoMian\Github_Releases_批量下载 xray\Xray-core\v1.8.15\Xray-macos-64.zip            | LOCAL=c556d031ee4a196254c26a1dc91ff215c2d6d9a9e17aacfd1e798cafdd6937fa REMOTE=c556d031ee4a196254c26a1dc91ff215c2d6d9a9e17aacfd1e798cafdd6937fa
[1304/3625] Checking is OK   | E:\01.userData\ZhuoMian\Github_Releases_批量下载 xray\Xray-core\v1.8.15\Xray-macos-arm64-v8a.zip     | LOCAL=64ba279271581ace29d572effc1713536dab9e1883407360e5bb9ca6e87fbddc REMOTE=64ba279271581ace29d572effc1713536dab9e1883407360e5bb9ca6e87fbddc
[1305/3625] Checking is OK   | E:\01.userData\ZhuoMian\Github_Releases_批量下载 xray\Xray-core\v1.8.15\Xray-openbsd-32.zip          | LOCAL=20019b16f5a22521b0dd9d5adcfd060c54e2434baf2d0e6f9702f4f20e85aaff REMOTE=20019b16f5a22521b0dd9d5adcfd060c54e2434baf2d0e6f9702f4f20e85aaff
[1306/3625] Checking is OK   | E:\01.userData\ZhuoMian\Github_Releases_批量下载 xray\Xray-core\v1.8.15\Xray-openbsd-64.zip          | LOCAL=1ec3b3f0d525cf54132881fe94a4ef3c665ef845a5a8bf26af5675ab0c963430 REMOTE=1ec3b3f0d525cf54132881fe94a4ef3c665ef845a5a8bf26af5675ab0c963430
[1307/3625] Checking is OK   | E:\01.userData\ZhuoMian\Github_Releases_批量下载 xray\Xray-core\v1.8.15\Xray-openbsd-arm32-v7a.zip   | LOCAL=2fc58c6c3c297401aa3366de7f1539149f670457ec5c32decc45bdf774190ff0 REMOTE=2fc58c6c3c297401aa3366de7f1539149f670457ec5c32decc45bdf774190ff0
[1308/3625] Checking is OK   | E:\01.userData\ZhuoMian\Github_Releases_批量下载 xray\Xray-core\v1.8.15\Xray-openbsd-arm64-v8a.zip   | LOCAL=06af62de5552a547e431c2dac623e50797ee8346a191722116a7617e225f1eba REMOTE=06af62de5552a547e431c2dac623e50797ee8346a191722116a7617e225f1eba
[1309/3625] Checking is OK   | E:\01.userData\ZhuoMian\Github_Releases_批量下载 xray\Xray-core\v1.8.15\Xray-windows-32.zip          | LOCAL=9fce3d9fd9b86880602366dcfb654e797c9902d82a5671556c877ac733dd33d0 REMOTE=9fce3d9fd9b86880602366dcfb654e797c9902d82a5671556c877ac733dd33d0
[1310/3625] Checking is OK   | E:\01.userData\ZhuoMian\Github_Releases_批量下载 xray\Xray-core\v1.8.15\Xray-windows-64.zip          | LOCAL=6125028b0577a33ace1a5c00235e362be107c0a88dcf445346f134db6f40f1c9 REMOTE=6125028b0577a33ace1a5c00235e362be107c0a88dcf445346f134db6f40f1c9
[1311/3625] Checking is OK   | E:\01.userData\ZhuoMian\Github_Releases_批量下载 xray\Xray-core\v1.8.15\Xray-windows-arm32-v7a.zip   | LOCAL=fae7edcc355cadb3a10ecfea56f3bfba63395f1aab940ea5c2a0530afd746b90 REMOTE=fae7edcc355cadb3a10ecfea56f3bfba63395f1aab940ea5c2a0530afd746b90
[1312/3625] Checking is OK   | E:\01.userData\ZhuoMian\Github_Releases_批量下载 xray\Xray-core\v1.8.15\Xray-windows-arm64-v8a.zip   | LOCAL=910345ead460c0d01cfe07ca2a29c218fff318db892908efc2a829f53a162c89 REMOTE=910345ead460c0d01cfe07ca2a29c218fff318db892908efc2a829f53a162c89
[1313/3625] Checking is OK   | E:\01.userData\ZhuoMian\Github_Releases_批量下载 xray\Xray-core\v1.8.16\Xray-android-arm64-v8a.zip   | LOCAL=1ca546edc9acccec8c0bf2d44f7405477731bd84a939050bac016aa4a890eafc REMOTE=1ca546edc9acccec8c0bf2d44f7405477731bd84a939050bac016aa4a890eafc
[1314/3625] Checking is OK   | E:\01.userData\ZhuoMian\Github_Releases_批量下载 xray\Xray-core\v1.8.16\Xray-freebsd-32.zip          | LOCAL=6e6d434bd8555d79e8949a6dcd62da5cc1289ad10776c8d5c5a3228088137559 REMOTE=6e6d434bd8555d79e8949a6dcd62da5cc1289ad10776c8d5c5a3228088137559
[1315/3625] Checking is OK   | E:\01.userData\ZhuoMian\Github_Releases_批量下载 xray\Xray-core\v1.8.16\Xray-freebsd-64.zip          | LOCAL=8ebb5733bc0fd2f76b97d1d44dfb18fcc25ade68474021aa2d78fd22994bce8a REMOTE=8ebb5733bc0fd2f76b97d1d44dfb18fcc25ade68474021aa2d78fd22994bce8a
[1316/3625] Checking is OK   | E:\01.userData\ZhuoMian\Github_Releases_批量下载 xray\Xray-core\v1.8.16\Xray-freebsd-arm32-v7a.zip   | LOCAL=2dc6e1a2a06d14aedfa34a5e2829b0a0cd4fc9c55a204af0fa136906fb81f3ee REMOTE=2dc6e1a2a06d14aedfa34a5e2829b0a0cd4fc9c55a204af0fa136906fb81f3ee
[1317/3625] Checking is OK   | E:\01.userData\ZhuoMian\Github_Releases_批量下载 xray\Xray-core\v1.8.16\Xray-freebsd-arm64-v8a.zip   | LOCAL=30ce206aeb8db4f99bb891712bfb0b6f92f1364257e575b40362469d9027adcc REMOTE=30ce206aeb8db4f99bb891712bfb0b6f92f1364257e575b40362469d9027adcc
[1318/3625] Checking is OK   | E:\01.userData\ZhuoMian\Github_Releases_批量下载 xray\Xray-core\v1.8.16\Xray-linux-32.zip            | LOCAL=d33199e8e4b16a63713228378ebf9a34da617361568b1ea61c7a6410c2329b5d REMOTE=d33199e8e4b16a63713228378ebf9a34da617361568b1ea61c7a6410c2329b5d
[1319/3625] Checking is OK   | E:\01.userData\ZhuoMian\Github_Releases_批量下载 xray\Xray-core\v1.8.16\Xray-linux-64.zip            | LOCAL=f8ebee51256e26799dff7f1fe529b6e9030191b5fba5fa1455461a6afea3cd82 REMOTE=f8ebee51256e26799dff7f1fe529b6e9030191b5fba5fa1455461a6afea3cd82
[1320/3625] Checking is OK   | E:\01.userData\ZhuoMian\Github_Releases_批量下载 xray\Xray-core\v1.8.16\Xray-linux-arm32-v5.zip      | LOCAL=1d04d1cecfe5c5b164a00ba58a5e8bd1a516b6a5656029d1036b24a5f1904b5d REMOTE=1d04d1cecfe5c5b164a00ba58a5e8bd1a516b6a5656029d1036b24a5f1904b5d
[1321/3625] Checking is OK   | E:\01.userData\ZhuoMian\Github_Releases_批量下载 xray\Xray-core\v1.8.16\Xray-linux-arm32-v6.zip      | LOCAL=ebabdab8ece855a47b81b5029e4d8862c02d1bdb1e160f0e0e99136c9e47718f REMOTE=ebabdab8ece855a47b81b5029e4d8862c02d1bdb1e160f0e0e99136c9e47718f
[1322/3625] Checking is OK   | E:\01.userData\ZhuoMian\Github_Releases_批量下载 xray\Xray-core\v1.8.16\Xray-linux-arm32-v7a.zip     | LOCAL=5928dc449922c782d73f6a0859e7615f3a7ebe0f34ad155f4af3facce67e1d30 REMOTE=5928dc449922c782d73f6a0859e7615f3a7ebe0f34ad155f4af3facce67e1d30
[1323/3625] Checking is OK   | E:\01.userData\ZhuoMian\Github_Releases_批量下载 xray\Xray-core\v1.8.16\Xray-linux-arm64-v8a.zip     | LOCAL=3379a9bc3e52805b560adbcf06343ea5ff542fc6d67e265e336e9d30c63a7408 REMOTE=3379a9bc3e52805b560adbcf06343ea5ff542fc6d67e265e336e9d30c63a7408
[1324/3625] Checking is OK   | E:\01.userData\ZhuoMian\Github_Releases_批量下载 xray\Xray-core\v1.8.16\Xray-linux-loong64.zip       | LOCAL=60afc46992dac232d0c6e331a90fc72b625832bf59844c583e68668bfbc09103 REMOTE=60afc46992dac232d0c6e331a90fc72b625832bf59844c583e68668bfbc09103
[1325/3625] Checking is OK   | E:\01.userData\ZhuoMian\Github_Releases_批量下载 xray\Xray-core\v1.8.16\Xray-linux-mips32.zip        | LOCAL=54b665dee86cc1c52e30a2455927f29a46e51aef5cd8cfbc3ac5d4de7c4031a1 REMOTE=54b665dee86cc1c52e30a2455927f29a46e51aef5cd8cfbc3ac5d4de7c4031a1
[1326/3625] Checking is OK   | E:\01.userData\ZhuoMian\Github_Releases_批量下载 xray\Xray-core\v1.8.16\Xray-linux-mips32le.zip      | LOCAL=a4485a60a9557675a3309a46b0e8c6d9fabf1a1476c852d7557968332e4ba8d7 REMOTE=a4485a60a9557675a3309a46b0e8c6d9fabf1a1476c852d7557968332e4ba8d7
[1327/3625] Checking is OK   | E:\01.userData\ZhuoMian\Github_Releases_批量下载 xray\Xray-core\v1.8.16\Xray-linux-mips64.zip        | LOCAL=4c525387254201b59988ae40cebebaa8768b58f7bbe2575166d37a3ab39cfcec REMOTE=4c525387254201b59988ae40cebebaa8768b58f7bbe2575166d37a3ab39cfcec
[1328/3625] Checking is OK   | E:\01.userData\ZhuoMian\Github_Releases_批量下载 xray\Xray-core\v1.8.16\Xray-linux-mips64le.zip      | LOCAL=ab2325b3fd4af653a6dc68623261093c566e64db9afc8f41392602aa48225cf6 REMOTE=ab2325b3fd4af653a6dc68623261093c566e64db9afc8f41392602aa48225cf6
[1329/3625] Checking is OK   | E:\01.userData\ZhuoMian\Github_Releases_批量下载 xray\Xray-core\v1.8.16\Xray-linux-ppc64.zip         | LOCAL=ba9df1c6a2a6691f244c1fa6a216885919808d0c8746e18998b4da9755f2edaf REMOTE=ba9df1c6a2a6691f244c1fa6a216885919808d0c8746e18998b4da9755f2edaf
[1330/3625] Checking is OK   | E:\01.userData\ZhuoMian\Github_Releases_批量下载 xray\Xray-core\v1.8.16\Xray-linux-ppc64le.zip       | LOCAL=4127628a7b391c63870681368a79d4b0ab61e6b30bf05355790ff09f53d5599e REMOTE=4127628a7b391c63870681368a79d4b0ab61e6b30bf05355790ff09f53d5599e
[1331/3625] Checking is OK   | E:\01.userData\ZhuoMian\Github_Releases_批量下载 xray\Xray-core\v1.8.16\Xray-linux-riscv64.zip       | LOCAL=2d8873680db486461134955cae25f7d7d5d6705414fadee0eb0ba40dd42f0584 REMOTE=2d8873680db486461134955cae25f7d7d5d6705414fadee0eb0ba40dd42f0584
[1332/3625] Checking is OK   | E:\01.userData\ZhuoMian\Github_Releases_批量下载 xray\Xray-core\v1.8.16\Xray-linux-s390x.zip         | LOCAL=3327ffe58b79aad0f6700ffdf2e857c3791a6a33aa69d03d414077c212a9c150 REMOTE=3327ffe58b79aad0f6700ffdf2e857c3791a6a33aa69d03d414077c212a9c150
[1333/3625] Checking is OK   | E:\01.userData\ZhuoMian\Github_Releases_批量下载 xray\Xray-core\v1.8.16\Xray-macos-64.zip            | LOCAL=1f0a9c7c7c30fe5f49a5385f28f9bf627c277672a9fbb37362fb70e70525d67b REMOTE=1f0a9c7c7c30fe5f49a5385f28f9bf627c277672a9fbb37362fb70e70525d67b
[1334/3625] Checking is OK   | E:\01.userData\ZhuoMian\Github_Releases_批量下载 xray\Xray-core\v1.8.16\Xray-macos-arm64-v8a.zip     | LOCAL=b0773f91bda8445571ab0d7ce04993c2759b046787359bee7c481695d6f6ff6e REMOTE=b0773f91bda8445571ab0d7ce04993c2759b046787359bee7c481695d6f6ff6e
[1335/3625] Checking is OK   | E:\01.userData\ZhuoMian\Github_Releases_批量下载 xray\Xray-core\v1.8.16\Xray-openbsd-32.zip          | LOCAL=5f1f1ec0bf94e7539428f2581e937772b36b6af9d841012f090b7c82a88f226d REMOTE=5f1f1ec0bf94e7539428f2581e937772b36b6af9d841012f090b7c82a88f226d
[1336/3625] Checking is OK   | E:\01.userData\ZhuoMian\Github_Releases_批量下载 xray\Xray-core\v1.8.16\Xray-openbsd-64.zip          | LOCAL=93029311ef2488d18a453a18cf0f0d01857bb97be862c7d0ca450ca49b4005ac REMOTE=93029311ef2488d18a453a18cf0f0d01857bb97be862c7d0ca450ca49b4005ac
[1337/3625] Checking is OK   | E:\01.userData\ZhuoMian\Github_Releases_批量下载 xray\Xray-core\v1.8.16\Xray-openbsd-arm32-v7a.zip   | LOCAL=ba1c7e148f58e2d5a4df65f6500bc350a88c0923c66df658fc9a9fec8fa369a6 REMOTE=ba1c7e148f58e2d5a4df65f6500bc350a88c0923c66df658fc9a9fec8fa369a6
[1338/3625] Checking is OK   | E:\01.userData\ZhuoMian\Github_Releases_批量下载 xray\Xray-core\v1.8.16\Xray-openbsd-arm64-v8a.zip   | LOCAL=9fc4eb7355b4d7b1cb4049bac791f59c8d1d03f89fc40886d5d164259e460e47 REMOTE=9fc4eb7355b4d7b1cb4049bac791f59c8d1d03f89fc40886d5d164259e460e47
[1339/3625] Checking is OK   | E:\01.userData\ZhuoMian\Github_Releases_批量下载 xray\Xray-core\v1.8.16\Xray-windows-32.zip          | LOCAL=cea4012f82ef24dc59b4f18ea87e2cd352098971762cbec67d418dd61d6fe14a REMOTE=cea4012f82ef24dc59b4f18ea87e2cd352098971762cbec67d418dd61d6fe14a
[1340/3625] Checking is OK   | E:\01.userData\ZhuoMian\Github_Releases_批量下载 xray\Xray-core\v1.8.16\Xray-windows-64.zip          | LOCAL=d2a6a7c6afd2d997ef3307797ff80d4e36865994c7f340d681e0f91897d22f8f REMOTE=d2a6a7c6afd2d997ef3307797ff80d4e36865994c7f340d681e0f91897d22f8f
[1341/3625] Checking is OK   | E:\01.userData\ZhuoMian\Github_Releases_批量下载 xray\Xray-core\v1.8.16\Xray-windows-arm32-v7a.zip   | LOCAL=b4b6ccab94fd41071049b7ddf26cdb2c5914cec97e6c09c3266def173406a1ae REMOTE=b4b6ccab94fd41071049b7ddf26cdb2c5914cec97e6c09c3266def173406a1ae
[1342/3625] Checking is OK   | E:\01.userData\ZhuoMian\Github_Releases_批量下载 xray\Xray-core\v1.8.16\Xray-windows-arm64-v8a.zip   | LOCAL=0ec2cc7313e7f8cc376a83bf8066edb6985e807b3ad56bc152bd9f33385c6c22 REMOTE=0ec2cc7313e7f8cc376a83bf8066edb6985e807b3ad56bc152bd9f33385c6c22
[1343/3625] Checking is OK   | E:\01.userData\ZhuoMian\Github_Releases_批量下载 xray\Xray-core\v1.8.17\Xray-android-arm64-v8a.zip   | LOCAL=816f0b904a20609b53d66a91cbf4818f159c44aa19b4af9904cff18774218a80 REMOTE=816f0b904a20609b53d66a91cbf4818f159c44aa19b4af9904cff18774218a80
[1344/3625] Checking is OK   | E:\01.userData\ZhuoMian\Github_Releases_批量下载 xray\Xray-core\v1.8.17\Xray-freebsd-32.zip          | LOCAL=0cfd44b8c9c1e5eba8656ab02cfe4b64bfa2e6906bafe18e338cdf248011a8d8 REMOTE=0cfd44b8c9c1e5eba8656ab02cfe4b64bfa2e6906bafe18e338cdf248011a8d8
[1345/3625] Checking is OK   | E:\01.userData\ZhuoMian\Github_Releases_批量下载 xray\Xray-core\v1.8.17\Xray-freebsd-64.zip          | LOCAL=a4bfdb0ff09b688ee9fc25749e58d6f31136ee599a5654fd75d6e6c21b18ac93 REMOTE=a4bfdb0ff09b688ee9fc25749e58d6f31136ee599a5654fd75d6e6c21b18ac93
[1346/3625] Checking is OK   | E:\01.userData\ZhuoMian\Github_Releases_批量下载 xray\Xray-core\v1.8.17\Xray-freebsd-arm32-v7a.zip   | LOCAL=96c595d87391ec55e2f38c111389236c2964a63504528eaa1420ca9d9a61b470 REMOTE=96c595d87391ec55e2f38c111389236c2964a63504528eaa1420ca9d9a61b470
[1347/3625] Checking is OK   | E:\01.userData\ZhuoMian\Github_Releases_批量下载 xray\Xray-core\v1.8.17\Xray-freebsd-arm64-v8a.zip   | LOCAL=46662106d816f570b8896373ddc8f04c6ce8745336aa39679f0806f14c21381a REMOTE=46662106d816f570b8896373ddc8f04c6ce8745336aa39679f0806f14c21381a
[1348/3625] Checking is OK   | E:\01.userData\ZhuoMian\Github_Releases_批量下载 xray\Xray-core\v1.8.17\Xray-linux-32.zip            | LOCAL=21d273447b30bfdcb2ef2e965e3fc928823191468c5ddde86d220928589b3df4 REMOTE=21d273447b30bfdcb2ef2e965e3fc928823191468c5ddde86d220928589b3df4
[1349/3625] Checking is OK   | E:\01.userData\ZhuoMian\Github_Releases_批量下载 xray\Xray-core\v1.8.17\Xray-linux-64.zip            | LOCAL=47b9a66a86319d89658f686708ecbb1fb7c480c8a738522626dfc43685c5e90b REMOTE=47b9a66a86319d89658f686708ecbb1fb7c480c8a738522626dfc43685c5e90b
[1350/3625] Checking is OK   | E:\01.userData\ZhuoMian\Github_Releases_批量下载 xray\Xray-core\v1.8.17\Xray-linux-arm32-v5.zip      | LOCAL=e6b03171a65cd0509ca79ef919cb0b6436d2e017d6780df22cd14520d004f990 REMOTE=e6b03171a65cd0509ca79ef919cb0b6436d2e017d6780df22cd14520d004f990
[1351/3625] Checking is OK   | E:\01.userData\ZhuoMian\Github_Releases_批量下载 xray\Xray-core\v1.8.17\Xray-linux-arm32-v6.zip      | LOCAL=b62194ad47deab7dc7a71c2d2e3cc461438b6ad1b87c0e90c05e6c27ac5bcbaf REMOTE=b62194ad47deab7dc7a71c2d2e3cc461438b6ad1b87c0e90c05e6c27ac5bcbaf
[1352/3625] Checking is OK   | E:\01.userData\ZhuoMian\Github_Releases_批量下载 xray\Xray-core\v1.8.17\Xray-linux-arm32-v7a.zip     | LOCAL=bdf7a258133c1bbef7988d09190bc7191835eae3d85920fcffc3dc018172f040 REMOTE=bdf7a258133c1bbef7988d09190bc7191835eae3d85920fcffc3dc018172f040
[1353/3625] Checking is OK   | E:\01.userData\ZhuoMian\Github_Releases_批量下载 xray\Xray-core\v1.8.17\Xray-linux-arm64-v8a.zip     | LOCAL=7114ba5599f93bbf631915bc38a25a6af385747d61400d84f3bcf4e459aeb286 REMOTE=7114ba5599f93bbf631915bc38a25a6af385747d61400d84f3bcf4e459aeb286
[1354/3625] Checking is OK   | E:\01.userData\ZhuoMian\Github_Releases_批量下载 xray\Xray-core\v1.8.17\Xray-linux-loong64.zip       | LOCAL=d5d12e5d4928e2675024dfc00d4c1379108b276b57c0721f2f3cee481ca4d1b0 REMOTE=d5d12e5d4928e2675024dfc00d4c1379108b276b57c0721f2f3cee481ca4d1b0
[1355/3625] Checking is OK   | E:\01.userData\ZhuoMian\Github_Releases_批量下载 xray\Xray-core\v1.8.17\Xray-linux-mips32.zip        | LOCAL=a61c89357f27ccb9b8b36346fc7d4fa0f175fdee139d53077520fc113b1371db REMOTE=a61c89357f27ccb9b8b36346fc7d4fa0f175fdee139d53077520fc113b1371db
[1356/3625] Checking is OK   | E:\01.userData\ZhuoMian\Github_Releases_批量下载 xray\Xray-core\v1.8.17\Xray-linux-mips32le.zip      | LOCAL=c1f56ed43f815e3eb2287d1f683c06f84d76474eff3f2c6b329fe1f9dc788ba4 REMOTE=c1f56ed43f815e3eb2287d1f683c06f84d76474eff3f2c6b329fe1f9dc788ba4
[1357/3625] Checking is OK   | E:\01.userData\ZhuoMian\Github_Releases_批量下载 xray\Xray-core\v1.8.17\Xray-linux-mips64.zip        | LOCAL=5664b8c5acd6a150012754fce261683945eaa16ddaab11224aba460764670b56 REMOTE=5664b8c5acd6a150012754fce261683945eaa16ddaab11224aba460764670b56
[1358/3625] Checking is OK   | E:\01.userData\ZhuoMian\Github_Releases_批量下载 xray\Xray-core\v1.8.17\Xray-linux-mips64le.zip      | LOCAL=958ef00b472e6aeac74d0e44f98e4298b16e68376259133451dc38e4046dfa95 REMOTE=958ef00b472e6aeac74d0e44f98e4298b16e68376259133451dc38e4046dfa95
[1359/3625] Checking is OK   | E:\01.userData\ZhuoMian\Github_Releases_批量下载 xray\Xray-core\v1.8.17\Xray-linux-ppc64.zip         | LOCAL=5a5c1ba6044bc848ca78b112e842a29ea93d6f5227abbb5f0d4fc2c51519b39f REMOTE=5a5c1ba6044bc848ca78b112e842a29ea93d6f5227abbb5f0d4fc2c51519b39f
[1360/3625] Checking is OK   | E:\01.userData\ZhuoMian\Github_Releases_批量下载 xray\Xray-core\v1.8.17\Xray-linux-ppc64le.zip       | LOCAL=5150b1af7adecf776fbf6866d9d34ef33533a6f78d3beae526ccc646c5bda124 REMOTE=5150b1af7adecf776fbf6866d9d34ef33533a6f78d3beae526ccc646c5bda124
[1361/3625] Checking is OK   | E:\01.userData\ZhuoMian\Github_Releases_批量下载 xray\Xray-core\v1.8.17\Xray-linux-riscv64.zip       | LOCAL=692ac133188269f6f1f28daedf29c0297aca92ea64b3f540771d46568766fb15 REMOTE=692ac133188269f6f1f28daedf29c0297aca92ea64b3f540771d46568766fb15
[1362/3625] Checking is OK   | E:\01.userData\ZhuoMian\Github_Releases_批量下载 xray\Xray-core\v1.8.17\Xray-linux-s390x.zip         | LOCAL=7fa938c2ed44c78370f05adbc9f9a74b4f44ed128cab357a005cb1a5104e1d0a REMOTE=7fa938c2ed44c78370f05adbc9f9a74b4f44ed128cab357a005cb1a5104e1d0a
[1363/3625] Checking is OK   | E:\01.userData\ZhuoMian\Github_Releases_批量下载 xray\Xray-core\v1.8.17\Xray-macos-64.zip            | LOCAL=f33cf31a186621a51e82241694cc47623e69c159985c6c32389f72a2bc5951aa REMOTE=f33cf31a186621a51e82241694cc47623e69c159985c6c32389f72a2bc5951aa
[1364/3625] Checking is OK   | E:\01.userData\ZhuoMian\Github_Releases_批量下载 xray\Xray-core\v1.8.17\Xray-macos-arm64-v8a.zip     | LOCAL=dcc7a44b36e66b3d3aaf2a8a520c882fa6de53c1718013ccc90c0923a977e3ef REMOTE=dcc7a44b36e66b3d3aaf2a8a520c882fa6de53c1718013ccc90c0923a977e3ef
[1365/3625] Checking is OK   | E:\01.userData\ZhuoMian\Github_Releases_批量下载 xray\Xray-core\v1.8.17\Xray-openbsd-32.zip          | LOCAL=aa5592da50a002889d8fc523a246dc8eae0b3957a718cf9b211adb0c03ee89bd REMOTE=aa5592da50a002889d8fc523a246dc8eae0b3957a718cf9b211adb0c03ee89bd
[1366/3625] Checking is OK   | E:\01.userData\ZhuoMian\Github_Releases_批量下载 xray\Xray-core\v1.8.17\Xray-openbsd-64.zip          | LOCAL=8c2a7f67ddc7089d078743e8fb8476c52b309c10030ac4a9dd0ea2d22e2ee884 REMOTE=8c2a7f67ddc7089d078743e8fb8476c52b309c10030ac4a9dd0ea2d22e2ee884
[1367/3625] Checking is OK   | E:\01.userData\ZhuoMian\Github_Releases_批量下载 xray\Xray-core\v1.8.17\Xray-openbsd-arm32-v7a.zip   | LOCAL=fc6e717ad06b1313f621e1188869897322d05e498d2ecaef5218d4ca83e798be REMOTE=fc6e717ad06b1313f621e1188869897322d05e498d2ecaef5218d4ca83e798be
[1368/3625] Checking is OK   | E:\01.userData\ZhuoMian\Github_Releases_批量下载 xray\Xray-core\v1.8.17\Xray-openbsd-arm64-v8a.zip   | LOCAL=a289d2b9500d5dc9eb87e2ccdfd364c50089427abb71dd6338be86f9a4e989ba REMOTE=a289d2b9500d5dc9eb87e2ccdfd364c50089427abb71dd6338be86f9a4e989ba
[1369/3625] Checking is OK   | E:\01.userData\ZhuoMian\Github_Releases_批量下载 xray\Xray-core\v1.8.17\Xray-windows-32.zip          | LOCAL=b4b02bb235a03b2cfc8fc1aedff9897f2d37cc38caf939fd53c91c5dc4742fbc REMOTE=b4b02bb235a03b2cfc8fc1aedff9897f2d37cc38caf939fd53c91c5dc4742fbc
[1370/3625] Checking is OK   | E:\01.userData\ZhuoMian\Github_Releases_批量下载 xray\Xray-core\v1.8.17\Xray-windows-64.zip          | LOCAL=37526b9995ae76ca5c2594b0623bee21cd811264b6c15766e2e75102ce4ae5b5 REMOTE=37526b9995ae76ca5c2594b0623bee21cd811264b6c15766e2e75102ce4ae5b5
[1371/3625] Checking is OK   | E:\01.userData\ZhuoMian\Github_Releases_批量下载 xray\Xray-core\v1.8.17\Xray-windows-arm32-v7a.zip   | LOCAL=856e2fc09f465ce1b08d79cde8d6cdc98a12a84821aa534155bcbc7e0e7d8b02 REMOTE=856e2fc09f465ce1b08d79cde8d6cdc98a12a84821aa534155bcbc7e0e7d8b02
[1372/3625] Checking is OK   | E:\01.userData\ZhuoMian\Github_Releases_批量下载 xray\Xray-core\v1.8.17\Xray-windows-arm64-v8a.zip   | LOCAL=4de5afaa5db745535ca16894f1153e410b7e71c1cbb955ce7ccd25a8d1920f23 REMOTE=4de5afaa5db745535ca16894f1153e410b7e71c1cbb955ce7ccd25a8d1920f23
[1373/3625] Checking is OK   | E:\01.userData\ZhuoMian\Github_Releases_批量下载 xray\Xray-core\v1.8.18\Xray-android-arm64-v8a.zip   | LOCAL=6302b76da0bc605bb08690abb2b671fa37f70712829b330909119a2f5dfbd57e REMOTE=6302b76da0bc605bb08690abb2b671fa37f70712829b330909119a2f5dfbd57e
[1374/3625] Checking is OK   | E:\01.userData\ZhuoMian\Github_Releases_批量下载 xray\Xray-core\v1.8.18\Xray-freebsd-32.zip          | LOCAL=f39bfe3b0d8f6c7f7a8ee81a13bab20dd0782cd3ac898fd8963963e6b925ad04 REMOTE=f39bfe3b0d8f6c7f7a8ee81a13bab20dd0782cd3ac898fd8963963e6b925ad04
[1375/3625] Checking is OK   | E:\01.userData\ZhuoMian\Github_Releases_批量下载 xray\Xray-core\v1.8.18\Xray-freebsd-64.zip          | LOCAL=289e5b8e6f7dcbdffc12c69118295e1ab32e4d1457dbf6e77a265d2059d128aa REMOTE=289e5b8e6f7dcbdffc12c69118295e1ab32e4d1457dbf6e77a265d2059d128aa
[1376/3625] Checking is OK   | E:\01.userData\ZhuoMian\Github_Releases_批量下载 xray\Xray-core\v1.8.18\Xray-freebsd-arm32-v7a.zip   | LOCAL=cec082c863a152c179fb3a59a89e1078c5a96e82f9cc20feeac6eae7b0813425 REMOTE=cec082c863a152c179fb3a59a89e1078c5a96e82f9cc20feeac6eae7b0813425
[1377/3625] Checking is OK   | E:\01.userData\ZhuoMian\Github_Releases_批量下载 xray\Xray-core\v1.8.18\Xray-freebsd-arm64-v8a.zip   | LOCAL=a47071447affa99dc4dd9346eb969a8546b7896186c1ddc71cfc0abb90aa4f58 REMOTE=a47071447affa99dc4dd9346eb969a8546b7896186c1ddc71cfc0abb90aa4f58
[1378/3625] Checking is OK   | E:\01.userData\ZhuoMian\Github_Releases_批量下载 xray\Xray-core\v1.8.18\Xray-linux-32.zip            | LOCAL=ec5062d1bef3edc1067e6b9bc91378936ee0f18cf6f0438d818ac6921f2cc510 REMOTE=ec5062d1bef3edc1067e6b9bc91378936ee0f18cf6f0438d818ac6921f2cc510
[1379/3625] Checking is OK   | E:\01.userData\ZhuoMian\Github_Releases_批量下载 xray\Xray-core\v1.8.18\Xray-linux-64.zip            | LOCAL=8919be7090a77e598d233bfae36d251affa2e2289503968b9ae4ffe35a659ba0 REMOTE=8919be7090a77e598d233bfae36d251affa2e2289503968b9ae4ffe35a659ba0
[1380/3625] Checking is OK   | E:\01.userData\ZhuoMian\Github_Releases_批量下载 xray\Xray-core\v1.8.18\Xray-linux-arm32-v5.zip      | LOCAL=cb6805bb536291591be7b4226e432f0f735ece80d133ef37d8cad8c627771fac REMOTE=cb6805bb536291591be7b4226e432f0f735ece80d133ef37d8cad8c627771fac
[1381/3625] Checking is OK   | E:\01.userData\ZhuoMian\Github_Releases_批量下载 xray\Xray-core\v1.8.18\Xray-linux-arm32-v6.zip      | LOCAL=fc962ff3a402737847b556f2ee7818476b894a07972df8351eaa9a1c8105cbb2 REMOTE=fc962ff3a402737847b556f2ee7818476b894a07972df8351eaa9a1c8105cbb2
[1382/3625] Checking is OK   | E:\01.userData\ZhuoMian\Github_Releases_批量下载 xray\Xray-core\v1.8.18\Xray-linux-arm32-v7a.zip     | LOCAL=bd224bea2edd02eed2d2b7089efd54dabc2671443245ad408cfd9724b8014c9a REMOTE=bd224bea2edd02eed2d2b7089efd54dabc2671443245ad408cfd9724b8014c9a
[1383/3625] Checking is OK   | E:\01.userData\ZhuoMian\Github_Releases_批量下载 xray\Xray-core\v1.8.18\Xray-linux-arm64-v8a.zip     | LOCAL=13786eaccf098ba16d94ca955c281819b489b82cf2341caa2edb6a88c2781fe0 REMOTE=13786eaccf098ba16d94ca955c281819b489b82cf2341caa2edb6a88c2781fe0
[1384/3625] Checking is OK   | E:\01.userData\ZhuoMian\Github_Releases_批量下载 xray\Xray-core\v1.8.18\Xray-linux-loong64.zip       | LOCAL=46e9e55ecf54f94d2ee46b781a3743bf2e4dc86608112e9622a47775415a626d REMOTE=46e9e55ecf54f94d2ee46b781a3743bf2e4dc86608112e9622a47775415a626d
[1385/3625] Checking is OK   | E:\01.userData\ZhuoMian\Github_Releases_批量下载 xray\Xray-core\v1.8.18\Xray-linux-mips32.zip        | LOCAL=687bc25442df4725d63464531a9d2e5c3e26473d8d74eaf06910ad890208368f REMOTE=687bc25442df4725d63464531a9d2e5c3e26473d8d74eaf06910ad890208368f
[1386/3625] Checking is OK   | E:\01.userData\ZhuoMian\Github_Releases_批量下载 xray\Xray-core\v1.8.18\Xray-linux-mips32le.zip      | LOCAL=09cdaac89e4ad554cf7d90b58bea17eff6b3da9c41cf37982e585a8c17fc11f5 REMOTE=09cdaac89e4ad554cf7d90b58bea17eff6b3da9c41cf37982e585a8c17fc11f5
[1387/3625] Checking is OK   | E:\01.userData\ZhuoMian\Github_Releases_批量下载 xray\Xray-core\v1.8.18\Xray-linux-mips64.zip        | LOCAL=22e75f8dedd7d43b0a0dd959fa2fe5e5a02e264506c9c7df7047e68b4f2f7fc6 REMOTE=22e75f8dedd7d43b0a0dd959fa2fe5e5a02e264506c9c7df7047e68b4f2f7fc6
[1388/3625] Checking is OK   | E:\01.userData\ZhuoMian\Github_Releases_批量下载 xray\Xray-core\v1.8.18\Xray-linux-mips64le.zip      | LOCAL=0a93367055b00f6ece9d81d5494d43864dca6fc3cc73eed53156008403d007fd REMOTE=0a93367055b00f6ece9d81d5494d43864dca6fc3cc73eed53156008403d007fd
[1389/3625] Checking is OK   | E:\01.userData\ZhuoMian\Github_Releases_批量下载 xray\Xray-core\v1.8.18\Xray-linux-ppc64.zip         | LOCAL=fafdd3f0ca05edbfb58b25b9a1c2880294cdf616f2502c492f21c19a900e388c REMOTE=fafdd3f0ca05edbfb58b25b9a1c2880294cdf616f2502c492f21c19a900e388c
[1390/3625] Checking is OK   | E:\01.userData\ZhuoMian\Github_Releases_批量下载 xray\Xray-core\v1.8.18\Xray-linux-ppc64le.zip       | LOCAL=dc4851357e1e29595211892a98521a424c7d583f2d75e39f9a7238b2f2433d52 REMOTE=dc4851357e1e29595211892a98521a424c7d583f2d75e39f9a7238b2f2433d52
[1391/3625] Checking is OK   | E:\01.userData\ZhuoMian\Github_Releases_批量下载 xray\Xray-core\v1.8.18\Xray-linux-riscv64.zip       | LOCAL=2b6a54daac95c3420171835653ec9115dc96a6802de74ea9ed5e045539067fe7 REMOTE=2b6a54daac95c3420171835653ec9115dc96a6802de74ea9ed5e045539067fe7
[1392/3625] Checking is OK   | E:\01.userData\ZhuoMian\Github_Releases_批量下载 xray\Xray-core\v1.8.18\Xray-linux-s390x.zip         | LOCAL=1fad642f4aa5a5097e57becf10307ba6d33ef7ff182429b71355e02f7d21b5d7 REMOTE=1fad642f4aa5a5097e57becf10307ba6d33ef7ff182429b71355e02f7d21b5d7
[1393/3625] Checking is OK   | E:\01.userData\ZhuoMian\Github_Releases_批量下载 xray\Xray-core\v1.8.18\Xray-macos-64.zip            | LOCAL=4af6ca741b46bb71190dd60d56364a0faf25fbc8910bdedf0ac3d811a41ddb57 REMOTE=4af6ca741b46bb71190dd60d56364a0faf25fbc8910bdedf0ac3d811a41ddb57
[1394/3625] Checking is OK   | E:\01.userData\ZhuoMian\Github_Releases_批量下载 xray\Xray-core\v1.8.18\Xray-macos-arm64-v8a.zip     | LOCAL=5bf30f4ab41608772d481adbf6b02148bad2ffd48a2d1e7fe2ec759733c2e032 REMOTE=5bf30f4ab41608772d481adbf6b02148bad2ffd48a2d1e7fe2ec759733c2e032
[1395/3625] Checking is OK   | E:\01.userData\ZhuoMian\Github_Releases_批量下载 xray\Xray-core\v1.8.18\Xray-openbsd-32.zip          | LOCAL=3a8ce2b023d37376bea9de0271746a31227f2da393346fde9cd2603bbb18f491 REMOTE=3a8ce2b023d37376bea9de0271746a31227f2da393346fde9cd2603bbb18f491
[1396/3625] Checking is OK   | E:\01.userData\ZhuoMian\Github_Releases_批量下载 xray\Xray-core\v1.8.18\Xray-openbsd-64.zip          | LOCAL=1efe8e92739be58d3ac7b9cf6c7a5e256083c1151f6e1a4899438d5c8bb8b648 REMOTE=1efe8e92739be58d3ac7b9cf6c7a5e256083c1151f6e1a4899438d5c8bb8b648
[1397/3625] Checking is OK   | E:\01.userData\ZhuoMian\Github_Releases_批量下载 xray\Xray-core\v1.8.18\Xray-openbsd-arm32-v7a.zip   | LOCAL=9c8ddda642917255d28e5a8caf3f1475103bf6edcaf124dc2d4df11d865d641a REMOTE=9c8ddda642917255d28e5a8caf3f1475103bf6edcaf124dc2d4df11d865d641a
[1398/3625] Checking is OK   | E:\01.userData\ZhuoMian\Github_Releases_批量下载 xray\Xray-core\v1.8.18\Xray-openbsd-arm64-v8a.zip   | LOCAL=c52f67e5472cb4fabd4857aad6290c444c073afd7d48185276c82de6494043b6 REMOTE=c52f67e5472cb4fabd4857aad6290c444c073afd7d48185276c82de6494043b6
[1399/3625] Checking is OK   | E:\01.userData\ZhuoMian\Github_Releases_批量下载 xray\Xray-core\v1.8.18\Xray-win7-32.zip             | LOCAL=dbb0e34e1f68a78be4dc83e3c6ff6ba4dda7d0e5decb11451e006d0de24d1e6f REMOTE=dbb0e34e1f68a78be4dc83e3c6ff6ba4dda7d0e5decb11451e006d0de24d1e6f
[1400/3625] Checking is OK   | E:\01.userData\ZhuoMian\Github_Releases_批量下载 xray\Xray-core\v1.8.18\Xray-win7-64.zip             | LOCAL=bcbce5b28f3c971b74b38a70485e57818f5a0e13faec3a15b931e4c7e898d740 REMOTE=bcbce5b28f3c971b74b38a70485e57818f5a0e13faec3a15b931e4c7e898d740
[1401/3625] Checking is OK   | E:\01.userData\ZhuoMian\Github_Releases_批量下载 xray\Xray-core\v1.8.18\Xray-windows-32.zip          | LOCAL=65efcd11380e8905c96aa2fb7c277fffac1b7f88eadd5aed7a0f7490a5ab7793 REMOTE=65efcd11380e8905c96aa2fb7c277fffac1b7f88eadd5aed7a0f7490a5ab7793
[1402/3625] Checking is OK   | E:\01.userData\ZhuoMian\Github_Releases_批量下载 xray\Xray-core\v1.8.18\Xray-windows-64.zip          | LOCAL=4e0e3daa346974d1c147d9b57b6168618bc9b6799930c88fbb5956dacef0e4db REMOTE=4e0e3daa346974d1c147d9b57b6168618bc9b6799930c88fbb5956dacef0e4db
[1403/3625] Checking is OK   | E:\01.userData\ZhuoMian\Github_Releases_批量下载 xray\Xray-core\v1.8.18\Xray-windows-arm32-v7a.zip   | LOCAL=233797ca0f56b5361bb249a53872603affe88e674fd2083aa9450646a0e743a8 REMOTE=233797ca0f56b5361bb249a53872603affe88e674fd2083aa9450646a0e743a8
[1404/3625] Checking is OK   | E:\01.userData\ZhuoMian\Github_Releases_批量下载 xray\Xray-core\v1.8.18\Xray-windows-arm64-v8a.zip   | LOCAL=6adfcb74b059e041445c3ff9676562fea9753b7a8bd6003f4fa4a9abac161b88 REMOTE=6adfcb74b059e041445c3ff9676562fea9753b7a8bd6003f4fa4a9abac161b88
[1405/3625] Checking is OK   | E:\01.userData\ZhuoMian\Github_Releases_批量下载 xray\Xray-core\v1.8.19\Xray-android-arm64-v8a.zip   | LOCAL=393822da6941a97adc479da5c2cd703b7fd84e913a0ea228946724156045f843 REMOTE=393822da6941a97adc479da5c2cd703b7fd84e913a0ea228946724156045f843
[1406/3625] Checking is OK   | E:\01.userData\ZhuoMian\Github_Releases_批量下载 xray\Xray-core\v1.8.19\Xray-freebsd-32.zip          | LOCAL=5b85821826938d44e176b2bcfdec00cabed448d55a567bf46b470161045d5288 REMOTE=5b85821826938d44e176b2bcfdec00cabed448d55a567bf46b470161045d5288
[1407/3625] Checking is OK   | E:\01.userData\ZhuoMian\Github_Releases_批量下载 xray\Xray-core\v1.8.19\Xray-freebsd-64.zip          | LOCAL=593b6a743c684a45becb4448b21b6bfea14aa8866fdb7684a7bcd1c189d42788 REMOTE=593b6a743c684a45becb4448b21b6bfea14aa8866fdb7684a7bcd1c189d42788
[1408/3625] Checking is OK   | E:\01.userData\ZhuoMian\Github_Releases_批量下载 xray\Xray-core\v1.8.19\Xray-freebsd-arm32-v7a.zip   | LOCAL=867ed45df96c8bd8c6d3898449cef3483638dd34f77305f488a212dfaaf12b4f REMOTE=867ed45df96c8bd8c6d3898449cef3483638dd34f77305f488a212dfaaf12b4f
[1409/3625] Checking is OK   | E:\01.userData\ZhuoMian\Github_Releases_批量下载 xray\Xray-core\v1.8.19\Xray-freebsd-arm64-v8a.zip   | LOCAL=6b9a16fa6a5ca9bd86deb0e407d44828bfbfee6bf051bf6a1b201bff68e40f0b REMOTE=6b9a16fa6a5ca9bd86deb0e407d44828bfbfee6bf051bf6a1b201bff68e40f0b
[1410/3625] Checking is OK   | E:\01.userData\ZhuoMian\Github_Releases_批量下载 xray\Xray-core\v1.8.19\Xray-linux-32.zip            | LOCAL=efd69221ce672d992a262019d0762a6b5e057053f219a4b0b5200fca3b1f7a40 REMOTE=efd69221ce672d992a262019d0762a6b5e057053f219a4b0b5200fca3b1f7a40
[1411/3625] Checking is OK   | E:\01.userData\ZhuoMian\Github_Releases_批量下载 xray\Xray-core\v1.8.19\Xray-linux-64.zip            | LOCAL=317bb6195765f0e586dc6bc842f972a433ab5dcce8df431543c16f408ad1c978 REMOTE=317bb6195765f0e586dc6bc842f972a433ab5dcce8df431543c16f408ad1c978
[1412/3625] Checking is OK   | E:\01.userData\ZhuoMian\Github_Releases_批量下载 xray\Xray-core\v1.8.19\Xray-linux-arm32-v5.zip      | LOCAL=af6a81ec09f76d10887fad66211cd3a2f269ffe1e82afd4a0eaa97c051c45190 REMOTE=af6a81ec09f76d10887fad66211cd3a2f269ffe1e82afd4a0eaa97c051c45190
[1413/3625] Checking is OK   | E:\01.userData\ZhuoMian\Github_Releases_批量下载 xray\Xray-core\v1.8.19\Xray-linux-arm32-v6.zip      | LOCAL=c699f33aa1b7f92d2359b25726b2ffaebe016b8bc1b8cdeed43a762bbe197c01 REMOTE=c699f33aa1b7f92d2359b25726b2ffaebe016b8bc1b8cdeed43a762bbe197c01
[1414/3625] Checking is OK   | E:\01.userData\ZhuoMian\Github_Releases_批量下载 xray\Xray-core\v1.8.19\Xray-linux-arm32-v7a.zip     | LOCAL=e8f904b820720c02b908c004801b48d61e40ac2de0337509537556cde2206d0d REMOTE=e8f904b820720c02b908c004801b48d61e40ac2de0337509537556cde2206d0d
[1415/3625] Checking is OK   | E:\01.userData\ZhuoMian\Github_Releases_批量下载 xray\Xray-core\v1.8.19\Xray-linux-arm64-v8a.zip     | LOCAL=59f8b9beb1bf4341b934e3c344dc1df7b53c16314c0396784ac5fd5ad4671160 REMOTE=59f8b9beb1bf4341b934e3c344dc1df7b53c16314c0396784ac5fd5ad4671160
[1416/3625] Checking is OK   | E:\01.userData\ZhuoMian\Github_Releases_批量下载 xray\Xray-core\v1.8.19\Xray-linux-loong64.zip       | LOCAL=7eebbe4c053536b66a233107a313e6be8e4a36dab366abf4c172d879740db274 REMOTE=7eebbe4c053536b66a233107a313e6be8e4a36dab366abf4c172d879740db274
[1417/3625] Checking is OK   | E:\01.userData\ZhuoMian\Github_Releases_批量下载 xray\Xray-core\v1.8.19\Xray-linux-mips32.zip        | LOCAL=e2cfd92ca510d2b42643013dcb9934302b10f51507b4cf56451cef5356986d01 REMOTE=e2cfd92ca510d2b42643013dcb9934302b10f51507b4cf56451cef5356986d01
[1418/3625] Checking is OK   | E:\01.userData\ZhuoMian\Github_Releases_批量下载 xray\Xray-core\v1.8.19\Xray-linux-mips32le.zip      | LOCAL=936172c93f91b98e5748508390e5cf2a8c2de0960e08c970a8c335f6721a240e REMOTE=936172c93f91b98e5748508390e5cf2a8c2de0960e08c970a8c335f6721a240e
[1419/3625] Checking is OK   | E:\01.userData\ZhuoMian\Github_Releases_批量下载 xray\Xray-core\v1.8.19\Xray-linux-mips64.zip        | LOCAL=934a81fd6e89e241036ad06d3b73d9f35edf86452ddc4d07efe516f3ba639f1e REMOTE=934a81fd6e89e241036ad06d3b73d9f35edf86452ddc4d07efe516f3ba639f1e
[1420/3625] Checking is OK   | E:\01.userData\ZhuoMian\Github_Releases_批量下载 xray\Xray-core\v1.8.19\Xray-linux-mips64le.zip      | LOCAL=eaa676560168f21a5f1bc8a1e9c37f26e05b495a665158a068df97968db2b303 REMOTE=eaa676560168f21a5f1bc8a1e9c37f26e05b495a665158a068df97968db2b303
[1421/3625] Checking is OK   | E:\01.userData\ZhuoMian\Github_Releases_批量下载 xray\Xray-core\v1.8.19\Xray-linux-ppc64.zip         | LOCAL=4561d30ec7b3640378a1a9ad3c4b4b0a6e9d344baf2bd7fe4d63efe45af6b77d REMOTE=4561d30ec7b3640378a1a9ad3c4b4b0a6e9d344baf2bd7fe4d63efe45af6b77d
[1422/3625] Checking is OK   | E:\01.userData\ZhuoMian\Github_Releases_批量下载 xray\Xray-core\v1.8.19\Xray-linux-ppc64le.zip       | LOCAL=dbbe5a94f5fbb6ada371615d1bc7f3715c0243f83f45ec5027475640337ad18d REMOTE=dbbe5a94f5fbb6ada371615d1bc7f3715c0243f83f45ec5027475640337ad18d
[1423/3625] Checking is OK   | E:\01.userData\ZhuoMian\Github_Releases_批量下载 xray\Xray-core\v1.8.19\Xray-linux-riscv64.zip       | LOCAL=7a6d20652f974a487c88217dd40eedeb5e8f05e50146fccb83a44bac56f477ec REMOTE=7a6d20652f974a487c88217dd40eedeb5e8f05e50146fccb83a44bac56f477ec
[1424/3625] Checking is OK   | E:\01.userData\ZhuoMian\Github_Releases_批量下载 xray\Xray-core\v1.8.19\Xray-linux-s390x.zip         | LOCAL=09e56a4fb6ca1e6fb819eef0dbfcc1c9e1a44b51494c8ba6712fb9cc471f8ea0 REMOTE=09e56a4fb6ca1e6fb819eef0dbfcc1c9e1a44b51494c8ba6712fb9cc471f8ea0
[1425/3625] Checking is OK   | E:\01.userData\ZhuoMian\Github_Releases_批量下载 xray\Xray-core\v1.8.19\Xray-macos-64.zip            | LOCAL=b9e42defaf438a0248d2bd1d28895bc1fa2dcaeb5fc46fa36b682bdde90c5a04 REMOTE=b9e42defaf438a0248d2bd1d28895bc1fa2dcaeb5fc46fa36b682bdde90c5a04
[1426/3625] Checking is OK   | E:\01.userData\ZhuoMian\Github_Releases_批量下载 xray\Xray-core\v1.8.19\Xray-macos-arm64-v8a.zip     | LOCAL=1f14187fcde2eba2e196f21c6c5b32e12f2f3870bbf69ef6389224a7854f19d4 REMOTE=1f14187fcde2eba2e196f21c6c5b32e12f2f3870bbf69ef6389224a7854f19d4
[1427/3625] Checking is OK   | E:\01.userData\ZhuoMian\Github_Releases_批量下载 xray\Xray-core\v1.8.19\Xray-openbsd-32.zip          | LOCAL=b555535090722bc9bc5eb3b86a2c673aff44336132fc8c44987af190648dd336 REMOTE=b555535090722bc9bc5eb3b86a2c673aff44336132fc8c44987af190648dd336
[1428/3625] Checking is OK   | E:\01.userData\ZhuoMian\Github_Releases_批量下载 xray\Xray-core\v1.8.19\Xray-openbsd-64.zip          | LOCAL=c0e0a1d115c11a29bcd8e975897a447904cac41693d19f82c2d49cb5e35f960d REMOTE=c0e0a1d115c11a29bcd8e975897a447904cac41693d19f82c2d49cb5e35f960d
[1429/3625] Checking is OK   | E:\01.userData\ZhuoMian\Github_Releases_批量下载 xray\Xray-core\v1.8.19\Xray-openbsd-arm32-v7a.zip   | LOCAL=dae4cd39315f5bdd5f75d07396f9c50c7caccfb0a940a27b8331a60fa4890fa6 REMOTE=dae4cd39315f5bdd5f75d07396f9c50c7caccfb0a940a27b8331a60fa4890fa6
[1430/3625] Checking is OK   | E:\01.userData\ZhuoMian\Github_Releases_批量下载 xray\Xray-core\v1.8.19\Xray-openbsd-arm64-v8a.zip   | LOCAL=8367c1b92eb77bc4e24ebccec887e9cba96350b0ce6d43236e10c13a88e28991 REMOTE=8367c1b92eb77bc4e24ebccec887e9cba96350b0ce6d43236e10c13a88e28991
[1431/3625] Checking is OK   | E:\01.userData\ZhuoMian\Github_Releases_批量下载 xray\Xray-core\v1.8.19\Xray-win7-32.zip             | LOCAL=c187e9cf96cd6d3ec9653b6e2d120c1289571cd764d45f679673093057833e4b REMOTE=c187e9cf96cd6d3ec9653b6e2d120c1289571cd764d45f679673093057833e4b
[1432/3625] Checking is OK   | E:\01.userData\ZhuoMian\Github_Releases_批量下载 xray\Xray-core\v1.8.19\Xray-win7-64.zip             | LOCAL=1020fde08fc21b3da0faef1fee4d8d25be6299e2c2c8432a3c6c8fb0293b37d7 REMOTE=1020fde08fc21b3da0faef1fee4d8d25be6299e2c2c8432a3c6c8fb0293b37d7
[1433/3625] Checking is OK   | E:\01.userData\ZhuoMian\Github_Releases_批量下载 xray\Xray-core\v1.8.19\Xray-windows-32.zip          | LOCAL=6cca7d1ace86563249d047163b304d39d06db6570408af16a4b0b1bf31817550 REMOTE=6cca7d1ace86563249d047163b304d39d06db6570408af16a4b0b1bf31817550
[1434/3625] Checking is OK   | E:\01.userData\ZhuoMian\Github_Releases_批量下载 xray\Xray-core\v1.8.19\Xray-windows-64.zip          | LOCAL=d5fc8a1a9f7f8e0d754ddd439df17c2c83ca3d381ece94ceab563e531fba2396 REMOTE=d5fc8a1a9f7f8e0d754ddd439df17c2c83ca3d381ece94ceab563e531fba2396
[1435/3625] Checking is OK   | E:\01.userData\ZhuoMian\Github_Releases_批量下载 xray\Xray-core\v1.8.19\Xray-windows-arm32-v7a.zip   | LOCAL=349a80a8974844581dd7d83df1991a84332516a06a12926ccda6ae49014f1331 REMOTE=349a80a8974844581dd7d83df1991a84332516a06a12926ccda6ae49014f1331
[1436/3625] Checking is OK   | E:\01.userData\ZhuoMian\Github_Releases_批量下载 xray\Xray-core\v1.8.19\Xray-windows-arm64-v8a.zip   | LOCAL=257018a2541d881f35b27be80faa57c1ef5ca31230bc6011a58baeb4c448952e REMOTE=257018a2541d881f35b27be80faa57c1ef5ca31230bc6011a58baeb4c448952e
[1437/3625] Checking is OK   | E:\01.userData\ZhuoMian\Github_Releases_批量下载 xray\Xray-core\v1.8.20\Xray-android-arm64-v8a.zip   | LOCAL=d0cb454857f54288c74ec5cfacdff45168d198a98abb9bb42de6314fe7a9b1b8 REMOTE=d0cb454857f54288c74ec5cfacdff45168d198a98abb9bb42de6314fe7a9b1b8
[1438/3625] Checking is OK   | E:\01.userData\ZhuoMian\Github_Releases_批量下载 xray\Xray-core\v1.8.20\Xray-freebsd-32.zip          | LOCAL=5c6c9251da5bca90d84046f922e29bdfa3a34155e263784f4d945eec0ff164c7 REMOTE=5c6c9251da5bca90d84046f922e29bdfa3a34155e263784f4d945eec0ff164c7
[1439/3625] Checking is OK   | E:\01.userData\ZhuoMian\Github_Releases_批量下载 xray\Xray-core\v1.8.20\Xray-freebsd-64.zip          | LOCAL=fa6101ac0c7f65ea6b14ca5910765278b34e5f8a9cc4f2da96c5cb9fe4ca1ea1 REMOTE=fa6101ac0c7f65ea6b14ca5910765278b34e5f8a9cc4f2da96c5cb9fe4ca1ea1
[1440/3625] Checking is OK   | E:\01.userData\ZhuoMian\Github_Releases_批量下载 xray\Xray-core\v1.8.20\Xray-freebsd-arm32-v7a.zip   | LOCAL=2f19aac26a54d5b8c100ea9da21c7d826bf5941feea9ad43235187ea7598672f REMOTE=2f19aac26a54d5b8c100ea9da21c7d826bf5941feea9ad43235187ea7598672f
[1441/3625] Checking is OK   | E:\01.userData\ZhuoMian\Github_Releases_批量下载 xray\Xray-core\v1.8.20\Xray-freebsd-arm64-v8a.zip   | LOCAL=4cfe33aca7cb4db7a1d5df3be92fa806de17f064a332a577a382200d3b798151 REMOTE=4cfe33aca7cb4db7a1d5df3be92fa806de17f064a332a577a382200d3b798151
[1442/3625] Checking is OK   | E:\01.userData\ZhuoMian\Github_Releases_批量下载 xray\Xray-core\v1.8.20\Xray-linux-32.zip            | LOCAL=4a11cd1fccda744c0e578f6c3f48d5e06b080df3e6d185878ba3dec46a78e348 REMOTE=4a11cd1fccda744c0e578f6c3f48d5e06b080df3e6d185878ba3dec46a78e348
[1443/3625] Checking is OK   | E:\01.userData\ZhuoMian\Github_Releases_批量下载 xray\Xray-core\v1.8.20\Xray-linux-64.zip            | LOCAL=b9026b6b80b613f58463b5864f52df05f9fc45c85787f1991b81e5d35a29ec03 REMOTE=b9026b6b80b613f58463b5864f52df05f9fc45c85787f1991b81e5d35a29ec03
[1444/3625] Checking is OK   | E:\01.userData\ZhuoMian\Github_Releases_批量下载 xray\Xray-core\v1.8.20\Xray-linux-arm32-v5.zip      | LOCAL=9fe98cb796e78e01ae079b5350ab3368e7a4ce6002ef87f68fd9bcb32d44ee47 REMOTE=9fe98cb796e78e01ae079b5350ab3368e7a4ce6002ef87f68fd9bcb32d44ee47
[1445/3625] Checking is OK   | E:\01.userData\ZhuoMian\Github_Releases_批量下载 xray\Xray-core\v1.8.20\Xray-linux-arm32-v6.zip      | LOCAL=2e51c896a542b1f53b8f2ba5c97e27425671e6348d765b0c9bbd46fca3c54cee REMOTE=2e51c896a542b1f53b8f2ba5c97e27425671e6348d765b0c9bbd46fca3c54cee
[1446/3625] Checking is OK   | E:\01.userData\ZhuoMian\Github_Releases_批量下载 xray\Xray-core\v1.8.20\Xray-linux-arm32-v7a.zip     | LOCAL=5d656667918560a8bbe4532d487c511fb82b072effcae5eb6add07234a1c6bf6 REMOTE=5d656667918560a8bbe4532d487c511fb82b072effcae5eb6add07234a1c6bf6
[1447/3625] Checking is OK   | E:\01.userData\ZhuoMian\Github_Releases_批量下载 xray\Xray-core\v1.8.20\Xray-linux-arm64-v8a.zip     | LOCAL=bbf037750f81ba35b09450430179764f782fefcf31d6ec07d364b90457ed908d REMOTE=bbf037750f81ba35b09450430179764f782fefcf31d6ec07d364b90457ed908d
[1448/3625] Checking is OK   | E:\01.userData\ZhuoMian\Github_Releases_批量下载 xray\Xray-core\v1.8.20\Xray-linux-loong64.zip       | LOCAL=7cb3d82b40b17f09e2a0179ea1f97724cefe1841beb74497fe8820fba47fe2a7 REMOTE=7cb3d82b40b17f09e2a0179ea1f97724cefe1841beb74497fe8820fba47fe2a7
[1449/3625] Checking is OK   | E:\01.userData\ZhuoMian\Github_Releases_批量下载 xray\Xray-core\v1.8.20\Xray-linux-mips32.zip        | LOCAL=eb8402ecad6d8cb25ebbdcf9afffd504acf57bdce858a0be553e7c61eb865231 REMOTE=eb8402ecad6d8cb25ebbdcf9afffd504acf57bdce858a0be553e7c61eb865231
[1450/3625] Checking is OK   | E:\01.userData\ZhuoMian\Github_Releases_批量下载 xray\Xray-core\v1.8.20\Xray-linux-mips32le.zip      | LOCAL=716b9c62d5047fed492cac741499e85d3db4942ed2a11470f03bacbe7d1f34f9 REMOTE=716b9c62d5047fed492cac741499e85d3db4942ed2a11470f03bacbe7d1f34f9
[1451/3625] Checking is OK   | E:\01.userData\ZhuoMian\Github_Releases_批量下载 xray\Xray-core\v1.8.20\Xray-linux-mips64.zip        | LOCAL=947114639b826e1b1843837635db8d0a902341310932fdc3411de67fb5f2d53c REMOTE=947114639b826e1b1843837635db8d0a902341310932fdc3411de67fb5f2d53c
[1452/3625] Checking is OK   | E:\01.userData\ZhuoMian\Github_Releases_批量下载 xray\Xray-core\v1.8.20\Xray-linux-mips64le.zip      | LOCAL=1d0167192cc993752a0a05697e0b7fb68a0b5fc57f0e577f5d24c8435e761e44 REMOTE=1d0167192cc993752a0a05697e0b7fb68a0b5fc57f0e577f5d24c8435e761e44
[1453/3625] Checking is OK   | E:\01.userData\ZhuoMian\Github_Releases_批量下载 xray\Xray-core\v1.8.20\Xray-linux-ppc64.zip         | LOCAL=abe9baa0b84572f12265e54664cff83d0ef2540c8577d8683491b6e988686e70 REMOTE=abe9baa0b84572f12265e54664cff83d0ef2540c8577d8683491b6e988686e70
[1454/3625] Checking is OK   | E:\01.userData\ZhuoMian\Github_Releases_批量下载 xray\Xray-core\v1.8.20\Xray-linux-ppc64le.zip       | LOCAL=b8a81b3f6d8fbab64aa5bf2b7fac74786403f3139e9a43df19bb977069df15f3 REMOTE=b8a81b3f6d8fbab64aa5bf2b7fac74786403f3139e9a43df19bb977069df15f3
[1455/3625] Checking is OK   | E:\01.userData\ZhuoMian\Github_Releases_批量下载 xray\Xray-core\v1.8.20\Xray-linux-riscv64.zip       | LOCAL=4b4e28c453122354f378ed9dbc4f207939f69c81962a0212d417d2be14a48dcb REMOTE=4b4e28c453122354f378ed9dbc4f207939f69c81962a0212d417d2be14a48dcb
[1456/3625] Checking is OK   | E:\01.userData\ZhuoMian\Github_Releases_批量下载 xray\Xray-core\v1.8.20\Xray-linux-s390x.zip         | LOCAL=548553d4705210491c49b7d312b39e320d399de8e8b0a7c7ddddfda92b9dcdef REMOTE=548553d4705210491c49b7d312b39e320d399de8e8b0a7c7ddddfda92b9dcdef
[1457/3625] Checking is OK   | E:\01.userData\ZhuoMian\Github_Releases_批量下载 xray\Xray-core\v1.8.20\Xray-macos-64.zip            | LOCAL=8da431988660428d2a8a7acde36be271eef80e4256757d62d8b5ab3616f9a580 REMOTE=8da431988660428d2a8a7acde36be271eef80e4256757d62d8b5ab3616f9a580
[1458/3625] Checking is OK   | E:\01.userData\ZhuoMian\Github_Releases_批量下载 xray\Xray-core\v1.8.20\Xray-macos-arm64-v8a.zip     | LOCAL=ec6d3879379d64decd089af5b27a75bfd3a3dac712f59a1016b75a8db9f9781d REMOTE=ec6d3879379d64decd089af5b27a75bfd3a3dac712f59a1016b75a8db9f9781d
[1459/3625] Checking is OK   | E:\01.userData\ZhuoMian\Github_Releases_批量下载 xray\Xray-core\v1.8.20\Xray-openbsd-32.zip          | LOCAL=7102926db45983e975975a6081b88650ff6ab760418ae3e62e9dd180f71fd16e REMOTE=7102926db45983e975975a6081b88650ff6ab760418ae3e62e9dd180f71fd16e
[1460/3625] Checking is OK   | E:\01.userData\ZhuoMian\Github_Releases_批量下载 xray\Xray-core\v1.8.20\Xray-openbsd-64.zip          | LOCAL=3bed5773b827f9910b5b8ad42f909ee11f96c50b4e175a9bc87b3cfe5a625345 REMOTE=3bed5773b827f9910b5b8ad42f909ee11f96c50b4e175a9bc87b3cfe5a625345
[1461/3625] Checking is OK   | E:\01.userData\ZhuoMian\Github_Releases_批量下载 xray\Xray-core\v1.8.20\Xray-openbsd-arm32-v7a.zip   | LOCAL=3a3106b2fc602df9045e123d16aa19db090e8503a0b723ec63aa43b750ef34ce REMOTE=3a3106b2fc602df9045e123d16aa19db090e8503a0b723ec63aa43b750ef34ce
[1462/3625] Checking is OK   | E:\01.userData\ZhuoMian\Github_Releases_批量下载 xray\Xray-core\v1.8.20\Xray-openbsd-arm64-v8a.zip   | LOCAL=cb7784223930375584d51f707354e728d2267ab68ec388fd0ae45e73cc89f4e4 REMOTE=cb7784223930375584d51f707354e728d2267ab68ec388fd0ae45e73cc89f4e4
[1463/3625] Checking is OK   | E:\01.userData\ZhuoMian\Github_Releases_批量下载 xray\Xray-core\v1.8.20\Xray-win7-32.zip             | LOCAL=cd6465f8196744f0e6f2835a7da13281c6fff01a731c79f0d97e4fa91bac242a REMOTE=cd6465f8196744f0e6f2835a7da13281c6fff01a731c79f0d97e4fa91bac242a
[1464/3625] Checking is OK   | E:\01.userData\ZhuoMian\Github_Releases_批量下载 xray\Xray-core\v1.8.20\Xray-win7-64.zip             | LOCAL=cf95238d018af82fcc374deecdee66c54898e861d4a427709acacfec5833704d REMOTE=cf95238d018af82fcc374deecdee66c54898e861d4a427709acacfec5833704d
[1465/3625] Checking is OK   | E:\01.userData\ZhuoMian\Github_Releases_批量下载 xray\Xray-core\v1.8.20\Xray-windows-32.zip          | LOCAL=25b5c5651700a712dd0611e45a5c4873be8a1669b241a6650fff441d15d23d20 REMOTE=25b5c5651700a712dd0611e45a5c4873be8a1669b241a6650fff441d15d23d20
[1466/3625] Checking is OK   | E:\01.userData\ZhuoMian\Github_Releases_批量下载 xray\Xray-core\v1.8.20\Xray-windows-64.zip          | LOCAL=8a279bebca172fa0d4a928cd2c933ea5db9913d5f4bba1f8bccd0fb4cdad5fb0 REMOTE=8a279bebca172fa0d4a928cd2c933ea5db9913d5f4bba1f8bccd0fb4cdad5fb0
[1467/3625] Checking is OK   | E:\01.userData\ZhuoMian\Github_Releases_批量下载 xray\Xray-core\v1.8.20\Xray-windows-arm32-v7a.zip   | LOCAL=d3449701b64e46d3ffcdb7b20868ce4a72cd9568b1d08e830b45f7dbd4c1dad1 REMOTE=d3449701b64e46d3ffcdb7b20868ce4a72cd9568b1d08e830b45f7dbd4c1dad1
[1468/3625] Checking is OK   | E:\01.userData\ZhuoMian\Github_Releases_批量下载 xray\Xray-core\v1.8.20\Xray-windows-arm64-v8a.zip   | LOCAL=1da79d4147646fc6398f21ec0ec13871f20796ab337b739e195e47cfa41e1855 REMOTE=1da79d4147646fc6398f21ec0ec13871f20796ab337b739e195e47cfa41e1855
[1469/3625] Checking is OK   | E:\01.userData\ZhuoMian\Github_Releases_批量下载 xray\Xray-core\v1.8.21\Xray-android-arm64-v8a.zip   | LOCAL=1564a78270dce110b544472b344e607d7157f8edbc42df3dbe35a41e985d8205 REMOTE=1564a78270dce110b544472b344e607d7157f8edbc42df3dbe35a41e985d8205
[1470/3625] Checking is OK   | E:\01.userData\ZhuoMian\Github_Releases_批量下载 xray\Xray-core\v1.8.21\Xray-freebsd-32.zip          | LOCAL=69de724081ea428cbb3d5352ceb11f2fbed093e733a022f4af2f4db02af30f13 REMOTE=69de724081ea428cbb3d5352ceb11f2fbed093e733a022f4af2f4db02af30f13
[1471/3625] Checking is OK   | E:\01.userData\ZhuoMian\Github_Releases_批量下载 xray\Xray-core\v1.8.21\Xray-freebsd-64.zip          | LOCAL=1560f99ecd53acd7a68515f78da12372b4581eb592da912b8e832f58ca7d7df8 REMOTE=1560f99ecd53acd7a68515f78da12372b4581eb592da912b8e832f58ca7d7df8
[1472/3625] Checking is OK   | E:\01.userData\ZhuoMian\Github_Releases_批量下载 xray\Xray-core\v1.8.21\Xray-freebsd-arm32-v7a.zip   | LOCAL=78c9f80645d695fe4fe9eea1f2c124f276d9a5a41fb2be1a9c5faecd4d26e54e REMOTE=78c9f80645d695fe4fe9eea1f2c124f276d9a5a41fb2be1a9c5faecd4d26e54e
[1473/3625] Checking is OK   | E:\01.userData\ZhuoMian\Github_Releases_批量下载 xray\Xray-core\v1.8.21\Xray-freebsd-arm64-v8a.zip   | LOCAL=fd51a22b3536aff93027b2ca7b07e70e5467125eaca2f9b08aee2549a433035d REMOTE=fd51a22b3536aff93027b2ca7b07e70e5467125eaca2f9b08aee2549a433035d
[1474/3625] Checking is OK   | E:\01.userData\ZhuoMian\Github_Releases_批量下载 xray\Xray-core\v1.8.21\Xray-linux-32.zip            | LOCAL=5e6ad24726deb1313d0f867ab082a4830af3d5267975024ada922b35de06f181 REMOTE=5e6ad24726deb1313d0f867ab082a4830af3d5267975024ada922b35de06f181
[1475/3625] Checking is OK   | E:\01.userData\ZhuoMian\Github_Releases_批量下载 xray\Xray-core\v1.8.21\Xray-linux-64.zip            | LOCAL=96e2b9499f17711ef17564c625927ff11a20b8f4190ce0351c00ba26a77e407c REMOTE=96e2b9499f17711ef17564c625927ff11a20b8f4190ce0351c00ba26a77e407c
[1476/3625] Checking is OK   | E:\01.userData\ZhuoMian\Github_Releases_批量下载 xray\Xray-core\v1.8.21\Xray-linux-arm32-v5.zip      | LOCAL=5d519181b9b9a887c3e16ba88ae33c8aa50667987f2af1454b632121a70cc828 REMOTE=5d519181b9b9a887c3e16ba88ae33c8aa50667987f2af1454b632121a70cc828
[1477/3625] Checking is OK   | E:\01.userData\ZhuoMian\Github_Releases_批量下载 xray\Xray-core\v1.8.21\Xray-linux-arm32-v6.zip      | LOCAL=11aa85d8ea5ef4b25e55f913e4ececce7e454b29b90f7e0857df66475f75b79d REMOTE=11aa85d8ea5ef4b25e55f913e4ececce7e454b29b90f7e0857df66475f75b79d
[1478/3625] Checking is OK   | E:\01.userData\ZhuoMian\Github_Releases_批量下载 xray\Xray-core\v1.8.21\Xray-linux-arm32-v7a.zip     | LOCAL=c7c1747f825e9bd95765606390e8174ff5ebb225fcd50c6568c2da71f33ea81a REMOTE=c7c1747f825e9bd95765606390e8174ff5ebb225fcd50c6568c2da71f33ea81a
[1479/3625] Checking is OK   | E:\01.userData\ZhuoMian\Github_Releases_批量下载 xray\Xray-core\v1.8.21\Xray-linux-arm64-v8a.zip     | LOCAL=6caf0a6324c318f2fdacfa689fdae3a8e36f4b367268b2c7f4d6014586fe1027 REMOTE=6caf0a6324c318f2fdacfa689fdae3a8e36f4b367268b2c7f4d6014586fe1027
[1480/3625] Checking is OK   | E:\01.userData\ZhuoMian\Github_Releases_批量下载 xray\Xray-core\v1.8.21\Xray-linux-loong64.zip       | LOCAL=1acccec428f5f416e080e082d27236516f27ffd53c9971c8c540c94cd8c0fe6c REMOTE=1acccec428f5f416e080e082d27236516f27ffd53c9971c8c540c94cd8c0fe6c
[1481/3625] Checking is OK   | E:\01.userData\ZhuoMian\Github_Releases_批量下载 xray\Xray-core\v1.8.21\Xray-linux-mips32.zip        | LOCAL=638497d234b9c078705dca0694964fa824740a4f5710fdadb6190f6835a1cae9 REMOTE=638497d234b9c078705dca0694964fa824740a4f5710fdadb6190f6835a1cae9
[1482/3625] Checking is OK   | E:\01.userData\ZhuoMian\Github_Releases_批量下载 xray\Xray-core\v1.8.21\Xray-linux-mips32le.zip      | LOCAL=1596b58b4759248b35c8e3ed91ae1fb852af756250685a945f2e47b3d37e8d14 REMOTE=1596b58b4759248b35c8e3ed91ae1fb852af756250685a945f2e47b3d37e8d14
[1483/3625] Checking is OK   | E:\01.userData\ZhuoMian\Github_Releases_批量下载 xray\Xray-core\v1.8.21\Xray-linux-mips64.zip        | LOCAL=7c09a9a6d2ce6e98b9e4fbdd19f847279b574af21ad7f4d91474fbd33e2722ce REMOTE=7c09a9a6d2ce6e98b9e4fbdd19f847279b574af21ad7f4d91474fbd33e2722ce
[1484/3625] Checking is OK   | E:\01.userData\ZhuoMian\Github_Releases_批量下载 xray\Xray-core\v1.8.21\Xray-linux-mips64le.zip      | LOCAL=a523b458be8010da4d92fac5f22a0de076c172d7c8d972286b8e3f5759e540c9 REMOTE=a523b458be8010da4d92fac5f22a0de076c172d7c8d972286b8e3f5759e540c9
[1485/3625] Checking is OK   | E:\01.userData\ZhuoMian\Github_Releases_批量下载 xray\Xray-core\v1.8.21\Xray-linux-ppc64.zip         | LOCAL=6e97aa73fdaeb576bc0d9a936a3d2c680ee6fa713f38b64b5d9e9e27092e177a REMOTE=6e97aa73fdaeb576bc0d9a936a3d2c680ee6fa713f38b64b5d9e9e27092e177a
[1486/3625] Checking is OK   | E:\01.userData\ZhuoMian\Github_Releases_批量下载 xray\Xray-core\v1.8.21\Xray-linux-ppc64le.zip       | LOCAL=0e97d8dcba50a37a9fb9302284e61dd76c6e5e97445bd18c6539355076197fe6 REMOTE=0e97d8dcba50a37a9fb9302284e61dd76c6e5e97445bd18c6539355076197fe6
[1487/3625] Checking is OK   | E:\01.userData\ZhuoMian\Github_Releases_批量下载 xray\Xray-core\v1.8.21\Xray-linux-riscv64.zip       | LOCAL=1ef88e8dfd64b3cc40ac59bac6200c4214a0008e025194fdaa714c7cdf976344 REMOTE=1ef88e8dfd64b3cc40ac59bac6200c4214a0008e025194fdaa714c7cdf976344
[1488/3625] Checking is OK   | E:\01.userData\ZhuoMian\Github_Releases_批量下载 xray\Xray-core\v1.8.21\Xray-linux-s390x.zip         | LOCAL=1403e6089ae7b239158fc1f3cd2d51e4ec48561019db77946afa2ba726e50238 REMOTE=1403e6089ae7b239158fc1f3cd2d51e4ec48561019db77946afa2ba726e50238
[1489/3625] Checking is OK   | E:\01.userData\ZhuoMian\Github_Releases_批量下载 xray\Xray-core\v1.8.21\Xray-macos-64.zip            | LOCAL=2d99fcce05c1f332f1e44d12018d4c06744551913e2d18d51e4b7235225f90d5 REMOTE=2d99fcce05c1f332f1e44d12018d4c06744551913e2d18d51e4b7235225f90d5
[1490/3625] Checking is OK   | E:\01.userData\ZhuoMian\Github_Releases_批量下载 xray\Xray-core\v1.8.21\Xray-macos-arm64-v8a.zip     | LOCAL=5fb63ec9b2b28f23f78a9c2f07a6324dd506121366d1d160517c5920cc73c879 REMOTE=5fb63ec9b2b28f23f78a9c2f07a6324dd506121366d1d160517c5920cc73c879
[1491/3625] Checking is OK   | E:\01.userData\ZhuoMian\Github_Releases_批量下载 xray\Xray-core\v1.8.21\Xray-openbsd-32.zip          | LOCAL=8166ca77a917decdd08aeabc7decc1f043f5fa5ceaf1144268169b1065b73d36 REMOTE=8166ca77a917decdd08aeabc7decc1f043f5fa5ceaf1144268169b1065b73d36
[1492/3625] Checking is OK   | E:\01.userData\ZhuoMian\Github_Releases_批量下载 xray\Xray-core\v1.8.21\Xray-openbsd-64.zip          | LOCAL=f55c66949950cecd08cd0fc5a594fdb5c1a3137736df8dabf4070e7f9f92db36 REMOTE=f55c66949950cecd08cd0fc5a594fdb5c1a3137736df8dabf4070e7f9f92db36
[1493/3625] Checking is OK   | E:\01.userData\ZhuoMian\Github_Releases_批量下载 xray\Xray-core\v1.8.21\Xray-openbsd-arm32-v7a.zip   | LOCAL=542fd2babc96fff409cc4d2c845152ef814636f572565c334cf2ecfa20383e55 REMOTE=542fd2babc96fff409cc4d2c845152ef814636f572565c334cf2ecfa20383e55
[1494/3625] Checking is OK   | E:\01.userData\ZhuoMian\Github_Releases_批量下载 xray\Xray-core\v1.8.21\Xray-openbsd-arm64-v8a.zip   | LOCAL=60ade0797a4d5479285ae5984f530562f004990619844552049a981fc6eeddcc REMOTE=60ade0797a4d5479285ae5984f530562f004990619844552049a981fc6eeddcc
[1495/3625] Checking is OK   | E:\01.userData\ZhuoMian\Github_Releases_批量下载 xray\Xray-core\v1.8.21\Xray-win7-32.zip             | LOCAL=900f4657451766b91c627d4eb5846c474ebcb87cc7862d4fa1783a89e5834dea REMOTE=900f4657451766b91c627d4eb5846c474ebcb87cc7862d4fa1783a89e5834dea
[1496/3625] Checking is OK   | E:\01.userData\ZhuoMian\Github_Releases_批量下载 xray\Xray-core\v1.8.21\Xray-win7-64.zip             | LOCAL=710551e4c1125ae763da00e94be356f1690bf46154ecdc114156fbfaa3be36b7 REMOTE=710551e4c1125ae763da00e94be356f1690bf46154ecdc114156fbfaa3be36b7
[1497/3625] Checking is OK   | E:\01.userData\ZhuoMian\Github_Releases_批量下载 xray\Xray-core\v1.8.21\Xray-windows-32.zip          | LOCAL=cc5513f6df884e89289b364bd3938739343d83fed0ed0d5f4f68b099f5bd05dc REMOTE=cc5513f6df884e89289b364bd3938739343d83fed0ed0d5f4f68b099f5bd05dc
[1498/3625] Checking is OK   | E:\01.userData\ZhuoMian\Github_Releases_批量下载 xray\Xray-core\v1.8.21\Xray-windows-64.zip          | LOCAL=3d783dd218fada50c73257ec919bb528c5b1dbda5576b32e6d0f2d80e412a539 REMOTE=3d783dd218fada50c73257ec919bb528c5b1dbda5576b32e6d0f2d80e412a539
[1499/3625] Checking is OK   | E:\01.userData\ZhuoMian\Github_Releases_批量下载 xray\Xray-core\v1.8.21\Xray-windows-arm32-v7a.zip   | LOCAL=1a846423d8bf79d35a045d0915f87f61888032bdb1ee1844f2d489ac6fc525bb REMOTE=1a846423d8bf79d35a045d0915f87f61888032bdb1ee1844f2d489ac6fc525bb
[1500/3625] Checking is OK   | E:\01.userData\ZhuoMian\Github_Releases_批量下载 xray\Xray-core\v1.8.21\Xray-windows-arm64-v8a.zip   | LOCAL=19ad31abee22918e3cb213c26474a1e22a1e03adaeccf90941c40c441c739873 REMOTE=19ad31abee22918e3cb213c26474a1e22a1e03adaeccf90941c40c441c739873
[1501/3625] Checking is OK   | E:\01.userData\ZhuoMian\Github_Releases_批量下载 xray\Xray-core\v1.8.23\Xray-android-arm64-v8a.zip   | LOCAL=2cb9631f75448dc9eeeab2e478a1e9a0df4ba78845a29f7cb9da916d04b42375 REMOTE=2cb9631f75448dc9eeeab2e478a1e9a0df4ba78845a29f7cb9da916d04b42375
[1502/3625] Checking is OK   | E:\01.userData\ZhuoMian\Github_Releases_批量下载 xray\Xray-core\v1.8.23\Xray-freebsd-32.zip          | LOCAL=3279644b38a80af177e438500953cff799320f672eefd7148e9c24a2ca9a437c REMOTE=3279644b38a80af177e438500953cff799320f672eefd7148e9c24a2ca9a437c
[1503/3625] Checking is OK   | E:\01.userData\ZhuoMian\Github_Releases_批量下载 xray\Xray-core\v1.8.23\Xray-freebsd-64.zip          | LOCAL=03216e8e5e1a1c5190b52b6fae82a84a061877079d8cb34e35696dca001d78d2 REMOTE=03216e8e5e1a1c5190b52b6fae82a84a061877079d8cb34e35696dca001d78d2
[1504/3625] Checking is OK   | E:\01.userData\ZhuoMian\Github_Releases_批量下载 xray\Xray-core\v1.8.23\Xray-freebsd-arm32-v7a.zip   | LOCAL=8a149a2c20e21e7d0aa1d1c09e1ed9896c8b4581e68667a764f9ca10a57d5373 REMOTE=8a149a2c20e21e7d0aa1d1c09e1ed9896c8b4581e68667a764f9ca10a57d5373
[1505/3625] Checking is OK   | E:\01.userData\ZhuoMian\Github_Releases_批量下载 xray\Xray-core\v1.8.23\Xray-freebsd-arm64-v8a.zip   | LOCAL=6e612dd6c6480260d0de454d9d7a0f19ec9fb5fd142ee032c08f33198a3c3823 REMOTE=6e612dd6c6480260d0de454d9d7a0f19ec9fb5fd142ee032c08f33198a3c3823
[1506/3625] Checking is OK   | E:\01.userData\ZhuoMian\Github_Releases_批量下载 xray\Xray-core\v1.8.23\Xray-linux-32.zip            | LOCAL=fb868bf9c0f9b0723fae0b5b993ebfd15e3c5767c02aa8c400ec1a46cc3dfd3f REMOTE=fb868bf9c0f9b0723fae0b5b993ebfd15e3c5767c02aa8c400ec1a46cc3dfd3f
[1507/3625] Checking is OK   | E:\01.userData\ZhuoMian\Github_Releases_批量下载 xray\Xray-core\v1.8.23\Xray-linux-64.zip            | LOCAL=b36f0e2991cfcf4b4ebf429becade8c2872e8149c5ad1e3e79a583b261c1efe8 REMOTE=b36f0e2991cfcf4b4ebf429becade8c2872e8149c5ad1e3e79a583b261c1efe8
[1508/3625] Checking is OK   | E:\01.userData\ZhuoMian\Github_Releases_批量下载 xray\Xray-core\v1.8.23\Xray-linux-arm32-v5.zip      | LOCAL=a3f0e83a9eaee87a3b60de8e3a679e0019b4556480756fe9e6dd726c6ef04424 REMOTE=a3f0e83a9eaee87a3b60de8e3a679e0019b4556480756fe9e6dd726c6ef04424
[1509/3625] Checking is OK   | E:\01.userData\ZhuoMian\Github_Releases_批量下载 xray\Xray-core\v1.8.23\Xray-linux-arm32-v6.zip      | LOCAL=ee290cbebde53617b14a704c94fe9b57ca64fa469a52669155e22827717f1107 REMOTE=ee290cbebde53617b14a704c94fe9b57ca64fa469a52669155e22827717f1107
[1510/3625] Checking is OK   | E:\01.userData\ZhuoMian\Github_Releases_批量下载 xray\Xray-core\v1.8.23\Xray-linux-arm32-v7a.zip     | LOCAL=0ff662957476c6f3263387e6453a4fa74130ffd6f09bff5f7820a84e1fc4da2d REMOTE=0ff662957476c6f3263387e6453a4fa74130ffd6f09bff5f7820a84e1fc4da2d
[1511/3625] Checking is OK   | E:\01.userData\ZhuoMian\Github_Releases_批量下载 xray\Xray-core\v1.8.23\Xray-linux-arm64-v8a.zip     | LOCAL=951790b1bb215a09b8f193fbcc7e74a86a814d53da30a5b0e4873787d823585c REMOTE=951790b1bb215a09b8f193fbcc7e74a86a814d53da30a5b0e4873787d823585c
[1512/3625] Checking is OK   | E:\01.userData\ZhuoMian\Github_Releases_批量下载 xray\Xray-core\v1.8.23\Xray-linux-loong64.zip       | LOCAL=53e578aa8bf60212483e4afc48b3176792b92e4bcec1d038d4ad371f62030d17 REMOTE=53e578aa8bf60212483e4afc48b3176792b92e4bcec1d038d4ad371f62030d17
[1513/3625] Checking is OK   | E:\01.userData\ZhuoMian\Github_Releases_批量下载 xray\Xray-core\v1.8.23\Xray-linux-mips32.zip        | LOCAL=62a786182702d3ce7ef3b47c32eba2acdd8e1c4f05adacc892907b74d3f286e1 REMOTE=62a786182702d3ce7ef3b47c32eba2acdd8e1c4f05adacc892907b74d3f286e1
[1514/3625] Checking is OK   | E:\01.userData\ZhuoMian\Github_Releases_批量下载 xray\Xray-core\v1.8.23\Xray-linux-mips32le.zip      | LOCAL=ab4480e8199887595125637723a667953c4b40fda06e0ac57a97ae303ed77e4d REMOTE=ab4480e8199887595125637723a667953c4b40fda06e0ac57a97ae303ed77e4d
[1515/3625] Checking is OK   | E:\01.userData\ZhuoMian\Github_Releases_批量下载 xray\Xray-core\v1.8.23\Xray-linux-mips64.zip        | LOCAL=3c1e4b39d6405df92eb1df923c1ab351d97a7ff7915846a708f7c8cf52aa740b REMOTE=3c1e4b39d6405df92eb1df923c1ab351d97a7ff7915846a708f7c8cf52aa740b
[1516/3625] Checking is OK   | E:\01.userData\ZhuoMian\Github_Releases_批量下载 xray\Xray-core\v1.8.23\Xray-linux-mips64le.zip      | LOCAL=02dab5071a7ff3943a45f65b478a20b47c560f2785ed7bc2039ff0bfd6f083b7 REMOTE=02dab5071a7ff3943a45f65b478a20b47c560f2785ed7bc2039ff0bfd6f083b7
[1517/3625] Checking is OK   | E:\01.userData\ZhuoMian\Github_Releases_批量下载 xray\Xray-core\v1.8.23\Xray-linux-ppc64.zip         | LOCAL=da0cb181415ab7904ccea5f811751fa667c0f79e49b7fac189132d943931e711 REMOTE=da0cb181415ab7904ccea5f811751fa667c0f79e49b7fac189132d943931e711
[1518/3625] Checking is OK   | E:\01.userData\ZhuoMian\Github_Releases_批量下载 xray\Xray-core\v1.8.23\Xray-linux-ppc64le.zip       | LOCAL=4f9a7987d8ba937be5f7e123d681c44123cd96733b1259b8837dbbe4ae4b8e06 REMOTE=4f9a7987d8ba937be5f7e123d681c44123cd96733b1259b8837dbbe4ae4b8e06
[1519/3625] Checking is OK   | E:\01.userData\ZhuoMian\Github_Releases_批量下载 xray\Xray-core\v1.8.23\Xray-linux-riscv64.zip       | LOCAL=3cb40795fd406d11b0b2055819470b00084cf227581a94e30115226c90f7a813 REMOTE=3cb40795fd406d11b0b2055819470b00084cf227581a94e30115226c90f7a813
[1520/3625] Checking is OK   | E:\01.userData\ZhuoMian\Github_Releases_批量下载 xray\Xray-core\v1.8.23\Xray-linux-s390x.zip         | LOCAL=d32296a3b3bbe2ff0c299e41607c556633b5ad3d90358af46fa31b880bffee63 REMOTE=d32296a3b3bbe2ff0c299e41607c556633b5ad3d90358af46fa31b880bffee63
[1521/3625] Checking is OK   | E:\01.userData\ZhuoMian\Github_Releases_批量下载 xray\Xray-core\v1.8.23\Xray-macos-64.zip            | LOCAL=b79ab58edd1a68e6ad49995a7bff9ce06b827868272c75c25cca809ea626ec11 REMOTE=b79ab58edd1a68e6ad49995a7bff9ce06b827868272c75c25cca809ea626ec11
[1522/3625] Checking is OK   | E:\01.userData\ZhuoMian\Github_Releases_批量下载 xray\Xray-core\v1.8.23\Xray-macos-arm64-v8a.zip     | LOCAL=2e32455826a3be797cfa589a0a63760ef0090a61fde05b9bd76f744d6e05064c REMOTE=2e32455826a3be797cfa589a0a63760ef0090a61fde05b9bd76f744d6e05064c
[1523/3625] Checking is OK   | E:\01.userData\ZhuoMian\Github_Releases_批量下载 xray\Xray-core\v1.8.23\Xray-openbsd-32.zip          | LOCAL=097556ea802570bc0b7f1326427f71880fdd56f737ad57515cc5a0ff1ed9e658 REMOTE=097556ea802570bc0b7f1326427f71880fdd56f737ad57515cc5a0ff1ed9e658
[1524/3625] Checking is OK   | E:\01.userData\ZhuoMian\Github_Releases_批量下载 xray\Xray-core\v1.8.23\Xray-openbsd-64.zip          | LOCAL=9550259a0d693b6174a7c5b30066ea018aba0b42d371f646478973a900580c03 REMOTE=9550259a0d693b6174a7c5b30066ea018aba0b42d371f646478973a900580c03
[1525/3625] Checking is OK   | E:\01.userData\ZhuoMian\Github_Releases_批量下载 xray\Xray-core\v1.8.23\Xray-openbsd-arm32-v7a.zip   | LOCAL=33722ec7c619d86f9f6e17468b6c9ed19e2f55bf20e6c2e1b60510fdf75c93ab REMOTE=33722ec7c619d86f9f6e17468b6c9ed19e2f55bf20e6c2e1b60510fdf75c93ab
[1526/3625] Checking is OK   | E:\01.userData\ZhuoMian\Github_Releases_批量下载 xray\Xray-core\v1.8.23\Xray-openbsd-arm64-v8a.zip   | LOCAL=ecb0fa5a15b7032475b1e10686061c879b21ec4cfb4e294b3518fc58f6b81034 REMOTE=ecb0fa5a15b7032475b1e10686061c879b21ec4cfb4e294b3518fc58f6b81034
[1527/3625] Checking is OK   | E:\01.userData\ZhuoMian\Github_Releases_批量下载 xray\Xray-core\v1.8.23\Xray-win7-32.zip             | LOCAL=49f2a0de58beb94c71e9119b9afa3f99c0aeaa5c1d9b6e2f2a30ad9e79de4f75 REMOTE=49f2a0de58beb94c71e9119b9afa3f99c0aeaa5c1d9b6e2f2a30ad9e79de4f75
[1528/3625] Checking is OK   | E:\01.userData\ZhuoMian\Github_Releases_批量下载 xray\Xray-core\v1.8.23\Xray-win7-64.zip             | LOCAL=ffa06fd3a1de223ed3b128893cdd7d061b901320e2179b9f8f9d96cdde470018 REMOTE=ffa06fd3a1de223ed3b128893cdd7d061b901320e2179b9f8f9d96cdde470018
[1529/3625] Checking is OK   | E:\01.userData\ZhuoMian\Github_Releases_批量下载 xray\Xray-core\v1.8.23\Xray-windows-32.zip          | LOCAL=871baab55d17847a61541224fec52dffcd0cd633916598580d25da6b6e7d2372 REMOTE=871baab55d17847a61541224fec52dffcd0cd633916598580d25da6b6e7d2372
[1530/3625] Checking is OK   | E:\01.userData\ZhuoMian\Github_Releases_批量下载 xray\Xray-core\v1.8.23\Xray-windows-64.zip          | LOCAL=2544f688b04afd1cdd09a90d926c1789db48570e968b9f93f021a112b0bf31bb REMOTE=2544f688b04afd1cdd09a90d926c1789db48570e968b9f93f021a112b0bf31bb
[1531/3625] Checking is OK   | E:\01.userData\ZhuoMian\Github_Releases_批量下载 xray\Xray-core\v1.8.23\Xray-windows-arm32-v7a.zip   | LOCAL=e61b9481e923394182d064a08e9f0e6d038a73c59210974ebe818299cad93ab8 REMOTE=e61b9481e923394182d064a08e9f0e6d038a73c59210974ebe818299cad93ab8
[1532/3625] Checking is OK   | E:\01.userData\ZhuoMian\Github_Releases_批量下载 xray\Xray-core\v1.8.23\Xray-windows-arm64-v8a.zip   | LOCAL=06aba158a6cc6deff9a551c62e07189a646c23ea91a29b24883f2ea23bfabcc2 REMOTE=06aba158a6cc6deff9a551c62e07189a646c23ea91a29b24883f2ea23bfabcc2
[1533/3625] Checking is OK   | E:\01.userData\ZhuoMian\Github_Releases_批量下载 xray\Xray-core\v1.8.24\Xray-android-arm64-v8a.zip   | LOCAL=f89bbc7e293b3e7eb479fd82ee373a2c4301ee1b81ba2764f95600f7994fac2d REMOTE=f89bbc7e293b3e7eb479fd82ee373a2c4301ee1b81ba2764f95600f7994fac2d
[1534/3625] Checking is OK   | E:\01.userData\ZhuoMian\Github_Releases_批量下载 xray\Xray-core\v1.8.24\Xray-freebsd-32.zip          | LOCAL=aee3212498f7967657aade3b004ebb53f511478b2fc3d051ee142e53b1fcd107 REMOTE=aee3212498f7967657aade3b004ebb53f511478b2fc3d051ee142e53b1fcd107
[1535/3625] Checking is OK   | E:\01.userData\ZhuoMian\Github_Releases_批量下载 xray\Xray-core\v1.8.24\Xray-freebsd-64.zip          | LOCAL=fb20b1d5f307ff78dff6e6c24621e64638bc99bc4a4bde9b65e65312a645213a REMOTE=fb20b1d5f307ff78dff6e6c24621e64638bc99bc4a4bde9b65e65312a645213a
[1536/3625] Checking is OK   | E:\01.userData\ZhuoMian\Github_Releases_批量下载 xray\Xray-core\v1.8.24\Xray-freebsd-arm32-v7a.zip   | LOCAL=1014d8ba36cac36b3dae7cdea33d6cdc3deee0e94001a33175db84953d7d0a53 REMOTE=1014d8ba36cac36b3dae7cdea33d6cdc3deee0e94001a33175db84953d7d0a53
[1537/3625] Checking is OK   | E:\01.userData\ZhuoMian\Github_Releases_批量下载 xray\Xray-core\v1.8.24\Xray-freebsd-arm64-v8a.zip   | LOCAL=cd189d1416d6841e4800a9514653fa92e45bb4d835051af3c8645788e64c4a30 REMOTE=cd189d1416d6841e4800a9514653fa92e45bb4d835051af3c8645788e64c4a30
[1538/3625] Checking is OK   | E:\01.userData\ZhuoMian\Github_Releases_批量下载 xray\Xray-core\v1.8.24\Xray-linux-32.zip            | LOCAL=c287850e127b4e83906eed99ad8d9dfedc1228f54a7a59b166fcd9433deb61d9 REMOTE=c287850e127b4e83906eed99ad8d9dfedc1228f54a7a59b166fcd9433deb61d9
[1539/3625] Checking is OK   | E:\01.userData\ZhuoMian\Github_Releases_批量下载 xray\Xray-core\v1.8.24\Xray-linux-64.zip            | LOCAL=47a860787e823474a358d6bca536547df6dd08b69c6de482ea92a9e7e8f8969c REMOTE=47a860787e823474a358d6bca536547df6dd08b69c6de482ea92a9e7e8f8969c
[1540/3625] Checking is OK   | E:\01.userData\ZhuoMian\Github_Releases_批量下载 xray\Xray-core\v1.8.24\Xray-linux-arm32-v5.zip      | LOCAL=62d4641cad7946973475ca6accf4c5301b0b698d465df5d47ab0a26d57f1a2d5 REMOTE=62d4641cad7946973475ca6accf4c5301b0b698d465df5d47ab0a26d57f1a2d5
[1541/3625] Checking is OK   | E:\01.userData\ZhuoMian\Github_Releases_批量下载 xray\Xray-core\v1.8.24\Xray-linux-arm32-v6.zip      | LOCAL=be284e6978a1265ab648e7b34d82f1f51cd62f577e6f6c640738163ac21cef2d REMOTE=be284e6978a1265ab648e7b34d82f1f51cd62f577e6f6c640738163ac21cef2d
[1542/3625] Checking is OK   | E:\01.userData\ZhuoMian\Github_Releases_批量下载 xray\Xray-core\v1.8.24\Xray-linux-arm32-v7a.zip     | LOCAL=ba44ec0c38eee0690c96610a50c82728c4e528d4fb8ec42b0e28f783bd6ac3e3 REMOTE=ba44ec0c38eee0690c96610a50c82728c4e528d4fb8ec42b0e28f783bd6ac3e3
[1543/3625] Checking is OK   | E:\01.userData\ZhuoMian\Github_Releases_批量下载 xray\Xray-core\v1.8.24\Xray-linux-arm64-v8a.zip     | LOCAL=82939febc98c2738dd78e931a69967f9c16b771bd20f313bfc0629bacd13bab6 REMOTE=82939febc98c2738dd78e931a69967f9c16b771bd20f313bfc0629bacd13bab6
[1544/3625] Checking is OK   | E:\01.userData\ZhuoMian\Github_Releases_批量下载 xray\Xray-core\v1.8.24\Xray-linux-loong64.zip       | LOCAL=6cdf6820befdee28013072669f832f90295b187cb76ba32c91ed79e003a448d2 REMOTE=6cdf6820befdee28013072669f832f90295b187cb76ba32c91ed79e003a448d2
[1545/3625] Checking is OK   | E:\01.userData\ZhuoMian\Github_Releases_批量下载 xray\Xray-core\v1.8.24\Xray-linux-mips32.zip        | LOCAL=d760cc68abb9f21feebd78210b9c03a91c2bf0cf9ef83a2c8d66c166011b6b0b REMOTE=d760cc68abb9f21feebd78210b9c03a91c2bf0cf9ef83a2c8d66c166011b6b0b
[1546/3625] Checking is OK   | E:\01.userData\ZhuoMian\Github_Releases_批量下载 xray\Xray-core\v1.8.24\Xray-linux-mips32le.zip      | LOCAL=728511bcdf66be92422267aa412fa56cf243c5105a96e8d7a9938f73cb1399ef REMOTE=728511bcdf66be92422267aa412fa56cf243c5105a96e8d7a9938f73cb1399ef
[1547/3625] Checking is OK   | E:\01.userData\ZhuoMian\Github_Releases_批量下载 xray\Xray-core\v1.8.24\Xray-linux-mips64.zip        | LOCAL=f10bff26546fb32df3e24d2c26033ae0baec3ab55cafcc40d8ac59ed50112357 REMOTE=f10bff26546fb32df3e24d2c26033ae0baec3ab55cafcc40d8ac59ed50112357
[1548/3625] Checking is OK   | E:\01.userData\ZhuoMian\Github_Releases_批量下载 xray\Xray-core\v1.8.24\Xray-linux-mips64le.zip      | LOCAL=fdacfdb5527690d5df5e0d62a85a926bd2d50d77a7e0dc15dbd172ee8b15fc86 REMOTE=fdacfdb5527690d5df5e0d62a85a926bd2d50d77a7e0dc15dbd172ee8b15fc86
[1549/3625] Checking is OK   | E:\01.userData\ZhuoMian\Github_Releases_批量下载 xray\Xray-core\v1.8.24\Xray-linux-ppc64.zip         | LOCAL=34e800f846c5b5dd29975be48078e61543e3ef12e2c0c770544f3016e91a60e8 REMOTE=34e800f846c5b5dd29975be48078e61543e3ef12e2c0c770544f3016e91a60e8
[1550/3625] Checking is OK   | E:\01.userData\ZhuoMian\Github_Releases_批量下载 xray\Xray-core\v1.8.24\Xray-linux-ppc64le.zip       | LOCAL=d250490bdbc1f4870a19ef314d849222c5c4e07fe43761a5d8cc05fa66af4508 REMOTE=d250490bdbc1f4870a19ef314d849222c5c4e07fe43761a5d8cc05fa66af4508
[1551/3625] Checking is OK   | E:\01.userData\ZhuoMian\Github_Releases_批量下载 xray\Xray-core\v1.8.24\Xray-linux-riscv64.zip       | LOCAL=763d33c708d2b2e0a6109ca224cd315c60920c37f574ef9b31d6b3c0bc40b79d REMOTE=763d33c708d2b2e0a6109ca224cd315c60920c37f574ef9b31d6b3c0bc40b79d
[1552/3625] Checking is OK   | E:\01.userData\ZhuoMian\Github_Releases_批量下载 xray\Xray-core\v1.8.24\Xray-linux-s390x.zip         | LOCAL=823f4285326b7ac4398681168b81009186d69fd59bc4906418b0e82cba105587 REMOTE=823f4285326b7ac4398681168b81009186d69fd59bc4906418b0e82cba105587
[1553/3625] Checking is OK   | E:\01.userData\ZhuoMian\Github_Releases_批量下载 xray\Xray-core\v1.8.24\Xray-macos-64.zip            | LOCAL=d1b4ccfede6813cb9fe40e9eb7fd504352e4ea66f2a371341650d0be266e19ec REMOTE=d1b4ccfede6813cb9fe40e9eb7fd504352e4ea66f2a371341650d0be266e19ec
[1554/3625] Checking is OK   | E:\01.userData\ZhuoMian\Github_Releases_批量下载 xray\Xray-core\v1.8.24\Xray-macos-arm64-v8a.zip     | LOCAL=bb033a6e094a6cbb2f6e2c9a8b8c370678e3b9035e4e5bd42cbf44b06f0bc91a REMOTE=bb033a6e094a6cbb2f6e2c9a8b8c370678e3b9035e4e5bd42cbf44b06f0bc91a
[1555/3625] Checking is OK   | E:\01.userData\ZhuoMian\Github_Releases_批量下载 xray\Xray-core\v1.8.24\Xray-openbsd-32.zip          | LOCAL=f06a1d1b11df24207e1bade9e6415679a8ac043700bda0570ccbde74d7ade7e0 REMOTE=f06a1d1b11df24207e1bade9e6415679a8ac043700bda0570ccbde74d7ade7e0
[1556/3625] Checking is OK   | E:\01.userData\ZhuoMian\Github_Releases_批量下载 xray\Xray-core\v1.8.24\Xray-openbsd-64.zip          | LOCAL=91d86e8fa69f1bf8614d6a0c2973af49bc5fb423a2433ab56e810a8ca63a87d6 REMOTE=91d86e8fa69f1bf8614d6a0c2973af49bc5fb423a2433ab56e810a8ca63a87d6
[1557/3625] Checking is OK   | E:\01.userData\ZhuoMian\Github_Releases_批量下载 xray\Xray-core\v1.8.24\Xray-openbsd-arm32-v7a.zip   | LOCAL=7b76da1256393cb89d3b7ba32907a8a5098582e1875a5f10db4c617cce336bd0 REMOTE=7b76da1256393cb89d3b7ba32907a8a5098582e1875a5f10db4c617cce336bd0
[1558/3625] Checking is OK   | E:\01.userData\ZhuoMian\Github_Releases_批量下载 xray\Xray-core\v1.8.24\Xray-openbsd-arm64-v8a.zip   | LOCAL=5e62cc2c7a2b7a4fe206e7dd1554cbb92b737d91eaef6435ed73f00b4007df09 REMOTE=5e62cc2c7a2b7a4fe206e7dd1554cbb92b737d91eaef6435ed73f00b4007df09
[1559/3625] Checking is OK   | E:\01.userData\ZhuoMian\Github_Releases_批量下载 xray\Xray-core\v1.8.24\Xray-win7-32.zip             | LOCAL=0383d4e84957334e59f0fe28537a053f3371a75d1f28524d96b628606e46f022 REMOTE=0383d4e84957334e59f0fe28537a053f3371a75d1f28524d96b628606e46f022
[1560/3625] Checking is OK   | E:\01.userData\ZhuoMian\Github_Releases_批量下载 xray\Xray-core\v1.8.24\Xray-win7-64.zip             | LOCAL=b4f50f877775f5461ddb248676d39178bbe8c3383b556259e447dd8d055c9cd8 REMOTE=b4f50f877775f5461ddb248676d39178bbe8c3383b556259e447dd8d055c9cd8
[1561/3625] Checking is OK   | E:\01.userData\ZhuoMian\Github_Releases_批量下载 xray\Xray-core\v1.8.24\Xray-windows-32.zip          | LOCAL=16aaf11d4da3703452b509681eaaa8320fa9af5c8a9c4242bbc385f52fbb0740 REMOTE=16aaf11d4da3703452b509681eaaa8320fa9af5c8a9c4242bbc385f52fbb0740
[1562/3625] Checking is OK   | E:\01.userData\ZhuoMian\Github_Releases_批量下载 xray\Xray-core\v1.8.24\Xray-windows-64.zip          | LOCAL=f932f83870bb539b9bd075540142c7a9e1a8ababb4fc1460fd2098fa491b89dc REMOTE=f932f83870bb539b9bd075540142c7a9e1a8ababb4fc1460fd2098fa491b89dc
[1563/3625] Checking is OK   | E:\01.userData\ZhuoMian\Github_Releases_批量下载 xray\Xray-core\v1.8.24\Xray-windows-arm32-v7a.zip   | LOCAL=615f43cd3ea18f80f092ef626bd52f1a957e7aa050b383ba8fb143c9cf5ca918 REMOTE=615f43cd3ea18f80f092ef626bd52f1a957e7aa050b383ba8fb143c9cf5ca918
[1564/3625] Checking is OK   | E:\01.userData\ZhuoMian\Github_Releases_批量下载 xray\Xray-core\v1.8.24\Xray-windows-arm64-v8a.zip   | LOCAL=41f56de5df3929688a024c53928c9f133fc08f75878dbe4c96c42f680311e5db REMOTE=41f56de5df3929688a024c53928c9f133fc08f75878dbe4c96c42f680311e5db
[1565/3625] Checking is OK   | E:\01.userData\ZhuoMian\Github_Releases_批量下载 xray\Xray-core\v1.8.3\Xray-android-arm64-v8a.zip    | LOCAL=3377ec133bba31357593c65046b960301def2bf30b94c285851c73569d817989 REMOTE=3377ec133bba31357593c65046b960301def2bf30b94c285851c73569d817989
[1566/3625] Checking is OK   | E:\01.userData\ZhuoMian\Github_Releases_批量下载 xray\Xray-core\v1.8.3\Xray-dragonfly-64.zip         | LOCAL=f113be2c637d56f21abc9c0473ddf0513c9690197ae3128a932c4ae067fa18f8 REMOTE=f113be2c637d56f21abc9c0473ddf0513c9690197ae3128a932c4ae067fa18f8
[1567/3625] Checking is OK   | E:\01.userData\ZhuoMian\Github_Releases_批量下载 xray\Xray-core\v1.8.3\Xray-freebsd-32.zip           | LOCAL=fba22f764e3eb8d319d3201896d01680c05b09ec09c0f624447061a520a8bbf8 REMOTE=fba22f764e3eb8d319d3201896d01680c05b09ec09c0f624447061a520a8bbf8
[1568/3625] Checking is OK   | E:\01.userData\ZhuoMian\Github_Releases_批量下载 xray\Xray-core\v1.8.3\Xray-freebsd-64.zip           | LOCAL=ed0e3f5e357b9dd7152a42a198f44b7cf0a9e78ef47509e62bec80922dd3636c REMOTE=ed0e3f5e357b9dd7152a42a198f44b7cf0a9e78ef47509e62bec80922dd3636c
[1569/3625] Checking is OK   | E:\01.userData\ZhuoMian\Github_Releases_批量下载 xray\Xray-core\v1.8.3\Xray-freebsd-arm32-v7a.zip    | LOCAL=93720a26fc7b41daf4bdaabd5593d019d74dfeb242e646e8bc367f220d1a444e REMOTE=93720a26fc7b41daf4bdaabd5593d019d74dfeb242e646e8bc367f220d1a444e
[1570/3625] Checking is OK   | E:\01.userData\ZhuoMian\Github_Releases_批量下载 xray\Xray-core\v1.8.3\Xray-freebsd-arm64-v8a.zip    | LOCAL=7fd654c12722207814794444a5a2c61bfd9b83d13c202b48cd1b2b79e07433aa REMOTE=7fd654c12722207814794444a5a2c61bfd9b83d13c202b48cd1b2b79e07433aa
[1571/3625] Checking is OK   | E:\01.userData\ZhuoMian\Github_Releases_批量下载 xray\Xray-core\v1.8.3\Xray-linux-32.zip             | LOCAL=3e7cb60b63b79411d52f58236073a7b60aedb707f61c1d4eef47203b01e290c8 REMOTE=3e7cb60b63b79411d52f58236073a7b60aedb707f61c1d4eef47203b01e290c8
[1572/3625] Checking is OK   | E:\01.userData\ZhuoMian\Github_Releases_批量下载 xray\Xray-core\v1.8.3\Xray-linux-64.zip             | LOCAL=858a2f819acd29d21109f83b06ace5188d88c6487af8475a898bdb6b5f618421 REMOTE=858a2f819acd29d21109f83b06ace5188d88c6487af8475a898bdb6b5f618421
[1573/3625] Checking is OK   | E:\01.userData\ZhuoMian\Github_Releases_批量下载 xray\Xray-core\v1.8.3\Xray-linux-arm32-v5.zip       | LOCAL=2327feb1ac08bc5850202b29a6e909ab8d4d09440810298953bf6f4a87e57c5e REMOTE=2327feb1ac08bc5850202b29a6e909ab8d4d09440810298953bf6f4a87e57c5e
[1574/3625] Checking is OK   | E:\01.userData\ZhuoMian\Github_Releases_批量下载 xray\Xray-core\v1.8.3\Xray-linux-arm32-v6.zip       | LOCAL=e7c6f80d2f8eb4f0459abd08565985af830c5594767b85e87a263d297acf5a06 REMOTE=e7c6f80d2f8eb4f0459abd08565985af830c5594767b85e87a263d297acf5a06
[1575/3625] Checking is OK   | E:\01.userData\ZhuoMian\Github_Releases_批量下载 xray\Xray-core\v1.8.3\Xray-linux-arm32-v7a.zip      | LOCAL=e625de4d951486aa4ad309320e3e4bbd81b26ac59c204582a64ce1dad10ee965 REMOTE=e625de4d951486aa4ad309320e3e4bbd81b26ac59c204582a64ce1dad10ee965
[1576/3625] Checking is OK   | E:\01.userData\ZhuoMian\Github_Releases_批量下载 xray\Xray-core\v1.8.3\Xray-linux-arm64-v8a.zip      | LOCAL=64a2a670885490692054f36763fddac185486be334672743229969090b6f6ed3 REMOTE=64a2a670885490692054f36763fddac185486be334672743229969090b6f6ed3
[1577/3625] Checking is OK   | E:\01.userData\ZhuoMian\Github_Releases_批量下载 xray\Xray-core\v1.8.3\Xray-linux-mips32.zip         | LOCAL=505ea7974cc3d7546d62cfeb46525b470f28f363720d2ac747c15f57c89d443e REMOTE=505ea7974cc3d7546d62cfeb46525b470f28f363720d2ac747c15f57c89d443e
[1578/3625] Checking is OK   | E:\01.userData\ZhuoMian\Github_Releases_批量下载 xray\Xray-core\v1.8.3\Xray-linux-mips32le.zip       | LOCAL=d1833201ce25940a6ca471aec305e4e9ef75cb20429107b85ffb03f37c68fae5 REMOTE=d1833201ce25940a6ca471aec305e4e9ef75cb20429107b85ffb03f37c68fae5
[1579/3625] Checking is OK   | E:\01.userData\ZhuoMian\Github_Releases_批量下载 xray\Xray-core\v1.8.3\Xray-linux-mips64.zip         | LOCAL=82762bff7e0190a9ec3b8dcafc444312f253caffdc8f1b5dc49c13e10194ee55 REMOTE=82762bff7e0190a9ec3b8dcafc444312f253caffdc8f1b5dc49c13e10194ee55
[1580/3625] Checking is OK   | E:\01.userData\ZhuoMian\Github_Releases_批量下载 xray\Xray-core\v1.8.3\Xray-linux-mips64le.zip       | LOCAL=abff147148f5e7856bc5a11ccde81c5a575987ce748c7d7431766e593829f9a6 REMOTE=abff147148f5e7856bc5a11ccde81c5a575987ce748c7d7431766e593829f9a6
[1581/3625] Checking is OK   | E:\01.userData\ZhuoMian\Github_Releases_批量下载 xray\Xray-core\v1.8.3\Xray-linux-ppc64.zip          | LOCAL=6289bf2ee85cb0145944c0d5838b100534e95ddd60bacbf47d6538348efc99c1 REMOTE=6289bf2ee85cb0145944c0d5838b100534e95ddd60bacbf47d6538348efc99c1
[1582/3625] Checking is OK   | E:\01.userData\ZhuoMian\Github_Releases_批量下载 xray\Xray-core\v1.8.3\Xray-linux-ppc64le.zip        | LOCAL=1be27fa4079268b181dbe991b0c4c966b2b5dadcd4135591d58dc523f32dc9e7 REMOTE=1be27fa4079268b181dbe991b0c4c966b2b5dadcd4135591d58dc523f32dc9e7
[1583/3625] Checking is OK   | E:\01.userData\ZhuoMian\Github_Releases_批量下载 xray\Xray-core\v1.8.3\Xray-linux-riscv64.zip        | LOCAL=6f39ae6c8a078e1a77e73f9c483d279fc364ad86f71880581446860b0ab9c216 REMOTE=6f39ae6c8a078e1a77e73f9c483d279fc364ad86f71880581446860b0ab9c216
[1584/3625] Checking is OK   | E:\01.userData\ZhuoMian\Github_Releases_批量下载 xray\Xray-core\v1.8.3\Xray-linux-s390x.zip          | LOCAL=ac4548ec5d11cbb055f4fbd242519a63a15682c71cc5660ede3144f246aa86ea REMOTE=ac4548ec5d11cbb055f4fbd242519a63a15682c71cc5660ede3144f246aa86ea
[1585/3625] Checking is OK   | E:\01.userData\ZhuoMian\Github_Releases_批量下载 xray\Xray-core\v1.8.3\Xray-macos-64.zip             | LOCAL=924b2c314691ca0e5727ba08833b7114f9b0fed72aaefbfdc983d4019fcb9098 REMOTE=924b2c314691ca0e5727ba08833b7114f9b0fed72aaefbfdc983d4019fcb9098
[1586/3625] Checking is OK   | E:\01.userData\ZhuoMian\Github_Releases_批量下载 xray\Xray-core\v1.8.3\Xray-macos-arm64-v8a.zip      | LOCAL=7b51481061906293757cebbe4aa5393de43a25c4f2006ba2f0759b4789842bdd REMOTE=7b51481061906293757cebbe4aa5393de43a25c4f2006ba2f0759b4789842bdd
[1587/3625] Checking is OK   | E:\01.userData\ZhuoMian\Github_Releases_批量下载 xray\Xray-core\v1.8.3\Xray-openbsd-32.zip           | LOCAL=579271a28f5ae64afcfe5f0118e655f55b7ee24536b42d01664cde3340fd14de REMOTE=579271a28f5ae64afcfe5f0118e655f55b7ee24536b42d01664cde3340fd14de
[1588/3625] Checking is OK   | E:\01.userData\ZhuoMian\Github_Releases_批量下载 xray\Xray-core\v1.8.3\Xray-openbsd-64.zip           | LOCAL=e989e1583da9653ea2bdfadb04537fd7ed4b98a5540a8c036e42b2bfb358654f REMOTE=e989e1583da9653ea2bdfadb04537fd7ed4b98a5540a8c036e42b2bfb358654f
[1589/3625] Checking is OK   | E:\01.userData\ZhuoMian\Github_Releases_批量下载 xray\Xray-core\v1.8.3\Xray-openbsd-arm32-v7a.zip    | LOCAL=c9ae9a45a2e652e9beeecba72a37b2bebd1ce0ef3fe778a4cf3057ab762a16b1 REMOTE=c9ae9a45a2e652e9beeecba72a37b2bebd1ce0ef3fe778a4cf3057ab762a16b1
[1590/3625] Checking is OK   | E:\01.userData\ZhuoMian\Github_Releases_批量下载 xray\Xray-core\v1.8.3\Xray-openbsd-arm64-v8a.zip    | LOCAL=e2db797e5c1b65e23275447e4989f44a82ee625b46ae95b712d5ed4438668002 REMOTE=e2db797e5c1b65e23275447e4989f44a82ee625b46ae95b712d5ed4438668002
[1591/3625] Checking is OK   | E:\01.userData\ZhuoMian\Github_Releases_批量下载 xray\Xray-core\v1.8.3\Xray-windows-32.zip           | LOCAL=b4f61dca369ffe286d96c16444d89712b14ba1147a6481ae184df2b17d1b1ad9 REMOTE=b4f61dca369ffe286d96c16444d89712b14ba1147a6481ae184df2b17d1b1ad9
[1592/3625] Checking is OK   | E:\01.userData\ZhuoMian\Github_Releases_批量下载 xray\Xray-core\v1.8.3\Xray-windows-64.zip           | LOCAL=819a85548591c51c67a2b3e82a16776a7e6a5acf38ac69872b48729667f8f03e REMOTE=819a85548591c51c67a2b3e82a16776a7e6a5acf38ac69872b48729667f8f03e
[1593/3625] Checking is OK   | E:\01.userData\ZhuoMian\Github_Releases_批量下载 xray\Xray-core\v1.8.3\Xray-windows-arm32-v7a.zip    | LOCAL=de30eb10d7073f370d9f223dd8d49aa154de1077889dee9d0c90cf97b6402ec7 REMOTE=de30eb10d7073f370d9f223dd8d49aa154de1077889dee9d0c90cf97b6402ec7
[1594/3625] Checking is OK   | E:\01.userData\ZhuoMian\Github_Releases_批量下载 xray\Xray-core\v1.8.3\Xray-windows-arm64-v8a.zip    | LOCAL=7912e155abb7a0713de16649fcd42c40ccd8a0f25256cf552cc4c58007de5646 REMOTE=7912e155abb7a0713de16649fcd42c40ccd8a0f25256cf552cc4c58007de5646
[1595/3625] Checking is OK   | E:\01.userData\ZhuoMian\Github_Releases_批量下载 xray\Xray-core\v1.8.4\Xray-android-arm64-v8a.zip    | LOCAL=a3ae378f36cb501a53c71d67eda82d3a24b334eca5cfbe8f624f00b139a5805d REMOTE=a3ae378f36cb501a53c71d67eda82d3a24b334eca5cfbe8f624f00b139a5805d
[1596/3625] Checking is OK   | E:\01.userData\ZhuoMian\Github_Releases_批量下载 xray\Xray-core\v1.8.4\Xray-dragonfly-64.zip         | LOCAL=fa478a5d38a01e7212f9fae12e1d88c6052822ff43d0c34b1c8b913672b428f9 REMOTE=fa478a5d38a01e7212f9fae12e1d88c6052822ff43d0c34b1c8b913672b428f9
[1597/3625] Checking is OK   | E:\01.userData\ZhuoMian\Github_Releases_批量下载 xray\Xray-core\v1.8.4\Xray-freebsd-32.zip           | LOCAL=94126ea72442b875e40d0cabd79f588559efba5ad3418466a1c9933d8a530180 REMOTE=94126ea72442b875e40d0cabd79f588559efba5ad3418466a1c9933d8a530180
[1598/3625] Checking is OK   | E:\01.userData\ZhuoMian\Github_Releases_批量下载 xray\Xray-core\v1.8.4\Xray-freebsd-64.zip           | LOCAL=a68a244c086ec91e03466dc38806c684e2f899eb3b5fac9fc57d34f243db87ae REMOTE=a68a244c086ec91e03466dc38806c684e2f899eb3b5fac9fc57d34f243db87ae
[1599/3625] Checking is OK   | E:\01.userData\ZhuoMian\Github_Releases_批量下载 xray\Xray-core\v1.8.4\Xray-freebsd-arm32-v7a.zip    | LOCAL=629e354ec45ba6361e4a46da8b6d08417e733895eedd8d7246993b87d0f49751 REMOTE=629e354ec45ba6361e4a46da8b6d08417e733895eedd8d7246993b87d0f49751
[1600/3625] Checking is OK   | E:\01.userData\ZhuoMian\Github_Releases_批量下载 xray\Xray-core\v1.8.4\Xray-freebsd-arm64-v8a.zip    | LOCAL=937443430116aa9dadc611d725585e377377d4b7627fcd2a0d8917d12214cdc0 REMOTE=937443430116aa9dadc611d725585e377377d4b7627fcd2a0d8917d12214cdc0
[1601/3625] Checking is OK   | E:\01.userData\ZhuoMian\Github_Releases_批量下载 xray\Xray-core\v1.8.4\Xray-linux-32.zip             | LOCAL=da7b07d2cc241da7f5d9951732b0746b3733e8aafbf5bfdee5bc76c993ca0aae REMOTE=da7b07d2cc241da7f5d9951732b0746b3733e8aafbf5bfdee5bc76c993ca0aae
[1602/3625] Checking is OK   | E:\01.userData\ZhuoMian\Github_Releases_批量下载 xray\Xray-core\v1.8.4\Xray-linux-64.zip             | LOCAL=2a855f610008a598b88424435aefaee1df2c1b0fa1296d4f8f60080b528c9971 REMOTE=2a855f610008a598b88424435aefaee1df2c1b0fa1296d4f8f60080b528c9971
[1603/3625] Checking is OK   | E:\01.userData\ZhuoMian\Github_Releases_批量下载 xray\Xray-core\v1.8.4\Xray-linux-arm32-v5.zip       | LOCAL=a8eb5726a883b7884325afcd02a946c90413c44fddb9e10dc5a7eb1078c054c9 REMOTE=a8eb5726a883b7884325afcd02a946c90413c44fddb9e10dc5a7eb1078c054c9
[1604/3625] Checking is OK   | E:\01.userData\ZhuoMian\Github_Releases_批量下载 xray\Xray-core\v1.8.4\Xray-linux-arm32-v6.zip       | LOCAL=df35d578fd2491e4c70cf1f0980b799c037ecb050b39b704a96e8d77d5cd0a8f REMOTE=df35d578fd2491e4c70cf1f0980b799c037ecb050b39b704a96e8d77d5cd0a8f
[1605/3625] Checking is OK   | E:\01.userData\ZhuoMian\Github_Releases_批量下载 xray\Xray-core\v1.8.4\Xray-linux-arm32-v7a.zip      | LOCAL=09e4544546b4e2abaa4cfcc517ea858bc2dd7ce6cdb253026d5434b701cef485 REMOTE=09e4544546b4e2abaa4cfcc517ea858bc2dd7ce6cdb253026d5434b701cef485
[1606/3625] Checking is OK   | E:\01.userData\ZhuoMian\Github_Releases_批量下载 xray\Xray-core\v1.8.4\Xray-linux-arm64-v8a.zip      | LOCAL=be6b28548551d9fd357b147f74b163dfc14408e7f75cbf4ba788995dabc33d75 REMOTE=be6b28548551d9fd357b147f74b163dfc14408e7f75cbf4ba788995dabc33d75
[1607/3625] Checking is OK   | E:\01.userData\ZhuoMian\Github_Releases_批量下载 xray\Xray-core\v1.8.4\Xray-linux-loong64.zip        | LOCAL=e771fe90436d00452586c18b198db3cb4f2c097363fb0901c19a706209c57692 REMOTE=e771fe90436d00452586c18b198db3cb4f2c097363fb0901c19a706209c57692
[1608/3625] Checking is OK   | E:\01.userData\ZhuoMian\Github_Releases_批量下载 xray\Xray-core\v1.8.4\Xray-linux-mips32.zip         | LOCAL=3a010e929b9f1b07490e12649ebb5478c56e5d7a6e8cff265425004dec038fba REMOTE=3a010e929b9f1b07490e12649ebb5478c56e5d7a6e8cff265425004dec038fba
[1609/3625] Checking is OK   | E:\01.userData\ZhuoMian\Github_Releases_批量下载 xray\Xray-core\v1.8.4\Xray-linux-mips32le.zip       | LOCAL=c69964ff6da638ee6645f6f381e8aa2ea6c9a1be8148299fda14c6c7c0d8c844 REMOTE=c69964ff6da638ee6645f6f381e8aa2ea6c9a1be8148299fda14c6c7c0d8c844
[1610/3625] Checking is OK   | E:\01.userData\ZhuoMian\Github_Releases_批量下载 xray\Xray-core\v1.8.4\Xray-linux-mips64.zip         | LOCAL=9e532dda28d6632a281313cbfed882321a1bd0a68644f1414a853449410ea439 REMOTE=9e532dda28d6632a281313cbfed882321a1bd0a68644f1414a853449410ea439
[1611/3625] Checking is OK   | E:\01.userData\ZhuoMian\Github_Releases_批量下载 xray\Xray-core\v1.8.4\Xray-linux-mips64le.zip       | LOCAL=b4c1bd85c31606b727e1933b912ed6ff540e752bc4b682a199314e14de0604dc REMOTE=b4c1bd85c31606b727e1933b912ed6ff540e752bc4b682a199314e14de0604dc
[1612/3625] Checking is OK   | E:\01.userData\ZhuoMian\Github_Releases_批量下载 xray\Xray-core\v1.8.4\Xray-linux-ppc64.zip          | LOCAL=9669eeca90030b9010567257b957b9d92e725236608eabfd5af45e5385cf7868 REMOTE=9669eeca90030b9010567257b957b9d92e725236608eabfd5af45e5385cf7868
[1613/3625] Checking is OK   | E:\01.userData\ZhuoMian\Github_Releases_批量下载 xray\Xray-core\v1.8.4\Xray-linux-ppc64le.zip        | LOCAL=49a6afde35b7c95edf2703d16569e93dba9102a953f86eba496776cb6819edfb REMOTE=49a6afde35b7c95edf2703d16569e93dba9102a953f86eba496776cb6819edfb
[1614/3625] Checking is OK   | E:\01.userData\ZhuoMian\Github_Releases_批量下载 xray\Xray-core\v1.8.4\Xray-linux-riscv64.zip        | LOCAL=2c7685821185c231ea100fe09c0823e1cb0ff1d47a52c521c78fb15facf68203 REMOTE=2c7685821185c231ea100fe09c0823e1cb0ff1d47a52c521c78fb15facf68203
[1615/3625] Checking is OK   | E:\01.userData\ZhuoMian\Github_Releases_批量下载 xray\Xray-core\v1.8.4\Xray-linux-s390x.zip          | LOCAL=6ebe8c448b1a183dc584f92ff66c482c7bc332c88f9fd77cbefc1c8f77887613 REMOTE=6ebe8c448b1a183dc584f92ff66c482c7bc332c88f9fd77cbefc1c8f77887613
[1616/3625] Checking is OK   | E:\01.userData\ZhuoMian\Github_Releases_批量下载 xray\Xray-core\v1.8.4\Xray-macos-64.zip             | LOCAL=251c9455fd2793072d534e180eae60844d3ec05566c22009e7a7b8abf93371fc REMOTE=251c9455fd2793072d534e180eae60844d3ec05566c22009e7a7b8abf93371fc
[1617/3625] Checking is OK   | E:\01.userData\ZhuoMian\Github_Releases_批量下载 xray\Xray-core\v1.8.4\Xray-macos-arm64-v8a.zip      | LOCAL=3e060b08368c7739c71f27a9cc75e589953ebb7c5c729d85b4d99bcb9f8e7f34 REMOTE=3e060b08368c7739c71f27a9cc75e589953ebb7c5c729d85b4d99bcb9f8e7f34
[1618/3625] Checking is OK   | E:\01.userData\ZhuoMian\Github_Releases_批量下载 xray\Xray-core\v1.8.4\Xray-openbsd-32.zip           | LOCAL=31abdae47da06737b55e655b2ab19bd09ef11527565bdeee3af35b2c0e07c623 REMOTE=31abdae47da06737b55e655b2ab19bd09ef11527565bdeee3af35b2c0e07c623
[1619/3625] Checking is OK   | E:\01.userData\ZhuoMian\Github_Releases_批量下载 xray\Xray-core\v1.8.4\Xray-openbsd-64.zip           | LOCAL=fb030e92ff509d32fa686bcfe7a35d310c6303df9e4a177b1784f24bff941e76 REMOTE=fb030e92ff509d32fa686bcfe7a35d310c6303df9e4a177b1784f24bff941e76
[1620/3625] Checking is OK   | E:\01.userData\ZhuoMian\Github_Releases_批量下载 xray\Xray-core\v1.8.4\Xray-openbsd-arm32-v7a.zip    | LOCAL=a0b61cddebd234d79aa8410fc775f234df9aaae5bd1357cc29315e786a6e4b34 REMOTE=a0b61cddebd234d79aa8410fc775f234df9aaae5bd1357cc29315e786a6e4b34
[1621/3625] Checking is OK   | E:\01.userData\ZhuoMian\Github_Releases_批量下载 xray\Xray-core\v1.8.4\Xray-openbsd-arm64-v8a.zip    | LOCAL=5c82a54d2033d26f283ec09ed458b60d7ec664069a74909418c57f4d4397d801 REMOTE=5c82a54d2033d26f283ec09ed458b60d7ec664069a74909418c57f4d4397d801
[1622/3625] Checking is OK   | E:\01.userData\ZhuoMian\Github_Releases_批量下载 xray\Xray-core\v1.8.4\Xray-windows-32.zip           | LOCAL=88d530dfc2cbd59b26d60a6d7e6bac3a473bed52f86696458a0681e520564526 REMOTE=88d530dfc2cbd59b26d60a6d7e6bac3a473bed52f86696458a0681e520564526
[1623/3625] Checking is OK   | E:\01.userData\ZhuoMian\Github_Releases_批量下载 xray\Xray-core\v1.8.4\Xray-windows-64.zip           | LOCAL=9f6225e2b818c12660001d550fb323acc25f4ce146489582aced40c206785d87 REMOTE=9f6225e2b818c12660001d550fb323acc25f4ce146489582aced40c206785d87
[1624/3625] Checking is OK   | E:\01.userData\ZhuoMian\Github_Releases_批量下载 xray\Xray-core\v1.8.4\Xray-windows-arm32-v7a.zip    | LOCAL=f126341ddd866bc2deb24e28c2081b448ac8ace55522242e27a71ccfea257457 REMOTE=f126341ddd866bc2deb24e28c2081b448ac8ace55522242e27a71ccfea257457
[1625/3625] Checking is OK   | E:\01.userData\ZhuoMian\Github_Releases_批量下载 xray\Xray-core\v1.8.4\Xray-windows-arm64-v8a.zip    | LOCAL=3a190e4fcb14d9aa9fd3c7f353f711e45fb89bfd9bb1e6de461265d77a66bef4 REMOTE=3a190e4fcb14d9aa9fd3c7f353f711e45fb89bfd9bb1e6de461265d77a66bef4
[1626/3625] Checking is OK   | E:\01.userData\ZhuoMian\Github_Releases_批量下载 xray\Xray-core\v1.8.6\Xray-android-arm64-v8a.zip    | LOCAL=2eaa9f6511bac6e444c0c87989770f8ab4d42e38add826e1afcb57691b05428e REMOTE=2eaa9f6511bac6e444c0c87989770f8ab4d42e38add826e1afcb57691b05428e
[1627/3625] Checking is OK   | E:\01.userData\ZhuoMian\Github_Releases_批量下载 xray\Xray-core\v1.8.6\Xray-freebsd-32.zip           | LOCAL=fa49e29d72b598a06088b5767f7a4ee84a9c49959f07adc07b50bccc81b85706 REMOTE=fa49e29d72b598a06088b5767f7a4ee84a9c49959f07adc07b50bccc81b85706
[1628/3625] Checking is OK   | E:\01.userData\ZhuoMian\Github_Releases_批量下载 xray\Xray-core\v1.8.6\Xray-freebsd-64.zip           | LOCAL=1c987bc409743d4ae2bf0e396b8d63546e371ea37428a7ef9e4a7d2d8fc43046 REMOTE=1c987bc409743d4ae2bf0e396b8d63546e371ea37428a7ef9e4a7d2d8fc43046
[1629/3625] Checking is OK   | E:\01.userData\ZhuoMian\Github_Releases_批量下载 xray\Xray-core\v1.8.6\Xray-freebsd-arm32-v7a.zip    | LOCAL=8d8ba75c9943a1a7cdd7f30361d2bafbc44dd2999c97e0eae85c464116a7c071 REMOTE=8d8ba75c9943a1a7cdd7f30361d2bafbc44dd2999c97e0eae85c464116a7c071
[1630/3625] Checking is OK   | E:\01.userData\ZhuoMian\Github_Releases_批量下载 xray\Xray-core\v1.8.6\Xray-freebsd-arm64-v8a.zip    | LOCAL=5d65b9f736b2535c54295f5ba27d9fa95bbcff24f54ccc20d7102062dd7ff5e1 REMOTE=5d65b9f736b2535c54295f5ba27d9fa95bbcff24f54ccc20d7102062dd7ff5e1
[1631/3625] Checking is OK   | E:\01.userData\ZhuoMian\Github_Releases_批量下载 xray\Xray-core\v1.8.6\Xray-linux-32.zip             | LOCAL=01488bf1a582d9ca03e34f16b515a8117420d7dbcf98b9375885c7d85d7c242d REMOTE=01488bf1a582d9ca03e34f16b515a8117420d7dbcf98b9375885c7d85d7c242d
[1632/3625] Checking is OK   | E:\01.userData\ZhuoMian\Github_Releases_批量下载 xray\Xray-core\v1.8.6\Xray-linux-64.zip             | LOCAL=515c0218a6c50ad1c026bec489425942a68a7231c183d3ed48503120cdb2a143 REMOTE=515c0218a6c50ad1c026bec489425942a68a7231c183d3ed48503120cdb2a143
[1633/3625] Checking is OK   | E:\01.userData\ZhuoMian\Github_Releases_批量下载 xray\Xray-core\v1.8.6\Xray-linux-arm32-v5.zip       | LOCAL=9073de9d49957c6cb0113e3e74a06a8876eb56f440de55abd68c38b2e61c921b REMOTE=9073de9d49957c6cb0113e3e74a06a8876eb56f440de55abd68c38b2e61c921b
[1634/3625] Checking is OK   | E:\01.userData\ZhuoMian\Github_Releases_批量下载 xray\Xray-core\v1.8.6\Xray-linux-arm32-v6.zip       | LOCAL=dd2012a6f357b3bfe440a8c4853670b99de114c68cb94edbdacd77b9b250defe REMOTE=dd2012a6f357b3bfe440a8c4853670b99de114c68cb94edbdacd77b9b250defe
[1635/3625] Checking is OK   | E:\01.userData\ZhuoMian\Github_Releases_批量下载 xray\Xray-core\v1.8.6\Xray-linux-arm32-v7a.zip      | LOCAL=9d4716ac4c993e8d94ba6df4c4a67991cdc5f9c092eab33f12d76d4d37584432 REMOTE=9d4716ac4c993e8d94ba6df4c4a67991cdc5f9c092eab33f12d76d4d37584432
[1636/3625] Checking is OK   | E:\01.userData\ZhuoMian\Github_Releases_批量下载 xray\Xray-core\v1.8.6\Xray-linux-arm64-v8a.zip      | LOCAL=62149311cccbcc2791260fad5aa7655b91d4ccdb9fa4ca45f556e9637002e622 REMOTE=62149311cccbcc2791260fad5aa7655b91d4ccdb9fa4ca45f556e9637002e622
[1637/3625] Checking is OK   | E:\01.userData\ZhuoMian\Github_Releases_批量下载 xray\Xray-core\v1.8.6\Xray-linux-loong64.zip        | LOCAL=6527306baa25e3c5f2212b5225f5c2276549736866f8523daef7d808a91da3eb REMOTE=6527306baa25e3c5f2212b5225f5c2276549736866f8523daef7d808a91da3eb
[1638/3625] Checking is OK   | E:\01.userData\ZhuoMian\Github_Releases_批量下载 xray\Xray-core\v1.8.6\Xray-linux-mips32.zip         | LOCAL=674a99e965c6de6947b35085906f2a03e5a73371445ebedbc14853901463b175 REMOTE=674a99e965c6de6947b35085906f2a03e5a73371445ebedbc14853901463b175
[1639/3625] Checking is OK   | E:\01.userData\ZhuoMian\Github_Releases_批量下载 xray\Xray-core\v1.8.6\Xray-linux-mips32le.zip       | LOCAL=0bba1e3a43bdf7028082af131a7af0c7ed48d22ca90398b47e2c5dbfe80cb93c REMOTE=0bba1e3a43bdf7028082af131a7af0c7ed48d22ca90398b47e2c5dbfe80cb93c
[1640/3625] Checking is OK   | E:\01.userData\ZhuoMian\Github_Releases_批量下载 xray\Xray-core\v1.8.6\Xray-linux-mips64.zip         | LOCAL=a4a6ac9d9941bd79b42dfef746915177caf7694576367510cd1760318783c0f1 REMOTE=a4a6ac9d9941bd79b42dfef746915177caf7694576367510cd1760318783c0f1
[1641/3625] Checking is OK   | E:\01.userData\ZhuoMian\Github_Releases_批量下载 xray\Xray-core\v1.8.6\Xray-linux-mips64le.zip       | LOCAL=05983a9e0f4aa72ebf2511d0637a6729f8f154f3bf64caac3a95f43dd11142a6 REMOTE=05983a9e0f4aa72ebf2511d0637a6729f8f154f3bf64caac3a95f43dd11142a6
[1642/3625] Checking is OK   | E:\01.userData\ZhuoMian\Github_Releases_批量下载 xray\Xray-core\v1.8.6\Xray-linux-ppc64.zip          | LOCAL=b9e2f55572c6f54ecc3bbb320d234c2235522c2f41bdd0ff5e65a0b940d147f2 REMOTE=b9e2f55572c6f54ecc3bbb320d234c2235522c2f41bdd0ff5e65a0b940d147f2
[1643/3625] Checking is OK   | E:\01.userData\ZhuoMian\Github_Releases_批量下载 xray\Xray-core\v1.8.6\Xray-linux-ppc64le.zip        | LOCAL=272c3accdb64e5b8ba3712f7c07a39ff37c0ad05fa04f12da915b7bde0057cfb REMOTE=272c3accdb64e5b8ba3712f7c07a39ff37c0ad05fa04f12da915b7bde0057cfb
[1644/3625] Checking is OK   | E:\01.userData\ZhuoMian\Github_Releases_批量下载 xray\Xray-core\v1.8.6\Xray-linux-riscv64.zip        | LOCAL=70fecb6f4191e51824fb9466858365229a69efde29ebcdf5bc32854bbf1acc52 REMOTE=70fecb6f4191e51824fb9466858365229a69efde29ebcdf5bc32854bbf1acc52
[1645/3625] Checking is OK   | E:\01.userData\ZhuoMian\Github_Releases_批量下载 xray\Xray-core\v1.8.6\Xray-linux-s390x.zip          | LOCAL=ab1a2cb668e78672495f36760b633a5d39bc3758f71e5dd8de40c33a1fc94a94 REMOTE=ab1a2cb668e78672495f36760b633a5d39bc3758f71e5dd8de40c33a1fc94a94
[1646/3625] Checking is OK   | E:\01.userData\ZhuoMian\Github_Releases_批量下载 xray\Xray-core\v1.8.6\Xray-macos-64.zip             | LOCAL=54616fe61381dad92cfa30030dda3211b3c2e86eb496b18a0462451e29728b5e REMOTE=54616fe61381dad92cfa30030dda3211b3c2e86eb496b18a0462451e29728b5e
[1647/3625] Checking is OK   | E:\01.userData\ZhuoMian\Github_Releases_批量下载 xray\Xray-core\v1.8.6\Xray-macos-arm64-v8a.zip      | LOCAL=aa24ea8c6ef0bd7b46742ff2acd85019a05a20677b6045c31aeb61f27f31bcc4 REMOTE=aa24ea8c6ef0bd7b46742ff2acd85019a05a20677b6045c31aeb61f27f31bcc4
[1648/3625] Checking is OK   | E:\01.userData\ZhuoMian\Github_Releases_批量下载 xray\Xray-core\v1.8.6\Xray-openbsd-32.zip           | LOCAL=47f653a4766122e0f283cb2d0e400814324e37d10835cbc7992015383c31259a REMOTE=47f653a4766122e0f283cb2d0e400814324e37d10835cbc7992015383c31259a
[1649/3625] Checking is OK   | E:\01.userData\ZhuoMian\Github_Releases_批量下载 xray\Xray-core\v1.8.6\Xray-openbsd-64.zip           | LOCAL=dba67ddb2989fcc03520007df49dbb3525545c00bfbe0e490df0f930baa85f2c REMOTE=dba67ddb2989fcc03520007df49dbb3525545c00bfbe0e490df0f930baa85f2c
[1650/3625] Checking is OK   | E:\01.userData\ZhuoMian\Github_Releases_批量下载 xray\Xray-core\v1.8.6\Xray-openbsd-arm32-v7a.zip    | LOCAL=2c33cb6b477486e7d0aa71256b27de3f3dbf754b36cadb2b40ea6472b7059472 REMOTE=2c33cb6b477486e7d0aa71256b27de3f3dbf754b36cadb2b40ea6472b7059472
[1651/3625] Checking is OK   | E:\01.userData\ZhuoMian\Github_Releases_批量下载 xray\Xray-core\v1.8.6\Xray-openbsd-arm64-v8a.zip    | LOCAL=135978d44005f6a7a6393df06332dc16c9015e5897ce3b4f69bc1e269cdb26b8 REMOTE=135978d44005f6a7a6393df06332dc16c9015e5897ce3b4f69bc1e269cdb26b8
[1652/3625] Checking is OK   | E:\01.userData\ZhuoMian\Github_Releases_批量下载 xray\Xray-core\v1.8.6\Xray-windows-32.zip           | LOCAL=00a734f793cbce239e68a4cfb7d548c47a0d8ea81b28c59fea4ba3167213c6cd REMOTE=00a734f793cbce239e68a4cfb7d548c47a0d8ea81b28c59fea4ba3167213c6cd
[1653/3625] Checking is OK   | E:\01.userData\ZhuoMian\Github_Releases_批量下载 xray\Xray-core\v1.8.6\Xray-windows-64.zip           | LOCAL=71e8f4bc770e9b6477b1912af300b783dc5a643566b09db6c80f954b2e29585d REMOTE=71e8f4bc770e9b6477b1912af300b783dc5a643566b09db6c80f954b2e29585d
[1654/3625] Checking is OK   | E:\01.userData\ZhuoMian\Github_Releases_批量下载 xray\Xray-core\v1.8.6\Xray-windows-arm32-v7a.zip    | LOCAL=7c607b7309aad61790b939baf372ed1edff7e15c8740f83a4d71e5f0c639ef6f REMOTE=7c607b7309aad61790b939baf372ed1edff7e15c8740f83a4d71e5f0c639ef6f
[1655/3625] Checking is OK   | E:\01.userData\ZhuoMian\Github_Releases_批量下载 xray\Xray-core\v1.8.6\Xray-windows-arm64-v8a.zip    | LOCAL=ddc9c641422a0f8437ec46854cd2f3304aadcabd52b0b4f70a2465aab02d4261 REMOTE=ddc9c641422a0f8437ec46854cd2f3304aadcabd52b0b4f70a2465aab02d4261
[1656/3625] Checking is OK   | E:\01.userData\ZhuoMian\Github_Releases_批量下载 xray\Xray-core\v1.8.7\Xray-android-arm64-v8a.zip    | LOCAL=9cf9434b922dd99cb76b2be5b7b0d549656231cdef3f7cb1a1c68f5fa1af5efc REMOTE=9cf9434b922dd99cb76b2be5b7b0d549656231cdef3f7cb1a1c68f5fa1af5efc
[1657/3625] Checking is OK   | E:\01.userData\ZhuoMian\Github_Releases_批量下载 xray\Xray-core\v1.8.7\Xray-freebsd-32.zip           | LOCAL=96c38a5adc63d9277d21bb50637743bcf66e76adf1b4ec0cfec4379c4f7788bd REMOTE=96c38a5adc63d9277d21bb50637743bcf66e76adf1b4ec0cfec4379c4f7788bd
[1658/3625] Checking is OK   | E:\01.userData\ZhuoMian\Github_Releases_批量下载 xray\Xray-core\v1.8.7\Xray-freebsd-64.zip           | LOCAL=9199546f1b5dacc6d3fa8e4f064b1c9a3f1cc398883f99ede78ce59564b681ff REMOTE=9199546f1b5dacc6d3fa8e4f064b1c9a3f1cc398883f99ede78ce59564b681ff
[1659/3625] Checking is OK   | E:\01.userData\ZhuoMian\Github_Releases_批量下载 xray\Xray-core\v1.8.7\Xray-freebsd-arm32-v7a.zip    | LOCAL=b87d0082b9f705ee07cd976cd10df4a1de298d708e70ace0a371b00361cd8b64 REMOTE=b87d0082b9f705ee07cd976cd10df4a1de298d708e70ace0a371b00361cd8b64
[1660/3625] Checking is OK   | E:\01.userData\ZhuoMian\Github_Releases_批量下载 xray\Xray-core\v1.8.7\Xray-freebsd-arm64-v8a.zip    | LOCAL=c2d23eb851051ff4c024389a4ce776bab2a30a1fe2565b0653f0af0e98c69b7d REMOTE=c2d23eb851051ff4c024389a4ce776bab2a30a1fe2565b0653f0af0e98c69b7d
[1661/3625] Checking is OK   | E:\01.userData\ZhuoMian\Github_Releases_批量下载 xray\Xray-core\v1.8.7\Xray-linux-32.zip             | LOCAL=cf8e2870fe472746ed7480dbd1ea88e2913269ff377814eb011519e89b3727a8 REMOTE=cf8e2870fe472746ed7480dbd1ea88e2913269ff377814eb011519e89b3727a8
[1662/3625] Checking is OK   | E:\01.userData\ZhuoMian\Github_Releases_批量下载 xray\Xray-core\v1.8.7\Xray-linux-64.zip             | LOCAL=006b50ccff04283ce71d3edc625a34b107f7906c63da77a56c2d4869a6553798 REMOTE=006b50ccff04283ce71d3edc625a34b107f7906c63da77a56c2d4869a6553798
[1663/3625] Checking is OK   | E:\01.userData\ZhuoMian\Github_Releases_批量下载 xray\Xray-core\v1.8.7\Xray-linux-arm32-v5.zip       | LOCAL=2ab78da829d846936f0f26cae2c8307f5d1956dd65ce9ef6c4a2e6bb0d10e894 REMOTE=2ab78da829d846936f0f26cae2c8307f5d1956dd65ce9ef6c4a2e6bb0d10e894
[1664/3625] Checking is OK   | E:\01.userData\ZhuoMian\Github_Releases_批量下载 xray\Xray-core\v1.8.7\Xray-linux-arm32-v6.zip       | LOCAL=eaf362dbec0722d9803e6cde949858b18d12b109dceae28e774d2887888f3868 REMOTE=eaf362dbec0722d9803e6cde949858b18d12b109dceae28e774d2887888f3868
[1665/3625] Checking is OK   | E:\01.userData\ZhuoMian\Github_Releases_批量下载 xray\Xray-core\v1.8.7\Xray-linux-arm32-v7a.zip      | LOCAL=dbbdd5270ee3115f2912890d1b93173bb3dbc26a6b9bb0995ad976dd5f3505a2 REMOTE=dbbdd5270ee3115f2912890d1b93173bb3dbc26a6b9bb0995ad976dd5f3505a2
[1666/3625] Checking is OK   | E:\01.userData\ZhuoMian\Github_Releases_批量下载 xray\Xray-core\v1.8.7\Xray-linux-arm64-v8a.zip      | LOCAL=6c995e3420c1dda829cdbe32f6230b5f290fdbbcb32a67c6e471f201783467c0 REMOTE=6c995e3420c1dda829cdbe32f6230b5f290fdbbcb32a67c6e471f201783467c0
[1667/3625] Checking is OK   | E:\01.userData\ZhuoMian\Github_Releases_批量下载 xray\Xray-core\v1.8.7\Xray-linux-loong64.zip        | LOCAL=9bd6182031aaffe31cee39ae2f69d97c67d124f0471a120ce40ec2a36270ca99 REMOTE=9bd6182031aaffe31cee39ae2f69d97c67d124f0471a120ce40ec2a36270ca99
[1668/3625] Checking is OK   | E:\01.userData\ZhuoMian\Github_Releases_批量下载 xray\Xray-core\v1.8.7\Xray-linux-mips32.zip         | LOCAL=aa8f9e3079c665e7d4c4c22d746dce1aa031b884607387e5a70296360e10521b REMOTE=aa8f9e3079c665e7d4c4c22d746dce1aa031b884607387e5a70296360e10521b
[1669/3625] Checking is OK   | E:\01.userData\ZhuoMian\Github_Releases_批量下载 xray\Xray-core\v1.8.7\Xray-linux-mips32le.zip       | LOCAL=01928934468024f49433635d772407aef534c37ec963e5eabb8dd0eb31670722 REMOTE=01928934468024f49433635d772407aef534c37ec963e5eabb8dd0eb31670722
[1670/3625] Checking is OK   | E:\01.userData\ZhuoMian\Github_Releases_批量下载 xray\Xray-core\v1.8.7\Xray-linux-mips64.zip         | LOCAL=ab64ab955c3e87c6d512b4d3123b7b32f1562a5a0c30f4f0afe17135f7ee7a0e REMOTE=ab64ab955c3e87c6d512b4d3123b7b32f1562a5a0c30f4f0afe17135f7ee7a0e
[1671/3625] Checking is OK   | E:\01.userData\ZhuoMian\Github_Releases_批量下载 xray\Xray-core\v1.8.7\Xray-linux-mips64le.zip       | LOCAL=36a5f395c5380154004aee3b48fab69617ec19ffc1dd5ec685ee2105d82bb1d2 REMOTE=36a5f395c5380154004aee3b48fab69617ec19ffc1dd5ec685ee2105d82bb1d2
[1672/3625] Checking is OK   | E:\01.userData\ZhuoMian\Github_Releases_批量下载 xray\Xray-core\v1.8.7\Xray-linux-ppc64.zip          | LOCAL=bb3acc8a4dc415006bbcf4919a4b1429dc2825ab3f55d01efacc5099ce2cb64d REMOTE=bb3acc8a4dc415006bbcf4919a4b1429dc2825ab3f55d01efacc5099ce2cb64d
[1673/3625] Checking is OK   | E:\01.userData\ZhuoMian\Github_Releases_批量下载 xray\Xray-core\v1.8.7\Xray-linux-ppc64le.zip        | LOCAL=8d18dc9e6e049c34dddc0a50481489d0713b0f2b91619ad50adc8d7592aa368f REMOTE=8d18dc9e6e049c34dddc0a50481489d0713b0f2b91619ad50adc8d7592aa368f
[1674/3625] Checking is OK   | E:\01.userData\ZhuoMian\Github_Releases_批量下载 xray\Xray-core\v1.8.7\Xray-linux-riscv64.zip        | LOCAL=41ae651887bf1efedfeba36e06d2b1a6c8ca09be6aba9ff4395159442cd79558 REMOTE=41ae651887bf1efedfeba36e06d2b1a6c8ca09be6aba9ff4395159442cd79558
[1675/3625] Checking is OK   | E:\01.userData\ZhuoMian\Github_Releases_批量下载 xray\Xray-core\v1.8.7\Xray-linux-s390x.zip          | LOCAL=981fb1f0e7f298fe2cc91b7c3cf063e0dd820d7d7b654bfbb8088f08f0e53bf4 REMOTE=981fb1f0e7f298fe2cc91b7c3cf063e0dd820d7d7b654bfbb8088f08f0e53bf4
[1676/3625] Checking is OK   | E:\01.userData\ZhuoMian\Github_Releases_批量下载 xray\Xray-core\v1.8.7\Xray-macos-64.zip             | LOCAL=f4bb203eac32d203bdf7b4576bd7a29fdece38b653379ae6b6cf456dea8bb1f1 REMOTE=f4bb203eac32d203bdf7b4576bd7a29fdece38b653379ae6b6cf456dea8bb1f1
[1677/3625] Checking is OK   | E:\01.userData\ZhuoMian\Github_Releases_批量下载 xray\Xray-core\v1.8.7\Xray-macos-arm64-v8a.zip      | LOCAL=95ae44b16907c8f9f8a123d454b92caf04a4686ac950d422f3909545a79f2149 REMOTE=95ae44b16907c8f9f8a123d454b92caf04a4686ac950d422f3909545a79f2149
[1678/3625] Checking is OK   | E:\01.userData\ZhuoMian\Github_Releases_批量下载 xray\Xray-core\v1.8.7\Xray-openbsd-32.zip           | LOCAL=00f096079868bf39b446cf57b2ec988be7140b106f8e2300d311544e85dec30f REMOTE=00f096079868bf39b446cf57b2ec988be7140b106f8e2300d311544e85dec30f
[1679/3625] Checking is OK   | E:\01.userData\ZhuoMian\Github_Releases_批量下载 xray\Xray-core\v1.8.7\Xray-openbsd-64.zip           | LOCAL=a8dfbddf0949eeca6b4dafa13feff5d0025f2b26cf8b01469572b352af2b4843 REMOTE=a8dfbddf0949eeca6b4dafa13feff5d0025f2b26cf8b01469572b352af2b4843
[1680/3625] Checking is OK   | E:\01.userData\ZhuoMian\Github_Releases_批量下载 xray\Xray-core\v1.8.7\Xray-openbsd-arm32-v7a.zip    | LOCAL=753408373c9f3cb533ed0650f7a66622240c5ee9d4d6577880a24569e804a644 REMOTE=753408373c9f3cb533ed0650f7a66622240c5ee9d4d6577880a24569e804a644
[1681/3625] Checking is OK   | E:\01.userData\ZhuoMian\Github_Releases_批量下载 xray\Xray-core\v1.8.7\Xray-openbsd-arm64-v8a.zip    | LOCAL=50c6623ed086b1fd34b7e5043ae2c9c42634e796b3594d3e8d681cbf50abdd63 REMOTE=50c6623ed086b1fd34b7e5043ae2c9c42634e796b3594d3e8d681cbf50abdd63
[1682/3625] Checking is OK   | E:\01.userData\ZhuoMian\Github_Releases_批量下载 xray\Xray-core\v1.8.7\Xray-windows-32.zip           | LOCAL=5fde54eef43e60401c34dc3b9ab4f95c3f32b1b568ec93f2a4f1f8842da5808d REMOTE=5fde54eef43e60401c34dc3b9ab4f95c3f32b1b568ec93f2a4f1f8842da5808d
[1683/3625] Checking is OK   | E:\01.userData\ZhuoMian\Github_Releases_批量下载 xray\Xray-core\v1.8.7\Xray-windows-64.zip           | LOCAL=563228103831b23992335c80c5545808d087a30b28dd6dad068c3a6b79b6b22b REMOTE=563228103831b23992335c80c5545808d087a30b28dd6dad068c3a6b79b6b22b
[1684/3625] Checking is OK   | E:\01.userData\ZhuoMian\Github_Releases_批量下载 xray\Xray-core\v1.8.7\Xray-windows-arm32-v7a.zip    | LOCAL=363b9861b0e6598ca06654c76409b23614e269042cc1b102bac4fd2b623d1ec0 REMOTE=363b9861b0e6598ca06654c76409b23614e269042cc1b102bac4fd2b623d1ec0
[1685/3625] Checking is OK   | E:\01.userData\ZhuoMian\Github_Releases_批量下载 xray\Xray-core\v1.8.7\Xray-windows-arm64-v8a.zip    | LOCAL=13e6401b84c6c9af9caba4c1ab740d4b4eceee70438e4466664b8a5bc53b779c REMOTE=13e6401b84c6c9af9caba4c1ab740d4b4eceee70438e4466664b8a5bc53b779c
[1686/3625] Checking is OK   | E:\01.userData\ZhuoMian\Github_Releases_批量下载 xray\Xray-core\v1.8.8\Xray-android-arm64-v8a.zip    | LOCAL=ba5c6f56b6b09a8344d13e859ebc944cddaf519ae262157eded5c0bdfd23803a REMOTE=ba5c6f56b6b09a8344d13e859ebc944cddaf519ae262157eded5c0bdfd23803a
[1687/3625] Checking is OK   | E:\01.userData\ZhuoMian\Github_Releases_批量下载 xray\Xray-core\v1.8.8\Xray-freebsd-32.zip           | LOCAL=d0bba250dacea5a96dda7ab4d06e7999e409d040b47abefca293b6c63d182b71 REMOTE=d0bba250dacea5a96dda7ab4d06e7999e409d040b47abefca293b6c63d182b71
[1688/3625] Checking is OK   | E:\01.userData\ZhuoMian\Github_Releases_批量下载 xray\Xray-core\v1.8.8\Xray-freebsd-64.zip           | LOCAL=0dad5876953803e2710cedf15d4a8ec3608070f7ea5ab5141d4a98d3985f83ab REMOTE=0dad5876953803e2710cedf15d4a8ec3608070f7ea5ab5141d4a98d3985f83ab
[1689/3625] Checking is OK   | E:\01.userData\ZhuoMian\Github_Releases_批量下载 xray\Xray-core\v1.8.8\Xray-freebsd-arm32-v7a.zip    | LOCAL=47fdfa31fa1c3bae6b165ef2f03a12680bdf78b58f40f009c366d20c6f436d8f REMOTE=47fdfa31fa1c3bae6b165ef2f03a12680bdf78b58f40f009c366d20c6f436d8f
[1690/3625] Checking is OK   | E:\01.userData\ZhuoMian\Github_Releases_批量下载 xray\Xray-core\v1.8.8\Xray-freebsd-arm64-v8a.zip    | LOCAL=817bbe56864ee345fc2524281cd065a070f689387b1e1c7abee0af2142120fb7 REMOTE=817bbe56864ee345fc2524281cd065a070f689387b1e1c7abee0af2142120fb7
[1691/3625] Checking is OK   | E:\01.userData\ZhuoMian\Github_Releases_批量下载 xray\Xray-core\v1.8.8\Xray-linux-32.zip             | LOCAL=2d049f06d7e1be02f3d6a89f35838071e232b8de212653f4de0ad32230b9a0db REMOTE=2d049f06d7e1be02f3d6a89f35838071e232b8de212653f4de0ad32230b9a0db
[1692/3625] Checking is OK   | E:\01.userData\ZhuoMian\Github_Releases_批量下载 xray\Xray-core\v1.8.8\Xray-linux-64.zip             | LOCAL=c262dfedf1f85487b130d4f598201ab0a45b4540a25a074d30b6559e50a1a741 REMOTE=c262dfedf1f85487b130d4f598201ab0a45b4540a25a074d30b6559e50a1a741
[1693/3625] Checking is OK   | E:\01.userData\ZhuoMian\Github_Releases_批量下载 xray\Xray-core\v1.8.8\Xray-linux-arm32-v5.zip       | LOCAL=41162358dc69d1e94795a8e5a994d2910591bf4d8c12c4770afc0d0da8011d07 REMOTE=41162358dc69d1e94795a8e5a994d2910591bf4d8c12c4770afc0d0da8011d07
[1694/3625] Checking is OK   | E:\01.userData\ZhuoMian\Github_Releases_批量下载 xray\Xray-core\v1.8.8\Xray-linux-arm32-v6.zip       | LOCAL=f268ffd2b9b354d847e105dc507aecc9e00ffbc0d5fde2a9fa5b1ba6bd3f14f6 REMOTE=f268ffd2b9b354d847e105dc507aecc9e00ffbc0d5fde2a9fa5b1ba6bd3f14f6
[1695/3625] Checking is OK   | E:\01.userData\ZhuoMian\Github_Releases_批量下载 xray\Xray-core\v1.8.8\Xray-linux-arm32-v7a.zip      | LOCAL=fac8429eb1c814bf0a8004fb92ef8b312e7ef9d2dd246a5a728c427c134ca524 REMOTE=fac8429eb1c814bf0a8004fb92ef8b312e7ef9d2dd246a5a728c427c134ca524
[1696/3625] Checking is OK   | E:\01.userData\ZhuoMian\Github_Releases_批量下载 xray\Xray-core\v1.8.8\Xray-linux-arm64-v8a.zip      | LOCAL=6be5b6fc97ad0620ae07d7e134a95b16df6644dc248cb5ef85cf08d7c22d4982 REMOTE=6be5b6fc97ad0620ae07d7e134a95b16df6644dc248cb5ef85cf08d7c22d4982
[1697/3625] Checking is OK   | E:\01.userData\ZhuoMian\Github_Releases_批量下载 xray\Xray-core\v1.8.8\Xray-linux-loong64.zip        | LOCAL=9f82f3ad4f5ac8aa6657b9f145177e57c0b07a04e8d9ac4ce8d6aa9c8d420084 REMOTE=9f82f3ad4f5ac8aa6657b9f145177e57c0b07a04e8d9ac4ce8d6aa9c8d420084
[1698/3625] Checking is OK   | E:\01.userData\ZhuoMian\Github_Releases_批量下载 xray\Xray-core\v1.8.8\Xray-linux-mips32.zip         | LOCAL=2f5b94d3f2e9f92ee657954d8051ae77540c5cedf8dc419a239f3419d20df5ee REMOTE=2f5b94d3f2e9f92ee657954d8051ae77540c5cedf8dc419a239f3419d20df5ee
[1699/3625] Checking is OK   | E:\01.userData\ZhuoMian\Github_Releases_批量下载 xray\Xray-core\v1.8.8\Xray-linux-mips32le.zip       | LOCAL=18c448e91f67db5ae514c97e4f28b6e963a35f1bb73fc064901274b3d2fe0225 REMOTE=18c448e91f67db5ae514c97e4f28b6e963a35f1bb73fc064901274b3d2fe0225
[1700/3625] Checking is OK   | E:\01.userData\ZhuoMian\Github_Releases_批量下载 xray\Xray-core\v1.8.8\Xray-linux-mips64.zip         | LOCAL=654041b93ec05d97f6846b76e173a28553548e616bd672e282ff7b31d5386bb7 REMOTE=654041b93ec05d97f6846b76e173a28553548e616bd672e282ff7b31d5386bb7
[1701/3625] Checking is OK   | E:\01.userData\ZhuoMian\Github_Releases_批量下载 xray\Xray-core\v1.8.8\Xray-linux-mips64le.zip       | LOCAL=604a78ad0dacaf4aa549b246901d02cc99e9f9d3a81dd34abd05c41daa288b59 REMOTE=604a78ad0dacaf4aa549b246901d02cc99e9f9d3a81dd34abd05c41daa288b59
[1702/3625] Checking is OK   | E:\01.userData\ZhuoMian\Github_Releases_批量下载 xray\Xray-core\v1.8.8\Xray-linux-ppc64.zip          | LOCAL=8458899d8c7a5ce8ad0409ae22387ca105198bcb12f3b987c59e864d0de559eb REMOTE=8458899d8c7a5ce8ad0409ae22387ca105198bcb12f3b987c59e864d0de559eb
[1703/3625] Checking is OK   | E:\01.userData\ZhuoMian\Github_Releases_批量下载 xray\Xray-core\v1.8.8\Xray-linux-ppc64le.zip        | LOCAL=2ec86e458b27e246fcd4d200ab1699f1f17f0a249fea0b423a2a122fa1b6da00 REMOTE=2ec86e458b27e246fcd4d200ab1699f1f17f0a249fea0b423a2a122fa1b6da00
[1704/3625] Checking is OK   | E:\01.userData\ZhuoMian\Github_Releases_批量下载 xray\Xray-core\v1.8.8\Xray-linux-riscv64.zip        | LOCAL=e555f1cea32fd5f2e0bbf6290709f94a8f4b3e77d45fa21b3328e33b06af35cf REMOTE=e555f1cea32fd5f2e0bbf6290709f94a8f4b3e77d45fa21b3328e33b06af35cf
[1705/3625] Checking is OK   | E:\01.userData\ZhuoMian\Github_Releases_批量下载 xray\Xray-core\v1.8.8\Xray-linux-s390x.zip          | LOCAL=904e032bfe5e299688af4b106109067eb320c14a904abf8fd6de96206842dd6c REMOTE=904e032bfe5e299688af4b106109067eb320c14a904abf8fd6de96206842dd6c
[1706/3625] Checking is OK   | E:\01.userData\ZhuoMian\Github_Releases_批量下载 xray\Xray-core\v1.8.8\Xray-macos-64.zip             | LOCAL=c7f47b28a63300f44f513ee674f41d3d7e54616fa3e8933839c810e0b66929bf REMOTE=c7f47b28a63300f44f513ee674f41d3d7e54616fa3e8933839c810e0b66929bf
[1707/3625] Checking is OK   | E:\01.userData\ZhuoMian\Github_Releases_批量下载 xray\Xray-core\v1.8.8\Xray-macos-arm64-v8a.zip      | LOCAL=7e43142d6f0e8eb0f7b28a4e7aaf5f59a09f87facf2efc59a27fee0d22cb9ec3 REMOTE=7e43142d6f0e8eb0f7b28a4e7aaf5f59a09f87facf2efc59a27fee0d22cb9ec3
[1708/3625] Checking is OK   | E:\01.userData\ZhuoMian\Github_Releases_批量下载 xray\Xray-core\v1.8.8\Xray-openbsd-32.zip           | LOCAL=24040e3940872a2eeaf6d1d85fd6c7bae119357fcac24919e232e4fc3761281f REMOTE=24040e3940872a2eeaf6d1d85fd6c7bae119357fcac24919e232e4fc3761281f
[1709/3625] Checking is OK   | E:\01.userData\ZhuoMian\Github_Releases_批量下载 xray\Xray-core\v1.8.8\Xray-openbsd-64.zip           | LOCAL=82c6516996737f64ce786ed1b55f6a795b3bd1acb2af32db311c37ce8a409afb REMOTE=82c6516996737f64ce786ed1b55f6a795b3bd1acb2af32db311c37ce8a409afb
[1710/3625] Checking is OK   | E:\01.userData\ZhuoMian\Github_Releases_批量下载 xray\Xray-core\v1.8.8\Xray-openbsd-arm32-v7a.zip    | LOCAL=3b5f27d95afcb281ab871394bb4d132b74b394135715e782c7d6a5555db918b3 REMOTE=3b5f27d95afcb281ab871394bb4d132b74b394135715e782c7d6a5555db918b3
[1711/3625] Checking is OK   | E:\01.userData\ZhuoMian\Github_Releases_批量下载 xray\Xray-core\v1.8.8\Xray-openbsd-arm64-v8a.zip    | LOCAL=6c8f83d11b6bb68bf2c642b08b188c94115183677cb37837e503605ef6e02ce0 REMOTE=6c8f83d11b6bb68bf2c642b08b188c94115183677cb37837e503605ef6e02ce0
[1712/3625] Checking is OK   | E:\01.userData\ZhuoMian\Github_Releases_批量下载 xray\Xray-core\v1.8.8\Xray-windows-32.zip           | LOCAL=3e1002b946bccfb060a016c9cc72e235df8f2ee06dda39486001cef22c0979ef REMOTE=3e1002b946bccfb060a016c9cc72e235df8f2ee06dda39486001cef22c0979ef
[1713/3625] Checking is OK   | E:\01.userData\ZhuoMian\Github_Releases_批量下载 xray\Xray-core\v1.8.8\Xray-windows-64.zip           | LOCAL=9229bf7c90e321873502d58e4a466d519758babc12c79b4aaba0b7481a1901bb REMOTE=9229bf7c90e321873502d58e4a466d519758babc12c79b4aaba0b7481a1901bb
[1714/3625] Checking is OK   | E:\01.userData\ZhuoMian\Github_Releases_批量下载 xray\Xray-core\v1.8.8\Xray-windows-arm32-v7a.zip    | LOCAL=dec1bd3bdd94e69b6bf7aac43319bd26413f2ceac796b656495b2ba9f8ac5414 REMOTE=dec1bd3bdd94e69b6bf7aac43319bd26413f2ceac796b656495b2ba9f8ac5414
[1715/3625] Checking is OK   | E:\01.userData\ZhuoMian\Github_Releases_批量下载 xray\Xray-core\v1.8.8\Xray-windows-arm64-v8a.zip    | LOCAL=d0a5b9a2b9c34a6915356d2e25d992eda2406c53db94c344efd48ca97ff50e8a REMOTE=d0a5b9a2b9c34a6915356d2e25d992eda2406c53db94c344efd48ca97ff50e8a
[1716/3625] Checking is OK   | E:\01.userData\ZhuoMian\Github_Releases_批量下载 xray\Xray-core\v1.8.9\Xray-android-arm64-v8a.zip    | LOCAL=dd27490dcc4256a10b6359e7f071e3f8095a0b14e34756454dda2d327cd12dad REMOTE=dd27490dcc4256a10b6359e7f071e3f8095a0b14e34756454dda2d327cd12dad
[1717/3625] Checking is OK   | E:\01.userData\ZhuoMian\Github_Releases_批量下载 xray\Xray-core\v1.8.9\Xray-freebsd-32.zip           | LOCAL=dabd799079b5d560ddc9911370ca8b154270a88de4a5e1b118f2c0669b75fa4f REMOTE=dabd799079b5d560ddc9911370ca8b154270a88de4a5e1b118f2c0669b75fa4f
[1718/3625] Checking is OK   | E:\01.userData\ZhuoMian\Github_Releases_批量下载 xray\Xray-core\v1.8.9\Xray-freebsd-64.zip           | LOCAL=1df3e2923c6b40af93f5a86d001eccd353cb3fff61bf0cdaa371af4441c48f8f REMOTE=1df3e2923c6b40af93f5a86d001eccd353cb3fff61bf0cdaa371af4441c48f8f
[1719/3625] Checking is OK   | E:\01.userData\ZhuoMian\Github_Releases_批量下载 xray\Xray-core\v1.8.9\Xray-freebsd-arm32-v7a.zip    | LOCAL=cc80e474f11f939ab2e345b822a2f96a8b007c1c10e56271bfaba37756530c5b REMOTE=cc80e474f11f939ab2e345b822a2f96a8b007c1c10e56271bfaba37756530c5b
[1720/3625] Checking is OK   | E:\01.userData\ZhuoMian\Github_Releases_批量下载 xray\Xray-core\v1.8.9\Xray-freebsd-arm64-v8a.zip    | LOCAL=be7142f613bbc1c504fdbd051f992027774a16a93528416b0db4bdac20cad413 REMOTE=be7142f613bbc1c504fdbd051f992027774a16a93528416b0db4bdac20cad413
[1721/3625] Checking is OK   | E:\01.userData\ZhuoMian\Github_Releases_批量下载 xray\Xray-core\v1.8.9\Xray-linux-32.zip             | LOCAL=692ce554fe100d904dc1976e7a99cc0fdc7be74f3e9c919f11a427a8ba93b716 REMOTE=692ce554fe100d904dc1976e7a99cc0fdc7be74f3e9c919f11a427a8ba93b716
[1722/3625] Checking is OK   | E:\01.userData\ZhuoMian\Github_Releases_批量下载 xray\Xray-core\v1.8.9\Xray-linux-64.zip             | LOCAL=84cf993a859d459ebf1e684fa8f4a7d9cd235a439819661c69af8f447a49e5bd REMOTE=84cf993a859d459ebf1e684fa8f4a7d9cd235a439819661c69af8f447a49e5bd
[1723/3625] Checking is OK   | E:\01.userData\ZhuoMian\Github_Releases_批量下载 xray\Xray-core\v1.8.9\Xray-linux-arm32-v5.zip       | LOCAL=76e0730a71b7f510d978d5700d87d318017fb19efa7981ac44ba591ec53bdb28 REMOTE=76e0730a71b7f510d978d5700d87d318017fb19efa7981ac44ba591ec53bdb28
[1724/3625] Checking is OK   | E:\01.userData\ZhuoMian\Github_Releases_批量下载 xray\Xray-core\v1.8.9\Xray-linux-arm32-v6.zip       | LOCAL=3b325e68f726c49b82285fd9d764d1fd73b49fdcab38f9ad3a8a4b9efb69763b REMOTE=3b325e68f726c49b82285fd9d764d1fd73b49fdcab38f9ad3a8a4b9efb69763b
[1725/3625] Checking is OK   | E:\01.userData\ZhuoMian\Github_Releases_批量下载 xray\Xray-core\v1.8.9\Xray-linux-arm32-v7a.zip      | LOCAL=af659af3cdeec84314e437176e55762ed85e7b87ebcd28de2d2a722c1f870ef7 REMOTE=af659af3cdeec84314e437176e55762ed85e7b87ebcd28de2d2a722c1f870ef7
[1726/3625] Checking is OK   | E:\01.userData\ZhuoMian\Github_Releases_批量下载 xray\Xray-core\v1.8.9\Xray-linux-arm64-v8a.zip      | LOCAL=36cf68d48105d542aeb4f44e68c82a5deb896bb1339ff2fd7a373c024af5384f REMOTE=36cf68d48105d542aeb4f44e68c82a5deb896bb1339ff2fd7a373c024af5384f
[1727/3625] Checking is OK   | E:\01.userData\ZhuoMian\Github_Releases_批量下载 xray\Xray-core\v1.8.9\Xray-linux-loong64.zip        | LOCAL=8e1425d9246f9fdd261c00d522e671e6b043700685f5b2a65f0bac9bd996c276 REMOTE=8e1425d9246f9fdd261c00d522e671e6b043700685f5b2a65f0bac9bd996c276
[1728/3625] Checking is OK   | E:\01.userData\ZhuoMian\Github_Releases_批量下载 xray\Xray-core\v1.8.9\Xray-linux-mips32.zip         | LOCAL=a46bea8f773bd075d52b8b149a1421772dbf444bbbd5c6d3cd79b0f6a65f29d8 REMOTE=a46bea8f773bd075d52b8b149a1421772dbf444bbbd5c6d3cd79b0f6a65f29d8
[1729/3625] Checking is OK   | E:\01.userData\ZhuoMian\Github_Releases_批量下载 xray\Xray-core\v1.8.9\Xray-linux-mips32le.zip       | LOCAL=73891f7b92892f6ac70548397ae37c1875e6c56301573f2ffef7c97bc86739f5 REMOTE=73891f7b92892f6ac70548397ae37c1875e6c56301573f2ffef7c97bc86739f5
[1730/3625] Checking is OK   | E:\01.userData\ZhuoMian\Github_Releases_批量下载 xray\Xray-core\v1.8.9\Xray-linux-mips64.zip         | LOCAL=87192951a0904f7c660a7ba35443d4d8f96bbc485d0b74cb28826634f04047b8 REMOTE=87192951a0904f7c660a7ba35443d4d8f96bbc485d0b74cb28826634f04047b8
[1731/3625] Checking is OK   | E:\01.userData\ZhuoMian\Github_Releases_批量下载 xray\Xray-core\v1.8.9\Xray-linux-mips64le.zip       | LOCAL=b92317598b7ce8f32c4b9875f7d6e41c28884275c0ccfa2ab40a8c8d4da2425f REMOTE=b92317598b7ce8f32c4b9875f7d6e41c28884275c0ccfa2ab40a8c8d4da2425f
[1732/3625] Checking is OK   | E:\01.userData\ZhuoMian\Github_Releases_批量下载 xray\Xray-core\v1.8.9\Xray-linux-ppc64.zip          | LOCAL=db5975a8042274aec14c41051e4dca8abfad0f3b1e91ab91b9114839c2674596 REMOTE=db5975a8042274aec14c41051e4dca8abfad0f3b1e91ab91b9114839c2674596
[1733/3625] Checking is OK   | E:\01.userData\ZhuoMian\Github_Releases_批量下载 xray\Xray-core\v1.8.9\Xray-linux-ppc64le.zip        | LOCAL=14dcb259d9ffd28f0feafde99c52377a53d29564eef42065ade2f449e6bbda93 REMOTE=14dcb259d9ffd28f0feafde99c52377a53d29564eef42065ade2f449e6bbda93
[1734/3625] Checking is OK   | E:\01.userData\ZhuoMian\Github_Releases_批量下载 xray\Xray-core\v1.8.9\Xray-linux-riscv64.zip        | LOCAL=e450081b4e605e47d40f04ccfd821241c32c1a7e41f445df8ea1a3620b90d16c REMOTE=e450081b4e605e47d40f04ccfd821241c32c1a7e41f445df8ea1a3620b90d16c
[1735/3625] Checking is OK   | E:\01.userData\ZhuoMian\Github_Releases_批量下载 xray\Xray-core\v1.8.9\Xray-linux-s390x.zip          | LOCAL=b25cd05dffad448bd7948f44c41fd69c52414b466a45a72a3e347f1b5ca9bc7b REMOTE=b25cd05dffad448bd7948f44c41fd69c52414b466a45a72a3e347f1b5ca9bc7b
[1736/3625] Checking is OK   | E:\01.userData\ZhuoMian\Github_Releases_批量下载 xray\Xray-core\v1.8.9\Xray-macos-64.zip             | LOCAL=376c2a1f2d1e8bd78aa65f96b4f5e0a35525b4045b084126d9226a7de8650bcb REMOTE=376c2a1f2d1e8bd78aa65f96b4f5e0a35525b4045b084126d9226a7de8650bcb
[1737/3625] Checking is OK   | E:\01.userData\ZhuoMian\Github_Releases_批量下载 xray\Xray-core\v1.8.9\Xray-macos-arm64-v8a.zip      | LOCAL=6bca32f1d2d71ad650cf2d80c66d99f61ac6b7ad775a269cfdc5dc911f55af47 REMOTE=6bca32f1d2d71ad650cf2d80c66d99f61ac6b7ad775a269cfdc5dc911f55af47
[1738/3625] Checking is OK   | E:\01.userData\ZhuoMian\Github_Releases_批量下载 xray\Xray-core\v1.8.9\Xray-openbsd-32.zip           | LOCAL=2cfb945eb335f0251c9a48011276e24791a19dda8b93dcb35ee496ff74d1b880 REMOTE=2cfb945eb335f0251c9a48011276e24791a19dda8b93dcb35ee496ff74d1b880
[1739/3625] Checking is OK   | E:\01.userData\ZhuoMian\Github_Releases_批量下载 xray\Xray-core\v1.8.9\Xray-openbsd-64.zip           | LOCAL=fd57f71832c2e5c27749c5dc349b7c03ec38bba5cfa506ea02ffe4f94190558b REMOTE=fd57f71832c2e5c27749c5dc349b7c03ec38bba5cfa506ea02ffe4f94190558b
[1740/3625] Checking is OK   | E:\01.userData\ZhuoMian\Github_Releases_批量下载 xray\Xray-core\v1.8.9\Xray-openbsd-arm32-v7a.zip    | LOCAL=e1abda87852f4636dbcad9f6d39495684a0b4f1da69435a755d51645f61c04b6 REMOTE=e1abda87852f4636dbcad9f6d39495684a0b4f1da69435a755d51645f61c04b6
[1741/3625] Checking is OK   | E:\01.userData\ZhuoMian\Github_Releases_批量下载 xray\Xray-core\v1.8.9\Xray-openbsd-arm64-v8a.zip    | LOCAL=5997f4c9d7dce093d2fa395a260bf78d9131c45b48d02c725c911cf07398eba4 REMOTE=5997f4c9d7dce093d2fa395a260bf78d9131c45b48d02c725c911cf07398eba4
[1742/3625] Checking is OK   | E:\01.userData\ZhuoMian\Github_Releases_批量下载 xray\Xray-core\v1.8.9\Xray-windows-32.zip           | LOCAL=6d188ad0a19553d78f49eeea727394e4465bf8479fb0745250016b33786e39d9 REMOTE=6d188ad0a19553d78f49eeea727394e4465bf8479fb0745250016b33786e39d9
[1743/3625] Checking is OK   | E:\01.userData\ZhuoMian\Github_Releases_批量下载 xray\Xray-core\v1.8.9\Xray-windows-64.zip           | LOCAL=314d05bc616afa5af8a4576bfc0bc961823f8ef4c05928490ce9ee9f3825c4ea REMOTE=314d05bc616afa5af8a4576bfc0bc961823f8ef4c05928490ce9ee9f3825c4ea
[1744/3625] Checking is OK   | E:\01.userData\ZhuoMian\Github_Releases_批量下载 xray\Xray-core\v1.8.9\Xray-windows-arm32-v7a.zip    | LOCAL=471b25fec9236200dbacdcf23f059f1174133cd5f4a98d938dea260c0bf58aa4 REMOTE=471b25fec9236200dbacdcf23f059f1174133cd5f4a98d938dea260c0bf58aa4
[1745/3625] Checking is OK   | E:\01.userData\ZhuoMian\Github_Releases_批量下载 xray\Xray-core\v1.8.9\Xray-windows-arm64-v8a.zip    | LOCAL=7ccd953264dc16947cc429d1ed8bcc83e6e37b86f13001fd7bd39437d5fcce00 REMOTE=7ccd953264dc16947cc429d1ed8bcc83e6e37b86f13001fd7bd39437d5fcce00
[1746/3625] Checking is OK   | E:\01.userData\ZhuoMian\Github_Releases_批量下载 xray\Xray-core\v24.10.16\Xray-android-arm64-v8a.zip | LOCAL=f8f4821ec7274edad9b70251a1041951c7e41625fbe7eefc250b4be7dd85fdc8 REMOTE=f8f4821ec7274edad9b70251a1041951c7e41625fbe7eefc250b4be7dd85fdc8
[1747/3625] Checking is OK   | E:\01.userData\ZhuoMian\Github_Releases_批量下载 xray\Xray-core\v24.10.16\Xray-freebsd-32.zip        | LOCAL=0dcae703f24f618e7591c329008d4ee8e44ffa4f15ba8607a47ae2cc4a257e6a REMOTE=0dcae703f24f618e7591c329008d4ee8e44ffa4f15ba8607a47ae2cc4a257e6a
[1748/3625] Checking is OK   | E:\01.userData\ZhuoMian\Github_Releases_批量下载 xray\Xray-core\v24.10.16\Xray-freebsd-64.zip        | LOCAL=71328a5eebe4368eea206c54bded2b0bf68d6ebe5b1f609aa4baddfc14c30255 REMOTE=71328a5eebe4368eea206c54bded2b0bf68d6ebe5b1f609aa4baddfc14c30255
[1749/3625] Checking is OK   | E:\01.userData\ZhuoMian\Github_Releases_批量下载 xray\Xray-core\v24.10.16\Xray-freebsd-arm32-v7a.zip | LOCAL=0dd1a402586b5af17fe6e8dad7cc54925a5af450e96d0790b5adbdaf84a9da67 REMOTE=0dd1a402586b5af17fe6e8dad7cc54925a5af450e96d0790b5adbdaf84a9da67
[1750/3625] Checking is OK   | E:\01.userData\ZhuoMian\Github_Releases_批量下载 xray\Xray-core\v24.10.16\Xray-freebsd-arm64-v8a.zip | LOCAL=20d897d67544f8c59826cea6cfa2c97351201e8ba9e5af139ea2e0b33716d054 REMOTE=20d897d67544f8c59826cea6cfa2c97351201e8ba9e5af139ea2e0b33716d054
[1751/3625] Checking is OK   | E:\01.userData\ZhuoMian\Github_Releases_批量下载 xray\Xray-core\v24.10.16\Xray-linux-32.zip          | LOCAL=985311bcc203cbce3d7cc38b70895d0f36c6de6c78e9bdf4b161d322b452bf6b REMOTE=985311bcc203cbce3d7cc38b70895d0f36c6de6c78e9bdf4b161d322b452bf6b
[1752/3625] Checking is OK   | E:\01.userData\ZhuoMian\Github_Releases_批量下载 xray\Xray-core\v24.10.16\Xray-linux-64.zip          | LOCAL=f7c2bceddd69fefd99fcf56a17e64096f96dd616990b297784c618d83f33b7ca REMOTE=f7c2bceddd69fefd99fcf56a17e64096f96dd616990b297784c618d83f33b7ca
[1753/3625] Checking is OK   | E:\01.userData\ZhuoMian\Github_Releases_批量下载 xray\Xray-core\v24.10.16\Xray-linux-arm32-v5.zip    | LOCAL=7fae092d9518515e6b8b7d2bc73e93596b0d64f30bbe7a107525066cd4827c86 REMOTE=7fae092d9518515e6b8b7d2bc73e93596b0d64f30bbe7a107525066cd4827c86
[1754/3625] Checking is OK   | E:\01.userData\ZhuoMian\Github_Releases_批量下载 xray\Xray-core\v24.10.16\Xray-linux-arm32-v6.zip    | LOCAL=0a01445467bcd6295a040cd5471b40182cc64e921421d9b477eaecbd94660e01 REMOTE=0a01445467bcd6295a040cd5471b40182cc64e921421d9b477eaecbd94660e01
[1755/3625] Checking is OK   | E:\01.userData\ZhuoMian\Github_Releases_批量下载 xray\Xray-core\v24.10.16\Xray-linux-arm32-v7a.zip   | LOCAL=2c91046e2f436e5419db08a9fea7f30b418b674f795482f03e5830fa86f5fdc2 REMOTE=2c91046e2f436e5419db08a9fea7f30b418b674f795482f03e5830fa86f5fdc2
[1756/3625] Checking is OK   | E:\01.userData\ZhuoMian\Github_Releases_批量下载 xray\Xray-core\v24.10.16\Xray-linux-arm64-v8a.zip   | LOCAL=7f83c95d71c3584cdb7f32812748b421e07945a28baa40f663c106afa19800a7 REMOTE=7f83c95d71c3584cdb7f32812748b421e07945a28baa40f663c106afa19800a7
[1757/3625] Checking is OK   | E:\01.userData\ZhuoMian\Github_Releases_批量下载 xray\Xray-core\v24.10.16\Xray-linux-loong64.zip     | LOCAL=5eeb2dabc3bb09e0813be6f79aa202e364ce7112b7e2d01c1b8b7df650928e17 REMOTE=5eeb2dabc3bb09e0813be6f79aa202e364ce7112b7e2d01c1b8b7df650928e17
[1758/3625] Checking is OK   | E:\01.userData\ZhuoMian\Github_Releases_批量下载 xray\Xray-core\v24.10.16\Xray-linux-mips32.zip      | LOCAL=cd0451bb3cd4707694957c1dd06ec0a080cdb5a7052cac5016b19227c11e2d40 REMOTE=cd0451bb3cd4707694957c1dd06ec0a080cdb5a7052cac5016b19227c11e2d40
[1759/3625] Checking is OK   | E:\01.userData\ZhuoMian\Github_Releases_批量下载 xray\Xray-core\v24.10.16\Xray-linux-mips32le.zip    | LOCAL=05b2fc2251ccdfd30133281efd18bbb1cee76138f2b07155eedae01b1f15a30a REMOTE=05b2fc2251ccdfd30133281efd18bbb1cee76138f2b07155eedae01b1f15a30a
[1760/3625] Checking is OK   | E:\01.userData\ZhuoMian\Github_Releases_批量下载 xray\Xray-core\v24.10.16\Xray-linux-mips64.zip      | LOCAL=06d45476889649d8ea1e1c78d4f2e20840656a415c22f5442b3fffb5267fb532 REMOTE=06d45476889649d8ea1e1c78d4f2e20840656a415c22f5442b3fffb5267fb532
[1761/3625] Checking is OK   | E:\01.userData\ZhuoMian\Github_Releases_批量下载 xray\Xray-core\v24.10.16\Xray-linux-mips64le.zip    | LOCAL=f74ad075b0a5f8daad25f4a2e659c08ed9c549fa747999efb7754113f15215a1 REMOTE=f74ad075b0a5f8daad25f4a2e659c08ed9c549fa747999efb7754113f15215a1
[1762/3625] Checking is OK   | E:\01.userData\ZhuoMian\Github_Releases_批量下载 xray\Xray-core\v24.10.16\Xray-linux-ppc64.zip       | LOCAL=080c80aa1f37021f8b7fd27d0bbcab639ec6c538259dfa7c464297b4f4db0b2f REMOTE=080c80aa1f37021f8b7fd27d0bbcab639ec6c538259dfa7c464297b4f4db0b2f
[1763/3625] Checking is OK   | E:\01.userData\ZhuoMian\Github_Releases_批量下载 xray\Xray-core\v24.10.16\Xray-linux-ppc64le.zip     | LOCAL=6d226284e81277504bc9ea2d5e2a954d05799c118e9c8440572d97fec4d6b46c REMOTE=6d226284e81277504bc9ea2d5e2a954d05799c118e9c8440572d97fec4d6b46c
[1764/3625] Checking is OK   | E:\01.userData\ZhuoMian\Github_Releases_批量下载 xray\Xray-core\v24.10.16\Xray-linux-riscv64.zip     | LOCAL=7fd120391ad0d7debe1bd7bec8091099ae3995649cd2f8c90491b0fbd2cda006 REMOTE=7fd120391ad0d7debe1bd7bec8091099ae3995649cd2f8c90491b0fbd2cda006
[1765/3625] Checking is OK   | E:\01.userData\ZhuoMian\Github_Releases_批量下载 xray\Xray-core\v24.10.16\Xray-linux-s390x.zip       | LOCAL=3976a4621467de1d4d8f0ebf2d1b324549f42b2715cfbda3a1329b72c3232c4a REMOTE=3976a4621467de1d4d8f0ebf2d1b324549f42b2715cfbda3a1329b72c3232c4a
[1766/3625] Checking is OK   | E:\01.userData\ZhuoMian\Github_Releases_批量下载 xray\Xray-core\v24.10.16\Xray-macos-64.zip          | LOCAL=1df2d1fd50c386d51ba36825dd19fc976c74f76d392d0da4b247f8018216be39 REMOTE=1df2d1fd50c386d51ba36825dd19fc976c74f76d392d0da4b247f8018216be39
[1767/3625] Checking is OK   | E:\01.userData\ZhuoMian\Github_Releases_批量下载 xray\Xray-core\v24.10.16\Xray-macos-arm64-v8a.zip   | LOCAL=25c0f5a7a907edae6fe287387a55f9d7c5ce42cf0739b8c6bdf086b9770d9341 REMOTE=25c0f5a7a907edae6fe287387a55f9d7c5ce42cf0739b8c6bdf086b9770d9341
[1768/3625] Checking is OK   | E:\01.userData\ZhuoMian\Github_Releases_批量下载 xray\Xray-core\v24.10.16\Xray-openbsd-32.zip        | LOCAL=6857a5cbe6c1643fa56224e0f2da19171fe1f91385215dc80d219eecf041bdd1 REMOTE=6857a5cbe6c1643fa56224e0f2da19171fe1f91385215dc80d219eecf041bdd1
[1769/3625] Checking is OK   | E:\01.userData\ZhuoMian\Github_Releases_批量下载 xray\Xray-core\v24.10.16\Xray-openbsd-64.zip        | LOCAL=6f3a9a3a2133bc20cb5c98370ff0f10c9d9ece5e767c35867050e8b0cbbf2b6a REMOTE=6f3a9a3a2133bc20cb5c98370ff0f10c9d9ece5e767c35867050e8b0cbbf2b6a
[1770/3625] Checking is OK   | E:\01.userData\ZhuoMian\Github_Releases_批量下载 xray\Xray-core\v24.10.16\Xray-openbsd-arm32-v7a.zip | LOCAL=300fb9068ebfa7efc9cb1903ebbab5a211a0fdf808338c73d0a661f09a4ec161 REMOTE=300fb9068ebfa7efc9cb1903ebbab5a211a0fdf808338c73d0a661f09a4ec161
[1771/3625] Checking is OK   | E:\01.userData\ZhuoMian\Github_Releases_批量下载 xray\Xray-core\v24.10.16\Xray-openbsd-arm64-v8a.zip | LOCAL=5cee7b402311fa05e60d915cba8aae01beb65019c93f2ea14c6c06b2f4ce3ab8 REMOTE=5cee7b402311fa05e60d915cba8aae01beb65019c93f2ea14c6c06b2f4ce3ab8
[1772/3625] Checking is OK   | E:\01.userData\ZhuoMian\Github_Releases_批量下载 xray\Xray-core\v24.10.16\Xray-win7-32.zip           | LOCAL=9fd04c23a00a553e0cf29bef29f6ceb32840742972af10ed5063b8be0295fd4a REMOTE=9fd04c23a00a553e0cf29bef29f6ceb32840742972af10ed5063b8be0295fd4a
[1773/3625] Checking is OK   | E:\01.userData\ZhuoMian\Github_Releases_批量下载 xray\Xray-core\v24.10.16\Xray-win7-64.zip           | LOCAL=bb6ea4ea2676ea8fc428d46593b589b234d3261e01397e0b3cdf97a67fc29d77 REMOTE=bb6ea4ea2676ea8fc428d46593b589b234d3261e01397e0b3cdf97a67fc29d77
[1774/3625] Checking is OK   | E:\01.userData\ZhuoMian\Github_Releases_批量下载 xray\Xray-core\v24.10.16\Xray-windows-32.zip        | LOCAL=f8e1ee17437e48c06cfef8ead700bc7d1c1df893011cf81ea58eadd6f8202002 REMOTE=f8e1ee17437e48c06cfef8ead700bc7d1c1df893011cf81ea58eadd6f8202002
[1775/3625] Checking is OK   | E:\01.userData\ZhuoMian\Github_Releases_批量下载 xray\Xray-core\v24.10.16\Xray-windows-64.zip        | LOCAL=ee8bc258e8e07264f3ad7af6021d483cc2f75bf6bf2a0eb2f5cf2364fe95d19b REMOTE=ee8bc258e8e07264f3ad7af6021d483cc2f75bf6bf2a0eb2f5cf2364fe95d19b
[1776/3625] Checking is OK   | E:\01.userData\ZhuoMian\Github_Releases_批量下载 xray\Xray-core\v24.10.16\Xray-windows-arm32-v7a.zip | LOCAL=cc45b99bc989ab316e5e9afaa433bc9dd56d077627a396a0a992d0a2ec9d100e REMOTE=cc45b99bc989ab316e5e9afaa433bc9dd56d077627a396a0a992d0a2ec9d100e
[1777/3625] Checking is OK   | E:\01.userData\ZhuoMian\Github_Releases_批量下载 xray\Xray-core\v24.10.16\Xray-windows-arm64-v8a.zip | LOCAL=24c2fc3102edee4031caa9f69c350914243701dec3521d0cbf9d1f1edd96bafb REMOTE=24c2fc3102edee4031caa9f69c350914243701dec3521d0cbf9d1f1edd96bafb
[1778/3625] Checking is OK   | E:\01.userData\ZhuoMian\Github_Releases_批量下载 xray\Xray-core\v24.10.31\Xray-android-arm64-v8a.zip | LOCAL=b8b75474a220172f3df450ca61e7f5b79978b8829c7503aae9d62142e6f38f05 REMOTE=b8b75474a220172f3df450ca61e7f5b79978b8829c7503aae9d62142e6f38f05
[1779/3625] Checking is OK   | E:\01.userData\ZhuoMian\Github_Releases_批量下载 xray\Xray-core\v24.10.31\Xray-freebsd-32.zip        | LOCAL=8ed4f5622aff9ab2e0e4b0090fe08a9b729d3423a848e92491bc5f331be44e86 REMOTE=8ed4f5622aff9ab2e0e4b0090fe08a9b729d3423a848e92491bc5f331be44e86
[1780/3625] Checking is OK   | E:\01.userData\ZhuoMian\Github_Releases_批量下载 xray\Xray-core\v24.10.31\Xray-freebsd-64.zip        | LOCAL=5ef98428e6523f8c9488d548b9d7fcadce43908d988934994f4a61d8f3a01b07 REMOTE=5ef98428e6523f8c9488d548b9d7fcadce43908d988934994f4a61d8f3a01b07
[1781/3625] Checking is OK   | E:\01.userData\ZhuoMian\Github_Releases_批量下载 xray\Xray-core\v24.10.31\Xray-freebsd-arm32-v7a.zip | LOCAL=f927befe2205810b0de40274cdb2b36c60c64aeded6d68f05f6f50fd8d4a4b8e REMOTE=f927befe2205810b0de40274cdb2b36c60c64aeded6d68f05f6f50fd8d4a4b8e
[1782/3625] Checking is OK   | E:\01.userData\ZhuoMian\Github_Releases_批量下载 xray\Xray-core\v24.10.31\Xray-freebsd-arm64-v8a.zip | LOCAL=6f40f5a073c62abd56c1423e85c58487ed38a892c114e336a337ada1bab1f93b REMOTE=6f40f5a073c62abd56c1423e85c58487ed38a892c114e336a337ada1bab1f93b
[1783/3625] Checking is OK   | E:\01.userData\ZhuoMian\Github_Releases_批量下载 xray\Xray-core\v24.10.31\Xray-linux-32.zip          | LOCAL=3d06f39174f81ffbbb2c1ea7fa1555f84283cd9b5e0b4e6f708c7bd254c5bb98 REMOTE=3d06f39174f81ffbbb2c1ea7fa1555f84283cd9b5e0b4e6f708c7bd254c5bb98
[1784/3625] Checking is OK   | E:\01.userData\ZhuoMian\Github_Releases_批量下载 xray\Xray-core\v24.10.31\Xray-linux-64.zip          | LOCAL=3d3ccdbfc4c6a63eb4a5267456acb6df45f2b055aae4d751d376b378a79e7b6a REMOTE=3d3ccdbfc4c6a63eb4a5267456acb6df45f2b055aae4d751d376b378a79e7b6a
[1785/3625] Checking is OK   | E:\01.userData\ZhuoMian\Github_Releases_批量下载 xray\Xray-core\v24.10.31\Xray-linux-arm32-v5.zip    | LOCAL=51682fa0920a898ad1ee5987960860cf8dde274500b64c1aadb2d530b98911ae REMOTE=51682fa0920a898ad1ee5987960860cf8dde274500b64c1aadb2d530b98911ae
[1786/3625] Checking is OK   | E:\01.userData\ZhuoMian\Github_Releases_批量下载 xray\Xray-core\v24.10.31\Xray-linux-arm32-v6.zip    | LOCAL=181e976bb2d82b0beba2e98aaa7edf286bbbce810ae0cbe0a17cfad0d879b758 REMOTE=181e976bb2d82b0beba2e98aaa7edf286bbbce810ae0cbe0a17cfad0d879b758
[1787/3625] Checking is OK   | E:\01.userData\ZhuoMian\Github_Releases_批量下载 xray\Xray-core\v24.10.31\Xray-linux-arm32-v7a.zip   | LOCAL=2b39fa03d99ef3a18c41ba4df3a45ef889ee1f0831e93278fbd0f7be4f264a85 REMOTE=2b39fa03d99ef3a18c41ba4df3a45ef889ee1f0831e93278fbd0f7be4f264a85
[1788/3625] Checking is OK   | E:\01.userData\ZhuoMian\Github_Releases_批量下载 xray\Xray-core\v24.10.31\Xray-linux-arm64-v8a.zip   | LOCAL=4f1dae3bf549312fe43d7410ac50afe58a85d0efa36040b6f63ebc4f492138b6 REMOTE=4f1dae3bf549312fe43d7410ac50afe58a85d0efa36040b6f63ebc4f492138b6
[1789/3625] Checking is OK   | E:\01.userData\ZhuoMian\Github_Releases_批量下载 xray\Xray-core\v24.10.31\Xray-linux-loong64.zip     | LOCAL=b7b4b6c30df59eb2d24584030a0f0bf4bf74061a6ca0a3e9967eedf6c0944ffd REMOTE=b7b4b6c30df59eb2d24584030a0f0bf4bf74061a6ca0a3e9967eedf6c0944ffd
[1790/3625] Checking is OK   | E:\01.userData\ZhuoMian\Github_Releases_批量下载 xray\Xray-core\v24.10.31\Xray-linux-mips32.zip      | LOCAL=0fd44cbd447b4ae851f47fcc3a9cf2ecb31b5280f91f56572af0cb29e5ce29b8 REMOTE=0fd44cbd447b4ae851f47fcc3a9cf2ecb31b5280f91f56572af0cb29e5ce29b8
[1791/3625] Checking is OK   | E:\01.userData\ZhuoMian\Github_Releases_批量下载 xray\Xray-core\v24.10.31\Xray-linux-mips32le.zip    | LOCAL=a40c113c56b83ed9142a1e4e762bc4460f163256f6627148a253008f942720c2 REMOTE=a40c113c56b83ed9142a1e4e762bc4460f163256f6627148a253008f942720c2
[1792/3625] Checking is OK   | E:\01.userData\ZhuoMian\Github_Releases_批量下载 xray\Xray-core\v24.10.31\Xray-linux-mips64.zip      | LOCAL=eeb6dcc4ce00490600cf07c9f31ae54199a77b28b3bf6bc6177041ca7a9ee127 REMOTE=eeb6dcc4ce00490600cf07c9f31ae54199a77b28b3bf6bc6177041ca7a9ee127
[1793/3625] Checking is OK   | E:\01.userData\ZhuoMian\Github_Releases_批量下载 xray\Xray-core\v24.10.31\Xray-linux-mips64le.zip    | LOCAL=715442fd2d41cf06f8c5f96253e4a08d69d5accc49888ac6f3cdee559c737944 REMOTE=715442fd2d41cf06f8c5f96253e4a08d69d5accc49888ac6f3cdee559c737944
[1794/3625] Checking is OK   | E:\01.userData\ZhuoMian\Github_Releases_批量下载 xray\Xray-core\v24.10.31\Xray-linux-ppc64.zip       | LOCAL=179051881ffbdd5bdb8ba4e6b9c9e133bc8330b6d410366d11da7d2ed386f904 REMOTE=179051881ffbdd5bdb8ba4e6b9c9e133bc8330b6d410366d11da7d2ed386f904
[1795/3625] Checking is OK   | E:\01.userData\ZhuoMian\Github_Releases_批量下载 xray\Xray-core\v24.10.31\Xray-linux-ppc64le.zip     | LOCAL=e03bd95d99c3a6901faeca26d66d596983895eb96035425391d7ba8e851e4f11 REMOTE=e03bd95d99c3a6901faeca26d66d596983895eb96035425391d7ba8e851e4f11
[1796/3625] Checking is OK   | E:\01.userData\ZhuoMian\Github_Releases_批量下载 xray\Xray-core\v24.10.31\Xray-linux-riscv64.zip     | LOCAL=d76d145bc24477208f805675ed442cab903c0bb67ce20ecb824f2b3f7d0f0c1d REMOTE=d76d145bc24477208f805675ed442cab903c0bb67ce20ecb824f2b3f7d0f0c1d
[1797/3625] Checking is OK   | E:\01.userData\ZhuoMian\Github_Releases_批量下载 xray\Xray-core\v24.10.31\Xray-linux-s390x.zip       | LOCAL=378430b28766873fd338478866d583cc9963ccd6de5a84bff3709dc09daacca8 REMOTE=378430b28766873fd338478866d583cc9963ccd6de5a84bff3709dc09daacca8
[1798/3625] Checking is OK   | E:\01.userData\ZhuoMian\Github_Releases_批量下载 xray\Xray-core\v24.10.31\Xray-macos-64.zip          | LOCAL=c828e0a3205703b2aed83da1f5007984f6cb39bf4764ca1ee9747e11db0f412e REMOTE=c828e0a3205703b2aed83da1f5007984f6cb39bf4764ca1ee9747e11db0f412e
[1799/3625] Checking is OK   | E:\01.userData\ZhuoMian\Github_Releases_批量下载 xray\Xray-core\v24.10.31\Xray-macos-arm64-v8a.zip   | LOCAL=6ef5b3676abba4c85159faf649bd9540fc3ffd8734c8de38880727b49182d967 REMOTE=6ef5b3676abba4c85159faf649bd9540fc3ffd8734c8de38880727b49182d967
[1800/3625] Checking is OK   | E:\01.userData\ZhuoMian\Github_Releases_批量下载 xray\Xray-core\v24.10.31\Xray-openbsd-32.zip        | LOCAL=cdc64f4196bd595f1e0f05f3d7822645b165afee844a14e4363f9e479f8a0474 REMOTE=cdc64f4196bd595f1e0f05f3d7822645b165afee844a14e4363f9e479f8a0474
[1801/3625] Checking is OK   | E:\01.userData\ZhuoMian\Github_Releases_批量下载 xray\Xray-core\v24.10.31\Xray-openbsd-64.zip        | LOCAL=05d2b9e82bd68159243d1d10c6edcd2cc75745352d678b70dc17f8c591c32636 REMOTE=05d2b9e82bd68159243d1d10c6edcd2cc75745352d678b70dc17f8c591c32636
[1802/3625] Checking is OK   | E:\01.userData\ZhuoMian\Github_Releases_批量下载 xray\Xray-core\v24.10.31\Xray-openbsd-arm32-v7a.zip | LOCAL=efcce62ccc5e3b5422ed638e7b70d1073deecc51e73aa5c09b48858b2ff00be7 REMOTE=efcce62ccc5e3b5422ed638e7b70d1073deecc51e73aa5c09b48858b2ff00be7
[1803/3625] Checking is OK   | E:\01.userData\ZhuoMian\Github_Releases_批量下载 xray\Xray-core\v24.10.31\Xray-openbsd-arm64-v8a.zip | LOCAL=ad4a9a007fe2db5e4831503815afda1827e613253f0f254cc395e3b262a20ef9 REMOTE=ad4a9a007fe2db5e4831503815afda1827e613253f0f254cc395e3b262a20ef9
[1804/3625] Checking is OK   | E:\01.userData\ZhuoMian\Github_Releases_批量下载 xray\Xray-core\v24.10.31\Xray-win7-32.zip           | LOCAL=8abd55460bbd7a5fafe8892fa7e37ee4c14cff541a3965ddb8363af7231cd082 REMOTE=8abd55460bbd7a5fafe8892fa7e37ee4c14cff541a3965ddb8363af7231cd082
[1805/3625] Checking is OK   | E:\01.userData\ZhuoMian\Github_Releases_批量下载 xray\Xray-core\v24.10.31\Xray-win7-64.zip           | LOCAL=f38d221bb01dd9659ff5bc4d1b19b6d07461e5334f3625555a5b7e754024722a REMOTE=f38d221bb01dd9659ff5bc4d1b19b6d07461e5334f3625555a5b7e754024722a
[1806/3625] Checking is OK   | E:\01.userData\ZhuoMian\Github_Releases_批量下载 xray\Xray-core\v24.10.31\Xray-windows-32.zip        | LOCAL=3a401d124106c4dc6f6b1599898a035756f7767e3684f96c313be3311d12eb03 REMOTE=3a401d124106c4dc6f6b1599898a035756f7767e3684f96c313be3311d12eb03
[1807/3625] Checking is OK   | E:\01.userData\ZhuoMian\Github_Releases_批量下载 xray\Xray-core\v24.10.31\Xray-windows-64.zip        | LOCAL=07bd158687eeb693b32cbe00f754485b1e41efe6749071eac232c27bccc8b935 REMOTE=07bd158687eeb693b32cbe00f754485b1e41efe6749071eac232c27bccc8b935
[1808/3625] Checking is OK   | E:\01.userData\ZhuoMian\Github_Releases_批量下载 xray\Xray-core\v24.10.31\Xray-windows-arm32-v7a.zip | LOCAL=73a0b0e5488b75f5854cae2df8e4528df9224d9b715fb2102315de585ae2aa66 REMOTE=73a0b0e5488b75f5854cae2df8e4528df9224d9b715fb2102315de585ae2aa66
[1809/3625] Checking is OK   | E:\01.userData\ZhuoMian\Github_Releases_批量下载 xray\Xray-core\v24.10.31\Xray-windows-arm64-v8a.zip | LOCAL=1da24aa89df54c4a139c55e5653188fa28ebe724d1e34cdfac5d8c3421e87404 REMOTE=1da24aa89df54c4a139c55e5653188fa28ebe724d1e34cdfac5d8c3421e87404
[1810/3625] Checking is OK   | E:\01.userData\ZhuoMian\Github_Releases_批量下载 xray\Xray-core\v24.11.11\Xray-android-arm64-v8a.zip | LOCAL=309f4fda6647b9b46eae3f4c695d3275f92a4a656a5bd43875e43aa36d57e841 REMOTE=309f4fda6647b9b46eae3f4c695d3275f92a4a656a5bd43875e43aa36d57e841
[1811/3625] Checking is OK   | E:\01.userData\ZhuoMian\Github_Releases_批量下载 xray\Xray-core\v24.11.11\Xray-freebsd-32.zip        | LOCAL=88c8b1c036a7fb2742e18e0cb3c7928c0e69f152bb802aa4c61371233a6ec1d7 REMOTE=88c8b1c036a7fb2742e18e0cb3c7928c0e69f152bb802aa4c61371233a6ec1d7
[1812/3625] Checking is OK   | E:\01.userData\ZhuoMian\Github_Releases_批量下载 xray\Xray-core\v24.11.11\Xray-freebsd-64.zip        | LOCAL=f19b149c8503687564253c2d3b4582fb6ead062c0b1d18e99a0a4abe2e9f5c71 REMOTE=f19b149c8503687564253c2d3b4582fb6ead062c0b1d18e99a0a4abe2e9f5c71
[1813/3625] Checking is OK   | E:\01.userData\ZhuoMian\Github_Releases_批量下载 xray\Xray-core\v24.11.11\Xray-freebsd-arm32-v7a.zip | LOCAL=fc0edc7a82c3042c1fc6baa7c00f19513c764b5ed6412b7d3fdf40d085518fd4 REMOTE=fc0edc7a82c3042c1fc6baa7c00f19513c764b5ed6412b7d3fdf40d085518fd4
[1814/3625] Checking is OK   | E:\01.userData\ZhuoMian\Github_Releases_批量下载 xray\Xray-core\v24.11.11\Xray-freebsd-arm64-v8a.zip | LOCAL=921791cc4b3d775c1abe5dbd68b09bbc8ef9d6fe1c603dc55ce3f7671180e771 REMOTE=921791cc4b3d775c1abe5dbd68b09bbc8ef9d6fe1c603dc55ce3f7671180e771
[1815/3625] Checking is OK   | E:\01.userData\ZhuoMian\Github_Releases_批量下载 xray\Xray-core\v24.11.11\Xray-linux-32.zip          | LOCAL=edb4712578c76af0094c75a97a871e463ef6865f3288cec23fd32429d00d1cf6 REMOTE=edb4712578c76af0094c75a97a871e463ef6865f3288cec23fd32429d00d1cf6
[1816/3625] Checking is OK   | E:\01.userData\ZhuoMian\Github_Releases_批量下载 xray\Xray-core\v24.11.11\Xray-linux-64.zip          | LOCAL=576efbcaf24577889429fdc8af2c590838622eff37059322a306823ed22561fc REMOTE=576efbcaf24577889429fdc8af2c590838622eff37059322a306823ed22561fc
[1817/3625] Checking is OK   | E:\01.userData\ZhuoMian\Github_Releases_批量下载 xray\Xray-core\v24.11.11\Xray-linux-arm32-v5.zip    | LOCAL=0eb61869def17c6aec7ed223cab8cb7a00830a6eb30f02db42af5a91a0212b23 REMOTE=0eb61869def17c6aec7ed223cab8cb7a00830a6eb30f02db42af5a91a0212b23
[1818/3625] Checking is OK   | E:\01.userData\ZhuoMian\Github_Releases_批量下载 xray\Xray-core\v24.11.11\Xray-linux-arm32-v6.zip    | LOCAL=722a77dbe49513cfc67a4e9574d879bddc23404787dd9263081f99af6e4bdaa2 REMOTE=722a77dbe49513cfc67a4e9574d879bddc23404787dd9263081f99af6e4bdaa2
[1819/3625] Checking is OK   | E:\01.userData\ZhuoMian\Github_Releases_批量下载 xray\Xray-core\v24.11.11\Xray-linux-arm32-v7a.zip   | LOCAL=ea12987509cb596830a84940fc9b25408a0d1cd7faa1728fe96a0759676fb175 REMOTE=ea12987509cb596830a84940fc9b25408a0d1cd7faa1728fe96a0759676fb175
[1820/3625] Checking is OK   | E:\01.userData\ZhuoMian\Github_Releases_批量下载 xray\Xray-core\v24.11.11\Xray-linux-arm64-v8a.zip   | LOCAL=776591f3b0b0661a45bdfad40bd2e0d18873d066f78242e05e260cf27f6b11d7 REMOTE=776591f3b0b0661a45bdfad40bd2e0d18873d066f78242e05e260cf27f6b11d7
[1821/3625] Checking is OK   | E:\01.userData\ZhuoMian\Github_Releases_批量下载 xray\Xray-core\v24.11.11\Xray-linux-loong64.zip     | LOCAL=24d0858945586818e1f89661fe648cf8eacf2afe83384ce74c0a0e89d85ca36e REMOTE=24d0858945586818e1f89661fe648cf8eacf2afe83384ce74c0a0e89d85ca36e
[1822/3625] Checking is OK   | E:\01.userData\ZhuoMian\Github_Releases_批量下载 xray\Xray-core\v24.11.11\Xray-linux-mips32.zip      | LOCAL=5fe9d7f60326b6c3ba7be23b568e8cc78921ee6a117b9cad1edd262f33e75efb REMOTE=5fe9d7f60326b6c3ba7be23b568e8cc78921ee6a117b9cad1edd262f33e75efb
[1823/3625] Checking is OK   | E:\01.userData\ZhuoMian\Github_Releases_批量下载 xray\Xray-core\v24.11.11\Xray-linux-mips32le.zip    | LOCAL=79b984283f698602a83ffa624f2152dd87e9b30bf27c4b8f8564e9c03edd3e45 REMOTE=79b984283f698602a83ffa624f2152dd87e9b30bf27c4b8f8564e9c03edd3e45
[1824/3625] Checking is OK   | E:\01.userData\ZhuoMian\Github_Releases_批量下载 xray\Xray-core\v24.11.11\Xray-linux-mips64.zip      | LOCAL=0e787b4ff216d8303430cf24df8fff7387b7e7cd37e10299a4ad67948f48c0c7 REMOTE=0e787b4ff216d8303430cf24df8fff7387b7e7cd37e10299a4ad67948f48c0c7
[1825/3625] Checking is OK   | E:\01.userData\ZhuoMian\Github_Releases_批量下载 xray\Xray-core\v24.11.11\Xray-linux-mips64le.zip    | LOCAL=1b51533be9e4d4ef9df6442831a3388c1a269ac4c06f8d81d21c4b2c84012ab2 REMOTE=1b51533be9e4d4ef9df6442831a3388c1a269ac4c06f8d81d21c4b2c84012ab2
[1826/3625] Checking is OK   | E:\01.userData\ZhuoMian\Github_Releases_批量下载 xray\Xray-core\v24.11.11\Xray-linux-ppc64.zip       | LOCAL=5787e27486cb9d0267d5c05c08911bce4efaa126697d9b18ef78f8871281656a REMOTE=5787e27486cb9d0267d5c05c08911bce4efaa126697d9b18ef78f8871281656a
[1827/3625] Checking is OK   | E:\01.userData\ZhuoMian\Github_Releases_批量下载 xray\Xray-core\v24.11.11\Xray-linux-ppc64le.zip     | LOCAL=a29b3dc10d7a7222858327c793637f5559422c8b4de1babca488c8eee1d8fb09 REMOTE=a29b3dc10d7a7222858327c793637f5559422c8b4de1babca488c8eee1d8fb09
[1828/3625] Checking is OK   | E:\01.userData\ZhuoMian\Github_Releases_批量下载 xray\Xray-core\v24.11.11\Xray-linux-riscv64.zip     | LOCAL=5d4a4c8bfd1d3280f423812aaa3b1cf787036ee161011b22cec756b4807a2b6a REMOTE=5d4a4c8bfd1d3280f423812aaa3b1cf787036ee161011b22cec756b4807a2b6a
[1829/3625] Checking is OK   | E:\01.userData\ZhuoMian\Github_Releases_批量下载 xray\Xray-core\v24.11.11\Xray-linux-s390x.zip       | LOCAL=fe80d28f991990b1806943c9d216cb1d4fbeb00a763e06e7d0aea3540a7861a4 REMOTE=fe80d28f991990b1806943c9d216cb1d4fbeb00a763e06e7d0aea3540a7861a4
[1830/3625] Checking is OK   | E:\01.userData\ZhuoMian\Github_Releases_批量下载 xray\Xray-core\v24.11.11\Xray-macos-64.zip          | LOCAL=e37af29edebb42a7e205ccd6254235974053e657375c74dce23365f01875b401 REMOTE=e37af29edebb42a7e205ccd6254235974053e657375c74dce23365f01875b401
[1831/3625] Checking is OK   | E:\01.userData\ZhuoMian\Github_Releases_批量下载 xray\Xray-core\v24.11.11\Xray-macos-arm64-v8a.zip   | LOCAL=7387bf3a63d18b6b2ff4ab3ea814f5c68b541d7b4e7a007af317330326dddeaf REMOTE=7387bf3a63d18b6b2ff4ab3ea814f5c68b541d7b4e7a007af317330326dddeaf
[1832/3625] Checking is OK   | E:\01.userData\ZhuoMian\Github_Releases_批量下载 xray\Xray-core\v24.11.11\Xray-openbsd-32.zip        | LOCAL=a5b5765bf17b0832b0678c17c9bdfabf01a16506b7be0dde72a481d4296537ab REMOTE=a5b5765bf17b0832b0678c17c9bdfabf01a16506b7be0dde72a481d4296537ab
[1833/3625] Checking is OK   | E:\01.userData\ZhuoMian\Github_Releases_批量下载 xray\Xray-core\v24.11.11\Xray-openbsd-64.zip        | LOCAL=153dfdd1ff30c8d62787e1797447d6957c7cb20fc65557dcd4e69d82379f17b5 REMOTE=153dfdd1ff30c8d62787e1797447d6957c7cb20fc65557dcd4e69d82379f17b5
[1834/3625] Checking is OK   | E:\01.userData\ZhuoMian\Github_Releases_批量下载 xray\Xray-core\v24.11.11\Xray-openbsd-arm32-v7a.zip | LOCAL=da74f965dd87606073b602dc36ef9b29df8986e6da8c7f6082296defd44912da REMOTE=da74f965dd87606073b602dc36ef9b29df8986e6da8c7f6082296defd44912da
[1835/3625] Checking is OK   | E:\01.userData\ZhuoMian\Github_Releases_批量下载 xray\Xray-core\v24.11.11\Xray-openbsd-arm64-v8a.zip | LOCAL=801d6e2dc1f762bc0c8da1e3e31cc8b4e0fa6e0a4470dae73f336cbfd9888761 REMOTE=801d6e2dc1f762bc0c8da1e3e31cc8b4e0fa6e0a4470dae73f336cbfd9888761
[1836/3625] Checking is OK   | E:\01.userData\ZhuoMian\Github_Releases_批量下载 xray\Xray-core\v24.11.11\Xray-win7-32.zip           | LOCAL=7acb1e737cf203bb4f29fc5a8007e25a023249c82e3fd2ddedf75dce525e53bc REMOTE=7acb1e737cf203bb4f29fc5a8007e25a023249c82e3fd2ddedf75dce525e53bc
[1837/3625] Checking is OK   | E:\01.userData\ZhuoMian\Github_Releases_批量下载 xray\Xray-core\v24.11.11\Xray-win7-64.zip           | LOCAL=aa781ebdaee59d00e645656b163d1ee6481b1c865c2865815bc353b610e5ad54 REMOTE=aa781ebdaee59d00e645656b163d1ee6481b1c865c2865815bc353b610e5ad54
[1838/3625] Checking is OK   | E:\01.userData\ZhuoMian\Github_Releases_批量下载 xray\Xray-core\v24.11.11\Xray-windows-32.zip        | LOCAL=faab74e2f4ff715ef1e4ed2fbdb193ceb316ff854ee8b573c61a58ee8e3ba471 REMOTE=faab74e2f4ff715ef1e4ed2fbdb193ceb316ff854ee8b573c61a58ee8e3ba471
[1839/3625] Checking is OK   | E:\01.userData\ZhuoMian\Github_Releases_批量下载 xray\Xray-core\v24.11.11\Xray-windows-64.zip        | LOCAL=342aa2c384836500c7cdb08090b6149ac5f79f4c31460895a31b1ab7400a1d30 REMOTE=342aa2c384836500c7cdb08090b6149ac5f79f4c31460895a31b1ab7400a1d30
[1840/3625] Checking is OK   | E:\01.userData\ZhuoMian\Github_Releases_批量下载 xray\Xray-core\v24.11.11\Xray-windows-arm32-v7a.zip | LOCAL=8ad31a4f1b0a56eb5817cc0387ad36b8a96ed6e1374bc3d532cd73516342e25d REMOTE=8ad31a4f1b0a56eb5817cc0387ad36b8a96ed6e1374bc3d532cd73516342e25d
[1841/3625] Checking is OK   | E:\01.userData\ZhuoMian\Github_Releases_批量下载 xray\Xray-core\v24.11.11\Xray-windows-arm64-v8a.zip | LOCAL=dd2ed6a136cda6f8cb7f65b98d3f49af1ae9a86d88242686ad9807032e34c629 REMOTE=dd2ed6a136cda6f8cb7f65b98d3f49af1ae9a86d88242686ad9807032e34c629
[1842/3625] Checking is OK   | E:\01.userData\ZhuoMian\Github_Releases_批量下载 xray\Xray-core\v24.11.21\Xray-android-arm64-v8a.zip | LOCAL=516645e3a9ed2d3fffff0d1fccf431b64de48eef6d56ff58c027e56a6097388a REMOTE=516645e3a9ed2d3fffff0d1fccf431b64de48eef6d56ff58c027e56a6097388a
[1843/3625] Checking is OK   | E:\01.userData\ZhuoMian\Github_Releases_批量下载 xray\Xray-core\v24.11.21\Xray-freebsd-32.zip        | LOCAL=dfb511a02cf3d6fc0bfd75861ce98a5dbe02524f26c19bd857476e8fd612776c REMOTE=dfb511a02cf3d6fc0bfd75861ce98a5dbe02524f26c19bd857476e8fd612776c
[1844/3625] Checking is OK   | E:\01.userData\ZhuoMian\Github_Releases_批量下载 xray\Xray-core\v24.11.21\Xray-freebsd-64.zip        | LOCAL=22f356dc2dafd1199eeac76e3c3c7ba825ca70866225b3bbcc5353401f68a9e3 REMOTE=22f356dc2dafd1199eeac76e3c3c7ba825ca70866225b3bbcc5353401f68a9e3
[1845/3625] Checking is OK   | E:\01.userData\ZhuoMian\Github_Releases_批量下载 xray\Xray-core\v24.11.21\Xray-freebsd-arm32-v7a.zip | LOCAL=3b3e23368be7d9ee2f6fb447fab7e916ad7a4d08780547dd1f5a2c537c62a6b5 REMOTE=3b3e23368be7d9ee2f6fb447fab7e916ad7a4d08780547dd1f5a2c537c62a6b5
[1846/3625] Checking is OK   | E:\01.userData\ZhuoMian\Github_Releases_批量下载 xray\Xray-core\v24.11.21\Xray-freebsd-arm64-v8a.zip | LOCAL=12112a3a78bb1d6923aec31402a634790efec189df4dc5b30e41268738d2ff2f REMOTE=12112a3a78bb1d6923aec31402a634790efec189df4dc5b30e41268738d2ff2f
[1847/3625] Checking is OK   | E:\01.userData\ZhuoMian\Github_Releases_批量下载 xray\Xray-core\v24.11.21\Xray-linux-32.zip          | LOCAL=cb9ec14e2cdd9e4ccde00e699a244386b8dac85d79a45a0b7b07c45e235347bc REMOTE=cb9ec14e2cdd9e4ccde00e699a244386b8dac85d79a45a0b7b07c45e235347bc
[1848/3625] Checking is OK   | E:\01.userData\ZhuoMian\Github_Releases_批量下载 xray\Xray-core\v24.11.21\Xray-linux-64.zip          | LOCAL=084bf895408cbd872f4973c73f6b9f84e8e4f819b9152edb19adf721446aee28 REMOTE=084bf895408cbd872f4973c73f6b9f84e8e4f819b9152edb19adf721446aee28
[1849/3625] Checking is OK   | E:\01.userData\ZhuoMian\Github_Releases_批量下载 xray\Xray-core\v24.11.21\Xray-linux-arm32-v5.zip    | LOCAL=880561d037dcc8e7bafd833d1269cbaa42d764c1f868f2e0ce0d471e180cd48c REMOTE=880561d037dcc8e7bafd833d1269cbaa42d764c1f868f2e0ce0d471e180cd48c
[1850/3625] Checking is OK   | E:\01.userData\ZhuoMian\Github_Releases_批量下载 xray\Xray-core\v24.11.21\Xray-linux-arm32-v6.zip    | LOCAL=f50609471975e8365edd198166fe770da04a462c5213dd70f1bcc8bd7fdb530e REMOTE=f50609471975e8365edd198166fe770da04a462c5213dd70f1bcc8bd7fdb530e
[1851/3625] Checking is OK   | E:\01.userData\ZhuoMian\Github_Releases_批量下载 xray\Xray-core\v24.11.21\Xray-linux-arm32-v7a.zip   | LOCAL=ead37c199daae58f0082fa51b161084af01741ed21520a2e8ed8f8e02d8db681 REMOTE=ead37c199daae58f0082fa51b161084af01741ed21520a2e8ed8f8e02d8db681
[1852/3625] Checking is OK   | E:\01.userData\ZhuoMian\Github_Releases_批量下载 xray\Xray-core\v24.11.21\Xray-linux-arm64-v8a.zip   | LOCAL=8369d4ffc27640369646d860af9b2681319858ca3b3534409c875c1518acaa92 REMOTE=8369d4ffc27640369646d860af9b2681319858ca3b3534409c875c1518acaa92
[1853/3625] Checking is OK   | E:\01.userData\ZhuoMian\Github_Releases_批量下载 xray\Xray-core\v24.11.21\Xray-linux-loong64.zip     | LOCAL=5c5956ffa9e7a5bab566b732dce25641fa76a82777a6c26b42e4033e98d764a2 REMOTE=5c5956ffa9e7a5bab566b732dce25641fa76a82777a6c26b42e4033e98d764a2
[1854/3625] Checking is OK   | E:\01.userData\ZhuoMian\Github_Releases_批量下载 xray\Xray-core\v24.11.21\Xray-linux-mips32.zip      | LOCAL=b86cbebd5f59916373579699c50af6bfa78ca5fbb3479c75bf9458724d85c897 REMOTE=b86cbebd5f59916373579699c50af6bfa78ca5fbb3479c75bf9458724d85c897
[1855/3625] Checking is OK   | E:\01.userData\ZhuoMian\Github_Releases_批量下载 xray\Xray-core\v24.11.21\Xray-linux-mips32le.zip    | LOCAL=431d7945ddafa67d4a09188b4e5cb909eca7b178df8a4b7e2e0ea8f59c62a987 REMOTE=431d7945ddafa67d4a09188b4e5cb909eca7b178df8a4b7e2e0ea8f59c62a987
[1856/3625] Checking is OK   | E:\01.userData\ZhuoMian\Github_Releases_批量下载 xray\Xray-core\v24.11.21\Xray-linux-mips64.zip      | LOCAL=298bf6e62edf1daf8438fba6f96602c0515e759f57050b71a3c668f1b5d6665c REMOTE=298bf6e62edf1daf8438fba6f96602c0515e759f57050b71a3c668f1b5d6665c
[1857/3625] Checking is OK   | E:\01.userData\ZhuoMian\Github_Releases_批量下载 xray\Xray-core\v24.11.21\Xray-linux-mips64le.zip    | LOCAL=407ee7567752592ea3df5222b2721c810f4db70468509542671af4ea3fc5c461 REMOTE=407ee7567752592ea3df5222b2721c810f4db70468509542671af4ea3fc5c461
[1858/3625] Checking is OK   | E:\01.userData\ZhuoMian\Github_Releases_批量下载 xray\Xray-core\v24.11.21\Xray-linux-ppc64.zip       | LOCAL=cc9bb958cd262b8145e40160de978d416106d16e5e8dc045f76296689a711114 REMOTE=cc9bb958cd262b8145e40160de978d416106d16e5e8dc045f76296689a711114
[1859/3625] Checking is OK   | E:\01.userData\ZhuoMian\Github_Releases_批量下载 xray\Xray-core\v24.11.21\Xray-linux-ppc64le.zip     | LOCAL=83b3ee09659b5ba022769c4583a11d42dd651f90a768b822f73ea578c3798ee0 REMOTE=83b3ee09659b5ba022769c4583a11d42dd651f90a768b822f73ea578c3798ee0
[1860/3625] Checking is OK   | E:\01.userData\ZhuoMian\Github_Releases_批量下载 xray\Xray-core\v24.11.21\Xray-linux-riscv64.zip     | LOCAL=5d1f9034434def10d7d1e390008b80d93a96bc7c0d755d0e87b0e85fa2470566 REMOTE=5d1f9034434def10d7d1e390008b80d93a96bc7c0d755d0e87b0e85fa2470566
[1861/3625] Checking is OK   | E:\01.userData\ZhuoMian\Github_Releases_批量下载 xray\Xray-core\v24.11.21\Xray-linux-s390x.zip       | LOCAL=85b7d54578ae2ba365e89dde588d203d5f4667fa1bd4f6c42766e971008703c8 REMOTE=85b7d54578ae2ba365e89dde588d203d5f4667fa1bd4f6c42766e971008703c8
[1862/3625] Checking is OK   | E:\01.userData\ZhuoMian\Github_Releases_批量下载 xray\Xray-core\v24.11.21\Xray-macos-64.zip          | LOCAL=25aeccd970dab548a16c6b97316e67bb20003bc83a061eb72c929a35c648d0b1 REMOTE=25aeccd970dab548a16c6b97316e67bb20003bc83a061eb72c929a35c648d0b1
[1863/3625] Checking is OK   | E:\01.userData\ZhuoMian\Github_Releases_批量下载 xray\Xray-core\v24.11.21\Xray-macos-arm64-v8a.zip   | LOCAL=72913f131a7c5fcfab74ce725eb2c5aedc2218f41f96ffe319f1a87de09feeab REMOTE=72913f131a7c5fcfab74ce725eb2c5aedc2218f41f96ffe319f1a87de09feeab
[1864/3625] Checking is OK   | E:\01.userData\ZhuoMian\Github_Releases_批量下载 xray\Xray-core\v24.11.21\Xray-openbsd-32.zip        | LOCAL=a37a0e19a3ca9162ae6203a2c6ed3c9d8be5bdfc426c41912ce7724dcb03c8c3 REMOTE=a37a0e19a3ca9162ae6203a2c6ed3c9d8be5bdfc426c41912ce7724dcb03c8c3
[1865/3625] Checking is OK   | E:\01.userData\ZhuoMian\Github_Releases_批量下载 xray\Xray-core\v24.11.21\Xray-openbsd-64.zip        | LOCAL=1c76fd04242ab9217d1fafb372e09e6538d9ec42b35cf4e84b14e8b070a47bfc REMOTE=1c76fd04242ab9217d1fafb372e09e6538d9ec42b35cf4e84b14e8b070a47bfc
[1866/3625] Checking is OK   | E:\01.userData\ZhuoMian\Github_Releases_批量下载 xray\Xray-core\v24.11.21\Xray-openbsd-arm32-v7a.zip | LOCAL=0aadc814570ff588099c02c1207ec02ed52b1242009b407db752ff37fb1eca14 REMOTE=0aadc814570ff588099c02c1207ec02ed52b1242009b407db752ff37fb1eca14
[1867/3625] Checking is OK   | E:\01.userData\ZhuoMian\Github_Releases_批量下载 xray\Xray-core\v24.11.21\Xray-openbsd-arm64-v8a.zip | LOCAL=e4f1a3c2d6c8e0cd77aad29201eb997ecfadfc13a3f65ab1c1c74d1347f08ee0 REMOTE=e4f1a3c2d6c8e0cd77aad29201eb997ecfadfc13a3f65ab1c1c74d1347f08ee0
[1868/3625] Checking is OK   | E:\01.userData\ZhuoMian\Github_Releases_批量下载 xray\Xray-core\v24.11.21\Xray-win7-32.zip           | LOCAL=b8f6a4a9f049596b52ca3bbe5b3ab90d0029e170d72db30f03dd30bbccea7c7b REMOTE=b8f6a4a9f049596b52ca3bbe5b3ab90d0029e170d72db30f03dd30bbccea7c7b
[1869/3625] Checking is OK   | E:\01.userData\ZhuoMian\Github_Releases_批量下载 xray\Xray-core\v24.11.21\Xray-win7-64.zip           | LOCAL=8b1a7672f8ed01a2cae8572c6c08e6a732b682a9869764c4defcc121e45e68d1 REMOTE=8b1a7672f8ed01a2cae8572c6c08e6a732b682a9869764c4defcc121e45e68d1
[1870/3625] Checking is OK   | E:\01.userData\ZhuoMian\Github_Releases_批量下载 xray\Xray-core\v24.11.21\Xray-windows-32.zip        | LOCAL=322ee74c970f837cedccb47ba1b2cb68442e65d1726a1e18cf0230a1f02f02fc REMOTE=322ee74c970f837cedccb47ba1b2cb68442e65d1726a1e18cf0230a1f02f02fc
[1871/3625] Checking is OK   | E:\01.userData\ZhuoMian\Github_Releases_批量下载 xray\Xray-core\v24.11.21\Xray-windows-64.zip        | LOCAL=92cdf85e550a69be06f1420a4982e8ec7fe918efe8185b551b48e2fc4767343f REMOTE=92cdf85e550a69be06f1420a4982e8ec7fe918efe8185b551b48e2fc4767343f
[1872/3625] Checking is OK   | E:\01.userData\ZhuoMian\Github_Releases_批量下载 xray\Xray-core\v24.11.21\Xray-windows-arm32-v7a.zip | LOCAL=e5486cf5623d1a1ada33e58681ea2f579a6c4dcc4a44fef322bd989157211b38 REMOTE=e5486cf5623d1a1ada33e58681ea2f579a6c4dcc4a44fef322bd989157211b38
[1873/3625] Checking is OK   | E:\01.userData\ZhuoMian\Github_Releases_批量下载 xray\Xray-core\v24.11.21\Xray-windows-arm64-v8a.zip | LOCAL=88d5aff400eef4497088867600793dd48bfbbc11efdb6a175f4c645b57e87e05 REMOTE=88d5aff400eef4497088867600793dd48bfbbc11efdb6a175f4c645b57e87e05
[1874/3625] Checking is OK   | E:\01.userData\ZhuoMian\Github_Releases_批量下载 xray\Xray-core\v24.11.30\Xray-android-arm64-v8a.zip | LOCAL=a72c6bb8a965f035367416b12506b823ee6afc18ad7a58a8c67557d41cd4e1f6 REMOTE=a72c6bb8a965f035367416b12506b823ee6afc18ad7a58a8c67557d41cd4e1f6
[1875/3625] Checking is OK   | E:\01.userData\ZhuoMian\Github_Releases_批量下载 xray\Xray-core\v24.11.30\Xray-freebsd-32.zip        | LOCAL=49a5bde200f987d6434283da13be1cefa8fcb26b6b36870760df81f3cf1bba01 REMOTE=49a5bde200f987d6434283da13be1cefa8fcb26b6b36870760df81f3cf1bba01
[1876/3625] Checking is OK   | E:\01.userData\ZhuoMian\Github_Releases_批量下载 xray\Xray-core\v24.11.30\Xray-freebsd-64.zip        | LOCAL=78b45f578770f0bf51b55b6cf3d84c367c0578f0ba91c8faab31be078b39af3b REMOTE=78b45f578770f0bf51b55b6cf3d84c367c0578f0ba91c8faab31be078b39af3b
[1877/3625] Checking is OK   | E:\01.userData\ZhuoMian\Github_Releases_批量下载 xray\Xray-core\v24.11.30\Xray-freebsd-arm32-v7a.zip | LOCAL=1bf4768b4550548d029527f0a8d3e15e39ce1443a741ef18fda1e015e922da6a REMOTE=1bf4768b4550548d029527f0a8d3e15e39ce1443a741ef18fda1e015e922da6a
[1878/3625] Checking is OK   | E:\01.userData\ZhuoMian\Github_Releases_批量下载 xray\Xray-core\v24.11.30\Xray-freebsd-arm64-v8a.zip | LOCAL=43d6ca3a0934b0d10cfabca28ea03634df405fe9fe7d651797d909e35ebb0d8d REMOTE=43d6ca3a0934b0d10cfabca28ea03634df405fe9fe7d651797d909e35ebb0d8d
[1879/3625] Checking is OK   | E:\01.userData\ZhuoMian\Github_Releases_批量下载 xray\Xray-core\v24.11.30\Xray-linux-32.zip          | LOCAL=7ebf695cf9d1ff21bcf6d32423c6c7b6407388b12ea50e3c339d22baa0d7f1c6 REMOTE=7ebf695cf9d1ff21bcf6d32423c6c7b6407388b12ea50e3c339d22baa0d7f1c6
[1880/3625] Checking is OK   | E:\01.userData\ZhuoMian\Github_Releases_批量下载 xray\Xray-core\v24.11.30\Xray-linux-64.zip          | LOCAL=679d6ec1c2ecabd84ad1e2deab6e52789c52f0a387902cc72e135a3bb3949554 REMOTE=679d6ec1c2ecabd84ad1e2deab6e52789c52f0a387902cc72e135a3bb3949554
[1881/3625] Checking is OK   | E:\01.userData\ZhuoMian\Github_Releases_批量下载 xray\Xray-core\v24.11.30\Xray-linux-arm32-v5.zip    | LOCAL=08c904ccf1acabf0447c41ce3837714821b2fdc141ab951246e09b6c33f511be REMOTE=08c904ccf1acabf0447c41ce3837714821b2fdc141ab951246e09b6c33f511be
[1882/3625] Checking is OK   | E:\01.userData\ZhuoMian\Github_Releases_批量下载 xray\Xray-core\v24.11.30\Xray-linux-arm32-v6.zip    | LOCAL=0cac4f12052e1d3981085464ba79d9baf7ffc70915aaa8731b9d722f4565e4ee REMOTE=0cac4f12052e1d3981085464ba79d9baf7ffc70915aaa8731b9d722f4565e4ee
[1883/3625] Checking is OK   | E:\01.userData\ZhuoMian\Github_Releases_批量下载 xray\Xray-core\v24.11.30\Xray-linux-arm32-v7a.zip   | LOCAL=e5470bc98b208191de220125624f80adbf15b787deb8b54353c5869e1d0aad7f REMOTE=e5470bc98b208191de220125624f80adbf15b787deb8b54353c5869e1d0aad7f
[1884/3625] Checking is OK   | E:\01.userData\ZhuoMian\Github_Releases_批量下载 xray\Xray-core\v24.11.30\Xray-linux-arm64-v8a.zip   | LOCAL=9c36a345e580897dbe1eb677d39022bf5d0149814ec10308099e1ea1b630a6de REMOTE=9c36a345e580897dbe1eb677d39022bf5d0149814ec10308099e1ea1b630a6de
[1885/3625] Checking is OK   | E:\01.userData\ZhuoMian\Github_Releases_批量下载 xray\Xray-core\v24.11.30\Xray-linux-loong64.zip     | LOCAL=624416ae58fbc439980051752958fe021c57c297d3a31306bb576b09754f94b5 REMOTE=624416ae58fbc439980051752958fe021c57c297d3a31306bb576b09754f94b5
[1886/3625] Checking is OK   | E:\01.userData\ZhuoMian\Github_Releases_批量下载 xray\Xray-core\v24.11.30\Xray-linux-mips32.zip      | LOCAL=09db31b8d6fc0b8b85fea4b53767bcc66a3d008f3a4443c99754224a241b63ef REMOTE=09db31b8d6fc0b8b85fea4b53767bcc66a3d008f3a4443c99754224a241b63ef
[1887/3625] Checking is OK   | E:\01.userData\ZhuoMian\Github_Releases_批量下载 xray\Xray-core\v24.11.30\Xray-linux-mips32le.zip    | LOCAL=d0cf384713c611781ac00f6c9c7020da3cff34200e4fe1205410f465d3c66550 REMOTE=d0cf384713c611781ac00f6c9c7020da3cff34200e4fe1205410f465d3c66550
[1888/3625] Checking is OK   | E:\01.userData\ZhuoMian\Github_Releases_批量下载 xray\Xray-core\v24.11.30\Xray-linux-mips64.zip      | LOCAL=fbf2568ba6976a5f9ba89fbd53ce54c9f21383a95a1465d7f46392b7c714d962 REMOTE=fbf2568ba6976a5f9ba89fbd53ce54c9f21383a95a1465d7f46392b7c714d962
[1889/3625] Checking is OK   | E:\01.userData\ZhuoMian\Github_Releases_批量下载 xray\Xray-core\v24.11.30\Xray-linux-mips64le.zip    | LOCAL=e0648fbd94ccb2636e2ec3d9e114a2b65802632936ccd2045b2af1bdc890d39f REMOTE=e0648fbd94ccb2636e2ec3d9e114a2b65802632936ccd2045b2af1bdc890d39f
[1890/3625] Checking is OK   | E:\01.userData\ZhuoMian\Github_Releases_批量下载 xray\Xray-core\v24.11.30\Xray-linux-ppc64.zip       | LOCAL=ccfa3f32e1cdcd725863908a1eeac15f05a9e842a6ed322173c2bc1c8baf10e1 REMOTE=ccfa3f32e1cdcd725863908a1eeac15f05a9e842a6ed322173c2bc1c8baf10e1
[1891/3625] Checking is OK   | E:\01.userData\ZhuoMian\Github_Releases_批量下载 xray\Xray-core\v24.11.30\Xray-linux-ppc64le.zip     | LOCAL=92637086b7f33789c230520868ccf672f46848853c919bd2140a29891dd1f6d6 REMOTE=92637086b7f33789c230520868ccf672f46848853c919bd2140a29891dd1f6d6
[1892/3625] Checking is OK   | E:\01.userData\ZhuoMian\Github_Releases_批量下载 xray\Xray-core\v24.11.30\Xray-linux-riscv64.zip     | LOCAL=6d5841beac5535196af82329f20477ecc05671d838de5b8d0a16cc07bef412c5 REMOTE=6d5841beac5535196af82329f20477ecc05671d838de5b8d0a16cc07bef412c5
[1893/3625] Checking is OK   | E:\01.userData\ZhuoMian\Github_Releases_批量下载 xray\Xray-core\v24.11.30\Xray-linux-s390x.zip       | LOCAL=05d77ac4f642f3a247f9ebcfcc8f98a43f3fa7da83c0470bf7104caf0edc9325 REMOTE=05d77ac4f642f3a247f9ebcfcc8f98a43f3fa7da83c0470bf7104caf0edc9325
[1894/3625] Checking is OK   | E:\01.userData\ZhuoMian\Github_Releases_批量下载 xray\Xray-core\v24.11.30\Xray-macos-64.zip          | LOCAL=bb9d1f1563a173a86aac6136db53261ecd3ee2a0a357968273edbd69d976d938 REMOTE=bb9d1f1563a173a86aac6136db53261ecd3ee2a0a357968273edbd69d976d938
[1895/3625] Checking is OK   | E:\01.userData\ZhuoMian\Github_Releases_批量下载 xray\Xray-core\v24.11.30\Xray-macos-arm64-v8a.zip   | LOCAL=8580be19d2356b1679ff2d1e77c7999d674bd69d16e36a9edad42cd7be8ad329 REMOTE=8580be19d2356b1679ff2d1e77c7999d674bd69d16e36a9edad42cd7be8ad329
[1896/3625] Checking is OK   | E:\01.userData\ZhuoMian\Github_Releases_批量下载 xray\Xray-core\v24.11.30\Xray-openbsd-32.zip        | LOCAL=05f667fa4ee9a5478f49ed7cba3fb6db4570fd2c1e636609f8c55c56a9b64661 REMOTE=05f667fa4ee9a5478f49ed7cba3fb6db4570fd2c1e636609f8c55c56a9b64661
[1897/3625] Checking is OK   | E:\01.userData\ZhuoMian\Github_Releases_批量下载 xray\Xray-core\v24.11.30\Xray-openbsd-64.zip        | LOCAL=b41be2dde585bdf21845f493462a0d1a3f7970fd8e1e5412894bfe7b159747df REMOTE=b41be2dde585bdf21845f493462a0d1a3f7970fd8e1e5412894bfe7b159747df
[1898/3625] Checking is OK   | E:\01.userData\ZhuoMian\Github_Releases_批量下载 xray\Xray-core\v24.11.30\Xray-openbsd-arm32-v7a.zip | LOCAL=e5b2463f762b568ce3a3fc8307af1d73be4459c13aeb2d19c9f2baa1a7348fa8 REMOTE=e5b2463f762b568ce3a3fc8307af1d73be4459c13aeb2d19c9f2baa1a7348fa8
[1899/3625] Checking is OK   | E:\01.userData\ZhuoMian\Github_Releases_批量下载 xray\Xray-core\v24.11.30\Xray-openbsd-arm64-v8a.zip | LOCAL=0594fd71486cdb3d9d513ebc40e4a613175863d8414372c10fa590cf4d8b0e47 REMOTE=0594fd71486cdb3d9d513ebc40e4a613175863d8414372c10fa590cf4d8b0e47
[1900/3625] Checking is OK   | E:\01.userData\ZhuoMian\Github_Releases_批量下载 xray\Xray-core\v24.11.30\Xray-win7-32.zip           | LOCAL=938cd5100044503200921c72e6920b4b6001cfa4c25d37830f39865253176af7 REMOTE=938cd5100044503200921c72e6920b4b6001cfa4c25d37830f39865253176af7
[1901/3625] Checking is OK   | E:\01.userData\ZhuoMian\Github_Releases_批量下载 xray\Xray-core\v24.11.30\Xray-win7-64.zip           | LOCAL=ec1fb5790c556c6490a69354fe1d6f9056db1d068d4d565d2ef10fcbb882ddd2 REMOTE=ec1fb5790c556c6490a69354fe1d6f9056db1d068d4d565d2ef10fcbb882ddd2
[1902/3625] Checking is OK   | E:\01.userData\ZhuoMian\Github_Releases_批量下载 xray\Xray-core\v24.11.30\Xray-windows-32.zip        | LOCAL=00638a3be30be9f2dbda59705eb09f4101d11b5667a2ca90eb3d10d37b6a1983 REMOTE=00638a3be30be9f2dbda59705eb09f4101d11b5667a2ca90eb3d10d37b6a1983
[1903/3625] Checking is OK   | E:\01.userData\ZhuoMian\Github_Releases_批量下载 xray\Xray-core\v24.11.30\Xray-windows-64.zip        | LOCAL=576e46a4d17ea08ef7c3120ec747581709412083cc0e69d2c3ead72ee001897f REMOTE=576e46a4d17ea08ef7c3120ec747581709412083cc0e69d2c3ead72ee001897f
[1904/3625] Checking is OK   | E:\01.userData\ZhuoMian\Github_Releases_批量下载 xray\Xray-core\v24.11.30\Xray-windows-arm32-v7a.zip | LOCAL=a2ee7d04389821d2ff408efaa3dc8d40a9516837a83cebe0fb014515e91ed34b REMOTE=a2ee7d04389821d2ff408efaa3dc8d40a9516837a83cebe0fb014515e91ed34b
[1905/3625] Checking is OK   | E:\01.userData\ZhuoMian\Github_Releases_批量下载 xray\Xray-core\v24.11.30\Xray-windows-arm64-v8a.zip | LOCAL=3dfd27ff24afa5838ae0b392e289d411cd2d834d59cef023ef2ddc3886cf1a10 REMOTE=3dfd27ff24afa5838ae0b392e289d411cd2d834d59cef023ef2ddc3886cf1a10
[1906/3625] Checking is OK   | E:\01.userData\ZhuoMian\Github_Releases_批量下载 xray\Xray-core\v24.11.5\Xray-android-arm64-v8a.zip  | LOCAL=da5645de10b9756ac4524dfe1184fdac51abcd34910d6172adbc6f8f4afe118f REMOTE=da5645de10b9756ac4524dfe1184fdac51abcd34910d6172adbc6f8f4afe118f
[1907/3625] Checking is OK   | E:\01.userData\ZhuoMian\Github_Releases_批量下载 xray\Xray-core\v24.11.5\Xray-freebsd-32.zip         | LOCAL=1e0491cc261b05f9cd12b9eec85bd016c86464a3626afca68c8aaf29846d16b1 REMOTE=1e0491cc261b05f9cd12b9eec85bd016c86464a3626afca68c8aaf29846d16b1
[1908/3625] Checking is OK   | E:\01.userData\ZhuoMian\Github_Releases_批量下载 xray\Xray-core\v24.11.5\Xray-freebsd-64.zip         | LOCAL=f143b1ec4f181f65f9ff5e0240d0aa7abca8d6665afe3936cdeefd27150b2780 REMOTE=f143b1ec4f181f65f9ff5e0240d0aa7abca8d6665afe3936cdeefd27150b2780
[1909/3625] Checking is OK   | E:\01.userData\ZhuoMian\Github_Releases_批量下载 xray\Xray-core\v24.11.5\Xray-freebsd-arm32-v7a.zip  | LOCAL=0926ff7ea74b2796d68cc584fa325459a3ee9c4fd915e6e99449acfd126efe31 REMOTE=0926ff7ea74b2796d68cc584fa325459a3ee9c4fd915e6e99449acfd126efe31
[1910/3625] Checking is OK   | E:\01.userData\ZhuoMian\Github_Releases_批量下载 xray\Xray-core\v24.11.5\Xray-freebsd-arm64-v8a.zip  | LOCAL=9aafac47ffae448a8cbc2307982affc337cc88d0f85126fc3936cfa5638cc772 REMOTE=9aafac47ffae448a8cbc2307982affc337cc88d0f85126fc3936cfa5638cc772
[1911/3625] Checking is OK   | E:\01.userData\ZhuoMian\Github_Releases_批量下载 xray\Xray-core\v24.11.5\Xray-linux-32.zip           | LOCAL=169d83a643557b85eec53f06f66d2a0bbc5ad37c0e3d2a031db817414d4bef77 REMOTE=169d83a643557b85eec53f06f66d2a0bbc5ad37c0e3d2a031db817414d4bef77
[1912/3625] Checking is OK   | E:\01.userData\ZhuoMian\Github_Releases_批量下载 xray\Xray-core\v24.11.5\Xray-linux-64.zip           | LOCAL=1b0990a61006061fc9d3d7ef4645a689a7dd8959e85ff747813faa9d63baab17 REMOTE=1b0990a61006061fc9d3d7ef4645a689a7dd8959e85ff747813faa9d63baab17
[1913/3625] Checking is OK   | E:\01.userData\ZhuoMian\Github_Releases_批量下载 xray\Xray-core\v24.11.5\Xray-linux-arm32-v5.zip     | LOCAL=6f579db28f11264109fe102a539c17f00a6c5133185aa21f6d979cd687895136 REMOTE=6f579db28f11264109fe102a539c17f00a6c5133185aa21f6d979cd687895136
[1914/3625] Checking is OK   | E:\01.userData\ZhuoMian\Github_Releases_批量下载 xray\Xray-core\v24.11.5\Xray-linux-arm32-v6.zip     | LOCAL=555f7eaf2c32778ebe4c2a4ad92082127ffd37a38eca500089bc97429b55ac7f REMOTE=555f7eaf2c32778ebe4c2a4ad92082127ffd37a38eca500089bc97429b55ac7f
[1915/3625] Checking is OK   | E:\01.userData\ZhuoMian\Github_Releases_批量下载 xray\Xray-core\v24.11.5\Xray-linux-arm32-v7a.zip    | LOCAL=36c9aaa4220963a31344a456d2b7383b44b3917ce18d2a82a316facbea9090c8 REMOTE=36c9aaa4220963a31344a456d2b7383b44b3917ce18d2a82a316facbea9090c8
[1916/3625] Checking is OK   | E:\01.userData\ZhuoMian\Github_Releases_批量下载 xray\Xray-core\v24.11.5\Xray-linux-arm64-v8a.zip    | LOCAL=9883f5464fc2936e576f00c7e512bb281cb5b5ae8963959e23501bc1eb4735ba REMOTE=9883f5464fc2936e576f00c7e512bb281cb5b5ae8963959e23501bc1eb4735ba
[1917/3625] Checking is OK   | E:\01.userData\ZhuoMian\Github_Releases_批量下载 xray\Xray-core\v24.11.5\Xray-linux-loong64.zip      | LOCAL=7381e1a5ae4c9cf07db1fb401034a826dbc6a4480cf025dd921119d007af846d REMOTE=7381e1a5ae4c9cf07db1fb401034a826dbc6a4480cf025dd921119d007af846d
[1918/3625] Checking is OK   | E:\01.userData\ZhuoMian\Github_Releases_批量下载 xray\Xray-core\v24.11.5\Xray-linux-mips32.zip       | LOCAL=79c1086c0125495245cfa9e5f0d061ba80dc204ac61c3a4f083019f2719d6755 REMOTE=79c1086c0125495245cfa9e5f0d061ba80dc204ac61c3a4f083019f2719d6755
[1919/3625] Checking is OK   | E:\01.userData\ZhuoMian\Github_Releases_批量下载 xray\Xray-core\v24.11.5\Xray-linux-mips32le.zip     | LOCAL=4cc7bcc901b583204d6eda9f41f92835296ff44ecbc8b521ed5bb052757602a5 REMOTE=4cc7bcc901b583204d6eda9f41f92835296ff44ecbc8b521ed5bb052757602a5
[1920/3625] Checking is OK   | E:\01.userData\ZhuoMian\Github_Releases_批量下载 xray\Xray-core\v24.11.5\Xray-linux-mips64.zip       | LOCAL=235ad017e7422b93fbfb50356f0368c1b3941e3e53bcfa50e7b13ae3bbe6cd6a REMOTE=235ad017e7422b93fbfb50356f0368c1b3941e3e53bcfa50e7b13ae3bbe6cd6a
[1921/3625] Checking is OK   | E:\01.userData\ZhuoMian\Github_Releases_批量下载 xray\Xray-core\v24.11.5\Xray-linux-mips64le.zip     | LOCAL=e3ccfacd21ea21c677637196bf47ead11270550649cd431e0d928ab7a6d4423d REMOTE=e3ccfacd21ea21c677637196bf47ead11270550649cd431e0d928ab7a6d4423d
[1922/3625] Checking is OK   | E:\01.userData\ZhuoMian\Github_Releases_批量下载 xray\Xray-core\v24.11.5\Xray-linux-ppc64.zip        | LOCAL=4e2bf2a739e5df535eabe2adcc66605b390c43969945bfbbaf5a3aa57bb94f0c REMOTE=4e2bf2a739e5df535eabe2adcc66605b390c43969945bfbbaf5a3aa57bb94f0c
[1923/3625] Checking is OK   | E:\01.userData\ZhuoMian\Github_Releases_批量下载 xray\Xray-core\v24.11.5\Xray-linux-ppc64le.zip      | LOCAL=f3b7c43e367bca2f62a33a78f9b1dd2c55923e7ba1256765f4ba129eb55bb46b REMOTE=f3b7c43e367bca2f62a33a78f9b1dd2c55923e7ba1256765f4ba129eb55bb46b
[1924/3625] Checking is OK   | E:\01.userData\ZhuoMian\Github_Releases_批量下载 xray\Xray-core\v24.11.5\Xray-linux-riscv64.zip      | LOCAL=b3a03519361d8f59d1aad23c6290380ecf76b22209cc53900c33b41451e434d0 REMOTE=b3a03519361d8f59d1aad23c6290380ecf76b22209cc53900c33b41451e434d0
[1925/3625] Checking is OK   | E:\01.userData\ZhuoMian\Github_Releases_批量下载 xray\Xray-core\v24.11.5\Xray-linux-s390x.zip        | LOCAL=437b5e0d84190332734f52e1f0b5edf8bb82e18413bf8b6c7880eb510f63b59e REMOTE=437b5e0d84190332734f52e1f0b5edf8bb82e18413bf8b6c7880eb510f63b59e
[1926/3625] Checking is OK   | E:\01.userData\ZhuoMian\Github_Releases_批量下载 xray\Xray-core\v24.11.5\Xray-macos-64.zip           | LOCAL=803fe8210415de80d23587cefa2c04c11898608738e75ff349142a4419d6e2d8 REMOTE=803fe8210415de80d23587cefa2c04c11898608738e75ff349142a4419d6e2d8
[1927/3625] Checking is OK   | E:\01.userData\ZhuoMian\Github_Releases_批量下载 xray\Xray-core\v24.11.5\Xray-macos-arm64-v8a.zip    | LOCAL=e69f6bbeef54d627a31f4a724ece4b6a1bd173a51d349add90f9bb6cf3674084 REMOTE=e69f6bbeef54d627a31f4a724ece4b6a1bd173a51d349add90f9bb6cf3674084
[1928/3625] Checking is OK   | E:\01.userData\ZhuoMian\Github_Releases_批量下载 xray\Xray-core\v24.11.5\Xray-openbsd-32.zip         | LOCAL=302b8c908e0ddcdddc2259c0bbcb3901f74f033f51d579f2f35f30568a1cd25e REMOTE=302b8c908e0ddcdddc2259c0bbcb3901f74f033f51d579f2f35f30568a1cd25e
[1929/3625] Checking is OK   | E:\01.userData\ZhuoMian\Github_Releases_批量下载 xray\Xray-core\v24.11.5\Xray-openbsd-64.zip         | LOCAL=a1128afb285e4148ae6b71594ce9c0aea87ab08a987db05ddf91c62cc78a56e6 REMOTE=a1128afb285e4148ae6b71594ce9c0aea87ab08a987db05ddf91c62cc78a56e6
[1930/3625] Checking is OK   | E:\01.userData\ZhuoMian\Github_Releases_批量下载 xray\Xray-core\v24.11.5\Xray-openbsd-arm32-v7a.zip  | LOCAL=fc513853ab03b474e129b3635b1dfec2237e11aa67394bebce4e8681f8cea848 REMOTE=fc513853ab03b474e129b3635b1dfec2237e11aa67394bebce4e8681f8cea848
[1931/3625] Checking is OK   | E:\01.userData\ZhuoMian\Github_Releases_批量下载 xray\Xray-core\v24.11.5\Xray-openbsd-arm64-v8a.zip  | LOCAL=9e885b1cdc39d14e01b853febcfc74b64c0dbb6dcd5405b9ba7b54d0340aa18a REMOTE=9e885b1cdc39d14e01b853febcfc74b64c0dbb6dcd5405b9ba7b54d0340aa18a
[1932/3625] Checking is OK   | E:\01.userData\ZhuoMian\Github_Releases_批量下载 xray\Xray-core\v24.11.5\Xray-win7-32.zip            | LOCAL=82216eee2d614d59e14e54d6764b16bbed4409c7abf68a454d9764d94b935f4e REMOTE=82216eee2d614d59e14e54d6764b16bbed4409c7abf68a454d9764d94b935f4e
[1933/3625] Checking is OK   | E:\01.userData\ZhuoMian\Github_Releases_批量下载 xray\Xray-core\v24.11.5\Xray-win7-64.zip            | LOCAL=68ac0370ed3aeab95f6736f4723a0651c40983896d4b2842dfe94c0298aec978 REMOTE=68ac0370ed3aeab95f6736f4723a0651c40983896d4b2842dfe94c0298aec978
[1934/3625] Checking is OK   | E:\01.userData\ZhuoMian\Github_Releases_批量下载 xray\Xray-core\v24.11.5\Xray-windows-32.zip         | LOCAL=80b9434b9b69049635adaa4789b7fb20a908d9b223b1aa625d5c845ebff48d94 REMOTE=80b9434b9b69049635adaa4789b7fb20a908d9b223b1aa625d5c845ebff48d94
[1935/3625] Checking is OK   | E:\01.userData\ZhuoMian\Github_Releases_批量下载 xray\Xray-core\v24.11.5\Xray-windows-64.zip         | LOCAL=5c4eb89eccae428dc799b31a11b15f816fc24fc17146feea107bcde8c4bee826 REMOTE=5c4eb89eccae428dc799b31a11b15f816fc24fc17146feea107bcde8c4bee826
[1936/3625] Checking is OK   | E:\01.userData\ZhuoMian\Github_Releases_批量下载 xray\Xray-core\v24.11.5\Xray-windows-arm32-v7a.zip  | LOCAL=91b00a602b6afcdc2a849e1fd8a34919e44e074c7de9ea434c27d722901c1981 REMOTE=91b00a602b6afcdc2a849e1fd8a34919e44e074c7de9ea434c27d722901c1981
[1937/3625] Checking is OK   | E:\01.userData\ZhuoMian\Github_Releases_批量下载 xray\Xray-core\v24.11.5\Xray-windows-arm64-v8a.zip  | LOCAL=f84e1a6b48d42a9b7e3f6ea2164333cc267a8cd27b1176266f1de43c9d4d303f REMOTE=f84e1a6b48d42a9b7e3f6ea2164333cc267a8cd27b1176266f1de43c9d4d303f
[1938/3625] Checking is OK   | E:\01.userData\ZhuoMian\Github_Releases_批量下载 xray\Xray-core\v24.12.15\Xray-android-arm64-v8a.zip | LOCAL=1e6973d651ef04a32f40c9a5a1e4af5ac5a3f3fa97fd9257396951fede299e52 REMOTE=1e6973d651ef04a32f40c9a5a1e4af5ac5a3f3fa97fd9257396951fede299e52
[1939/3625] Checking is OK   | E:\01.userData\ZhuoMian\Github_Releases_批量下载 xray\Xray-core\v24.12.15\Xray-freebsd-32.zip        | LOCAL=5fe425e6087afc9c8ab2bb75abc72b1b40662084b55f5d5bd8740373af8c6578 REMOTE=5fe425e6087afc9c8ab2bb75abc72b1b40662084b55f5d5bd8740373af8c6578
[1940/3625] Checking is OK   | E:\01.userData\ZhuoMian\Github_Releases_批量下载 xray\Xray-core\v24.12.15\Xray-freebsd-64.zip        | LOCAL=ff0d5d775bbd58b38f3d76546e24e5bf483776dc0e022b63412497ea01011c5c REMOTE=ff0d5d775bbd58b38f3d76546e24e5bf483776dc0e022b63412497ea01011c5c
[1941/3625] Checking is OK   | E:\01.userData\ZhuoMian\Github_Releases_批量下载 xray\Xray-core\v24.12.15\Xray-freebsd-arm32-v7a.zip | LOCAL=6e609e8833b907e1637334cf4716df06b576348859ca1f0ebd5f7d8201c064cf REMOTE=6e609e8833b907e1637334cf4716df06b576348859ca1f0ebd5f7d8201c064cf
[1942/3625] Checking is OK   | E:\01.userData\ZhuoMian\Github_Releases_批量下载 xray\Xray-core\v24.12.15\Xray-freebsd-arm64-v8a.zip | LOCAL=8d4fba3aa7a059876d10ff505c9d646fbfb24cdcc1b4d640f9710e4960903d32 REMOTE=8d4fba3aa7a059876d10ff505c9d646fbfb24cdcc1b4d640f9710e4960903d32
[1943/3625] Checking is OK   | E:\01.userData\ZhuoMian\Github_Releases_批量下载 xray\Xray-core\v24.12.15\Xray-linux-32.zip          | LOCAL=c7347a2e7d43e092bbdff0281445657f819fd42b99115d5a0512a207df0af645 REMOTE=c7347a2e7d43e092bbdff0281445657f819fd42b99115d5a0512a207df0af645
[1944/3625] Checking is OK   | E:\01.userData\ZhuoMian\Github_Releases_批量下载 xray\Xray-core\v24.12.15\Xray-linux-64.zip          | LOCAL=5102020cbf455f60787c9623cf661f27741738fd7c1b7e8d9e72ff52c995459b REMOTE=5102020cbf455f60787c9623cf661f27741738fd7c1b7e8d9e72ff52c995459b
[1945/3625] Checking is OK   | E:\01.userData\ZhuoMian\Github_Releases_批量下载 xray\Xray-core\v24.12.15\Xray-linux-arm32-v5.zip    | LOCAL=cb11a6009768a87283591f72338e8d9a04eeaccedeccc9900564c32a49fc2514 REMOTE=cb11a6009768a87283591f72338e8d9a04eeaccedeccc9900564c32a49fc2514
[1946/3625] Checking is OK   | E:\01.userData\ZhuoMian\Github_Releases_批量下载 xray\Xray-core\v24.12.15\Xray-linux-arm32-v6.zip    | LOCAL=e82076fc47cc3aedf3fd8a96afd41b08e448493675d78f3c693b5f67e7f7f12a REMOTE=e82076fc47cc3aedf3fd8a96afd41b08e448493675d78f3c693b5f67e7f7f12a
[1947/3625] Checking is OK   | E:\01.userData\ZhuoMian\Github_Releases_批量下载 xray\Xray-core\v24.12.15\Xray-linux-arm32-v7a.zip   | LOCAL=ecf9fa4bdf3a09d57436b3a005d984f863c8175f12f8f2bc6e6ade9f4bc6cd97 REMOTE=ecf9fa4bdf3a09d57436b3a005d984f863c8175f12f8f2bc6e6ade9f4bc6cd97
[1948/3625] Checking is OK   | E:\01.userData\ZhuoMian\Github_Releases_批量下载 xray\Xray-core\v24.12.15\Xray-linux-arm64-v8a.zip   | LOCAL=589d5dcac7dadaf3a797b2e18b229da20309cdff78a4990539b709da2e0c33e2 REMOTE=589d5dcac7dadaf3a797b2e18b229da20309cdff78a4990539b709da2e0c33e2
[1949/3625] Checking is OK   | E:\01.userData\ZhuoMian\Github_Releases_批量下载 xray\Xray-core\v24.12.15\Xray-linux-loong64.zip     | LOCAL=466bc31ec8545bd005125f9116f589b480847aef800b227ea41d062f190d1053 REMOTE=466bc31ec8545bd005125f9116f589b480847aef800b227ea41d062f190d1053
[1950/3625] Checking is OK   | E:\01.userData\ZhuoMian\Github_Releases_批量下载 xray\Xray-core\v24.12.15\Xray-linux-mips32.zip      | LOCAL=283aa8b15b955085acd0747f53380792c235918da0b37d1619c50f70b0d174c1 REMOTE=283aa8b15b955085acd0747f53380792c235918da0b37d1619c50f70b0d174c1
[1951/3625] Checking is OK   | E:\01.userData\ZhuoMian\Github_Releases_批量下载 xray\Xray-core\v24.12.15\Xray-linux-mips32le.zip    | LOCAL=149fe28919deecd249a1505e64b1f65a2404f6cb3d1f2aed80b764a1c8817db3 REMOTE=149fe28919deecd249a1505e64b1f65a2404f6cb3d1f2aed80b764a1c8817db3
[1952/3625] Checking is OK   | E:\01.userData\ZhuoMian\Github_Releases_批量下载 xray\Xray-core\v24.12.15\Xray-linux-mips64.zip      | LOCAL=e1ca78d8653216e3772ee6d409981ac0c11b1c28eb157e06471a0edd6b83b5f8 REMOTE=e1ca78d8653216e3772ee6d409981ac0c11b1c28eb157e06471a0edd6b83b5f8
[1953/3625] Checking is OK   | E:\01.userData\ZhuoMian\Github_Releases_批量下载 xray\Xray-core\v24.12.15\Xray-linux-mips64le.zip    | LOCAL=3c84dbcd7708b88727b48d4fde1ba1025024a8c3a5f3d288c68a6af6197a3c07 REMOTE=3c84dbcd7708b88727b48d4fde1ba1025024a8c3a5f3d288c68a6af6197a3c07
[1954/3625] Checking is OK   | E:\01.userData\ZhuoMian\Github_Releases_批量下载 xray\Xray-core\v24.12.15\Xray-linux-ppc64.zip       | LOCAL=d0458204d461bfeb00f3c6ceef423c400824f854d6e57f91d42df04f564ec7f1 REMOTE=d0458204d461bfeb00f3c6ceef423c400824f854d6e57f91d42df04f564ec7f1
[1955/3625] Checking is OK   | E:\01.userData\ZhuoMian\Github_Releases_批量下载 xray\Xray-core\v24.12.15\Xray-linux-ppc64le.zip     | LOCAL=8783eef5323d992372d68a37148e69865d03f92eb0da27b805a6aa41dfb664ee REMOTE=8783eef5323d992372d68a37148e69865d03f92eb0da27b805a6aa41dfb664ee
[1956/3625] Checking is OK   | E:\01.userData\ZhuoMian\Github_Releases_批量下载 xray\Xray-core\v24.12.15\Xray-linux-riscv64.zip     | LOCAL=2ab28110312eccd38b824248ea6bd11d0ff352c0646980fbfcbf59e7547894b0 REMOTE=2ab28110312eccd38b824248ea6bd11d0ff352c0646980fbfcbf59e7547894b0
[1957/3625] Checking is OK   | E:\01.userData\ZhuoMian\Github_Releases_批量下载 xray\Xray-core\v24.12.15\Xray-linux-s390x.zip       | LOCAL=93b95696a9e3bfac73daa604b41b64d849b56e8dc2d3cd8b7be66cff69e334ed REMOTE=93b95696a9e3bfac73daa604b41b64d849b56e8dc2d3cd8b7be66cff69e334ed
[1958/3625] Checking is OK   | E:\01.userData\ZhuoMian\Github_Releases_批量下载 xray\Xray-core\v24.12.15\Xray-macos-64.zip          | LOCAL=05c340c3ae763956f6d8b97f28d2397291946a49bff22eba83635f26e1276a6e REMOTE=05c340c3ae763956f6d8b97f28d2397291946a49bff22eba83635f26e1276a6e
[1959/3625] Checking is OK   | E:\01.userData\ZhuoMian\Github_Releases_批量下载 xray\Xray-core\v24.12.15\Xray-macos-arm64-v8a.zip   | LOCAL=b92aa591c216790da214429a15add1b1734c88a4b2e21b8682c563ae9d86e929 REMOTE=b92aa591c216790da214429a15add1b1734c88a4b2e21b8682c563ae9d86e929
[1960/3625] Checking is OK   | E:\01.userData\ZhuoMian\Github_Releases_批量下载 xray\Xray-core\v24.12.15\Xray-openbsd-32.zip        | LOCAL=b55a7f4b46f6f65189896f82aaf7ff0d9b5536647d79258a81211a6f8017e7c7 REMOTE=b55a7f4b46f6f65189896f82aaf7ff0d9b5536647d79258a81211a6f8017e7c7
[1961/3625] Checking is OK   | E:\01.userData\ZhuoMian\Github_Releases_批量下载 xray\Xray-core\v24.12.15\Xray-openbsd-64.zip        | LOCAL=1ae071b9e7392122b39171c1aa1acc898e819f95aaa3a6797362fe25c4f9a269 REMOTE=1ae071b9e7392122b39171c1aa1acc898e819f95aaa3a6797362fe25c4f9a269
[1962/3625] Checking is OK   | E:\01.userData\ZhuoMian\Github_Releases_批量下载 xray\Xray-core\v24.12.15\Xray-openbsd-arm32-v7a.zip | LOCAL=4815536c5ff685ebca11ad52eca185ceb73281e7226b0cd353f9422fe99cfe55 REMOTE=4815536c5ff685ebca11ad52eca185ceb73281e7226b0cd353f9422fe99cfe55
[1963/3625] Checking is OK   | E:\01.userData\ZhuoMian\Github_Releases_批量下载 xray\Xray-core\v24.12.15\Xray-openbsd-arm64-v8a.zip | LOCAL=097d2e09cad99732e6b5d4b2315c1d8ee86c3dc07ebe1025a43f4e083371f0f7 REMOTE=097d2e09cad99732e6b5d4b2315c1d8ee86c3dc07ebe1025a43f4e083371f0f7
[1964/3625] Checking is OK   | E:\01.userData\ZhuoMian\Github_Releases_批量下载 xray\Xray-core\v24.12.15\Xray-win7-32.zip           | LOCAL=2ada388cbdb395acdd26b92dbe39a875c495ef3fe0cf9f6083ebe577b532fb9a REMOTE=2ada388cbdb395acdd26b92dbe39a875c495ef3fe0cf9f6083ebe577b532fb9a
[1965/3625] Checking is OK   | E:\01.userData\ZhuoMian\Github_Releases_批量下载 xray\Xray-core\v24.12.15\Xray-win7-64.zip           | LOCAL=7a445a6d7ad21eca326cb8b3cc0f941e77acec5215b0a615418ddb9222377194 REMOTE=7a445a6d7ad21eca326cb8b3cc0f941e77acec5215b0a615418ddb9222377194
[1966/3625] Checking is OK   | E:\01.userData\ZhuoMian\Github_Releases_批量下载 xray\Xray-core\v24.12.15\Xray-windows-32.zip        | LOCAL=5e48a7c23121f10e356aa47aca8fa6afac110f76b44b4bf3e989faee5c23a952 REMOTE=5e48a7c23121f10e356aa47aca8fa6afac110f76b44b4bf3e989faee5c23a952
[1967/3625] Checking is OK   | E:\01.userData\ZhuoMian\Github_Releases_批量下载 xray\Xray-core\v24.12.15\Xray-windows-64.zip        | LOCAL=09dd293a86aeadf877c4eb8928c29131a7e9b99b23b6b79b05c09873343f2871 REMOTE=09dd293a86aeadf877c4eb8928c29131a7e9b99b23b6b79b05c09873343f2871
[1968/3625] Checking is OK   | E:\01.userData\ZhuoMian\Github_Releases_批量下载 xray\Xray-core\v24.12.15\Xray-windows-arm32-v7a.zip | LOCAL=b0e3553412e9974b90debf1f678e5d2e33874c0199bbbebf76b1b551f364d78c REMOTE=b0e3553412e9974b90debf1f678e5d2e33874c0199bbbebf76b1b551f364d78c
[1969/3625] Checking is OK   | E:\01.userData\ZhuoMian\Github_Releases_批量下载 xray\Xray-core\v24.12.15\Xray-windows-arm64-v8a.zip | LOCAL=a164dee67977237197171f7e8d9fbc2ec61773dd9855b3cf87c658ba6ee075f7 REMOTE=a164dee67977237197171f7e8d9fbc2ec61773dd9855b3cf87c658ba6ee075f7
[1970/3625] Checking is OK   | E:\01.userData\ZhuoMian\Github_Releases_批量下载 xray\Xray-core\v24.12.18\Xray-android-arm64-v8a.zip | LOCAL=e6b8850c95d809b59566a7da737609d3ce8c6a294636a077d4767a3f9452a725 REMOTE=e6b8850c95d809b59566a7da737609d3ce8c6a294636a077d4767a3f9452a725
[1971/3625] Checking is OK   | E:\01.userData\ZhuoMian\Github_Releases_批量下载 xray\Xray-core\v24.12.18\Xray-freebsd-32.zip        | LOCAL=bd2e061e2d02821bd737bbf2d512f1f0bd91487ca617b224d70f85875e77442f REMOTE=bd2e061e2d02821bd737bbf2d512f1f0bd91487ca617b224d70f85875e77442f
[1972/3625] Checking is OK   | E:\01.userData\ZhuoMian\Github_Releases_批量下载 xray\Xray-core\v24.12.18\Xray-freebsd-64.zip        | LOCAL=0a5d22d136de139dd38ecda5bf47f57f23975c395f222f240c6d13223a38eb00 REMOTE=0a5d22d136de139dd38ecda5bf47f57f23975c395f222f240c6d13223a38eb00
[1973/3625] Checking is OK   | E:\01.userData\ZhuoMian\Github_Releases_批量下载 xray\Xray-core\v24.12.18\Xray-freebsd-arm32-v7a.zip | LOCAL=6b3fa3111ea0358405dd36df36e9f47ea389c99264d4fb996842f84627a9cc11 REMOTE=6b3fa3111ea0358405dd36df36e9f47ea389c99264d4fb996842f84627a9cc11
[1974/3625] Checking is OK   | E:\01.userData\ZhuoMian\Github_Releases_批量下载 xray\Xray-core\v24.12.18\Xray-freebsd-arm64-v8a.zip | LOCAL=e6ffc09f1e72b9c3340d2c04047889ea15ae76b87e4f2c282bc9b38dd862377d REMOTE=e6ffc09f1e72b9c3340d2c04047889ea15ae76b87e4f2c282bc9b38dd862377d
[1975/3625] Checking is OK   | E:\01.userData\ZhuoMian\Github_Releases_批量下载 xray\Xray-core\v24.12.18\Xray-linux-32.zip          | LOCAL=8b556217e724a0c34ea673056ac611d01c5d20458a7cd5d357146dbe2d47b88c REMOTE=8b556217e724a0c34ea673056ac611d01c5d20458a7cd5d357146dbe2d47b88c
[1976/3625] Checking is OK   | E:\01.userData\ZhuoMian\Github_Releases_批量下载 xray\Xray-core\v24.12.18\Xray-linux-64.zip          | LOCAL=17aaa20ce8926cca18a29d99f09b5a50dba0572a175f4ff143305f9680f2e281 REMOTE=17aaa20ce8926cca18a29d99f09b5a50dba0572a175f4ff143305f9680f2e281
[1977/3625] Checking is OK   | E:\01.userData\ZhuoMian\Github_Releases_批量下载 xray\Xray-core\v24.12.18\Xray-linux-arm32-v5.zip    | LOCAL=2ed9626f9fe834c22ac60dc3f5aff2ffbf39aa63847255ca90f0482d76f7375d REMOTE=2ed9626f9fe834c22ac60dc3f5aff2ffbf39aa63847255ca90f0482d76f7375d
[1978/3625] Checking is OK   | E:\01.userData\ZhuoMian\Github_Releases_批量下载 xray\Xray-core\v24.12.18\Xray-linux-arm32-v6.zip    | LOCAL=d77437c3b6c7a5f369d4953c1509d638323547de136157a26df95659516772c2 REMOTE=d77437c3b6c7a5f369d4953c1509d638323547de136157a26df95659516772c2
[1979/3625] Checking is OK   | E:\01.userData\ZhuoMian\Github_Releases_批量下载 xray\Xray-core\v24.12.18\Xray-linux-arm32-v7a.zip   | LOCAL=4652a19ac752e9ca31f103dcbd1ee1b388b7858eceb7ff0fd6ca0a4f7b509c07 REMOTE=4652a19ac752e9ca31f103dcbd1ee1b388b7858eceb7ff0fd6ca0a4f7b509c07
[1980/3625] Checking is OK   | E:\01.userData\ZhuoMian\Github_Releases_批量下载 xray\Xray-core\v24.12.18\Xray-linux-arm64-v8a.zip   | LOCAL=2819f0817d730042245513f95b5d378f922e4a4191a1f0564ebb49726c649c98 REMOTE=2819f0817d730042245513f95b5d378f922e4a4191a1f0564ebb49726c649c98
[1981/3625] Checking is OK   | E:\01.userData\ZhuoMian\Github_Releases_批量下载 xray\Xray-core\v24.12.18\Xray-linux-loong64.zip     | LOCAL=04ae2d689f4403ad8fe9d6b7da5dd3e7a91900f0d58d6813b4dcebe3a17e3aeb REMOTE=04ae2d689f4403ad8fe9d6b7da5dd3e7a91900f0d58d6813b4dcebe3a17e3aeb
[1982/3625] Checking is OK   | E:\01.userData\ZhuoMian\Github_Releases_批量下载 xray\Xray-core\v24.12.18\Xray-linux-mips32.zip      | LOCAL=126662cad4641bb72208a2ee0de6da25c457f22b006746826b9e6b850c42c503 REMOTE=126662cad4641bb72208a2ee0de6da25c457f22b006746826b9e6b850c42c503
[1983/3625] Checking is OK   | E:\01.userData\ZhuoMian\Github_Releases_批量下载 xray\Xray-core\v24.12.18\Xray-linux-mips32le.zip    | LOCAL=f28109917c84474abdbbba5e0637027ab6cdc4950835312f30bfda8d347c6bd0 REMOTE=f28109917c84474abdbbba5e0637027ab6cdc4950835312f30bfda8d347c6bd0
[1984/3625] Checking is OK   | E:\01.userData\ZhuoMian\Github_Releases_批量下载 xray\Xray-core\v24.12.18\Xray-linux-mips64.zip      | LOCAL=2411a071e05f9e96a681e0f4675608d84cd8bf2738ce7459f5a1b5ea693cf350 REMOTE=2411a071e05f9e96a681e0f4675608d84cd8bf2738ce7459f5a1b5ea693cf350
[1985/3625] Checking is OK   | E:\01.userData\ZhuoMian\Github_Releases_批量下载 xray\Xray-core\v24.12.18\Xray-linux-mips64le.zip    | LOCAL=69fa71c54f2f4fd20eccf57d368a43ca571a2f12b355427f257a82d41da4ae2c REMOTE=69fa71c54f2f4fd20eccf57d368a43ca571a2f12b355427f257a82d41da4ae2c
[1986/3625] Checking is OK   | E:\01.userData\ZhuoMian\Github_Releases_批量下载 xray\Xray-core\v24.12.18\Xray-linux-ppc64.zip       | LOCAL=efd53188df5eeaa35173e9a4569ba29c758ddfeebed881f25128cced267f22f8 REMOTE=efd53188df5eeaa35173e9a4569ba29c758ddfeebed881f25128cced267f22f8
[1987/3625] Checking is OK   | E:\01.userData\ZhuoMian\Github_Releases_批量下载 xray\Xray-core\v24.12.18\Xray-linux-ppc64le.zip     | LOCAL=8558235ae3e679150448b633ab7b88c64fbedb07fcb6e23c23e69d59e46b6d3f REMOTE=8558235ae3e679150448b633ab7b88c64fbedb07fcb6e23c23e69d59e46b6d3f
[1988/3625] Checking is OK   | E:\01.userData\ZhuoMian\Github_Releases_批量下载 xray\Xray-core\v24.12.18\Xray-linux-riscv64.zip     | LOCAL=bb5fec51f0ca1528e29ea6a4c115e1a866e00686eb388b301fc19cb19b47ca91 REMOTE=bb5fec51f0ca1528e29ea6a4c115e1a866e00686eb388b301fc19cb19b47ca91
[1989/3625] Checking is OK   | E:\01.userData\ZhuoMian\Github_Releases_批量下载 xray\Xray-core\v24.12.18\Xray-linux-s390x.zip       | LOCAL=7a0ecab9b6f736da7acca2966ddc3b6ddb62d21781de63e4b7bfd690032e0b4b REMOTE=7a0ecab9b6f736da7acca2966ddc3b6ddb62d21781de63e4b7bfd690032e0b4b
[1990/3625] Checking is OK   | E:\01.userData\ZhuoMian\Github_Releases_批量下载 xray\Xray-core\v24.12.18\Xray-macos-64.zip          | LOCAL=97b4d97908b6fc85470967b07ba96d65041322c6d75ea03daffdaf72e9b5fc35 REMOTE=97b4d97908b6fc85470967b07ba96d65041322c6d75ea03daffdaf72e9b5fc35
[1991/3625] Checking is OK   | E:\01.userData\ZhuoMian\Github_Releases_批量下载 xray\Xray-core\v24.12.18\Xray-macos-arm64-v8a.zip   | LOCAL=df7e4f8ddb7b37d49434338dfb59568cf0dff09c98d984b4e97aacc26e1d7da6 REMOTE=df7e4f8ddb7b37d49434338dfb59568cf0dff09c98d984b4e97aacc26e1d7da6
[1992/3625] Checking is OK   | E:\01.userData\ZhuoMian\Github_Releases_批量下载 xray\Xray-core\v24.12.18\Xray-openbsd-32.zip        | LOCAL=ea9666d1a45cf9023fac69942b0967d4116d214764d004245a42894890fae273 REMOTE=ea9666d1a45cf9023fac69942b0967d4116d214764d004245a42894890fae273
[1993/3625] Checking is OK   | E:\01.userData\ZhuoMian\Github_Releases_批量下载 xray\Xray-core\v24.12.18\Xray-openbsd-64.zip        | LOCAL=dfbed3a061b28aa3eabce69ed5fbd7a255ed873627f96f196d2996956d450354 REMOTE=dfbed3a061b28aa3eabce69ed5fbd7a255ed873627f96f196d2996956d450354
[1994/3625] Checking is OK   | E:\01.userData\ZhuoMian\Github_Releases_批量下载 xray\Xray-core\v24.12.18\Xray-openbsd-arm32-v7a.zip | LOCAL=6cb09ba8ba15afdb1fa007384ca314da4fc18ebcf6e0811ff048988bfedb4b7e REMOTE=6cb09ba8ba15afdb1fa007384ca314da4fc18ebcf6e0811ff048988bfedb4b7e
[1995/3625] Checking is OK   | E:\01.userData\ZhuoMian\Github_Releases_批量下载 xray\Xray-core\v24.12.18\Xray-openbsd-arm64-v8a.zip | LOCAL=6234a435caeff10ec971786430085636ae03b747cf8eca2fef1972300c81a08b REMOTE=6234a435caeff10ec971786430085636ae03b747cf8eca2fef1972300c81a08b
[1996/3625] Checking is OK   | E:\01.userData\ZhuoMian\Github_Releases_批量下载 xray\Xray-core\v24.12.18\Xray-win7-32.zip           | LOCAL=09f694f1669f5346c60ed9f372a486d4293cb2d7cc18ec6a5177bc2438ff362e REMOTE=09f694f1669f5346c60ed9f372a486d4293cb2d7cc18ec6a5177bc2438ff362e
[1997/3625] Checking is OK   | E:\01.userData\ZhuoMian\Github_Releases_批量下载 xray\Xray-core\v24.12.18\Xray-win7-64.zip           | LOCAL=992d0611ffc55f5c60e0389eb90fae89e2769f5a259f2926df0090396356c7ab REMOTE=992d0611ffc55f5c60e0389eb90fae89e2769f5a259f2926df0090396356c7ab
[1998/3625] Checking is OK   | E:\01.userData\ZhuoMian\Github_Releases_批量下载 xray\Xray-core\v24.12.18\Xray-windows-32.zip        | LOCAL=1108771e916670f383b7a6d6372688395b267fb4d6aefb75f13bccffcc1dcec5 REMOTE=1108771e916670f383b7a6d6372688395b267fb4d6aefb75f13bccffcc1dcec5
[1999/3625] Checking is OK   | E:\01.userData\ZhuoMian\Github_Releases_批量下载 xray\Xray-core\v24.12.18\Xray-windows-64.zip        | LOCAL=8fe8822cd8a8fc5270ea822fda4770a7099304e8da87926b31ea8b6375df0312 REMOTE=8fe8822cd8a8fc5270ea822fda4770a7099304e8da87926b31ea8b6375df0312
[2000/3625] Checking is OK   | E:\01.userData\ZhuoMian\Github_Releases_批量下载 xray\Xray-core\v24.12.18\Xray-windows-arm32-v7a.zip | LOCAL=e4d5b88fddcd1cffbd9b23b5b61f1df62b344a6896d0a87932c7928e826b49e1 REMOTE=e4d5b88fddcd1cffbd9b23b5b61f1df62b344a6896d0a87932c7928e826b49e1
[2001/3625] Checking is OK   | E:\01.userData\ZhuoMian\Github_Releases_批量下载 xray\Xray-core\v24.12.18\Xray-windows-arm64-v8a.zip | LOCAL=fbeeb69bda16f140d8e66573b210541ecc929fa6d2c654527b235fa703d43e23 REMOTE=fbeeb69bda16f140d8e66573b210541ecc929fa6d2c654527b235fa703d43e23
[2002/3625] Checking is OK   | E:\01.userData\ZhuoMian\Github_Releases_批量下载 xray\Xray-core\v24.12.28\Xray-android-arm64-v8a.zip | LOCAL=b26085ca7af77d7ac0eb20ad229059502364db5fdb90480bbdf66f22d86a3f49 REMOTE=b26085ca7af77d7ac0eb20ad229059502364db5fdb90480bbdf66f22d86a3f49
[2003/3625] Checking is OK   | E:\01.userData\ZhuoMian\Github_Releases_批量下载 xray\Xray-core\v24.12.28\Xray-freebsd-32.zip        | LOCAL=4443bae0a2a827cb824d13b34f433f39faceeffcfa44b7a85a09872244802f57 REMOTE=4443bae0a2a827cb824d13b34f433f39faceeffcfa44b7a85a09872244802f57
[2004/3625] Checking is OK   | E:\01.userData\ZhuoMian\Github_Releases_批量下载 xray\Xray-core\v24.12.28\Xray-freebsd-64.zip        | LOCAL=643ea421672961e4b8a12472e319f5dab3e7ce87660a1d2683ed5eb0207c5342 REMOTE=643ea421672961e4b8a12472e319f5dab3e7ce87660a1d2683ed5eb0207c5342
[2005/3625] Checking is OK   | E:\01.userData\ZhuoMian\Github_Releases_批量下载 xray\Xray-core\v24.12.28\Xray-freebsd-arm32-v7a.zip | LOCAL=827745b3752bb485f5ff6e3ce7831cf00838a80dd1bde145840ac2da886c8c70 REMOTE=827745b3752bb485f5ff6e3ce7831cf00838a80dd1bde145840ac2da886c8c70
[2006/3625] Checking is OK   | E:\01.userData\ZhuoMian\Github_Releases_批量下载 xray\Xray-core\v24.12.28\Xray-freebsd-arm64-v8a.zip | LOCAL=7c608e943d3becbb089accb977a9ad9cbb00f88307e07dac6cf0cbfe9e2cf375 REMOTE=7c608e943d3becbb089accb977a9ad9cbb00f88307e07dac6cf0cbfe9e2cf375
[2007/3625] Checking is OK   | E:\01.userData\ZhuoMian\Github_Releases_批量下载 xray\Xray-core\v24.12.28\Xray-linux-32.zip          | LOCAL=e9f3aff4dbddaf40c602a5a5e8c824da6fe752abbc08d3cb530800dd86c78570 REMOTE=e9f3aff4dbddaf40c602a5a5e8c824da6fe752abbc08d3cb530800dd86c78570
[2008/3625] Checking is OK   | E:\01.userData\ZhuoMian\Github_Releases_批量下载 xray\Xray-core\v24.12.28\Xray-linux-64.zip          | LOCAL=0cf838d7f2c1a72444e2a89fd996c0bc78c014ba43267e272ef235cc1ed5e8dc REMOTE=0cf838d7f2c1a72444e2a89fd996c0bc78c014ba43267e272ef235cc1ed5e8dc
[2009/3625] Checking is OK   | E:\01.userData\ZhuoMian\Github_Releases_批量下载 xray\Xray-core\v24.12.28\Xray-linux-arm32-v5.zip    | LOCAL=61f30e5f91258800bc5df08e46a6f908d6da8f75abe72658d7bd3abf73a56068 REMOTE=61f30e5f91258800bc5df08e46a6f908d6da8f75abe72658d7bd3abf73a56068
[2010/3625] Checking is OK   | E:\01.userData\ZhuoMian\Github_Releases_批量下载 xray\Xray-core\v24.12.28\Xray-linux-arm32-v6.zip    | LOCAL=882cc320294f6fd61d6e43cade6cafb8783071f411d8858ecc79e7e070282b82 REMOTE=882cc320294f6fd61d6e43cade6cafb8783071f411d8858ecc79e7e070282b82
[2011/3625] Checking is OK   | E:\01.userData\ZhuoMian\Github_Releases_批量下载 xray\Xray-core\v24.12.28\Xray-linux-arm32-v7a.zip   | LOCAL=ebfeb15b66983bf27931be5b0b7052e0a2c6bc4bccf259158d1a720a0628d6b7 REMOTE=ebfeb15b66983bf27931be5b0b7052e0a2c6bc4bccf259158d1a720a0628d6b7
[2012/3625] Checking is OK   | E:\01.userData\ZhuoMian\Github_Releases_批量下载 xray\Xray-core\v24.12.28\Xray-linux-arm64-v8a.zip   | LOCAL=46fa64cc22df89524213f0a8156861fbb32c26858f94f991fcfed4ea07ec0819 REMOTE=46fa64cc22df89524213f0a8156861fbb32c26858f94f991fcfed4ea07ec0819
[2013/3625] Checking is OK   | E:\01.userData\ZhuoMian\Github_Releases_批量下载 xray\Xray-core\v24.12.28\Xray-linux-loong64.zip     | LOCAL=9cd0029a3644d81a0d3b8ed30448cef49f3a762d219d1d628a54ea1898961c21 REMOTE=9cd0029a3644d81a0d3b8ed30448cef49f3a762d219d1d628a54ea1898961c21
[2014/3625] Checking is OK   | E:\01.userData\ZhuoMian\Github_Releases_批量下载 xray\Xray-core\v24.12.28\Xray-linux-mips32.zip      | LOCAL=afd326c629bb192ddde8627c57355efa25f3823b342720062ae2f741c44e1f4d REMOTE=afd326c629bb192ddde8627c57355efa25f3823b342720062ae2f741c44e1f4d
[2015/3625] Checking is OK   | E:\01.userData\ZhuoMian\Github_Releases_批量下载 xray\Xray-core\v24.12.28\Xray-linux-mips32le.zip    | LOCAL=6adb92bb2c681b59cc2e55ee9e3ef0fdda9d9b82a7bb17c5ed601917df7154d6 REMOTE=6adb92bb2c681b59cc2e55ee9e3ef0fdda9d9b82a7bb17c5ed601917df7154d6
[2016/3625] Checking is OK   | E:\01.userData\ZhuoMian\Github_Releases_批量下载 xray\Xray-core\v24.12.28\Xray-linux-mips64.zip      | LOCAL=5f9e33b1de4d044c2d1b27f33021f851d8e5bbff19c08807d51465035136ca9a REMOTE=5f9e33b1de4d044c2d1b27f33021f851d8e5bbff19c08807d51465035136ca9a
[2017/3625] Checking is OK   | E:\01.userData\ZhuoMian\Github_Releases_批量下载 xray\Xray-core\v24.12.28\Xray-linux-mips64le.zip    | LOCAL=6e56d48f2a806b8c6b3dc8d1a64ebc7e2e65cc67f5682e59394e6ed2c7a0685c REMOTE=6e56d48f2a806b8c6b3dc8d1a64ebc7e2e65cc67f5682e59394e6ed2c7a0685c
[2018/3625] Checking is OK   | E:\01.userData\ZhuoMian\Github_Releases_批量下载 xray\Xray-core\v24.12.28\Xray-linux-ppc64.zip       | LOCAL=2cf92c1b686805910d965a054b035a05ed7f144a44215d184008c6da8275d76b REMOTE=2cf92c1b686805910d965a054b035a05ed7f144a44215d184008c6da8275d76b
[2019/3625] Checking is OK   | E:\01.userData\ZhuoMian\Github_Releases_批量下载 xray\Xray-core\v24.12.28\Xray-linux-ppc64le.zip     | LOCAL=0160f9f3b9286ba57012fddb57f29d07b2c2a49db96d47c3c8853275d4829792 REMOTE=0160f9f3b9286ba57012fddb57f29d07b2c2a49db96d47c3c8853275d4829792
[2020/3625] Checking is OK   | E:\01.userData\ZhuoMian\Github_Releases_批量下载 xray\Xray-core\v24.12.28\Xray-linux-riscv64.zip     | LOCAL=44c987030124abfe55e5736e7988323738dc62022666c20d679a0648eed6483b REMOTE=44c987030124abfe55e5736e7988323738dc62022666c20d679a0648eed6483b
[2021/3625] Checking is OK   | E:\01.userData\ZhuoMian\Github_Releases_批量下载 xray\Xray-core\v24.12.28\Xray-linux-s390x.zip       | LOCAL=3b7ebaf56e212a4008e4d41676354ce3a32708be3e79ef0aaec80ba68103b79d REMOTE=3b7ebaf56e212a4008e4d41676354ce3a32708be3e79ef0aaec80ba68103b79d
[2022/3625] Checking is OK   | E:\01.userData\ZhuoMian\Github_Releases_批量下载 xray\Xray-core\v24.12.28\Xray-macos-64.zip          | LOCAL=fffe72c005a5c816ba2d5d52993ba1a61cb03854165bc81853d1f88866e14d48 REMOTE=fffe72c005a5c816ba2d5d52993ba1a61cb03854165bc81853d1f88866e14d48
[2023/3625] Checking is OK   | E:\01.userData\ZhuoMian\Github_Releases_批量下载 xray\Xray-core\v24.12.28\Xray-macos-arm64-v8a.zip   | LOCAL=fbb8175a6ad8739b0a27f68bc2d67ffa4c232494c6ab6d0f6c37d72391db400b REMOTE=fbb8175a6ad8739b0a27f68bc2d67ffa4c232494c6ab6d0f6c37d72391db400b
[2024/3625] Checking is OK   | E:\01.userData\ZhuoMian\Github_Releases_批量下载 xray\Xray-core\v24.12.28\Xray-openbsd-32.zip        | LOCAL=32263db9c3beeff246fa4e8778d008d46d82baebed6a380ff697ae5941f7879c REMOTE=32263db9c3beeff246fa4e8778d008d46d82baebed6a380ff697ae5941f7879c
[2025/3625] Checking is OK   | E:\01.userData\ZhuoMian\Github_Releases_批量下载 xray\Xray-core\v24.12.28\Xray-openbsd-64.zip        | LOCAL=b08b46ce030a0faf70e9f97e58f28484b690ca949a6a5983fa81dac96261df8b REMOTE=b08b46ce030a0faf70e9f97e58f28484b690ca949a6a5983fa81dac96261df8b
[2026/3625] Checking is OK   | E:\01.userData\ZhuoMian\Github_Releases_批量下载 xray\Xray-core\v24.12.28\Xray-openbsd-arm32-v7a.zip | LOCAL=f47bf6c115bfb8dbfcca8f9017db109e94ad8ef10458483a3adb4fdd00ddffe3 REMOTE=f47bf6c115bfb8dbfcca8f9017db109e94ad8ef10458483a3adb4fdd00ddffe3
[2027/3625] Checking is OK   | E:\01.userData\ZhuoMian\Github_Releases_批量下载 xray\Xray-core\v24.12.28\Xray-openbsd-arm64-v8a.zip | LOCAL=56863107ac6cd8eec90cf48f3ca32da7575f7af606cb4ffabd709675098e9539 REMOTE=56863107ac6cd8eec90cf48f3ca32da7575f7af606cb4ffabd709675098e9539
[2028/3625] Checking is OK   | E:\01.userData\ZhuoMian\Github_Releases_批量下载 xray\Xray-core\v24.12.28\Xray-win7-32.zip           | LOCAL=b9d5c0b619cfd7410e0b6c46127cd2b6281d2a611b2d816bd26d0b338ab3a0a6 REMOTE=b9d5c0b619cfd7410e0b6c46127cd2b6281d2a611b2d816bd26d0b338ab3a0a6
[2029/3625] Checking is OK   | E:\01.userData\ZhuoMian\Github_Releases_批量下载 xray\Xray-core\v24.12.28\Xray-win7-64.zip           | LOCAL=1422ff63f0eadd2fe6ddcffbd3df0ce4a721c722fd5113328a08ecd21a8b9ba0 REMOTE=1422ff63f0eadd2fe6ddcffbd3df0ce4a721c722fd5113328a08ecd21a8b9ba0
[2030/3625] Checking is OK   | E:\01.userData\ZhuoMian\Github_Releases_批量下载 xray\Xray-core\v24.12.28\Xray-windows-32.zip        | LOCAL=eb1966e617948b282b9fcf9bd932368a80efcf3b8a9addbe60e7042b91021728 REMOTE=eb1966e617948b282b9fcf9bd932368a80efcf3b8a9addbe60e7042b91021728
[2031/3625] Checking is OK   | E:\01.userData\ZhuoMian\Github_Releases_批量下载 xray\Xray-core\v24.12.28\Xray-windows-64.zip        | LOCAL=8ef1546fd11d691b2bbd11aaee9848b276fd3deccd018ef2f3257d186eca87fa REMOTE=8ef1546fd11d691b2bbd11aaee9848b276fd3deccd018ef2f3257d186eca87fa
[2032/3625] Checking is OK   | E:\01.userData\ZhuoMian\Github_Releases_批量下载 xray\Xray-core\v24.12.28\Xray-windows-arm32-v7a.zip | LOCAL=27255039a49c382932348f7116e29a515fb8effecc3098b3eeff489eb3d50de9 REMOTE=27255039a49c382932348f7116e29a515fb8effecc3098b3eeff489eb3d50de9
[2033/3625] Checking is OK   | E:\01.userData\ZhuoMian\Github_Releases_批量下载 xray\Xray-core\v24.12.28\Xray-windows-arm64-v8a.zip | LOCAL=3da6c3c7d8d85691c6e64c86ba7926893c8dca15ae13094202daf265ae47b312 REMOTE=3da6c3c7d8d85691c6e64c86ba7926893c8dca15ae13094202daf265ae47b312
[2034/3625] Checking is OK   | E:\01.userData\ZhuoMian\Github_Releases_批量下载 xray\Xray-core\v24.12.31\Xray-android-arm64-v8a.zip | LOCAL=446022b73ce547e437b55f623197416d54e50564ab865a0ca8b118c20c8d8207 REMOTE=446022b73ce547e437b55f623197416d54e50564ab865a0ca8b118c20c8d8207
[2035/3625] Checking is OK   | E:\01.userData\ZhuoMian\Github_Releases_批量下载 xray\Xray-core\v24.12.31\Xray-freebsd-32.zip        | LOCAL=bbb462a5cbd4ee5cf8c2bcae3eb4c3c113186fcc66e610683ad3086817315118 REMOTE=bbb462a5cbd4ee5cf8c2bcae3eb4c3c113186fcc66e610683ad3086817315118
[2036/3625] Checking is OK   | E:\01.userData\ZhuoMian\Github_Releases_批量下载 xray\Xray-core\v24.12.31\Xray-freebsd-64.zip        | LOCAL=a53adc1164d0425a3d8c745c3b3e4515ea7e5a51f0e9d909a673bc74eff83298 REMOTE=a53adc1164d0425a3d8c745c3b3e4515ea7e5a51f0e9d909a673bc74eff83298
[2037/3625] Checking is OK   | E:\01.userData\ZhuoMian\Github_Releases_批量下载 xray\Xray-core\v24.12.31\Xray-freebsd-arm32-v7a.zip | LOCAL=232a24d6f73b2b2b1e3d633a6849cbc8158ac14e91210fe27e9e6f33a22a679d REMOTE=232a24d6f73b2b2b1e3d633a6849cbc8158ac14e91210fe27e9e6f33a22a679d
[2038/3625] Checking is OK   | E:\01.userData\ZhuoMian\Github_Releases_批量下载 xray\Xray-core\v24.12.31\Xray-freebsd-arm64-v8a.zip | LOCAL=34bebeccf12f34de4da37448eabb28fb49a2711afefdbf29d1cfe0b899c77fae REMOTE=34bebeccf12f34de4da37448eabb28fb49a2711afefdbf29d1cfe0b899c77fae
[2039/3625] Checking is OK   | E:\01.userData\ZhuoMian\Github_Releases_批量下载 xray\Xray-core\v24.12.31\Xray-linux-32.zip          | LOCAL=75e295c37f96610da56c1e5a3cf8c92d7d11a176336797b781e8bde8d6f7abb9 REMOTE=75e295c37f96610da56c1e5a3cf8c92d7d11a176336797b781e8bde8d6f7abb9
[2040/3625] Checking is OK   | E:\01.userData\ZhuoMian\Github_Releases_批量下载 xray\Xray-core\v24.12.31\Xray-linux-64.zip          | LOCAL=445353d406081585a5e2958ed05372e3bf90ec6e4301d5ae7177231bb554077f REMOTE=445353d406081585a5e2958ed05372e3bf90ec6e4301d5ae7177231bb554077f
[2041/3625] Checking is OK   | E:\01.userData\ZhuoMian\Github_Releases_批量下载 xray\Xray-core\v24.12.31\Xray-linux-arm32-v5.zip    | LOCAL=44cadfebf5348e3f16db0deb173d3cc74095647d4f6f3e75f1e9dd3e018ac180 REMOTE=44cadfebf5348e3f16db0deb173d3cc74095647d4f6f3e75f1e9dd3e018ac180
[2042/3625] Checking is OK   | E:\01.userData\ZhuoMian\Github_Releases_批量下载 xray\Xray-core\v24.12.31\Xray-linux-arm32-v6.zip    | LOCAL=882fb3e284ed9965d948e6daae3e81d1dc5c7c5e8373627859395a0ae8db6cea REMOTE=882fb3e284ed9965d948e6daae3e81d1dc5c7c5e8373627859395a0ae8db6cea
[2043/3625] Checking is OK   | E:\01.userData\ZhuoMian\Github_Releases_批量下载 xray\Xray-core\v24.12.31\Xray-linux-arm32-v7a.zip   | LOCAL=6236e1ed2a4788f5c1dc9b733e0c13080596d02625a3d70903d0d8e4916961ea REMOTE=6236e1ed2a4788f5c1dc9b733e0c13080596d02625a3d70903d0d8e4916961ea
[2044/3625] Checking is OK   | E:\01.userData\ZhuoMian\Github_Releases_批量下载 xray\Xray-core\v24.12.31\Xray-linux-arm64-v8a.zip   | LOCAL=746333b1bf9ad8b860fe77d9f5ba94588449923519de38947eaca4112527f7b8 REMOTE=746333b1bf9ad8b860fe77d9f5ba94588449923519de38947eaca4112527f7b8
[2045/3625] Checking is OK   | E:\01.userData\ZhuoMian\Github_Releases_批量下载 xray\Xray-core\v24.12.31\Xray-linux-loong64.zip     | LOCAL=57050c88d7b8b097c154146ea5d790e4b09228c2d10bf66a2237bbbdc2aa1f74 REMOTE=57050c88d7b8b097c154146ea5d790e4b09228c2d10bf66a2237bbbdc2aa1f74
[2046/3625] Checking is OK   | E:\01.userData\ZhuoMian\Github_Releases_批量下载 xray\Xray-core\v24.12.31\Xray-linux-mips32.zip      | LOCAL=5151d6d347d5bfe4ea5915cbca498f1338a51a65878827ca2109a741eaa725a4 REMOTE=5151d6d347d5bfe4ea5915cbca498f1338a51a65878827ca2109a741eaa725a4
[2047/3625] Checking is OK   | E:\01.userData\ZhuoMian\Github_Releases_批量下载 xray\Xray-core\v24.12.31\Xray-linux-mips32le.zip    | LOCAL=aaa0e4a6080a5fc2349854f69c3a7e6abe5e7c7c1ac5fc877f8e1c6d27900119 REMOTE=aaa0e4a6080a5fc2349854f69c3a7e6abe5e7c7c1ac5fc877f8e1c6d27900119
[2048/3625] Checking is OK   | E:\01.userData\ZhuoMian\Github_Releases_批量下载 xray\Xray-core\v24.12.31\Xray-linux-mips64.zip      | LOCAL=e70f1f2b6782b81abb4a657cc33609460888fad1753fdbfa56b1be597c61cf38 REMOTE=e70f1f2b6782b81abb4a657cc33609460888fad1753fdbfa56b1be597c61cf38
[2049/3625] Checking is OK   | E:\01.userData\ZhuoMian\Github_Releases_批量下载 xray\Xray-core\v24.12.31\Xray-linux-mips64le.zip    | LOCAL=5f2630b52a76cd81f23bae4734b48835525ad20365f5374e4668d6e401cfa6c7 REMOTE=5f2630b52a76cd81f23bae4734b48835525ad20365f5374e4668d6e401cfa6c7
[2050/3625] Checking is OK   | E:\01.userData\ZhuoMian\Github_Releases_批量下载 xray\Xray-core\v24.12.31\Xray-linux-ppc64.zip       | LOCAL=3007cf13efb23287954ee6633f0c573f18bdbaa747a651f4827289e9722812c7 REMOTE=3007cf13efb23287954ee6633f0c573f18bdbaa747a651f4827289e9722812c7
[2051/3625] Checking is OK   | E:\01.userData\ZhuoMian\Github_Releases_批量下载 xray\Xray-core\v24.12.31\Xray-linux-ppc64le.zip     | LOCAL=24743addc507145d72945ae362a6ac245cb00fb65284b866e3e09206c292cf4f REMOTE=24743addc507145d72945ae362a6ac245cb00fb65284b866e3e09206c292cf4f
[2052/3625] Checking is OK   | E:\01.userData\ZhuoMian\Github_Releases_批量下载 xray\Xray-core\v24.12.31\Xray-linux-riscv64.zip     | LOCAL=627c452a795bc7092a72601f414eb699e69df9ac1588786a9bb88341168611dd REMOTE=627c452a795bc7092a72601f414eb699e69df9ac1588786a9bb88341168611dd
[2053/3625] Checking is OK   | E:\01.userData\ZhuoMian\Github_Releases_批量下载 xray\Xray-core\v24.12.31\Xray-linux-s390x.zip       | LOCAL=dbf05cd2f9e25f0f129f585eddee4f3638a7d1cc917b67ab975699b77946e805 REMOTE=dbf05cd2f9e25f0f129f585eddee4f3638a7d1cc917b67ab975699b77946e805
[2054/3625] Checking is OK   | E:\01.userData\ZhuoMian\Github_Releases_批量下载 xray\Xray-core\v24.12.31\Xray-macos-64.zip          | LOCAL=c8c65ec19221795ebd09667eadd155261a6f552b954358abd58c3dfb4b6458c8 REMOTE=c8c65ec19221795ebd09667eadd155261a6f552b954358abd58c3dfb4b6458c8
[2055/3625] Checking is OK   | E:\01.userData\ZhuoMian\Github_Releases_批量下载 xray\Xray-core\v24.12.31\Xray-macos-arm64-v8a.zip   | LOCAL=cdb880fb56d6cf3ab459e91515d9f55b7ac77618a26870a723fe5580a473c7ea REMOTE=cdb880fb56d6cf3ab459e91515d9f55b7ac77618a26870a723fe5580a473c7ea
[2056/3625] Checking is OK   | E:\01.userData\ZhuoMian\Github_Releases_批量下载 xray\Xray-core\v24.12.31\Xray-openbsd-32.zip        | LOCAL=a6e59321440a9e345850a95eddf48fde30c6eac60c524e1463ce5710580fb73e REMOTE=a6e59321440a9e345850a95eddf48fde30c6eac60c524e1463ce5710580fb73e
[2057/3625] Checking is OK   | E:\01.userData\ZhuoMian\Github_Releases_批量下载 xray\Xray-core\v24.12.31\Xray-openbsd-64.zip        | LOCAL=25ae4a7b24abc0e8648dec51e40193c181a0f0be39235f1061072f82e16dc6c2 REMOTE=25ae4a7b24abc0e8648dec51e40193c181a0f0be39235f1061072f82e16dc6c2
[2058/3625] Checking is OK   | E:\01.userData\ZhuoMian\Github_Releases_批量下载 xray\Xray-core\v24.12.31\Xray-openbsd-arm32-v7a.zip | LOCAL=a3bca921935e1715810c822a6d13dc710edc2976399a8b7d23fdfdb1c4d8fdf0 REMOTE=a3bca921935e1715810c822a6d13dc710edc2976399a8b7d23fdfdb1c4d8fdf0
[2059/3625] Checking is OK   | E:\01.userData\ZhuoMian\Github_Releases_批量下载 xray\Xray-core\v24.12.31\Xray-openbsd-arm64-v8a.zip | LOCAL=951fdd10d81caacb7619ff4ce6be8e405c6a5f5a331ceea5b8c16611a6aadb39 REMOTE=951fdd10d81caacb7619ff4ce6be8e405c6a5f5a331ceea5b8c16611a6aadb39
[2060/3625] Checking is OK   | E:\01.userData\ZhuoMian\Github_Releases_批量下载 xray\Xray-core\v24.12.31\Xray-win7-32.zip           | LOCAL=69020e9d1e69b1342e136ecbd45da9d568ec0f6bed5f6046f647466ffe03f5f1 REMOTE=69020e9d1e69b1342e136ecbd45da9d568ec0f6bed5f6046f647466ffe03f5f1
[2061/3625] Checking is OK   | E:\01.userData\ZhuoMian\Github_Releases_批量下载 xray\Xray-core\v24.12.31\Xray-win7-64.zip           | LOCAL=a92f83419386eee4498259af68b1d7860b6dc861e79bc53cae156c2825e0c007 REMOTE=a92f83419386eee4498259af68b1d7860b6dc861e79bc53cae156c2825e0c007
[2062/3625] Checking is OK   | E:\01.userData\ZhuoMian\Github_Releases_批量下载 xray\Xray-core\v24.12.31\Xray-windows-32.zip        | LOCAL=a8436ae3f03cdc6af5a598811eef4d73177971b7b82ffeecc28e11ca9ecafda2 REMOTE=a8436ae3f03cdc6af5a598811eef4d73177971b7b82ffeecc28e11ca9ecafda2
[2063/3625] Checking is OK   | E:\01.userData\ZhuoMian\Github_Releases_批量下载 xray\Xray-core\v24.12.31\Xray-windows-64.zip        | LOCAL=b5e765ed60e37942744e6550f74567d5df619b32fa7eac6350ad14711250fb1f REMOTE=b5e765ed60e37942744e6550f74567d5df619b32fa7eac6350ad14711250fb1f
[2064/3625] Checking is OK   | E:\01.userData\ZhuoMian\Github_Releases_批量下载 xray\Xray-core\v24.12.31\Xray-windows-arm32-v7a.zip | LOCAL=a147ea0adfc9b1c9d203c3808837b66b028a5ab45c933973985e1273cfc99eb1 REMOTE=a147ea0adfc9b1c9d203c3808837b66b028a5ab45c933973985e1273cfc99eb1
[2065/3625] Checking is OK   | E:\01.userData\ZhuoMian\Github_Releases_批量下载 xray\Xray-core\v24.12.31\Xray-windows-arm64-v8a.zip | LOCAL=eefc3cec8d49ae3fc35b362c21e8f1f66f94f536dd3bfdfdb589675a16b0c311 REMOTE=eefc3cec8d49ae3fc35b362c21e8f1f66f94f536dd3bfdfdb589675a16b0c311
[2066/3625] Checking is OK   | E:\01.userData\ZhuoMian\Github_Releases_批量下载 xray\Xray-core\v24.9.16\Xray-android-arm64-v8a.zip  | LOCAL=88a24bdcb5b40197de4c5b06f4094b22a8cfb4498728794b5524bd38d2d79c21 REMOTE=88a24bdcb5b40197de4c5b06f4094b22a8cfb4498728794b5524bd38d2d79c21
[2067/3625] Checking is OK   | E:\01.userData\ZhuoMian\Github_Releases_批量下载 xray\Xray-core\v24.9.16\Xray-freebsd-32.zip         | LOCAL=1ea4ac05b5a727a24c5c6cc62067df340e3e8c63f95df9df41855c01dba02615 REMOTE=1ea4ac05b5a727a24c5c6cc62067df340e3e8c63f95df9df41855c01dba02615
[2068/3625] Checking is OK   | E:\01.userData\ZhuoMian\Github_Releases_批量下载 xray\Xray-core\v24.9.16\Xray-freebsd-64.zip         | LOCAL=694e7b0118d408650e73ff60994fcc902363c82e1682c25bde3cbd8346fde68d REMOTE=694e7b0118d408650e73ff60994fcc902363c82e1682c25bde3cbd8346fde68d
[2069/3625] Checking is OK   | E:\01.userData\ZhuoMian\Github_Releases_批量下载 xray\Xray-core\v24.9.16\Xray-freebsd-arm32-v7a.zip  | LOCAL=57ec31c89e7c3625ec73a094772b65a14aa3868b6dc385924f775ce45a38cb85 REMOTE=57ec31c89e7c3625ec73a094772b65a14aa3868b6dc385924f775ce45a38cb85
[2070/3625] Checking is OK   | E:\01.userData\ZhuoMian\Github_Releases_批量下载 xray\Xray-core\v24.9.16\Xray-freebsd-arm64-v8a.zip  | LOCAL=7791002007bef2742427c58b3e153f184da7df959401e0bc9c3ae33b5b0497be REMOTE=7791002007bef2742427c58b3e153f184da7df959401e0bc9c3ae33b5b0497be
[2071/3625] Checking is OK   | E:\01.userData\ZhuoMian\Github_Releases_批量下载 xray\Xray-core\v24.9.16\Xray-linux-32.zip           | LOCAL=abc49cbcc6531e65dcda4a144bd255d019912f3231f2a9772f7727231d88bc43 REMOTE=abc49cbcc6531e65dcda4a144bd255d019912f3231f2a9772f7727231d88bc43
[2072/3625] Checking is OK   | E:\01.userData\ZhuoMian\Github_Releases_批量下载 xray\Xray-core\v24.9.16\Xray-linux-64.zip           | LOCAL=5aefc78aaf074a4665ae9138c8dccb06ce45031335d8451fb313e495f5af7e04 REMOTE=5aefc78aaf074a4665ae9138c8dccb06ce45031335d8451fb313e495f5af7e04
[2073/3625] Checking is OK   | E:\01.userData\ZhuoMian\Github_Releases_批量下载 xray\Xray-core\v24.9.16\Xray-linux-arm32-v5.zip     | LOCAL=52e2c55cf30e45107b5524a4fe14f739e16ad189d16d55d98025270289c054fa REMOTE=52e2c55cf30e45107b5524a4fe14f739e16ad189d16d55d98025270289c054fa
[2074/3625] Checking is OK   | E:\01.userData\ZhuoMian\Github_Releases_批量下载 xray\Xray-core\v24.9.16\Xray-linux-arm32-v6.zip     | LOCAL=1b23774bb8047dfa78c6109e3a3033dd30e341bec2f139701838857ecf62a2b6 REMOTE=1b23774bb8047dfa78c6109e3a3033dd30e341bec2f139701838857ecf62a2b6
[2075/3625] Checking is OK   | E:\01.userData\ZhuoMian\Github_Releases_批量下载 xray\Xray-core\v24.9.16\Xray-linux-arm32-v7a.zip    | LOCAL=1ea9211a932cda452f0fb36177490f8da26547cf6052ce1723de178462598019 REMOTE=1ea9211a932cda452f0fb36177490f8da26547cf6052ce1723de178462598019
[2076/3625] Checking is OK   | E:\01.userData\ZhuoMian\Github_Releases_批量下载 xray\Xray-core\v24.9.16\Xray-linux-arm64-v8a.zip    | LOCAL=7148fab887819856fbbd2ebd05a4faa2d10f134c2e035a116f9660084eb8cdf0 REMOTE=7148fab887819856fbbd2ebd05a4faa2d10f134c2e035a116f9660084eb8cdf0
[2077/3625] Checking is OK   | E:\01.userData\ZhuoMian\Github_Releases_批量下载 xray\Xray-core\v24.9.16\Xray-linux-loong64.zip      | LOCAL=eca9d11667fdaacc0e64f8d758ca83f184fee4d34f99e44f62320535cd83258d REMOTE=eca9d11667fdaacc0e64f8d758ca83f184fee4d34f99e44f62320535cd83258d
[2078/3625] Checking is OK   | E:\01.userData\ZhuoMian\Github_Releases_批量下载 xray\Xray-core\v24.9.16\Xray-linux-mips32.zip       | LOCAL=23a699929dcc91e61f180a2146f0a5431237900658418a62e7fdf87745dd0a3a REMOTE=23a699929dcc91e61f180a2146f0a5431237900658418a62e7fdf87745dd0a3a
[2079/3625] Checking is OK   | E:\01.userData\ZhuoMian\Github_Releases_批量下载 xray\Xray-core\v24.9.16\Xray-linux-mips32le.zip     | LOCAL=ea377d10cad2bdf767f2721cf613b1fadc6a1e6f37ba26729a38636f09bf8fea REMOTE=ea377d10cad2bdf767f2721cf613b1fadc6a1e6f37ba26729a38636f09bf8fea
[2080/3625] Checking is OK   | E:\01.userData\ZhuoMian\Github_Releases_批量下载 xray\Xray-core\v24.9.16\Xray-linux-mips64.zip       | LOCAL=c552dcd12534d56d47ef9c2dcf26da0a16e769120639f1fb8b60c6c3827be482 REMOTE=c552dcd12534d56d47ef9c2dcf26da0a16e769120639f1fb8b60c6c3827be482
[2081/3625] Checking is OK   | E:\01.userData\ZhuoMian\Github_Releases_批量下载 xray\Xray-core\v24.9.16\Xray-linux-mips64le.zip     | LOCAL=308da76f92441f3432b0562814b99cc396ab5114c3da29394ecd04102a989930 REMOTE=308da76f92441f3432b0562814b99cc396ab5114c3da29394ecd04102a989930
[2082/3625] Checking is OK   | E:\01.userData\ZhuoMian\Github_Releases_批量下载 xray\Xray-core\v24.9.16\Xray-linux-ppc64.zip        | LOCAL=d50fa1f9a432470296718b6c8b57ee610d18c732266c755174ede995b7d2171f REMOTE=d50fa1f9a432470296718b6c8b57ee610d18c732266c755174ede995b7d2171f
[2083/3625] Checking is OK   | E:\01.userData\ZhuoMian\Github_Releases_批量下载 xray\Xray-core\v24.9.16\Xray-linux-ppc64le.zip      | LOCAL=12443197ace2de3258a67c48e39ed7524675762d9f389800d61f78b592c9c219 REMOTE=12443197ace2de3258a67c48e39ed7524675762d9f389800d61f78b592c9c219
[2084/3625] Checking is OK   | E:\01.userData\ZhuoMian\Github_Releases_批量下载 xray\Xray-core\v24.9.16\Xray-linux-riscv64.zip      | LOCAL=933401fecb465233a8eb57e6068b8d3d7f9a9dd8882a4e20e3113f43011aa886 REMOTE=933401fecb465233a8eb57e6068b8d3d7f9a9dd8882a4e20e3113f43011aa886
[2085/3625] Checking is OK   | E:\01.userData\ZhuoMian\Github_Releases_批量下载 xray\Xray-core\v24.9.16\Xray-linux-s390x.zip        | LOCAL=3356b10d834663ab5799c89efa8be93b5580535c3382def35a05227b4a4640f9 REMOTE=3356b10d834663ab5799c89efa8be93b5580535c3382def35a05227b4a4640f9
[2086/3625] Checking is OK   | E:\01.userData\ZhuoMian\Github_Releases_批量下载 xray\Xray-core\v24.9.16\Xray-macos-64.zip           | LOCAL=616b3a18b5ee3f4e5fb51f9b34fb4eeff126da6dee3a954692d26550196695db REMOTE=616b3a18b5ee3f4e5fb51f9b34fb4eeff126da6dee3a954692d26550196695db
[2087/3625] Checking is OK   | E:\01.userData\ZhuoMian\Github_Releases_批量下载 xray\Xray-core\v24.9.16\Xray-macos-arm64-v8a.zip    | LOCAL=57c4d1a80fb58d30f0b0f4c3528f69aac5afe4e94ab2e070eec7fae6f174061c REMOTE=57c4d1a80fb58d30f0b0f4c3528f69aac5afe4e94ab2e070eec7fae6f174061c
[2088/3625] Checking is OK   | E:\01.userData\ZhuoMian\Github_Releases_批量下载 xray\Xray-core\v24.9.16\Xray-openbsd-32.zip         | LOCAL=e8437c3e69890e4f15e0236c230a58258dc88f5f1ea98e39627fa85a684490ea REMOTE=e8437c3e69890e4f15e0236c230a58258dc88f5f1ea98e39627fa85a684490ea
[2089/3625] Checking is OK   | E:\01.userData\ZhuoMian\Github_Releases_批量下载 xray\Xray-core\v24.9.16\Xray-openbsd-64.zip         | LOCAL=d791171006a88b01c7b46bd7d534edcfb85d0cb056318e89f7c7fc14340ec949 REMOTE=d791171006a88b01c7b46bd7d534edcfb85d0cb056318e89f7c7fc14340ec949
[2090/3625] Checking is OK   | E:\01.userData\ZhuoMian\Github_Releases_批量下载 xray\Xray-core\v24.9.16\Xray-openbsd-arm32-v7a.zip  | LOCAL=95bd816101d287ac7ac0de1c2b41ec0b40c15d9e9cbc1cae4b2731c1c126c1be REMOTE=95bd816101d287ac7ac0de1c2b41ec0b40c15d9e9cbc1cae4b2731c1c126c1be
[2091/3625] Checking is OK   | E:\01.userData\ZhuoMian\Github_Releases_批量下载 xray\Xray-core\v24.9.16\Xray-openbsd-arm64-v8a.zip  | LOCAL=a89120079576dcd4500e65681c0953d18117cd0cf7ea13eace33bd3d131191cd REMOTE=a89120079576dcd4500e65681c0953d18117cd0cf7ea13eace33bd3d131191cd
[2092/3625] Checking is OK   | E:\01.userData\ZhuoMian\Github_Releases_批量下载 xray\Xray-core\v24.9.16\Xray-win7-32.zip            | LOCAL=1f897f89f62319b7f42d36c2766e60b8efc0ea11a3465e6a5c760cec875a530d REMOTE=1f897f89f62319b7f42d36c2766e60b8efc0ea11a3465e6a5c760cec875a530d
[2093/3625] Checking is OK   | E:\01.userData\ZhuoMian\Github_Releases_批量下载 xray\Xray-core\v24.9.16\Xray-win7-64.zip            | LOCAL=83018ecbf776252a47ffe26b0765937ed6b5a1b4f945ec284085e656fe758bb7 REMOTE=83018ecbf776252a47ffe26b0765937ed6b5a1b4f945ec284085e656fe758bb7
[2094/3625] Checking is OK   | E:\01.userData\ZhuoMian\Github_Releases_批量下载 xray\Xray-core\v24.9.16\Xray-windows-32.zip         | LOCAL=6c998ca8c26924cb642434e89f5d4a79e3d790121c073a2aaac7daaebe9e8d53 REMOTE=6c998ca8c26924cb642434e89f5d4a79e3d790121c073a2aaac7daaebe9e8d53
[2095/3625] Checking is OK   | E:\01.userData\ZhuoMian\Github_Releases_批量下载 xray\Xray-core\v24.9.16\Xray-windows-64.zip         | LOCAL=58e453b3ccedda2e33732020fc46a8782cfb0588e3b35ee5b41048ed7499b17b REMOTE=58e453b3ccedda2e33732020fc46a8782cfb0588e3b35ee5b41048ed7499b17b
[2096/3625] Checking is OK   | E:\01.userData\ZhuoMian\Github_Releases_批量下载 xray\Xray-core\v24.9.16\Xray-windows-arm32-v7a.zip  | LOCAL=2fec466c36d8c377bb3f558d3ab7bf2b941c65ec8ae4397a5c90304ef18f5ffb REMOTE=2fec466c36d8c377bb3f558d3ab7bf2b941c65ec8ae4397a5c90304ef18f5ffb
[2097/3625] Checking is OK   | E:\01.userData\ZhuoMian\Github_Releases_批量下载 xray\Xray-core\v24.9.16\Xray-windows-arm64-v8a.zip  | LOCAL=6d78b29e4af6d1186c1c416516386bdd502df83bcb7049d807942226fca366f0 REMOTE=6d78b29e4af6d1186c1c416516386bdd502df83bcb7049d807942226fca366f0
[2098/3625] Checking is OK   | E:\01.userData\ZhuoMian\Github_Releases_批量下载 xray\Xray-core\v24.9.19\Xray-android-arm64-v8a.zip  | LOCAL=8fcdef59792faa63a308049fa2b7d33667548dfa32c0c5911a2b14efc69f3941 REMOTE=8fcdef59792faa63a308049fa2b7d33667548dfa32c0c5911a2b14efc69f3941
[2099/3625] Checking is OK   | E:\01.userData\ZhuoMian\Github_Releases_批量下载 xray\Xray-core\v24.9.19\Xray-freebsd-32.zip         | LOCAL=ffd15220f9da83e8671c12a0eaf178b69c68d8d1d53e1bf26c8a55e7374863f4 REMOTE=ffd15220f9da83e8671c12a0eaf178b69c68d8d1d53e1bf26c8a55e7374863f4
[2100/3625] Checking is OK   | E:\01.userData\ZhuoMian\Github_Releases_批量下载 xray\Xray-core\v24.9.19\Xray-freebsd-64.zip         | LOCAL=3efe3b314eb2a1af1ad833e9a084db9245f01233c6fb489e14140c79010405a5 REMOTE=3efe3b314eb2a1af1ad833e9a084db9245f01233c6fb489e14140c79010405a5
[2101/3625] Checking is OK   | E:\01.userData\ZhuoMian\Github_Releases_批量下载 xray\Xray-core\v24.9.19\Xray-freebsd-arm32-v7a.zip  | LOCAL=cc3928462174d32d62230e2944d25ebbee9e2b7ad3841ee7f641d8b54518572a REMOTE=cc3928462174d32d62230e2944d25ebbee9e2b7ad3841ee7f641d8b54518572a
[2102/3625] Checking is OK   | E:\01.userData\ZhuoMian\Github_Releases_批量下载 xray\Xray-core\v24.9.19\Xray-freebsd-arm64-v8a.zip  | LOCAL=4aaa809db9c688bb06a453dbcb69dfcdd0eff614a0dbd8ea485180c0e841ff75 REMOTE=4aaa809db9c688bb06a453dbcb69dfcdd0eff614a0dbd8ea485180c0e841ff75
[2103/3625] Checking is OK   | E:\01.userData\ZhuoMian\Github_Releases_批量下载 xray\Xray-core\v24.9.19\Xray-linux-32.zip           | LOCAL=432e9a9faed3e75089fef30881882f96856d3d1bdf9deefa779013937e37371e REMOTE=432e9a9faed3e75089fef30881882f96856d3d1bdf9deefa779013937e37371e
[2104/3625] Checking is OK   | E:\01.userData\ZhuoMian\Github_Releases_批量下载 xray\Xray-core\v24.9.19\Xray-linux-64.zip           | LOCAL=b5e2b42f18d0dc50a27382eda8e6ac5361f6bc26f9e31718e7626b918de94731 REMOTE=b5e2b42f18d0dc50a27382eda8e6ac5361f6bc26f9e31718e7626b918de94731
[2105/3625] Checking is OK   | E:\01.userData\ZhuoMian\Github_Releases_批量下载 xray\Xray-core\v24.9.19\Xray-linux-arm32-v5.zip     | LOCAL=e938ff95bdf506c4329de204dd4c846401de0479e92966775d3b76722cbe298c REMOTE=e938ff95bdf506c4329de204dd4c846401de0479e92966775d3b76722cbe298c
[2106/3625] Checking is OK   | E:\01.userData\ZhuoMian\Github_Releases_批量下载 xray\Xray-core\v24.9.19\Xray-linux-arm32-v6.zip     | LOCAL=2a970ed159b0b8281388f3f2be2fe8d9341adc537cdb75811c19222c0a80f005 REMOTE=2a970ed159b0b8281388f3f2be2fe8d9341adc537cdb75811c19222c0a80f005
[2107/3625] Checking is OK   | E:\01.userData\ZhuoMian\Github_Releases_批量下载 xray\Xray-core\v24.9.19\Xray-linux-arm32-v7a.zip    | LOCAL=f57cd245ebf4059938ed2971dd07a36b640f31ab64af22513770ee86535dcd30 REMOTE=f57cd245ebf4059938ed2971dd07a36b640f31ab64af22513770ee86535dcd30
[2108/3625] Checking is OK   | E:\01.userData\ZhuoMian\Github_Releases_批量下载 xray\Xray-core\v24.9.19\Xray-linux-arm64-v8a.zip    | LOCAL=65f6a527b0b22818fd37908579eb4d7f277a9ff13276d6b55bddb9b62c6edc3e REMOTE=65f6a527b0b22818fd37908579eb4d7f277a9ff13276d6b55bddb9b62c6edc3e
[2109/3625] Checking is OK   | E:\01.userData\ZhuoMian\Github_Releases_批量下载 xray\Xray-core\v24.9.19\Xray-linux-loong64.zip      | LOCAL=a93298e8feb1f098b031c8accbcf300c70090a09b2807e7c39b3d5870048c676 REMOTE=a93298e8feb1f098b031c8accbcf300c70090a09b2807e7c39b3d5870048c676
[2110/3625] Checking is OK   | E:\01.userData\ZhuoMian\Github_Releases_批量下载 xray\Xray-core\v24.9.19\Xray-linux-mips32.zip       | LOCAL=ba7cd30f3878fdd61324cec5d9c0c0bdb2d153c202c023e976d975863a1b2fdc REMOTE=ba7cd30f3878fdd61324cec5d9c0c0bdb2d153c202c023e976d975863a1b2fdc
[2111/3625] Checking is OK   | E:\01.userData\ZhuoMian\Github_Releases_批量下载 xray\Xray-core\v24.9.19\Xray-linux-mips32le.zip     | LOCAL=fcb7b712ab2eeb1c2f02f5373e42a6a7b4dcd33f691f11f562c7272494ca433c REMOTE=fcb7b712ab2eeb1c2f02f5373e42a6a7b4dcd33f691f11f562c7272494ca433c
[2112/3625] Checking is OK   | E:\01.userData\ZhuoMian\Github_Releases_批量下载 xray\Xray-core\v24.9.19\Xray-linux-mips64.zip       | LOCAL=4342b73eaf4f8bd680e39738b2af362a21ce552eeceaf397a42aad2319c8182b REMOTE=4342b73eaf4f8bd680e39738b2af362a21ce552eeceaf397a42aad2319c8182b
[2113/3625] Checking is OK   | E:\01.userData\ZhuoMian\Github_Releases_批量下载 xray\Xray-core\v24.9.19\Xray-linux-mips64le.zip     | LOCAL=f254936d3a823122bb633c3b67adea444ba11b6cef87f0b8cfc97e871493c720 REMOTE=f254936d3a823122bb633c3b67adea444ba11b6cef87f0b8cfc97e871493c720
[2114/3625] Checking is OK   | E:\01.userData\ZhuoMian\Github_Releases_批量下载 xray\Xray-core\v24.9.19\Xray-linux-ppc64.zip        | LOCAL=d051573616991b3a5e36ccf15806258ed49a8e05fed7c32ce6d0a56678a45fff REMOTE=d051573616991b3a5e36ccf15806258ed49a8e05fed7c32ce6d0a56678a45fff
[2115/3625] Checking is OK   | E:\01.userData\ZhuoMian\Github_Releases_批量下载 xray\Xray-core\v24.9.19\Xray-linux-ppc64le.zip      | LOCAL=07784b9819ecaa34c535f475f3b0ee93565e09a34f80743a0ac1a10b63ad7341 REMOTE=07784b9819ecaa34c535f475f3b0ee93565e09a34f80743a0ac1a10b63ad7341
[2116/3625] Checking is OK   | E:\01.userData\ZhuoMian\Github_Releases_批量下载 xray\Xray-core\v24.9.19\Xray-linux-riscv64.zip      | LOCAL=631e96cdfccbdb25ea6547a993b798bb957a28ec269ff81bda6137fdb9d5a820 REMOTE=631e96cdfccbdb25ea6547a993b798bb957a28ec269ff81bda6137fdb9d5a820
[2117/3625] Checking is OK   | E:\01.userData\ZhuoMian\Github_Releases_批量下载 xray\Xray-core\v24.9.19\Xray-linux-s390x.zip        | LOCAL=c5bab4ad8eadaa7684e45a3485286502e6ff72d4f2208c958b3102d3ef47c3c8 REMOTE=c5bab4ad8eadaa7684e45a3485286502e6ff72d4f2208c958b3102d3ef47c3c8
[2118/3625] Checking is OK   | E:\01.userData\ZhuoMian\Github_Releases_批量下载 xray\Xray-core\v24.9.19\Xray-macos-64.zip           | LOCAL=b37502240061477b5b3c4f202862109f9d48b89fb99cf6341c60174ac9504574 REMOTE=b37502240061477b5b3c4f202862109f9d48b89fb99cf6341c60174ac9504574
[2119/3625] Checking is OK   | E:\01.userData\ZhuoMian\Github_Releases_批量下载 xray\Xray-core\v24.9.19\Xray-macos-arm64-v8a.zip    | LOCAL=1ce8361f9f5d73b8f397c6dfebcce3674542cbd5a3ce0476cdeece9bdf333317 REMOTE=1ce8361f9f5d73b8f397c6dfebcce3674542cbd5a3ce0476cdeece9bdf333317
[2120/3625] Checking is OK   | E:\01.userData\ZhuoMian\Github_Releases_批量下载 xray\Xray-core\v24.9.19\Xray-openbsd-32.zip         | LOCAL=2b3d702a21d16fa91c54d6f46304339e5a68a3f4386e59a40631598f6ba6d2dc REMOTE=2b3d702a21d16fa91c54d6f46304339e5a68a3f4386e59a40631598f6ba6d2dc
[2121/3625] Checking is OK   | E:\01.userData\ZhuoMian\Github_Releases_批量下载 xray\Xray-core\v24.9.19\Xray-openbsd-64.zip         | LOCAL=3c1b9cff7d7d9bd41cd8d5a0af4e2080a865078531b8901b12904de5682be2df REMOTE=3c1b9cff7d7d9bd41cd8d5a0af4e2080a865078531b8901b12904de5682be2df
[2122/3625] Checking is OK   | E:\01.userData\ZhuoMian\Github_Releases_批量下载 xray\Xray-core\v24.9.19\Xray-openbsd-arm32-v7a.zip  | LOCAL=ece8ea6bbe11bb0ebbcb4f33349ce6c099c903e8363548e13b8ad5b1065d8c69 REMOTE=ece8ea6bbe11bb0ebbcb4f33349ce6c099c903e8363548e13b8ad5b1065d8c69
[2123/3625] Checking is OK   | E:\01.userData\ZhuoMian\Github_Releases_批量下载 xray\Xray-core\v24.9.19\Xray-openbsd-arm64-v8a.zip  | LOCAL=3897fe4d11339bc3c66400f0e70fc2a6d40a733ebdccd33b75dce2e3b4ccb1d1 REMOTE=3897fe4d11339bc3c66400f0e70fc2a6d40a733ebdccd33b75dce2e3b4ccb1d1
[2124/3625] Checking is OK   | E:\01.userData\ZhuoMian\Github_Releases_批量下载 xray\Xray-core\v24.9.19\Xray-win7-32.zip            | LOCAL=f03287dbd971331ba79fdb29eee47c1b04f2ad27d0febff3d9ca5b0979c27322 REMOTE=f03287dbd971331ba79fdb29eee47c1b04f2ad27d0febff3d9ca5b0979c27322
[2125/3625] Checking is OK   | E:\01.userData\ZhuoMian\Github_Releases_批量下载 xray\Xray-core\v24.9.19\Xray-win7-64.zip            | LOCAL=8275561a2350e889892fc9ad6ba9e792617b6dc24ac24bdecc74082c713a8332 REMOTE=8275561a2350e889892fc9ad6ba9e792617b6dc24ac24bdecc74082c713a8332
[2126/3625] Checking is OK   | E:\01.userData\ZhuoMian\Github_Releases_批量下载 xray\Xray-core\v24.9.19\Xray-windows-32.zip         | LOCAL=5737c7682e78ab3893464cd44b746b0c554696129c2b5ae60a63a9ad054935f7 REMOTE=5737c7682e78ab3893464cd44b746b0c554696129c2b5ae60a63a9ad054935f7
[2127/3625] Checking is OK   | E:\01.userData\ZhuoMian\Github_Releases_批量下载 xray\Xray-core\v24.9.19\Xray-windows-64.zip         | LOCAL=b47c6ed26bb4caaf3f043cd68136dd40e05bc9adfda35278bb509d535b80ddbc REMOTE=b47c6ed26bb4caaf3f043cd68136dd40e05bc9adfda35278bb509d535b80ddbc
[2128/3625] Checking is OK   | E:\01.userData\ZhuoMian\Github_Releases_批量下载 xray\Xray-core\v24.9.19\Xray-windows-arm32-v7a.zip  | LOCAL=14fe88463db2fd3fa28a7a47faab4307ccf4b496d1f7a6c0ea955b8d839f0a24 REMOTE=14fe88463db2fd3fa28a7a47faab4307ccf4b496d1f7a6c0ea955b8d839f0a24
[2129/3625] Checking is OK   | E:\01.userData\ZhuoMian\Github_Releases_批量下载 xray\Xray-core\v24.9.19\Xray-windows-arm64-v8a.zip  | LOCAL=8c8f90863293b80c30228b6c41d898d61de8e9d46135f66f22f7efbdac0b8b2f REMOTE=8c8f90863293b80c30228b6c41d898d61de8e9d46135f66f22f7efbdac0b8b2f
[2130/3625] Checking is OK   | E:\01.userData\ZhuoMian\Github_Releases_批量下载 xray\Xray-core\v24.9.30\Xray-android-arm64-v8a.zip  | LOCAL=7092516c55e6923c2103d2b096157a665a168fd2e479a3993bbaf53575613ae0 REMOTE=7092516c55e6923c2103d2b096157a665a168fd2e479a3993bbaf53575613ae0
[2131/3625] Checking is OK   | E:\01.userData\ZhuoMian\Github_Releases_批量下载 xray\Xray-core\v24.9.30\Xray-freebsd-32.zip         | LOCAL=9a7ab495239bff428bf16ff806ce055bb977773aab26f6aa6a51994b71574c0f REMOTE=9a7ab495239bff428bf16ff806ce055bb977773aab26f6aa6a51994b71574c0f
[2132/3625] Checking is OK   | E:\01.userData\ZhuoMian\Github_Releases_批量下载 xray\Xray-core\v24.9.30\Xray-freebsd-64.zip         | LOCAL=b634c8bcc36bd3122175f43d4a0460c8422a07c3c01608ff4c0d30c67eb998dd REMOTE=b634c8bcc36bd3122175f43d4a0460c8422a07c3c01608ff4c0d30c67eb998dd
[2133/3625] Checking is OK   | E:\01.userData\ZhuoMian\Github_Releases_批量下载 xray\Xray-core\v24.9.30\Xray-freebsd-arm32-v7a.zip  | LOCAL=6ec44599b22d3cfe769b8d487c6f7a032d015ae4391586ce3418c5ee658e9471 REMOTE=6ec44599b22d3cfe769b8d487c6f7a032d015ae4391586ce3418c5ee658e9471
[2134/3625] Checking is OK   | E:\01.userData\ZhuoMian\Github_Releases_批量下载 xray\Xray-core\v24.9.30\Xray-freebsd-arm64-v8a.zip  | LOCAL=ea0cd307961da6fae5120eb7c7aceae542e34e2b799f154d613259485b39ab7f REMOTE=ea0cd307961da6fae5120eb7c7aceae542e34e2b799f154d613259485b39ab7f
[2135/3625] Checking is OK   | E:\01.userData\ZhuoMian\Github_Releases_批量下载 xray\Xray-core\v24.9.30\Xray-linux-32.zip           | LOCAL=4f9c97fd8a1a8b6692474576f62bc731837c7f0231a8e00254bb0179cea64afa REMOTE=4f9c97fd8a1a8b6692474576f62bc731837c7f0231a8e00254bb0179cea64afa
[2136/3625] Checking is OK   | E:\01.userData\ZhuoMian\Github_Releases_批量下载 xray\Xray-core\v24.9.30\Xray-linux-64.zip           | LOCAL=6779570990a39f9431bfbf3c7793422c5701cfd0232259b60eeb845fa56f1059 REMOTE=6779570990a39f9431bfbf3c7793422c5701cfd0232259b60eeb845fa56f1059
[2137/3625] Checking is OK   | E:\01.userData\ZhuoMian\Github_Releases_批量下载 xray\Xray-core\v24.9.30\Xray-linux-arm32-v5.zip     | LOCAL=a1bb288f4109149ae9b888dc10f969e4e8331099e274e5bb6029005aaa0d34b2 REMOTE=a1bb288f4109149ae9b888dc10f969e4e8331099e274e5bb6029005aaa0d34b2
[2138/3625] Checking is OK   | E:\01.userData\ZhuoMian\Github_Releases_批量下载 xray\Xray-core\v24.9.30\Xray-linux-arm32-v6.zip     | LOCAL=ae1056ab65255547527e0a7f1b7909e3f41a0d417d91e70d3866277a5e7cce9f REMOTE=ae1056ab65255547527e0a7f1b7909e3f41a0d417d91e70d3866277a5e7cce9f
[2139/3625] Checking is OK   | E:\01.userData\ZhuoMian\Github_Releases_批量下载 xray\Xray-core\v24.9.30\Xray-linux-arm32-v7a.zip    | LOCAL=d5775d8e054269023cbfd3e66e379ed50ffc6c4fab02983975822419c507305e REMOTE=d5775d8e054269023cbfd3e66e379ed50ffc6c4fab02983975822419c507305e
[2140/3625] Checking is OK   | E:\01.userData\ZhuoMian\Github_Releases_批量下载 xray\Xray-core\v24.9.30\Xray-linux-arm64-v8a.zip    | LOCAL=c506267b336ee9f011d7e796115952eea68e0ca237a044e8d62c71c1e6db51be REMOTE=c506267b336ee9f011d7e796115952eea68e0ca237a044e8d62c71c1e6db51be
[2141/3625] Checking is OK   | E:\01.userData\ZhuoMian\Github_Releases_批量下载 xray\Xray-core\v24.9.30\Xray-linux-loong64.zip      | LOCAL=72f0e82787e7df238d288ccd7fa7efd86f4057ad7b1008aca6e1b4c848e950e9 REMOTE=72f0e82787e7df238d288ccd7fa7efd86f4057ad7b1008aca6e1b4c848e950e9
[2142/3625] Checking is OK   | E:\01.userData\ZhuoMian\Github_Releases_批量下载 xray\Xray-core\v24.9.30\Xray-linux-mips32.zip       | LOCAL=b1442dbb3dc75c72b344f80b290fba6f6cafdcc12512d1631ecadc1869f5825d REMOTE=b1442dbb3dc75c72b344f80b290fba6f6cafdcc12512d1631ecadc1869f5825d
[2143/3625] Checking is OK   | E:\01.userData\ZhuoMian\Github_Releases_批量下载 xray\Xray-core\v24.9.30\Xray-linux-mips32le.zip     | LOCAL=aa8cd3db51161af7ee7356391f2b0e0ad8453dc6c3f067636c41f4fc6d30a3bb REMOTE=aa8cd3db51161af7ee7356391f2b0e0ad8453dc6c3f067636c41f4fc6d30a3bb
[2144/3625] Checking is OK   | E:\01.userData\ZhuoMian\Github_Releases_批量下载 xray\Xray-core\v24.9.30\Xray-linux-mips64.zip       | LOCAL=bcfb756ae806bcd8c9a3353516a490a7d1ffec367e883716d4904b48dac734a6 REMOTE=bcfb756ae806bcd8c9a3353516a490a7d1ffec367e883716d4904b48dac734a6
[2145/3625] Checking is OK   | E:\01.userData\ZhuoMian\Github_Releases_批量下载 xray\Xray-core\v24.9.30\Xray-linux-mips64le.zip     | LOCAL=84adab9846905722e850fc628ca01c80cc74fef2c778d9bd88a6bed029ddf5cc REMOTE=84adab9846905722e850fc628ca01c80cc74fef2c778d9bd88a6bed029ddf5cc
[2146/3625] Checking is OK   | E:\01.userData\ZhuoMian\Github_Releases_批量下载 xray\Xray-core\v24.9.30\Xray-linux-ppc64.zip        | LOCAL=edc25b2443b040dafd10b788d692a6bdb2faaad8cfe38bf9e7b99bfb07e54600 REMOTE=edc25b2443b040dafd10b788d692a6bdb2faaad8cfe38bf9e7b99bfb07e54600
[2147/3625] Checking is OK   | E:\01.userData\ZhuoMian\Github_Releases_批量下载 xray\Xray-core\v24.9.30\Xray-linux-ppc64le.zip      | LOCAL=3a542835bfd5a0d38cac151320d2ee00009caeb4725da0e8e5a0a7700ac3d765 REMOTE=3a542835bfd5a0d38cac151320d2ee00009caeb4725da0e8e5a0a7700ac3d765
[2148/3625] Checking is OK   | E:\01.userData\ZhuoMian\Github_Releases_批量下载 xray\Xray-core\v24.9.30\Xray-linux-riscv64.zip      | LOCAL=0e6b0d822b6bee623a2e1010496971304c04c2358c2a7187eecbe2e08eff7207 REMOTE=0e6b0d822b6bee623a2e1010496971304c04c2358c2a7187eecbe2e08eff7207
[2149/3625] Checking is OK   | E:\01.userData\ZhuoMian\Github_Releases_批量下载 xray\Xray-core\v24.9.30\Xray-linux-s390x.zip        | LOCAL=6182f04f731b4e32e6a77eb2172674b349e8190177953cbcfcda67abe551b875 REMOTE=6182f04f731b4e32e6a77eb2172674b349e8190177953cbcfcda67abe551b875
[2150/3625] Checking is OK   | E:\01.userData\ZhuoMian\Github_Releases_批量下载 xray\Xray-core\v24.9.30\Xray-macos-64.zip           | LOCAL=1407dd2e2e4c916a033bf5eda60f5e3f541ae70fe4b90e7275d15ffc6ad18fcb REMOTE=1407dd2e2e4c916a033bf5eda60f5e3f541ae70fe4b90e7275d15ffc6ad18fcb
[2151/3625] Checking is OK   | E:\01.userData\ZhuoMian\Github_Releases_批量下载 xray\Xray-core\v24.9.30\Xray-macos-arm64-v8a.zip    | LOCAL=06ba2ad4918d61f09583cb9ec6083e5fbf3b27a62da2103c96e6c7e3c0a142ee REMOTE=06ba2ad4918d61f09583cb9ec6083e5fbf3b27a62da2103c96e6c7e3c0a142ee
[2152/3625] Checking is OK   | E:\01.userData\ZhuoMian\Github_Releases_批量下载 xray\Xray-core\v24.9.30\Xray-openbsd-32.zip         | LOCAL=5302824b155d0963f6789da8943974c503fbb0063bda56ae50b29d6b37cc6dee REMOTE=5302824b155d0963f6789da8943974c503fbb0063bda56ae50b29d6b37cc6dee
[2153/3625] Checking is OK   | E:\01.userData\ZhuoMian\Github_Releases_批量下载 xray\Xray-core\v24.9.30\Xray-openbsd-64.zip         | LOCAL=ee7a1756b4dd245c1c782e5e8bfdcbf793af28060f2ee285276099dbca14c4be REMOTE=ee7a1756b4dd245c1c782e5e8bfdcbf793af28060f2ee285276099dbca14c4be
[2154/3625] Checking is OK   | E:\01.userData\ZhuoMian\Github_Releases_批量下载 xray\Xray-core\v24.9.30\Xray-openbsd-arm32-v7a.zip  | LOCAL=6de1ea340ac1f9b1a04bd894c42fe92c261a8dca90e6d0709416a85884fefd0b REMOTE=6de1ea340ac1f9b1a04bd894c42fe92c261a8dca90e6d0709416a85884fefd0b
[2155/3625] Checking is OK   | E:\01.userData\ZhuoMian\Github_Releases_批量下载 xray\Xray-core\v24.9.30\Xray-openbsd-arm64-v8a.zip  | LOCAL=96c11c24921f20e3b013d0062e27c66ac754d7a856dbaf8d06ff1783a085d9a6 REMOTE=96c11c24921f20e3b013d0062e27c66ac754d7a856dbaf8d06ff1783a085d9a6
[2156/3625] Checking is OK   | E:\01.userData\ZhuoMian\Github_Releases_批量下载 xray\Xray-core\v24.9.30\Xray-win7-32.zip            | LOCAL=4fd47b0bdd2438ae2267315d8a0ce8031aac918c42485fc26246b987a2f362c6 REMOTE=4fd47b0bdd2438ae2267315d8a0ce8031aac918c42485fc26246b987a2f362c6
[2157/3625] Checking is OK   | E:\01.userData\ZhuoMian\Github_Releases_批量下载 xray\Xray-core\v24.9.30\Xray-win7-64.zip            | LOCAL=f9075f1a0237e53a1fc76bb4d64649a3cb04d665308672019e52d3927bfff810 REMOTE=f9075f1a0237e53a1fc76bb4d64649a3cb04d665308672019e52d3927bfff810
[2158/3625] Checking is OK   | E:\01.userData\ZhuoMian\Github_Releases_批量下载 xray\Xray-core\v24.9.30\Xray-windows-32.zip         | LOCAL=298bff7b77a395ba13e68ac2b38451a551072f05d9dd47e395641b4a69cf9e27 REMOTE=298bff7b77a395ba13e68ac2b38451a551072f05d9dd47e395641b4a69cf9e27
[2159/3625] Checking is OK   | E:\01.userData\ZhuoMian\Github_Releases_批量下载 xray\Xray-core\v24.9.30\Xray-windows-64.zip         | LOCAL=9c6ee7e8a4d286f6d98ce49c7edffc8e3b5dd109f20edc5cbde64ad7fbd7ca9c REMOTE=9c6ee7e8a4d286f6d98ce49c7edffc8e3b5dd109f20edc5cbde64ad7fbd7ca9c
[2160/3625] Checking is OK   | E:\01.userData\ZhuoMian\Github_Releases_批量下载 xray\Xray-core\v24.9.30\Xray-windows-arm32-v7a.zip  | LOCAL=49127790355e60db0b81998a279f0ed6c36141e77d3766cb3ec7fb4b2114b4e5 REMOTE=49127790355e60db0b81998a279f0ed6c36141e77d3766cb3ec7fb4b2114b4e5
[2161/3625] Checking is OK   | E:\01.userData\ZhuoMian\Github_Releases_批量下载 xray\Xray-core\v24.9.30\Xray-windows-arm64-v8a.zip  | LOCAL=292b538de418416e38a6fe2a3cb4d3585ed603291b3bd0024ea5ca28023ad009 REMOTE=292b538de418416e38a6fe2a3cb4d3585ed603291b3bd0024ea5ca28023ad009
[2162/3625] Checking is OK   | E:\01.userData\ZhuoMian\Github_Releases_批量下载 xray\Xray-core\v24.9.7\Xray-android-arm64-v8a.zip   | LOCAL=b8edbcf95a2f397dc4f8f26bf2cc5859fe4cbd33641f94f3a7841673927eb1c9 REMOTE=b8edbcf95a2f397dc4f8f26bf2cc5859fe4cbd33641f94f3a7841673927eb1c9
[2163/3625] Checking is OK   | E:\01.userData\ZhuoMian\Github_Releases_批量下载 xray\Xray-core\v24.9.7\Xray-freebsd-32.zip          | LOCAL=03fd2174fec6f5e2a51e3b57bdf26d1ad3bb9e78ce9a1df543715a0867f54ed3 REMOTE=03fd2174fec6f5e2a51e3b57bdf26d1ad3bb9e78ce9a1df543715a0867f54ed3
[2164/3625] Checking is OK   | E:\01.userData\ZhuoMian\Github_Releases_批量下载 xray\Xray-core\v24.9.7\Xray-freebsd-64.zip          | LOCAL=1faf494a4181973663c51a7169b23427c14b16e60c4c51aa0c9c9bb1dcdd2920 REMOTE=1faf494a4181973663c51a7169b23427c14b16e60c4c51aa0c9c9bb1dcdd2920
[2165/3625] Checking is OK   | E:\01.userData\ZhuoMian\Github_Releases_批量下载 xray\Xray-core\v24.9.7\Xray-freebsd-arm32-v7a.zip   | LOCAL=3c67e18b23434b675dcf86b3ea2fdd27aa3f59a16d73528771b028c7ca6c6da8 REMOTE=3c67e18b23434b675dcf86b3ea2fdd27aa3f59a16d73528771b028c7ca6c6da8
[2166/3625] Checking is OK   | E:\01.userData\ZhuoMian\Github_Releases_批量下载 xray\Xray-core\v24.9.7\Xray-freebsd-arm64-v8a.zip   | LOCAL=916abfb667530336dbb3052f4a02bb7f90c32f630a7e57fc47ca12a0071c2a81 REMOTE=916abfb667530336dbb3052f4a02bb7f90c32f630a7e57fc47ca12a0071c2a81
[2167/3625] Checking is OK   | E:\01.userData\ZhuoMian\Github_Releases_批量下载 xray\Xray-core\v24.9.7\Xray-linux-32.zip            | LOCAL=25cfef1ca42177f2486aed93396196b5bdfca6b6363c21a10a6fda231ac67b3a REMOTE=25cfef1ca42177f2486aed93396196b5bdfca6b6363c21a10a6fda231ac67b3a
[2168/3625] Checking is OK   | E:\01.userData\ZhuoMian\Github_Releases_批量下载 xray\Xray-core\v24.9.7\Xray-linux-64.zip            | LOCAL=51c5624a1eaf58e7450bcc808daa4605e58b4c717b4cc0633ecd7dd99be4e8ef REMOTE=51c5624a1eaf58e7450bcc808daa4605e58b4c717b4cc0633ecd7dd99be4e8ef
[2169/3625] Checking is OK   | E:\01.userData\ZhuoMian\Github_Releases_批量下载 xray\Xray-core\v24.9.7\Xray-linux-arm32-v5.zip      | LOCAL=e948672cffc5ed71f23844796c1d023e420f893f4804f4a502e17b2c64aa061b REMOTE=e948672cffc5ed71f23844796c1d023e420f893f4804f4a502e17b2c64aa061b
[2170/3625] Checking is OK   | E:\01.userData\ZhuoMian\Github_Releases_批量下载 xray\Xray-core\v24.9.7\Xray-linux-arm32-v6.zip      | LOCAL=c60bbb7907e636e67ba83aae12f2ea9edc63521ad3c60a23fc24ada44f989142 REMOTE=c60bbb7907e636e67ba83aae12f2ea9edc63521ad3c60a23fc24ada44f989142
[2171/3625] Checking is OK   | E:\01.userData\ZhuoMian\Github_Releases_批量下载 xray\Xray-core\v24.9.7\Xray-linux-arm32-v7a.zip     | LOCAL=0147f37b737138dc637231c0b55321115e3d0d003ae90dd25f1ee97585213531 REMOTE=0147f37b737138dc637231c0b55321115e3d0d003ae90dd25f1ee97585213531
[2172/3625] Checking is OK   | E:\01.userData\ZhuoMian\Github_Releases_批量下载 xray\Xray-core\v24.9.7\Xray-linux-arm64-v8a.zip     | LOCAL=523f5adc3dcc6560fe773b4fc231b8c3f177f3e07d124d6c6c4c1d60a3519797 REMOTE=523f5adc3dcc6560fe773b4fc231b8c3f177f3e07d124d6c6c4c1d60a3519797
[2173/3625] Checking is OK   | E:\01.userData\ZhuoMian\Github_Releases_批量下载 xray\Xray-core\v24.9.7\Xray-linux-loong64.zip       | LOCAL=670a786e0e66e9ceeedc9ef6fc8b27945edf0d9484e28ae7660751a5c938a851 REMOTE=670a786e0e66e9ceeedc9ef6fc8b27945edf0d9484e28ae7660751a5c938a851
[2174/3625] Checking is OK   | E:\01.userData\ZhuoMian\Github_Releases_批量下载 xray\Xray-core\v24.9.7\Xray-linux-mips32.zip        | LOCAL=e244fe3688467bc216f22d5ed9a9b4892dbddb15033b43394712a2e15f904b3c REMOTE=e244fe3688467bc216f22d5ed9a9b4892dbddb15033b43394712a2e15f904b3c
[2175/3625] Checking is OK   | E:\01.userData\ZhuoMian\Github_Releases_批量下载 xray\Xray-core\v24.9.7\Xray-linux-mips32le.zip      | LOCAL=9cd9cbeb63beeb3892036a996e920ab4b3f549fd0cb1d826cf3b1c23e09f244a REMOTE=9cd9cbeb63beeb3892036a996e920ab4b3f549fd0cb1d826cf3b1c23e09f244a
[2176/3625] Checking is OK   | E:\01.userData\ZhuoMian\Github_Releases_批量下载 xray\Xray-core\v24.9.7\Xray-linux-mips64.zip        | LOCAL=0e7a71f2ddac3f08a24383fae9767cd271b49b581a165c3cf73bb0325011ccf2 REMOTE=0e7a71f2ddac3f08a24383fae9767cd271b49b581a165c3cf73bb0325011ccf2
[2177/3625] Checking is OK   | E:\01.userData\ZhuoMian\Github_Releases_批量下载 xray\Xray-core\v24.9.7\Xray-linux-mips64le.zip      | LOCAL=8cacf25ee96973c33aee273dffdcaa447484fbd74025d726338f09a309148eaf REMOTE=8cacf25ee96973c33aee273dffdcaa447484fbd74025d726338f09a309148eaf
[2178/3625] Checking is OK   | E:\01.userData\ZhuoMian\Github_Releases_批量下载 xray\Xray-core\v24.9.7\Xray-linux-ppc64.zip         | LOCAL=f3a55d3e5c6459967b7ed3e6a16ca0d967adf3db9280e20ec28473e6246dd473 REMOTE=f3a55d3e5c6459967b7ed3e6a16ca0d967adf3db9280e20ec28473e6246dd473
[2179/3625] Checking is OK   | E:\01.userData\ZhuoMian\Github_Releases_批量下载 xray\Xray-core\v24.9.7\Xray-linux-ppc64le.zip       | LOCAL=c7649ab0370fadacb05c9657e67c44ed07c33bef6991439c032737b04ec271d8 REMOTE=c7649ab0370fadacb05c9657e67c44ed07c33bef6991439c032737b04ec271d8
[2180/3625] Checking is OK   | E:\01.userData\ZhuoMian\Github_Releases_批量下载 xray\Xray-core\v24.9.7\Xray-linux-riscv64.zip       | LOCAL=0dff8bc16cd6ab66c4fa0705f3062071053df1ae931229dae0529e514657152b REMOTE=0dff8bc16cd6ab66c4fa0705f3062071053df1ae931229dae0529e514657152b
[2181/3625] Checking is OK   | E:\01.userData\ZhuoMian\Github_Releases_批量下载 xray\Xray-core\v24.9.7\Xray-linux-s390x.zip         | LOCAL=6ee7cc064572717aad2634b64496956c291a23533aa1e6d92dbc9eb5d1b1b3d0 REMOTE=6ee7cc064572717aad2634b64496956c291a23533aa1e6d92dbc9eb5d1b1b3d0
[2182/3625] Checking is OK   | E:\01.userData\ZhuoMian\Github_Releases_批量下载 xray\Xray-core\v24.9.7\Xray-macos-64.zip            | LOCAL=c3fc924eadfe558de87d668094a94df939d60facc2caab4aaa6d087b1d3672b9 REMOTE=c3fc924eadfe558de87d668094a94df939d60facc2caab4aaa6d087b1d3672b9
[2183/3625] Checking is OK   | E:\01.userData\ZhuoMian\Github_Releases_批量下载 xray\Xray-core\v24.9.7\Xray-macos-arm64-v8a.zip     | LOCAL=3eb5cf4c4b801fed2d383bf7db9efad7df393ee30b7a66645c3589db3fd67863 REMOTE=3eb5cf4c4b801fed2d383bf7db9efad7df393ee30b7a66645c3589db3fd67863
[2184/3625] Checking is OK   | E:\01.userData\ZhuoMian\Github_Releases_批量下载 xray\Xray-core\v24.9.7\Xray-openbsd-32.zip          | LOCAL=f9a0df9b9466e0f247917e830a63fb39846e6cb9b1a2d6fc9fa1eed39cfa452c REMOTE=f9a0df9b9466e0f247917e830a63fb39846e6cb9b1a2d6fc9fa1eed39cfa452c
[2185/3625] Checking is OK   | E:\01.userData\ZhuoMian\Github_Releases_批量下载 xray\Xray-core\v24.9.7\Xray-openbsd-64.zip          | LOCAL=60eef40422f30f62a11ce0d9ebc8d2698515c7fc4c1adaeddb8c59415ed856e4 REMOTE=60eef40422f30f62a11ce0d9ebc8d2698515c7fc4c1adaeddb8c59415ed856e4
[2186/3625] Checking is OK   | E:\01.userData\ZhuoMian\Github_Releases_批量下载 xray\Xray-core\v24.9.7\Xray-openbsd-arm32-v7a.zip   | LOCAL=3519fcc8d740607619134cc9051fdcf88061cb23d18b125dae13cffc2f303f2b REMOTE=3519fcc8d740607619134cc9051fdcf88061cb23d18b125dae13cffc2f303f2b
[2187/3625] Checking is OK   | E:\01.userData\ZhuoMian\Github_Releases_批量下载 xray\Xray-core\v24.9.7\Xray-openbsd-arm64-v8a.zip   | LOCAL=545ca55a3a85ee02391a0ab49b612955d2a319476b94ba7d934cbeda88e285dd REMOTE=545ca55a3a85ee02391a0ab49b612955d2a319476b94ba7d934cbeda88e285dd
[2188/3625] Checking is OK   | E:\01.userData\ZhuoMian\Github_Releases_批量下载 xray\Xray-core\v24.9.7\Xray-win7-32.zip             | LOCAL=665b9c9cc90a2e96ea8779d0b829050dfc2344cf1ecf6fe2278294b5b8fe76d9 REMOTE=665b9c9cc90a2e96ea8779d0b829050dfc2344cf1ecf6fe2278294b5b8fe76d9
[2189/3625] Checking is OK   | E:\01.userData\ZhuoMian\Github_Releases_批量下载 xray\Xray-core\v24.9.7\Xray-win7-64.zip             | LOCAL=4e5b05a3d86baab1fbeb1944e12686f0fb5bfae26d7dfbf3ec3cc6a4ad3d0df2 REMOTE=4e5b05a3d86baab1fbeb1944e12686f0fb5bfae26d7dfbf3ec3cc6a4ad3d0df2
[2190/3625] Checking is OK   | E:\01.userData\ZhuoMian\Github_Releases_批量下载 xray\Xray-core\v24.9.7\Xray-windows-32.zip          | LOCAL=16a00eeef784ce8a7af336a577b14d89baa3fc4e5e84f0e43d6cd06fecebf127 REMOTE=16a00eeef784ce8a7af336a577b14d89baa3fc4e5e84f0e43d6cd06fecebf127
[2191/3625] Checking is OK   | E:\01.userData\ZhuoMian\Github_Releases_批量下载 xray\Xray-core\v24.9.7\Xray-windows-64.zip          | LOCAL=151749d0cc9fb301cd0d4479fff7cb48ffcc4ea3ef7d0f1fd62c5505c2dc58d4 REMOTE=151749d0cc9fb301cd0d4479fff7cb48ffcc4ea3ef7d0f1fd62c5505c2dc58d4
[2192/3625] Checking is OK   | E:\01.userData\ZhuoMian\Github_Releases_批量下载 xray\Xray-core\v24.9.7\Xray-windows-arm32-v7a.zip   | LOCAL=78316c3b9be5873c90a143a91fa08f6cb582563bd91f7d6a8d32d5ccb96755a0 REMOTE=78316c3b9be5873c90a143a91fa08f6cb582563bd91f7d6a8d32d5ccb96755a0
[2193/3625] Checking is OK   | E:\01.userData\ZhuoMian\Github_Releases_批量下载 xray\Xray-core\v24.9.7\Xray-windows-arm64-v8a.zip   | LOCAL=98bdb27ead2ad913ed6e14e60c299f39c32305621ebdf8a9ff6b572f71555456 REMOTE=98bdb27ead2ad913ed6e14e60c299f39c32305621ebdf8a9ff6b572f71555456
[2194/3625] Checking is OK   | E:\01.userData\ZhuoMian\Github_Releases_批量下载 xray\Xray-core\v25.1.1\Xray-android-arm64-v8a.zip   | LOCAL=7f65dcfab15765bec3dfdae8f10ccf3b313acd6024dbc0f460f78e85aa860b2c REMOTE=7f65dcfab15765bec3dfdae8f10ccf3b313acd6024dbc0f460f78e85aa860b2c
[2195/3625] Checking is OK   | E:\01.userData\ZhuoMian\Github_Releases_批量下载 xray\Xray-core\v25.1.1\Xray-freebsd-32.zip          | LOCAL=2b3a8cbd80ec9569b4a7a9cb4cc1c8851f9836c6db4292b78476a37df818d74b REMOTE=2b3a8cbd80ec9569b4a7a9cb4cc1c8851f9836c6db4292b78476a37df818d74b
[2196/3625] Checking is OK   | E:\01.userData\ZhuoMian\Github_Releases_批量下载 xray\Xray-core\v25.1.1\Xray-freebsd-64.zip          | LOCAL=81c45355dc4050e3455870fa6d59488fc85a69d56537255dc0ea3291304eae77 REMOTE=81c45355dc4050e3455870fa6d59488fc85a69d56537255dc0ea3291304eae77
[2197/3625] Checking is OK   | E:\01.userData\ZhuoMian\Github_Releases_批量下载 xray\Xray-core\v25.1.1\Xray-freebsd-arm32-v7a.zip   | LOCAL=f82158ad35777ba089dc3e57a905863a633092817dc9b2d9a4348a0271f2f1ad REMOTE=f82158ad35777ba089dc3e57a905863a633092817dc9b2d9a4348a0271f2f1ad
[2198/3625] Checking is OK   | E:\01.userData\ZhuoMian\Github_Releases_批量下载 xray\Xray-core\v25.1.1\Xray-freebsd-arm64-v8a.zip   | LOCAL=380dad71c648662b9459d6a2a8d82db68b7f5d2983965b7af8563197551d18e1 REMOTE=380dad71c648662b9459d6a2a8d82db68b7f5d2983965b7af8563197551d18e1
[2199/3625] Checking is OK   | E:\01.userData\ZhuoMian\Github_Releases_批量下载 xray\Xray-core\v25.1.1\Xray-linux-32.zip            | LOCAL=f2db4da43cf57bbaba4747b0854dc23c20babccea8ba55ee03600aa9e2ff6200 REMOTE=f2db4da43cf57bbaba4747b0854dc23c20babccea8ba55ee03600aa9e2ff6200
[2200/3625] Checking is OK   | E:\01.userData\ZhuoMian\Github_Releases_批量下载 xray\Xray-core\v25.1.1\Xray-linux-64.zip            | LOCAL=c80979e097aa304fab7d749bc371e8329f453a4c6a8c5d8f71dc12ab0e653fb3 REMOTE=c80979e097aa304fab7d749bc371e8329f453a4c6a8c5d8f71dc12ab0e653fb3
[2201/3625] Checking is OK   | E:\01.userData\ZhuoMian\Github_Releases_批量下载 xray\Xray-core\v25.1.1\Xray-linux-arm32-v5.zip      | LOCAL=4d8227721248323df096235bd6dbe734473af9e74d3361c6700859b4d546fa74 REMOTE=4d8227721248323df096235bd6dbe734473af9e74d3361c6700859b4d546fa74
[2202/3625] Checking is OK   | E:\01.userData\ZhuoMian\Github_Releases_批量下载 xray\Xray-core\v25.1.1\Xray-linux-arm32-v6.zip      | LOCAL=1949982500014b6f050d078a23d3a11fd17225cf632907c2952bc801d3404761 REMOTE=1949982500014b6f050d078a23d3a11fd17225cf632907c2952bc801d3404761
[2203/3625] Checking is OK   | E:\01.userData\ZhuoMian\Github_Releases_批量下载 xray\Xray-core\v25.1.1\Xray-linux-arm32-v7a.zip     | LOCAL=9fd6e52a7523bf8f844677b599265dc4e0cbeb275f1929336b81429b7e6b4e83 REMOTE=9fd6e52a7523bf8f844677b599265dc4e0cbeb275f1929336b81429b7e6b4e83
[2204/3625] Checking is OK   | E:\01.userData\ZhuoMian\Github_Releases_批量下载 xray\Xray-core\v25.1.1\Xray-linux-arm64-v8a.zip     | LOCAL=d1c5e6982a939c35e1344469aea13b664280d1dc65c286d8c8dedbf9d1625705 REMOTE=d1c5e6982a939c35e1344469aea13b664280d1dc65c286d8c8dedbf9d1625705
[2205/3625] Checking is OK   | E:\01.userData\ZhuoMian\Github_Releases_批量下载 xray\Xray-core\v25.1.1\Xray-linux-loong64.zip       | LOCAL=85cf1a26a94aa3af7443f2a852a2ee8d6795e9b3e7fcd878686c837881ff37a6 REMOTE=85cf1a26a94aa3af7443f2a852a2ee8d6795e9b3e7fcd878686c837881ff37a6
[2206/3625] Checking is OK   | E:\01.userData\ZhuoMian\Github_Releases_批量下载 xray\Xray-core\v25.1.1\Xray-linux-mips32.zip        | LOCAL=3e6a3930872a8e72b74e42f4638d88bc6b721ff991f50e693a265e089d58966c REMOTE=3e6a3930872a8e72b74e42f4638d88bc6b721ff991f50e693a265e089d58966c
[2207/3625] Checking is OK   | E:\01.userData\ZhuoMian\Github_Releases_批量下载 xray\Xray-core\v25.1.1\Xray-linux-mips32le.zip      | LOCAL=3f997b9ea8091ac72cd2b65d8d8db2af70a1b1e0adb80ba7acd90ba5d74c8e93 REMOTE=3f997b9ea8091ac72cd2b65d8d8db2af70a1b1e0adb80ba7acd90ba5d74c8e93
[2208/3625] Checking is OK   | E:\01.userData\ZhuoMian\Github_Releases_批量下载 xray\Xray-core\v25.1.1\Xray-linux-mips64.zip        | LOCAL=5cf6518a9473025116282c8954de61b6539f6f677b9aedaab3de7369a6326c2d REMOTE=5cf6518a9473025116282c8954de61b6539f6f677b9aedaab3de7369a6326c2d
[2209/3625] Checking is OK   | E:\01.userData\ZhuoMian\Github_Releases_批量下载 xray\Xray-core\v25.1.1\Xray-linux-mips64le.zip      | LOCAL=c2667c4bc44dc0f43a1478e954221b61e10b03be71150163c2e4374f1dde16ee REMOTE=c2667c4bc44dc0f43a1478e954221b61e10b03be71150163c2e4374f1dde16ee
[2210/3625] Checking is OK   | E:\01.userData\ZhuoMian\Github_Releases_批量下载 xray\Xray-core\v25.1.1\Xray-linux-ppc64.zip         | LOCAL=e38de8c27b9e584da694aea95a6c1591ebd4dc08f1d2bb97f56ba8eb3d65598f REMOTE=e38de8c27b9e584da694aea95a6c1591ebd4dc08f1d2bb97f56ba8eb3d65598f
[2211/3625] Checking is OK   | E:\01.userData\ZhuoMian\Github_Releases_批量下载 xray\Xray-core\v25.1.1\Xray-linux-ppc64le.zip       | LOCAL=1c48257fa4a2c97404221201753b2084a7a5e399607a2c9cd7d08e48ad593c54 REMOTE=1c48257fa4a2c97404221201753b2084a7a5e399607a2c9cd7d08e48ad593c54
[2212/3625] Checking is OK   | E:\01.userData\ZhuoMian\Github_Releases_批量下载 xray\Xray-core\v25.1.1\Xray-linux-riscv64.zip       | LOCAL=f2168f7002c3cbef5dfe780cdbcfb2d5288823bb87850479cfddc41d0ba9877e REMOTE=f2168f7002c3cbef5dfe780cdbcfb2d5288823bb87850479cfddc41d0ba9877e
[2213/3625] Checking is OK   | E:\01.userData\ZhuoMian\Github_Releases_批量下载 xray\Xray-core\v25.1.1\Xray-linux-s390x.zip         | LOCAL=ea92697b808de61cc6ed3123a1f1fbd20715ab7e95986715f7c0417f1b54510d REMOTE=ea92697b808de61cc6ed3123a1f1fbd20715ab7e95986715f7c0417f1b54510d
[2214/3625] Checking is OK   | E:\01.userData\ZhuoMian\Github_Releases_批量下载 xray\Xray-core\v25.1.1\Xray-macos-64.zip            | LOCAL=2d4b505e2c9257e54aa45912039d2dc72ab836d7a686ef935e328f0d2bf0a144 REMOTE=2d4b505e2c9257e54aa45912039d2dc72ab836d7a686ef935e328f0d2bf0a144
[2215/3625] Checking is OK   | E:\01.userData\ZhuoMian\Github_Releases_批量下载 xray\Xray-core\v25.1.1\Xray-macos-arm64-v8a.zip     | LOCAL=5c755f72553082f74d89e2518a571979d0a7a7bfee4e05452e0104d7e6c4fd99 REMOTE=5c755f72553082f74d89e2518a571979d0a7a7bfee4e05452e0104d7e6c4fd99
[2216/3625] Checking is OK   | E:\01.userData\ZhuoMian\Github_Releases_批量下载 xray\Xray-core\v25.1.1\Xray-openbsd-32.zip          | LOCAL=1a8f07889f6385d0132e6d2d94154ce87af1d85d82b6a0d4a331dd05a17e2ff0 REMOTE=1a8f07889f6385d0132e6d2d94154ce87af1d85d82b6a0d4a331dd05a17e2ff0
[2217/3625] Checking is OK   | E:\01.userData\ZhuoMian\Github_Releases_批量下载 xray\Xray-core\v25.1.1\Xray-openbsd-64.zip          | LOCAL=c7de16229dcd2eee7c42a3b1682c1fe85f49e247a8417edb189a1a3d0b697162 REMOTE=c7de16229dcd2eee7c42a3b1682c1fe85f49e247a8417edb189a1a3d0b697162
[2218/3625] Checking is OK   | E:\01.userData\ZhuoMian\Github_Releases_批量下载 xray\Xray-core\v25.1.1\Xray-openbsd-arm32-v7a.zip   | LOCAL=78affdbbc1e8223f5d7d7fe346c82e84b2b3bfaeeba65a2410f3d243b18b9955 REMOTE=78affdbbc1e8223f5d7d7fe346c82e84b2b3bfaeeba65a2410f3d243b18b9955
[2219/3625] Checking is OK   | E:\01.userData\ZhuoMian\Github_Releases_批量下载 xray\Xray-core\v25.1.1\Xray-openbsd-arm64-v8a.zip   | LOCAL=0ef897cd75c75257692fd3cfab66c04782eb576c5a02f19878ae71c160721940 REMOTE=0ef897cd75c75257692fd3cfab66c04782eb576c5a02f19878ae71c160721940
[2220/3625] Checking is OK   | E:\01.userData\ZhuoMian\Github_Releases_批量下载 xray\Xray-core\v25.1.1\Xray-win7-32.zip             | LOCAL=8bd9b78fa584cb84a02c7c842e71b6b867a53a08447d9488dbd347d7e4f0649a REMOTE=8bd9b78fa584cb84a02c7c842e71b6b867a53a08447d9488dbd347d7e4f0649a
[2221/3625] Checking is OK   | E:\01.userData\ZhuoMian\Github_Releases_批量下载 xray\Xray-core\v25.1.1\Xray-win7-64.zip             | LOCAL=aa6435e8dcf5097174480bf8a787290b19add9be7d1c69693e0c2418ca679b97 REMOTE=aa6435e8dcf5097174480bf8a787290b19add9be7d1c69693e0c2418ca679b97
[2222/3625] Checking is OK   | E:\01.userData\ZhuoMian\Github_Releases_批量下载 xray\Xray-core\v25.1.1\Xray-windows-32.zip          | LOCAL=c89f299f556b4537e10369e7c092c225832b0e6bce73abf22cd19a56ba7d288b REMOTE=c89f299f556b4537e10369e7c092c225832b0e6bce73abf22cd19a56ba7d288b
[2223/3625] Checking is OK   | E:\01.userData\ZhuoMian\Github_Releases_批量下载 xray\Xray-core\v25.1.1\Xray-windows-64.zip          | LOCAL=1a98ba0ee4cbd2f7ea3e44d69dadbeb00d306678c2fdeb26946df5a4a5e4d3bd REMOTE=1a98ba0ee4cbd2f7ea3e44d69dadbeb00d306678c2fdeb26946df5a4a5e4d3bd
[2224/3625] Checking is OK   | E:\01.userData\ZhuoMian\Github_Releases_批量下载 xray\Xray-core\v25.1.1\Xray-windows-arm32-v7a.zip   | LOCAL=88606543f2d183e464b7c79b3c92a0a8585d622ffe0c71fe45370d29ee9f4107 REMOTE=88606543f2d183e464b7c79b3c92a0a8585d622ffe0c71fe45370d29ee9f4107
[2225/3625] Checking is OK   | E:\01.userData\ZhuoMian\Github_Releases_批量下载 xray\Xray-core\v25.1.1\Xray-windows-arm64-v8a.zip   | LOCAL=c419fa6d2793bfddaf768ad0c50828e4c640f1f15e6c73e54368674fb4249d74 REMOTE=c419fa6d2793bfddaf768ad0c50828e4c640f1f15e6c73e54368674fb4249d74
[2226/3625] Checking is OK   | E:\01.userData\ZhuoMian\Github_Releases_批量下载 xray\Xray-core\v25.1.30\Xray-android-arm64-v8a.zip  | LOCAL=605cb4a31cac70a6f37aa4ecc25b94198960194fa534d5e04fbb089638bcb0b1 REMOTE=605cb4a31cac70a6f37aa4ecc25b94198960194fa534d5e04fbb089638bcb0b1
[2227/3625] Checking is OK   | E:\01.userData\ZhuoMian\Github_Releases_批量下载 xray\Xray-core\v25.1.30\Xray-freebsd-32.zip         | LOCAL=577a1130d750599e61c8490466820a87ebfcbd5549797be7323050b73e3b9c34 REMOTE=577a1130d750599e61c8490466820a87ebfcbd5549797be7323050b73e3b9c34
[2228/3625] Checking is OK   | E:\01.userData\ZhuoMian\Github_Releases_批量下载 xray\Xray-core\v25.1.30\Xray-freebsd-64.zip         | LOCAL=81a08f805b64295eb53929c3d2a2671cc7f19e5fb25a02a89c211b43feda06f1 REMOTE=81a08f805b64295eb53929c3d2a2671cc7f19e5fb25a02a89c211b43feda06f1
[2229/3625] Checking is OK   | E:\01.userData\ZhuoMian\Github_Releases_批量下载 xray\Xray-core\v25.1.30\Xray-freebsd-arm32-v7a.zip  | LOCAL=7dfe1bee7aa7886320ac13aec582af62ff1ea036cd5649281513b598b22dad2c REMOTE=7dfe1bee7aa7886320ac13aec582af62ff1ea036cd5649281513b598b22dad2c
[2230/3625] Checking is OK   | E:\01.userData\ZhuoMian\Github_Releases_批量下载 xray\Xray-core\v25.1.30\Xray-freebsd-arm64-v8a.zip  | LOCAL=2ea5f9b0c5b52403ed142c4319b6fac528061d13c84bdc4d5626c3d32aeb4637 REMOTE=2ea5f9b0c5b52403ed142c4319b6fac528061d13c84bdc4d5626c3d32aeb4637
[2231/3625] Checking is OK   | E:\01.userData\ZhuoMian\Github_Releases_批量下载 xray\Xray-core\v25.1.30\Xray-linux-32.zip           | LOCAL=0320036cd4f037956771adc5930aed4911bc11aa03e8a30186c56c9090f2adcc REMOTE=0320036cd4f037956771adc5930aed4911bc11aa03e8a30186c56c9090f2adcc
[2232/3625] Checking is OK   | E:\01.userData\ZhuoMian\Github_Releases_批量下载 xray\Xray-core\v25.1.30\Xray-linux-64.zip           | LOCAL=20db837e3c33cce9a804c7d991b722a7cbd37bad4b7fc6200457f0b1c63084f2 REMOTE=20db837e3c33cce9a804c7d991b722a7cbd37bad4b7fc6200457f0b1c63084f2
[2233/3625] Checking is OK   | E:\01.userData\ZhuoMian\Github_Releases_批量下载 xray\Xray-core\v25.1.30\Xray-linux-arm32-v5.zip     | LOCAL=45413fd20eec02450e8fc686a038cee7c00e1690f542876e5230610e4c90cf9b REMOTE=45413fd20eec02450e8fc686a038cee7c00e1690f542876e5230610e4c90cf9b
[2234/3625] Checking is OK   | E:\01.userData\ZhuoMian\Github_Releases_批量下载 xray\Xray-core\v25.1.30\Xray-linux-arm32-v6.zip     | LOCAL=1af13556c645441f4b51419fc61d10a4dd44b02be95d54cd9eef4deed8b019e0 REMOTE=1af13556c645441f4b51419fc61d10a4dd44b02be95d54cd9eef4deed8b019e0
[2235/3625] Checking is OK   | E:\01.userData\ZhuoMian\Github_Releases_批量下载 xray\Xray-core\v25.1.30\Xray-linux-arm32-v7a.zip    | LOCAL=0e0e07ff7483d813628d9287f607468c1acbbaaf84845fd60e702da233bc7168 REMOTE=0e0e07ff7483d813628d9287f607468c1acbbaaf84845fd60e702da233bc7168
[2236/3625] Checking is OK   | E:\01.userData\ZhuoMian\Github_Releases_批量下载 xray\Xray-core\v25.1.30\Xray-linux-arm64-v8a.zip    | LOCAL=5f1b3a4b0155c2d6e710ab3e7eca64f3d3226be0295c188e8085b96835490d1d REMOTE=5f1b3a4b0155c2d6e710ab3e7eca64f3d3226be0295c188e8085b96835490d1d
[2237/3625] Checking is OK   | E:\01.userData\ZhuoMian\Github_Releases_批量下载 xray\Xray-core\v25.1.30\Xray-linux-loong64.zip      | LOCAL=931e2fcbdfafc9870dfbaea60baa2de4491ab7e274a4792883602112604acfb0 REMOTE=931e2fcbdfafc9870dfbaea60baa2de4491ab7e274a4792883602112604acfb0
[2238/3625] Checking is OK   | E:\01.userData\ZhuoMian\Github_Releases_批量下载 xray\Xray-core\v25.1.30\Xray-linux-mips32.zip       | LOCAL=d05985837bbcffe1ab99ffad36b9ed378337ea29ca7bc828d297116630516733 REMOTE=d05985837bbcffe1ab99ffad36b9ed378337ea29ca7bc828d297116630516733
[2239/3625] Checking is OK   | E:\01.userData\ZhuoMian\Github_Releases_批量下载 xray\Xray-core\v25.1.30\Xray-linux-mips32le.zip     | LOCAL=3a82db793aaab8b8b3abf76a818efa9ae2e0df2c8aa312fc36a09a1d722f76b8 REMOTE=3a82db793aaab8b8b3abf76a818efa9ae2e0df2c8aa312fc36a09a1d722f76b8
[2240/3625] Checking is OK   | E:\01.userData\ZhuoMian\Github_Releases_批量下载 xray\Xray-core\v25.1.30\Xray-linux-mips64.zip       | LOCAL=951667067e4e06a8b8ff2dbb4ad3690ec02977c7e159f9c1c0a73a3730e25cb6 REMOTE=951667067e4e06a8b8ff2dbb4ad3690ec02977c7e159f9c1c0a73a3730e25cb6
[2241/3625] Checking is OK   | E:\01.userData\ZhuoMian\Github_Releases_批量下载 xray\Xray-core\v25.1.30\Xray-linux-mips64le.zip     | LOCAL=88e0df8646376f6709e46ff2c53ea5d4fb4b6478f0ff0183993b60204059d559 REMOTE=88e0df8646376f6709e46ff2c53ea5d4fb4b6478f0ff0183993b60204059d559
[2242/3625] Checking is OK   | E:\01.userData\ZhuoMian\Github_Releases_批量下载 xray\Xray-core\v25.1.30\Xray-linux-ppc64.zip        | LOCAL=422a70a3e8c8bf352c97166ee81bb7bf76b77d966af85dd48b56a1d247841ad8 REMOTE=422a70a3e8c8bf352c97166ee81bb7bf76b77d966af85dd48b56a1d247841ad8
[2243/3625] Checking is OK   | E:\01.userData\ZhuoMian\Github_Releases_批量下载 xray\Xray-core\v25.1.30\Xray-linux-ppc64le.zip      | LOCAL=e002953b1a2dfa1c1bb82a5c62afe4431349f86090e1ccadf54d674acd21ec0d REMOTE=e002953b1a2dfa1c1bb82a5c62afe4431349f86090e1ccadf54d674acd21ec0d
[2244/3625] Checking is OK   | E:\01.userData\ZhuoMian\Github_Releases_批量下载 xray\Xray-core\v25.1.30\Xray-linux-riscv64.zip      | LOCAL=afcf778b16f2e1480f4fe5d35b647b36f259a5e7cbf82e422f1a9e7476952e0d REMOTE=afcf778b16f2e1480f4fe5d35b647b36f259a5e7cbf82e422f1a9e7476952e0d
[2245/3625] Checking is OK   | E:\01.userData\ZhuoMian\Github_Releases_批量下载 xray\Xray-core\v25.1.30\Xray-linux-s390x.zip        | LOCAL=489606e6085da794423bf7e27a9a629919fd0aba128c29bbb5c871facdc6cf37 REMOTE=489606e6085da794423bf7e27a9a629919fd0aba128c29bbb5c871facdc6cf37
[2246/3625] Checking is OK   | E:\01.userData\ZhuoMian\Github_Releases_批量下载 xray\Xray-core\v25.1.30\Xray-macos-64.zip           | LOCAL=f2b7f541260e88c0cc72b8e39c21cd8e1eedd61b703c3a99c38af1426f740da7 REMOTE=f2b7f541260e88c0cc72b8e39c21cd8e1eedd61b703c3a99c38af1426f740da7
[2247/3625] Checking is OK   | E:\01.userData\ZhuoMian\Github_Releases_批量下载 xray\Xray-core\v25.1.30\Xray-macos-arm64-v8a.zip    | LOCAL=9a85d80918d22fc74bbc5aefac9713ea5d20d8f522d4fd11429336015b3dbc67 REMOTE=9a85d80918d22fc74bbc5aefac9713ea5d20d8f522d4fd11429336015b3dbc67
[2248/3625] Checking is OK   | E:\01.userData\ZhuoMian\Github_Releases_批量下载 xray\Xray-core\v25.1.30\Xray-openbsd-32.zip         | LOCAL=c2b1614792f0f42858d36df4d95337c0e373cfeb9296646c2a8c9fb9b3d83aec REMOTE=c2b1614792f0f42858d36df4d95337c0e373cfeb9296646c2a8c9fb9b3d83aec
[2249/3625] Checking is OK   | E:\01.userData\ZhuoMian\Github_Releases_批量下载 xray\Xray-core\v25.1.30\Xray-openbsd-64.zip         | LOCAL=367de41b0face0a4f5e91bc81fc83a5032eca5797b6ca742bbfe845747b10df7 REMOTE=367de41b0face0a4f5e91bc81fc83a5032eca5797b6ca742bbfe845747b10df7
[2250/3625] Checking is OK   | E:\01.userData\ZhuoMian\Github_Releases_批量下载 xray\Xray-core\v25.1.30\Xray-openbsd-arm32-v7a.zip  | LOCAL=4fc5f01098e3cd9d27c2bfb3d0539634846b4b660690cc5788bc6213006b86a9 REMOTE=4fc5f01098e3cd9d27c2bfb3d0539634846b4b660690cc5788bc6213006b86a9
[2251/3625] Checking is OK   | E:\01.userData\ZhuoMian\Github_Releases_批量下载 xray\Xray-core\v25.1.30\Xray-openbsd-arm64-v8a.zip  | LOCAL=5896f305cffc7074016d4b3e2236b6b1f5d2b7ea1b41ff0810e70e367fcfe776 REMOTE=5896f305cffc7074016d4b3e2236b6b1f5d2b7ea1b41ff0810e70e367fcfe776
[2252/3625] Checking is OK   | E:\01.userData\ZhuoMian\Github_Releases_批量下载 xray\Xray-core\v25.1.30\Xray-win7-32.zip            | LOCAL=3d5b907e61ae0a480d12daea64794b5fe363e170bc4cdda2e88ce2c4002d6d84 REMOTE=3d5b907e61ae0a480d12daea64794b5fe363e170bc4cdda2e88ce2c4002d6d84
[2253/3625] Checking is OK   | E:\01.userData\ZhuoMian\Github_Releases_批量下载 xray\Xray-core\v25.1.30\Xray-win7-64.zip            | LOCAL=29a355aced16d0c7d333901a5109703aa1db91c4f244ff2210858c015a4e0c77 REMOTE=29a355aced16d0c7d333901a5109703aa1db91c4f244ff2210858c015a4e0c77
[2254/3625] Checking is OK   | E:\01.userData\ZhuoMian\Github_Releases_批量下载 xray\Xray-core\v25.1.30\Xray-windows-32.zip         | LOCAL=6c49ed35745f1921e10080779dd978e386078fa0a2b07a6e10500a815130f74d REMOTE=6c49ed35745f1921e10080779dd978e386078fa0a2b07a6e10500a815130f74d
[2255/3625] Checking is OK   | E:\01.userData\ZhuoMian\Github_Releases_批量下载 xray\Xray-core\v25.1.30\Xray-windows-64.zip         | LOCAL=802c9eff248bdb7e5154b3fbd2132c4ecf4a215b33b4dfde5166ef981765bb7b REMOTE=802c9eff248bdb7e5154b3fbd2132c4ecf4a215b33b4dfde5166ef981765bb7b
[2256/3625] Checking is OK   | E:\01.userData\ZhuoMian\Github_Releases_批量下载 xray\Xray-core\v25.1.30\Xray-windows-arm32-v7a.zip  | LOCAL=708c09688f1b38c1aca795696d59d537993fb24bfb64d31b61fcf00a181cee2e REMOTE=708c09688f1b38c1aca795696d59d537993fb24bfb64d31b61fcf00a181cee2e
[2257/3625] Checking is OK   | E:\01.userData\ZhuoMian\Github_Releases_批量下载 xray\Xray-core\v25.1.30\Xray-windows-arm64-v8a.zip  | LOCAL=2f23b99ec9a64f71e9f124136e75968ff5c549aacf47862eeac91eb26529113f REMOTE=2f23b99ec9a64f71e9f124136e75968ff5c549aacf47862eeac91eb26529113f
[2258/3625] Checking is OK   | E:\01.userData\ZhuoMian\Github_Releases_批量下载 xray\Xray-core\v25.10.15\Xray-android-amd64.zip     | LOCAL=b6a7163d36c7516a95707083ee517b3b7222867b41c7b711c4f9e9def333c2c2 REMOTE=b6a7163d36c7516a95707083ee517b3b7222867b41c7b711c4f9e9def333c2c2
[2259/3625] Checking is OK   | E:\01.userData\ZhuoMian\Github_Releases_批量下载 xray\Xray-core\v25.10.15\Xray-android-arm64-v8a.zip | LOCAL=87755c85db26ec0abd4d03a4e37d152ad668038b63f1c2c1cac24e484f3b24c6 REMOTE=87755c85db26ec0abd4d03a4e37d152ad668038b63f1c2c1cac24e484f3b24c6
[2260/3625] Checking is OK   | E:\01.userData\ZhuoMian\Github_Releases_批量下载 xray\Xray-core\v25.10.15\Xray-freebsd-32.zip        | LOCAL=5291f88b537df59e4a12f626e09e88a89234c11a183a27080edf38c9ef134621 REMOTE=5291f88b537df59e4a12f626e09e88a89234c11a183a27080edf38c9ef134621
[2261/3625] Checking is OK   | E:\01.userData\ZhuoMian\Github_Releases_批量下载 xray\Xray-core\v25.10.15\Xray-freebsd-64.zip        | LOCAL=3a805127b9042e5245822a23ca521605465bca5f35468af997e249d05346361c REMOTE=3a805127b9042e5245822a23ca521605465bca5f35468af997e249d05346361c
[2262/3625] Checking is OK   | E:\01.userData\ZhuoMian\Github_Releases_批量下载 xray\Xray-core\v25.10.15\Xray-freebsd-arm32-v7a.zip | LOCAL=97fdd10e15b3a38f55100d164b6d7610a5de155eea523ac68743d67fb645a323 REMOTE=97fdd10e15b3a38f55100d164b6d7610a5de155eea523ac68743d67fb645a323
[2263/3625] Checking is OK   | E:\01.userData\ZhuoMian\Github_Releases_批量下载 xray\Xray-core\v25.10.15\Xray-freebsd-arm64-v8a.zip | LOCAL=04050775a6012ff33de5a06eee4fe8c93ab082ce8f906471bfd78ce4453f8586 REMOTE=04050775a6012ff33de5a06eee4fe8c93ab082ce8f906471bfd78ce4453f8586
[2264/3625] Checking is OK   | E:\01.userData\ZhuoMian\Github_Releases_批量下载 xray\Xray-core\v25.10.15\Xray-linux-32.zip          | LOCAL=0f29240f3ff025de57bfaeb0a8a7c06ff28c2cd8312e2a0761f382319da625d7 REMOTE=0f29240f3ff025de57bfaeb0a8a7c06ff28c2cd8312e2a0761f382319da625d7
[2265/3625] Checking is OK   | E:\01.userData\ZhuoMian\Github_Releases_批量下载 xray\Xray-core\v25.10.15\Xray-linux-64.zip          | LOCAL=df22ad60c1251c9fb63d7f85b3677872edf61c6715eba64b06adbfec658f4938 REMOTE=df22ad60c1251c9fb63d7f85b3677872edf61c6715eba64b06adbfec658f4938
[2266/3625] Checking is OK   | E:\01.userData\ZhuoMian\Github_Releases_批量下载 xray\Xray-core\v25.10.15\Xray-linux-arm32-v5.zip    | LOCAL=c0e731c88b29772aa7e78989b7f47712595b2582d430539648abe2af9a45f8d7 REMOTE=c0e731c88b29772aa7e78989b7f47712595b2582d430539648abe2af9a45f8d7
[2267/3625] Checking is OK   | E:\01.userData\ZhuoMian\Github_Releases_批量下载 xray\Xray-core\v25.10.15\Xray-linux-arm32-v6.zip    | LOCAL=40b028c6cc39a6945f8d3afc70041bef3b1808f75971ac57a283a35a06164a98 REMOTE=40b028c6cc39a6945f8d3afc70041bef3b1808f75971ac57a283a35a06164a98
[2268/3625] Checking is OK   | E:\01.userData\ZhuoMian\Github_Releases_批量下载 xray\Xray-core\v25.10.15\Xray-linux-arm32-v7a.zip   | LOCAL=e3a164313124d043bf4cc6f2f912accf34810654700242f9a18f7307ce843d3a REMOTE=e3a164313124d043bf4cc6f2f912accf34810654700242f9a18f7307ce843d3a
[2269/3625] Checking is OK   | E:\01.userData\ZhuoMian\Github_Releases_批量下载 xray\Xray-core\v25.10.15\Xray-linux-arm64-v8a.zip   | LOCAL=67ea391812f90fa17e29a60c8faa834bcf30ead0f84eb6b2bbd2d398d56b759e REMOTE=67ea391812f90fa17e29a60c8faa834bcf30ead0f84eb6b2bbd2d398d56b759e
[2270/3625] Checking is OK   | E:\01.userData\ZhuoMian\Github_Releases_批量下载 xray\Xray-core\v25.10.15\Xray-linux-loong64.zip     | LOCAL=048c845e9cb18312b9d71026a99a511e2674bda5869670345a722a2783fdd24d REMOTE=048c845e9cb18312b9d71026a99a511e2674bda5869670345a722a2783fdd24d
[2271/3625] Checking is OK   | E:\01.userData\ZhuoMian\Github_Releases_批量下载 xray\Xray-core\v25.10.15\Xray-linux-mips32.zip      | LOCAL=7efb31491d9f338d05948f56450f783064828ea51a62a61cad432062b4137d7b REMOTE=7efb31491d9f338d05948f56450f783064828ea51a62a61cad432062b4137d7b
[2272/3625] Checking is OK   | E:\01.userData\ZhuoMian\Github_Releases_批量下载 xray\Xray-core\v25.10.15\Xray-linux-mips32le.zip    | LOCAL=672fa2ee09c64a2dbb95251f36e259633d562036f88b6847fc9fcf843037f86e REMOTE=672fa2ee09c64a2dbb95251f36e259633d562036f88b6847fc9fcf843037f86e
[2273/3625] Checking is OK   | E:\01.userData\ZhuoMian\Github_Releases_批量下载 xray\Xray-core\v25.10.15\Xray-linux-mips64.zip      | LOCAL=0819a6de8c6b01cd341f31c98c16aba9ff0077a2cdbb65ece447d2edbafedb3b REMOTE=0819a6de8c6b01cd341f31c98c16aba9ff0077a2cdbb65ece447d2edbafedb3b
[2274/3625] Checking is OK   | E:\01.userData\ZhuoMian\Github_Releases_批量下载 xray\Xray-core\v25.10.15\Xray-linux-mips64le.zip    | LOCAL=e17bd86a4f0933ca03efa1f1ea773df021e1de1a35742934530227fe0c7ab2a8 REMOTE=e17bd86a4f0933ca03efa1f1ea773df021e1de1a35742934530227fe0c7ab2a8
[2275/3625] Checking is OK   | E:\01.userData\ZhuoMian\Github_Releases_批量下载 xray\Xray-core\v25.10.15\Xray-linux-ppc64.zip       | LOCAL=dbcc6c08bb051d70607baa5028489d5128eb3d7612a1f9071efff523274610f9 REMOTE=dbcc6c08bb051d70607baa5028489d5128eb3d7612a1f9071efff523274610f9
[2276/3625] Checking is OK   | E:\01.userData\ZhuoMian\Github_Releases_批量下载 xray\Xray-core\v25.10.15\Xray-linux-ppc64le.zip     | LOCAL=796ba6d4fc83a1c44eff077696f0787f394fd7d0e1a54c0f2d5a34c77a60c145 REMOTE=796ba6d4fc83a1c44eff077696f0787f394fd7d0e1a54c0f2d5a34c77a60c145
[2277/3625] Checking is OK   | E:\01.userData\ZhuoMian\Github_Releases_批量下载 xray\Xray-core\v25.10.15\Xray-linux-riscv64.zip     | LOCAL=ead8b94d2ad7e8fa1d62563dfb68ddb0ac8c06dc0fd9860526b3d86be71098a3 REMOTE=ead8b94d2ad7e8fa1d62563dfb68ddb0ac8c06dc0fd9860526b3d86be71098a3
[2278/3625] Checking is OK   | E:\01.userData\ZhuoMian\Github_Releases_批量下载 xray\Xray-core\v25.10.15\Xray-linux-s390x.zip       | LOCAL=a84bf6efc5eb7947ba535d1f85c73d3fc52df194a3065e03e18c2c37a095d5a0 REMOTE=a84bf6efc5eb7947ba535d1f85c73d3fc52df194a3065e03e18c2c37a095d5a0
[2279/3625] Checking is OK   | E:\01.userData\ZhuoMian\Github_Releases_批量下载 xray\Xray-core\v25.10.15\Xray-macos-64.zip          | LOCAL=6037d5377165a7bf80abcc3208305db3683844e682ac498cfd752a58e4beceec REMOTE=6037d5377165a7bf80abcc3208305db3683844e682ac498cfd752a58e4beceec
[2280/3625] Checking is OK   | E:\01.userData\ZhuoMian\Github_Releases_批量下载 xray\Xray-core\v25.10.15\Xray-macos-arm64-v8a.zip   | LOCAL=916eee655b9500c28d6b59bf01987aa6db3cd6efca073f0322a582b7ab1002c3 REMOTE=916eee655b9500c28d6b59bf01987aa6db3cd6efca073f0322a582b7ab1002c3
[2281/3625] Checking is OK   | E:\01.userData\ZhuoMian\Github_Releases_批量下载 xray\Xray-core\v25.10.15\Xray-openbsd-32.zip        | LOCAL=60cdf7540123a9ed3157d3cbb2c38292d0a744ff3a9080949616cb0b01d00755 REMOTE=60cdf7540123a9ed3157d3cbb2c38292d0a744ff3a9080949616cb0b01d00755
[2282/3625] Checking is OK   | E:\01.userData\ZhuoMian\Github_Releases_批量下载 xray\Xray-core\v25.10.15\Xray-openbsd-64.zip        | LOCAL=be328b6654fd13a1d4b7a9bb3008bcf83e5323465608a8ef652627c33fab7cc7 REMOTE=be328b6654fd13a1d4b7a9bb3008bcf83e5323465608a8ef652627c33fab7cc7
[2283/3625] Checking is OK   | E:\01.userData\ZhuoMian\Github_Releases_批量下载 xray\Xray-core\v25.10.15\Xray-openbsd-arm32-v7a.zip | LOCAL=7e991bf99de999f26d606ab46952558f4cd613fd557696c309516987246c0e3b REMOTE=7e991bf99de999f26d606ab46952558f4cd613fd557696c309516987246c0e3b
[2284/3625] Checking is OK   | E:\01.userData\ZhuoMian\Github_Releases_批量下载 xray\Xray-core\v25.10.15\Xray-openbsd-arm64-v8a.zip | LOCAL=f07c0440298cdb763fa2edeff7cb3ea63dc94698179d1366f5a953d22d2094e2 REMOTE=f07c0440298cdb763fa2edeff7cb3ea63dc94698179d1366f5a953d22d2094e2
[2285/3625] Checking is OK   | E:\01.userData\ZhuoMian\Github_Releases_批量下载 xray\Xray-core\v25.10.15\Xray-win7-32.zip           | LOCAL=712685e16f08051ebf9e4d19a54f238c78d0e644f23a7055cd8286c71da1bcbc REMOTE=712685e16f08051ebf9e4d19a54f238c78d0e644f23a7055cd8286c71da1bcbc
[2286/3625] Checking is OK   | E:\01.userData\ZhuoMian\Github_Releases_批量下载 xray\Xray-core\v25.10.15\Xray-win7-64.zip           | LOCAL=0135612ea8e23bdf02c05aa316160992aecc242b08fc5ea7e21af3a7aac513da REMOTE=0135612ea8e23bdf02c05aa316160992aecc242b08fc5ea7e21af3a7aac513da
[2287/3625] Checking is OK   | E:\01.userData\ZhuoMian\Github_Releases_批量下载 xray\Xray-core\v25.10.15\Xray-windows-32.zip        | LOCAL=75db053ef3f746fcd7f2778292e56256fc20b0c4088efc2f23b0a60fde4e2a4c REMOTE=75db053ef3f746fcd7f2778292e56256fc20b0c4088efc2f23b0a60fde4e2a4c
[2288/3625] Checking is OK   | E:\01.userData\ZhuoMian\Github_Releases_批量下载 xray\Xray-core\v25.10.15\Xray-windows-64.zip        | LOCAL=bdda983f3ea16e8ec33822e3a04f27e0983797885507e4e3b52c6ae33d602341 REMOTE=bdda983f3ea16e8ec33822e3a04f27e0983797885507e4e3b52c6ae33d602341
[2289/3625] Checking is OK   | E:\01.userData\ZhuoMian\Github_Releases_批量下载 xray\Xray-core\v25.10.15\Xray-windows-arm32-v7a.zip | LOCAL=560597ef61ee7a9ccf49bed56f48752f205e75e87127a3b97df0d15bbd3a193e REMOTE=560597ef61ee7a9ccf49bed56f48752f205e75e87127a3b97df0d15bbd3a193e
[2290/3625] Checking is OK   | E:\01.userData\ZhuoMian\Github_Releases_批量下载 xray\Xray-core\v25.10.15\Xray-windows-arm64-v8a.zip | LOCAL=17782a4db3651c0d8061ff19bcdd0a0ab6ba58b0715565c57540cbbef832d938 REMOTE=17782a4db3651c0d8061ff19bcdd0a0ab6ba58b0715565c57540cbbef832d938
[2291/3625] Checking is OK   | E:\01.userData\ZhuoMian\Github_Releases_批量下载 xray\Xray-core\v25.12.1\Xray-android-amd64.zip      | LOCAL=1b7afab8689d3b1adac755cbd5e01bcae04fa32f419bf59da61f6ac08af1061a REMOTE=1b7afab8689d3b1adac755cbd5e01bcae04fa32f419bf59da61f6ac08af1061a
[2292/3625] Checking is OK   | E:\01.userData\ZhuoMian\Github_Releases_批量下载 xray\Xray-core\v25.12.1\Xray-android-arm64-v8a.zip  | LOCAL=a9deec93d1f13d7976ad764ec296986c1610138e218623f44a5f1a3faedbf409 REMOTE=a9deec93d1f13d7976ad764ec296986c1610138e218623f44a5f1a3faedbf409
[2293/3625] Checking is OK   | E:\01.userData\ZhuoMian\Github_Releases_批量下载 xray\Xray-core\v25.12.1\Xray-freebsd-32.zip         | LOCAL=e2f0c0cfaded1e87e33d4b6b8f9ccb2b981fc9a9b62c5a67265d24f8bd41a605 REMOTE=e2f0c0cfaded1e87e33d4b6b8f9ccb2b981fc9a9b62c5a67265d24f8bd41a605
[2294/3625] Checking is OK   | E:\01.userData\ZhuoMian\Github_Releases_批量下载 xray\Xray-core\v25.12.1\Xray-freebsd-64.zip         | LOCAL=36eef432d643c997ea1350c670249d5b3e73c852227ebcd3d7ea5874fcbc45f4 REMOTE=36eef432d643c997ea1350c670249d5b3e73c852227ebcd3d7ea5874fcbc45f4
[2295/3625] Checking is OK   | E:\01.userData\ZhuoMian\Github_Releases_批量下载 xray\Xray-core\v25.12.1\Xray-freebsd-arm32-v7a.zip  | LOCAL=718ba3e2d682f32228adf9c3848fc74545fbb705e42464a61868ae3ae9758529 REMOTE=718ba3e2d682f32228adf9c3848fc74545fbb705e42464a61868ae3ae9758529
[2296/3625] Checking is OK   | E:\01.userData\ZhuoMian\Github_Releases_批量下载 xray\Xray-core\v25.12.1\Xray-freebsd-arm64-v8a.zip  | LOCAL=5e125bb192032999be452af781214f795419a687bcdce1efd51285adac122cdb REMOTE=5e125bb192032999be452af781214f795419a687bcdce1efd51285adac122cdb
[2297/3625] Checking is OK   | E:\01.userData\ZhuoMian\Github_Releases_批量下载 xray\Xray-core\v25.12.1\Xray-linux-32.zip           | LOCAL=eecc3240736936cfb36e5592e17b878945953580f2f1706cada65ac320d051c6 REMOTE=eecc3240736936cfb36e5592e17b878945953580f2f1706cada65ac320d051c6
[2298/3625] Checking is OK   | E:\01.userData\ZhuoMian\Github_Releases_批量下载 xray\Xray-core\v25.12.1\Xray-linux-64.zip           | LOCAL=1a16fca9a1ba4e8259d8b0b91c428b3ec0adee0d0cd9127ce0d98a055cef083b REMOTE=1a16fca9a1ba4e8259d8b0b91c428b3ec0adee0d0cd9127ce0d98a055cef083b
[2299/3625] Checking is OK   | E:\01.userData\ZhuoMian\Github_Releases_批量下载 xray\Xray-core\v25.12.1\Xray-linux-arm32-v5.zip     | LOCAL=193063e066fa2473ce3966487f73d1dfab746c62e360f13260ee9c8518dcd1c3 REMOTE=193063e066fa2473ce3966487f73d1dfab746c62e360f13260ee9c8518dcd1c3
[2300/3625] Checking is OK   | E:\01.userData\ZhuoMian\Github_Releases_批量下载 xray\Xray-core\v25.12.1\Xray-linux-arm32-v6.zip     | LOCAL=114194a48afc07752c4d9fe100b3112f0bc02c732c680f708124c0858a9a3dd5 REMOTE=114194a48afc07752c4d9fe100b3112f0bc02c732c680f708124c0858a9a3dd5
[2301/3625] Checking is OK   | E:\01.userData\ZhuoMian\Github_Releases_批量下载 xray\Xray-core\v25.12.1\Xray-linux-arm32-v7a.zip    | LOCAL=ce5eefc21a60b775795f15047be33f754847bc1f882830c3173826285bc7b6f7 REMOTE=ce5eefc21a60b775795f15047be33f754847bc1f882830c3173826285bc7b6f7
[2302/3625] Checking is OK   | E:\01.userData\ZhuoMian\Github_Releases_批量下载 xray\Xray-core\v25.12.1\Xray-linux-arm64-v8a.zip    | LOCAL=685e7365211f899305964d82780ef07b76b287fb108aae328d68f4b37b061a86 REMOTE=685e7365211f899305964d82780ef07b76b287fb108aae328d68f4b37b061a86
[2303/3625] Checking is OK   | E:\01.userData\ZhuoMian\Github_Releases_批量下载 xray\Xray-core\v25.12.1\Xray-linux-loong64.zip      | LOCAL=af85c2881b4f2bb96920fa496b91c7e1f21a64d3f9862eec45640be4d5949da5 REMOTE=af85c2881b4f2bb96920fa496b91c7e1f21a64d3f9862eec45640be4d5949da5
[2304/3625] Checking is OK   | E:\01.userData\ZhuoMian\Github_Releases_批量下载 xray\Xray-core\v25.12.1\Xray-linux-mips32.zip       | LOCAL=05111195c1475af4a737da143ed85e14cca63109a530667d4a25852c7b1031ef REMOTE=05111195c1475af4a737da143ed85e14cca63109a530667d4a25852c7b1031ef
[2305/3625] Checking is OK   | E:\01.userData\ZhuoMian\Github_Releases_批量下载 xray\Xray-core\v25.12.1\Xray-linux-mips32le.zip     | LOCAL=00eb58b0c75d5b229a6941a82032dbd0c9256eed6449e593799a24234bba2042 REMOTE=00eb58b0c75d5b229a6941a82032dbd0c9256eed6449e593799a24234bba2042
[2306/3625] Checking is OK   | E:\01.userData\ZhuoMian\Github_Releases_批量下载 xray\Xray-core\v25.12.1\Xray-linux-mips64.zip       | LOCAL=0c9e3a0bee9aaa7e8b986669b68858cac462b7a8cc13a94a8c263c50bee8152b REMOTE=0c9e3a0bee9aaa7e8b986669b68858cac462b7a8cc13a94a8c263c50bee8152b
[2307/3625] Checking is OK   | E:\01.userData\ZhuoMian\Github_Releases_批量下载 xray\Xray-core\v25.12.1\Xray-linux-mips64le.zip     | LOCAL=bcf2e250a6954130ac8737961b56795ff9d7effc0337c2c6b8b4368f74d4ed21 REMOTE=bcf2e250a6954130ac8737961b56795ff9d7effc0337c2c6b8b4368f74d4ed21
[2308/3625] Checking is OK   | E:\01.userData\ZhuoMian\Github_Releases_批量下载 xray\Xray-core\v25.12.1\Xray-linux-ppc64.zip        | LOCAL=cc041b86aba79bc67b748ec7652ed3e74c76d1f3716df5dc897ab79e3c8e6da5 REMOTE=cc041b86aba79bc67b748ec7652ed3e74c76d1f3716df5dc897ab79e3c8e6da5
[2309/3625] Checking is OK   | E:\01.userData\ZhuoMian\Github_Releases_批量下载 xray\Xray-core\v25.12.1\Xray-linux-ppc64le.zip      | LOCAL=3b4958ed6bec634bf7f97ef948b70c93aff69944c2f7382d62c04a7cf5528832 REMOTE=3b4958ed6bec634bf7f97ef948b70c93aff69944c2f7382d62c04a7cf5528832
[2310/3625] Checking is OK   | E:\01.userData\ZhuoMian\Github_Releases_批量下载 xray\Xray-core\v25.12.1\Xray-linux-riscv64.zip      | LOCAL=74756d56dce370f130b1dc3a13a291de7e43e5bad9e367f20e6f3be24c6c71f4 REMOTE=74756d56dce370f130b1dc3a13a291de7e43e5bad9e367f20e6f3be24c6c71f4
[2311/3625] Checking is OK   | E:\01.userData\ZhuoMian\Github_Releases_批量下载 xray\Xray-core\v25.12.1\Xray-linux-s390x.zip        | LOCAL=b44d769cc2560107c9676ba0a4b680ce399672f2812075fd0e142d7c75e057c6 REMOTE=b44d769cc2560107c9676ba0a4b680ce399672f2812075fd0e142d7c75e057c6
[2312/3625] Checking is OK   | E:\01.userData\ZhuoMian\Github_Releases_批量下载 xray\Xray-core\v25.12.1\Xray-macos-64.zip           | LOCAL=d203e01f031d1be63bf0a73ef033d20a4eb3ec251fb32cb932da8a9f50ec6cfb REMOTE=d203e01f031d1be63bf0a73ef033d20a4eb3ec251fb32cb932da8a9f50ec6cfb
[2313/3625] Checking is OK   | E:\01.userData\ZhuoMian\Github_Releases_批量下载 xray\Xray-core\v25.12.1\Xray-macos-arm64-v8a.zip    | LOCAL=b58646f1a6207bacd0f4d8b33abe757e900c2a359c83c3d0d9da82d8b31ac7fd REMOTE=b58646f1a6207bacd0f4d8b33abe757e900c2a359c83c3d0d9da82d8b31ac7fd
[2314/3625] Checking is OK   | E:\01.userData\ZhuoMian\Github_Releases_批量下载 xray\Xray-core\v25.12.1\Xray-openbsd-32.zip         | LOCAL=013abceadddd244f9dc0b6333a8c3947c29d7002ad5f272fbb14ae3549d41ea7 REMOTE=013abceadddd244f9dc0b6333a8c3947c29d7002ad5f272fbb14ae3549d41ea7
[2315/3625] Checking is OK   | E:\01.userData\ZhuoMian\Github_Releases_批量下载 xray\Xray-core\v25.12.1\Xray-openbsd-64.zip         | LOCAL=71cc13eb94acc66e58690a2342c730ba2478396ef0fc46947d279640b9700039 REMOTE=71cc13eb94acc66e58690a2342c730ba2478396ef0fc46947d279640b9700039
[2316/3625] Checking is OK   | E:\01.userData\ZhuoMian\Github_Releases_批量下载 xray\Xray-core\v25.12.1\Xray-openbsd-arm32-v7a.zip  | LOCAL=dc0bda99d3da086ff34ff33d6ca840c9241d70678b0c8e04b451f2b82ff2a682 REMOTE=dc0bda99d3da086ff34ff33d6ca840c9241d70678b0c8e04b451f2b82ff2a682
[2317/3625] Checking is OK   | E:\01.userData\ZhuoMian\Github_Releases_批量下载 xray\Xray-core\v25.12.1\Xray-openbsd-arm64-v8a.zip  | LOCAL=d8f8dcc4dd22ebf8d59ec05ee4482f5e1ed32fd3b2e9205e92d6bcf54c427588 REMOTE=d8f8dcc4dd22ebf8d59ec05ee4482f5e1ed32fd3b2e9205e92d6bcf54c427588
[2318/3625] Checking is OK   | E:\01.userData\ZhuoMian\Github_Releases_批量下载 xray\Xray-core\v25.12.1\Xray-win7-32.zip            | LOCAL=dd0ab628d99d2c2159b642c40757e8f305498882acc935755b80eb7dfe981693 REMOTE=dd0ab628d99d2c2159b642c40757e8f305498882acc935755b80eb7dfe981693
[2319/3625] Checking is OK   | E:\01.userData\ZhuoMian\Github_Releases_批量下载 xray\Xray-core\v25.12.1\Xray-win7-64.zip            | LOCAL=1e70196f5aebf72cd8d1fbf4d5586f63ddd248d075f9621d1db399d8c25cbeb2 REMOTE=1e70196f5aebf72cd8d1fbf4d5586f63ddd248d075f9621d1db399d8c25cbeb2
[2320/3625] Checking is OK   | E:\01.userData\ZhuoMian\Github_Releases_批量下载 xray\Xray-core\v25.12.1\Xray-windows-32.zip         | LOCAL=816942ed2314f3d21cd4b2bffb97d2dce6916d6453d25aed79d317f8c5e4c4bd REMOTE=816942ed2314f3d21cd4b2bffb97d2dce6916d6453d25aed79d317f8c5e4c4bd
[2321/3625] Checking is OK   | E:\01.userData\ZhuoMian\Github_Releases_批量下载 xray\Xray-core\v25.12.1\Xray-windows-64.zip         | LOCAL=d828ce3b2af73186a9ce588214885b452d468c9cf89633ca309b7692ed39b831 REMOTE=d828ce3b2af73186a9ce588214885b452d468c9cf89633ca309b7692ed39b831
[2322/3625] Checking is OK   | E:\01.userData\ZhuoMian\Github_Releases_批量下载 xray\Xray-core\v25.12.1\Xray-windows-arm32-v7a.zip  | LOCAL=7d4029fa0b5a62e8451464666cf151bdbdce88df909adb868f46dc21bf479363 REMOTE=7d4029fa0b5a62e8451464666cf151bdbdce88df909adb868f46dc21bf479363
[2323/3625] Checking is OK   | E:\01.userData\ZhuoMian\Github_Releases_批量下载 xray\Xray-core\v25.12.1\Xray-windows-arm64-v8a.zip  | LOCAL=8c34dcbbf211897dee384fb6e7387a7c70770680e94bbe47c878d0e9ce6b4c50 REMOTE=8c34dcbbf211897dee384fb6e7387a7c70770680e94bbe47c878d0e9ce6b4c50
[2324/3625] Checking is OK   | E:\01.userData\ZhuoMian\Github_Releases_批量下载 xray\Xray-core\v25.12.2\Xray-android-amd64.zip      | LOCAL=680aba3c167a8bb63f57a046cfb52b57460e0d074ed3264dde39650fecc575aa REMOTE=680aba3c167a8bb63f57a046cfb52b57460e0d074ed3264dde39650fecc575aa
[2325/3625] Checking is OK   | E:\01.userData\ZhuoMian\Github_Releases_批量下载 xray\Xray-core\v25.12.2\Xray-android-arm64-v8a.zip  | LOCAL=6001acb8ae8bf702789d3851c471bea68d68fde42aa5c02beabae65b3ed2b88f REMOTE=6001acb8ae8bf702789d3851c471bea68d68fde42aa5c02beabae65b3ed2b88f
[2326/3625] Checking is OK   | E:\01.userData\ZhuoMian\Github_Releases_批量下载 xray\Xray-core\v25.12.2\Xray-freebsd-32.zip         | LOCAL=0d16b87c8389411132d647b55fab932c7276eaddd766b37408a5370ec36c4c61 REMOTE=0d16b87c8389411132d647b55fab932c7276eaddd766b37408a5370ec36c4c61
[2327/3625] Checking is OK   | E:\01.userData\ZhuoMian\Github_Releases_批量下载 xray\Xray-core\v25.12.2\Xray-freebsd-64.zip         | LOCAL=a67619acec7e6c2cc1868754cd785f0ba84044b8cacb83b2bb0b464b07b73d84 REMOTE=a67619acec7e6c2cc1868754cd785f0ba84044b8cacb83b2bb0b464b07b73d84
[2328/3625] Checking is OK   | E:\01.userData\ZhuoMian\Github_Releases_批量下载 xray\Xray-core\v25.12.2\Xray-freebsd-arm32-v7a.zip  | LOCAL=2ff514b4e60f1bcd583b372a1749a07d5a4befd40f4b1cac2228a3d415e25980 REMOTE=2ff514b4e60f1bcd583b372a1749a07d5a4befd40f4b1cac2228a3d415e25980
[2329/3625] Checking is OK   | E:\01.userData\ZhuoMian\Github_Releases_批量下载 xray\Xray-core\v25.12.2\Xray-freebsd-arm64-v8a.zip  | LOCAL=c1b81aaa11cb2b9a6ec9d24e318c9b867f7e86f9c2032d1652afd0fc1fb08c2f REMOTE=c1b81aaa11cb2b9a6ec9d24e318c9b867f7e86f9c2032d1652afd0fc1fb08c2f
[2330/3625] Checking is OK   | E:\01.userData\ZhuoMian\Github_Releases_批量下载 xray\Xray-core\v25.12.2\Xray-linux-32.zip           | LOCAL=4763cf33801b86e7bc1df5d6adc2e7293cddf9b31cb7f96a8558a5c845300781 REMOTE=4763cf33801b86e7bc1df5d6adc2e7293cddf9b31cb7f96a8558a5c845300781
[2331/3625] Checking is OK   | E:\01.userData\ZhuoMian\Github_Releases_批量下载 xray\Xray-core\v25.12.2\Xray-linux-64.zip           | LOCAL=442144ccf601fc9ff31d7ebb110908364a18e3adeac2bb546e4cacd53489622f REMOTE=442144ccf601fc9ff31d7ebb110908364a18e3adeac2bb546e4cacd53489622f
[2332/3625] Checking is OK   | E:\01.userData\ZhuoMian\Github_Releases_批量下载 xray\Xray-core\v25.12.2\Xray-linux-arm32-v5.zip     | LOCAL=a3997fa7a04a5e53172fd99f84d0fdc949c2a6ecf0684a352d3110c75531e0e7 REMOTE=a3997fa7a04a5e53172fd99f84d0fdc949c2a6ecf0684a352d3110c75531e0e7
[2333/3625] Checking is OK   | E:\01.userData\ZhuoMian\Github_Releases_批量下载 xray\Xray-core\v25.12.2\Xray-linux-arm32-v6.zip     | LOCAL=0588c93350a03fc1a927262f9b894baa1110f2fa1110dbdd44e68d44b091bde5 REMOTE=0588c93350a03fc1a927262f9b894baa1110f2fa1110dbdd44e68d44b091bde5
[2334/3625] Checking is OK   | E:\01.userData\ZhuoMian\Github_Releases_批量下载 xray\Xray-core\v25.12.2\Xray-linux-arm32-v7a.zip    | LOCAL=d459f853fd59b05cc76c8f28e63bd1128734ff56a315a6ad479771116825bfc5 REMOTE=d459f853fd59b05cc76c8f28e63bd1128734ff56a315a6ad479771116825bfc5
[2335/3625] Checking is OK   | E:\01.userData\ZhuoMian\Github_Releases_批量下载 xray\Xray-core\v25.12.2\Xray-linux-arm64-v8a.zip    | LOCAL=daac7d22c12326cbc0c2e43880cd165ae4e1e88a8c1494b5057ad7cf62c913be REMOTE=daac7d22c12326cbc0c2e43880cd165ae4e1e88a8c1494b5057ad7cf62c913be
[2336/3625] Checking is OK   | E:\01.userData\ZhuoMian\Github_Releases_批量下载 xray\Xray-core\v25.12.2\Xray-linux-loong64.zip      | LOCAL=c38c95e06e54d28f0c827210fe5c34d26038fe2ced356bce9b9c7d36ac92cf62 REMOTE=c38c95e06e54d28f0c827210fe5c34d26038fe2ced356bce9b9c7d36ac92cf62
[2337/3625] Checking is OK   | E:\01.userData\ZhuoMian\Github_Releases_批量下载 xray\Xray-core\v25.12.2\Xray-linux-mips32.zip       | LOCAL=29800044f3fd6b6f124f69f4be7b7f52a8032139ec3eedb9ad7778863ed454e4 REMOTE=29800044f3fd6b6f124f69f4be7b7f52a8032139ec3eedb9ad7778863ed454e4
[2338/3625] Checking is OK   | E:\01.userData\ZhuoMian\Github_Releases_批量下载 xray\Xray-core\v25.12.2\Xray-linux-mips32le.zip     | LOCAL=75e69f8748289723318899414f8e8d5639148f8a8e54eed63827e1622a7d39ee REMOTE=75e69f8748289723318899414f8e8d5639148f8a8e54eed63827e1622a7d39ee
[2339/3625] Checking is OK   | E:\01.userData\ZhuoMian\Github_Releases_批量下载 xray\Xray-core\v25.12.2\Xray-linux-mips64.zip       | LOCAL=1f12e7bf95bb6c40a4752ac3585068f756d02adc2368ba518e130d32a9f49710 REMOTE=1f12e7bf95bb6c40a4752ac3585068f756d02adc2368ba518e130d32a9f49710
[2340/3625] Checking is OK   | E:\01.userData\ZhuoMian\Github_Releases_批量下载 xray\Xray-core\v25.12.2\Xray-linux-mips64le.zip     | LOCAL=c0dd374d40fa21d9be1e8372207e7e7266d81fde91109cd7b6d77a7ebb63fb83 REMOTE=c0dd374d40fa21d9be1e8372207e7e7266d81fde91109cd7b6d77a7ebb63fb83
[2341/3625] Checking is OK   | E:\01.userData\ZhuoMian\Github_Releases_批量下载 xray\Xray-core\v25.12.2\Xray-linux-ppc64.zip        | LOCAL=af46d9e91dd99cb6fc3143119bb28c80387f64533240d064db8728cd695616bf REMOTE=af46d9e91dd99cb6fc3143119bb28c80387f64533240d064db8728cd695616bf
[2342/3625] Checking is OK   | E:\01.userData\ZhuoMian\Github_Releases_批量下载 xray\Xray-core\v25.12.2\Xray-linux-ppc64le.zip      | LOCAL=1a3114648fe6f394af6e1cb57c55b715e5683e32ab92142c6a50d13d66eb5ee3 REMOTE=1a3114648fe6f394af6e1cb57c55b715e5683e32ab92142c6a50d13d66eb5ee3
[2343/3625] Checking is OK   | E:\01.userData\ZhuoMian\Github_Releases_批量下载 xray\Xray-core\v25.12.2\Xray-linux-riscv64.zip      | LOCAL=41a5998b1b7ff41107221bd5cba8b3964685b5ae0fb696d3fac34aa301d490d2 REMOTE=41a5998b1b7ff41107221bd5cba8b3964685b5ae0fb696d3fac34aa301d490d2
[2344/3625] Checking is OK   | E:\01.userData\ZhuoMian\Github_Releases_批量下载 xray\Xray-core\v25.12.2\Xray-linux-s390x.zip        | LOCAL=df63e6c803bfa7e67f9b8c1036c961621226f3941bb61657055caf4a8112db8f REMOTE=df63e6c803bfa7e67f9b8c1036c961621226f3941bb61657055caf4a8112db8f
[2345/3625] Checking is OK   | E:\01.userData\ZhuoMian\Github_Releases_批量下载 xray\Xray-core\v25.12.2\Xray-macos-64.zip           | LOCAL=5da7c481c7e5d2c3562929d206d9a615440ee4c5d941db53d1c04f7de9bd6356 REMOTE=5da7c481c7e5d2c3562929d206d9a615440ee4c5d941db53d1c04f7de9bd6356
[2346/3625] Checking is OK   | E:\01.userData\ZhuoMian\Github_Releases_批量下载 xray\Xray-core\v25.12.2\Xray-macos-arm64-v8a.zip    | LOCAL=f8f116dd950bf3a60372509a5699558d5ca48c9537495d3b0ba2e30a6f88d7d1 REMOTE=f8f116dd950bf3a60372509a5699558d5ca48c9537495d3b0ba2e30a6f88d7d1
[2347/3625] Checking is OK   | E:\01.userData\ZhuoMian\Github_Releases_批量下载 xray\Xray-core\v25.12.2\Xray-openbsd-32.zip         | LOCAL=2ed76e8874257d0430e6f7a496cedf184501ea73b1ca590963a7283459baeda2 REMOTE=2ed76e8874257d0430e6f7a496cedf184501ea73b1ca590963a7283459baeda2
[2348/3625] Checking is OK   | E:\01.userData\ZhuoMian\Github_Releases_批量下载 xray\Xray-core\v25.12.2\Xray-openbsd-64.zip         | LOCAL=07770b63b64b559b781eb29e6d51252d2f8e880e5488058de09bff01c76d8680 REMOTE=07770b63b64b559b781eb29e6d51252d2f8e880e5488058de09bff01c76d8680
[2349/3625] Checking is OK   | E:\01.userData\ZhuoMian\Github_Releases_批量下载 xray\Xray-core\v25.12.2\Xray-openbsd-arm32-v7a.zip  | LOCAL=5460b6ddbda3bc00b2eb36990d79c61c6a5ae4992c9bc511468244757ef916df REMOTE=5460b6ddbda3bc00b2eb36990d79c61c6a5ae4992c9bc511468244757ef916df
[2350/3625] Checking is OK   | E:\01.userData\ZhuoMian\Github_Releases_批量下载 xray\Xray-core\v25.12.2\Xray-openbsd-arm64-v8a.zip  | LOCAL=42547acd9e1ee37229e9af1b3f740ff8536b6b3ca30625a07d82ea7c59a2e912 REMOTE=42547acd9e1ee37229e9af1b3f740ff8536b6b3ca30625a07d82ea7c59a2e912
[2351/3625] Checking is OK   | E:\01.userData\ZhuoMian\Github_Releases_批量下载 xray\Xray-core\v25.12.2\Xray-win7-32.zip            | LOCAL=2f753bc39f5b2f131cae81b6e0852ccb266d8c6739e185203084dbbe26e882f5 REMOTE=2f753bc39f5b2f131cae81b6e0852ccb266d8c6739e185203084dbbe26e882f5
[2352/3625] Checking is OK   | E:\01.userData\ZhuoMian\Github_Releases_批量下载 xray\Xray-core\v25.12.2\Xray-win7-64.zip            | LOCAL=fee96b0ee94e73547be19d9692815c2cf60a3906b1d89ed017663ade80bc00b0 REMOTE=fee96b0ee94e73547be19d9692815c2cf60a3906b1d89ed017663ade80bc00b0
[2353/3625] Checking is OK   | E:\01.userData\ZhuoMian\Github_Releases_批量下载 xray\Xray-core\v25.12.2\Xray-windows-32.zip         | LOCAL=157787f2f99c1dc15f680e4c207a4b9e6262fa3e1a17fc91af5d546e12b0ac5f REMOTE=157787f2f99c1dc15f680e4c207a4b9e6262fa3e1a17fc91af5d546e12b0ac5f
[2354/3625] Checking is OK   | E:\01.userData\ZhuoMian\Github_Releases_批量下载 xray\Xray-core\v25.12.2\Xray-windows-64.zip         | LOCAL=12590312c72ff32e105fcc64402c500a53fe9d364e576ca58ab9f071866634fb REMOTE=12590312c72ff32e105fcc64402c500a53fe9d364e576ca58ab9f071866634fb
[2355/3625] Checking is OK   | E:\01.userData\ZhuoMian\Github_Releases_批量下载 xray\Xray-core\v25.12.2\Xray-windows-arm32-v7a.zip  | LOCAL=85d8aaf2665e66d40f9afdd8d044038cbad472625a41314e8978271f81f760de REMOTE=85d8aaf2665e66d40f9afdd8d044038cbad472625a41314e8978271f81f760de
[2356/3625] Checking is OK   | E:\01.userData\ZhuoMian\Github_Releases_批量下载 xray\Xray-core\v25.12.2\Xray-windows-arm64-v8a.zip  | LOCAL=6a62d91fb2f449735fbef9006b075c8c55d9823deddd2c1cf1e76f93beeeb87b REMOTE=6a62d91fb2f449735fbef9006b075c8c55d9823deddd2c1cf1e76f93beeeb87b
[2357/3625] Checking is OK   | E:\01.userData\ZhuoMian\Github_Releases_批量下载 xray\Xray-core\v25.12.8\Xray-android-amd64.zip      | LOCAL=2f83265ed8d688f3e42e006b06cda856f390706e8fca37b1123b5127fbac7922 REMOTE=2f83265ed8d688f3e42e006b06cda856f390706e8fca37b1123b5127fbac7922
[2358/3625] Checking is OK   | E:\01.userData\ZhuoMian\Github_Releases_批量下载 xray\Xray-core\v25.12.8\Xray-android-arm64-v8a.zip  | LOCAL=670dd5c114b0e1e61d32623b7df8009ef9e5f965b3efa7a8c89a0289420e5b77 REMOTE=670dd5c114b0e1e61d32623b7df8009ef9e5f965b3efa7a8c89a0289420e5b77
[2359/3625] Checking is OK   | E:\01.userData\ZhuoMian\Github_Releases_批量下载 xray\Xray-core\v25.12.8\Xray-freebsd-32.zip         | LOCAL=ae8f4c98f90245050fcac467b38a60670243f9fe70f8b3e247a8fa10a6156ecb REMOTE=ae8f4c98f90245050fcac467b38a60670243f9fe70f8b3e247a8fa10a6156ecb
[2360/3625] Checking is OK   | E:\01.userData\ZhuoMian\Github_Releases_批量下载 xray\Xray-core\v25.12.8\Xray-freebsd-64.zip         | LOCAL=3ce2b2eed3dab63ed14ad5460174c2d54606b18ae899e1a5cdcbd534345ca28f REMOTE=3ce2b2eed3dab63ed14ad5460174c2d54606b18ae899e1a5cdcbd534345ca28f
[2361/3625] Checking is OK   | E:\01.userData\ZhuoMian\Github_Releases_批量下载 xray\Xray-core\v25.12.8\Xray-freebsd-arm32-v7a.zip  | LOCAL=eb0b52dba9ea33634d27ccb5a4fd6def7881387e2bf112e888aee43bcaeaa178 REMOTE=eb0b52dba9ea33634d27ccb5a4fd6def7881387e2bf112e888aee43bcaeaa178
[2362/3625] Checking is OK   | E:\01.userData\ZhuoMian\Github_Releases_批量下载 xray\Xray-core\v25.12.8\Xray-freebsd-arm64-v8a.zip  | LOCAL=2d41f68c5d638528b3e23189075c86470d9afd1fd08ad19690eab6ee08a84dea REMOTE=2d41f68c5d638528b3e23189075c86470d9afd1fd08ad19690eab6ee08a84dea
[2363/3625] Checking is OK   | E:\01.userData\ZhuoMian\Github_Releases_批量下载 xray\Xray-core\v25.12.8\Xray-linux-32.zip           | LOCAL=d40c82739aaf82f3a8d260cdc061de95bc02cbbc181f5a0388b4db5904f02b44 REMOTE=d40c82739aaf82f3a8d260cdc061de95bc02cbbc181f5a0388b4db5904f02b44
[2364/3625] Checking is OK   | E:\01.userData\ZhuoMian\Github_Releases_批量下载 xray\Xray-core\v25.12.8\Xray-linux-64.zip           | LOCAL=97f20fed49750c24fc389c2946549ba2a374907e07e9adb2ce75799dd80088d9 REMOTE=97f20fed49750c24fc389c2946549ba2a374907e07e9adb2ce75799dd80088d9
[2365/3625] Checking is OK   | E:\01.userData\ZhuoMian\Github_Releases_批量下载 xray\Xray-core\v25.12.8\Xray-linux-arm32-v5.zip     | LOCAL=f0144f01b9d4948e85c24c7997902d074097d88911a99d86894cafe5aa1b1578 REMOTE=f0144f01b9d4948e85c24c7997902d074097d88911a99d86894cafe5aa1b1578
[2366/3625] Checking is OK   | E:\01.userData\ZhuoMian\Github_Releases_批量下载 xray\Xray-core\v25.12.8\Xray-linux-arm32-v6.zip     | LOCAL=6348c02e90e41ba86a9b624cb1068357bdad27ab6187257e53174ff4d05d7c76 REMOTE=6348c02e90e41ba86a9b624cb1068357bdad27ab6187257e53174ff4d05d7c76
[2367/3625] Checking is OK   | E:\01.userData\ZhuoMian\Github_Releases_批量下载 xray\Xray-core\v25.12.8\Xray-linux-arm32-v7a.zip    | LOCAL=ffa5450bdc9fbc964ad00d1aed075960efdee7fcefb854055068d9fa1d9ddfe1 REMOTE=ffa5450bdc9fbc964ad00d1aed075960efdee7fcefb854055068d9fa1d9ddfe1
[2368/3625] Checking is OK   | E:\01.userData\ZhuoMian\Github_Releases_批量下载 xray\Xray-core\v25.12.8\Xray-linux-arm64-v8a.zip    | LOCAL=fdffb733313d784afea143e6bd3fd6ad7d521fb337e966a0e042bb823172309e REMOTE=fdffb733313d784afea143e6bd3fd6ad7d521fb337e966a0e042bb823172309e
[2369/3625] Checking is OK   | E:\01.userData\ZhuoMian\Github_Releases_批量下载 xray\Xray-core\v25.12.8\Xray-linux-loong64.zip      | LOCAL=05a40c405d376e2d92faad61a12aee500264c7ce1b3ddf1b589f0908ff581242 REMOTE=05a40c405d376e2d92faad61a12aee500264c7ce1b3ddf1b589f0908ff581242
[2370/3625] Checking is OK   | E:\01.userData\ZhuoMian\Github_Releases_批量下载 xray\Xray-core\v25.12.8\Xray-linux-mips32.zip       | LOCAL=1d58a5ef8e8339939c0e685b739486a73231e3e0653f40d4b12a7edbc32e1df1 REMOTE=1d58a5ef8e8339939c0e685b739486a73231e3e0653f40d4b12a7edbc32e1df1
[2371/3625] Checking is OK   | E:\01.userData\ZhuoMian\Github_Releases_批量下载 xray\Xray-core\v25.12.8\Xray-linux-mips32le.zip     | LOCAL=5a6329b81a3f6a61dcb443c92420f52f232e5a44ed1253b84a803bc40cee01e0 REMOTE=5a6329b81a3f6a61dcb443c92420f52f232e5a44ed1253b84a803bc40cee01e0
[2372/3625] Checking is OK   | E:\01.userData\ZhuoMian\Github_Releases_批量下载 xray\Xray-core\v25.12.8\Xray-linux-mips64.zip       | LOCAL=346c949f3c1d8012c839b2a6d5fdbce6de10e0cfb382f87778c27eeeced0b74f REMOTE=346c949f3c1d8012c839b2a6d5fdbce6de10e0cfb382f87778c27eeeced0b74f
[2373/3625] Checking is OK   | E:\01.userData\ZhuoMian\Github_Releases_批量下载 xray\Xray-core\v25.12.8\Xray-linux-mips64le.zip     | LOCAL=9c4ee9ed1a99711b173edff5c7e702d75bb45258e0a60e65cd5959ce3e8edbaf REMOTE=9c4ee9ed1a99711b173edff5c7e702d75bb45258e0a60e65cd5959ce3e8edbaf
[2374/3625] Checking is OK   | E:\01.userData\ZhuoMian\Github_Releases_批量下载 xray\Xray-core\v25.12.8\Xray-linux-ppc64.zip        | LOCAL=480e0c08b0412d7ab0f3436555e9ee3426fd54892f01cac05d8bcd4265eb3747 REMOTE=480e0c08b0412d7ab0f3436555e9ee3426fd54892f01cac05d8bcd4265eb3747
[2375/3625] Checking is OK   | E:\01.userData\ZhuoMian\Github_Releases_批量下载 xray\Xray-core\v25.12.8\Xray-linux-ppc64le.zip      | LOCAL=bb3ffeb2e774fd164882767797a3c58c92fde6ad22b03850080908f3dbba5ce8 REMOTE=bb3ffeb2e774fd164882767797a3c58c92fde6ad22b03850080908f3dbba5ce8
[2376/3625] Checking is OK   | E:\01.userData\ZhuoMian\Github_Releases_批量下载 xray\Xray-core\v25.12.8\Xray-linux-riscv64.zip      | LOCAL=b4417cab7b974bbd9e1ce85e92a0097b64d97b5529eb9fcbafccdd7ebf4bf3cf REMOTE=b4417cab7b974bbd9e1ce85e92a0097b64d97b5529eb9fcbafccdd7ebf4bf3cf
[2377/3625] Checking is OK   | E:\01.userData\ZhuoMian\Github_Releases_批量下载 xray\Xray-core\v25.12.8\Xray-linux-s390x.zip        | LOCAL=184939bbab50de2641b245559c25314159e0e4f5600cc1df8ee3c41cf155a255 REMOTE=184939bbab50de2641b245559c25314159e0e4f5600cc1df8ee3c41cf155a255
[2378/3625] Checking is OK   | E:\01.userData\ZhuoMian\Github_Releases_批量下载 xray\Xray-core\v25.12.8\Xray-macos-64.zip           | LOCAL=ad584beddddd414011ed719e3aebd70adc5198ab48d669cfdee5b7be6dbbb882 REMOTE=ad584beddddd414011ed719e3aebd70adc5198ab48d669cfdee5b7be6dbbb882
[2379/3625] Checking is OK   | E:\01.userData\ZhuoMian\Github_Releases_批量下载 xray\Xray-core\v25.12.8\Xray-macos-arm64-v8a.zip    | LOCAL=cde3406670061f4b9fad672727d1e616e6c335db2fb414456991c0246a368c7c REMOTE=cde3406670061f4b9fad672727d1e616e6c335db2fb414456991c0246a368c7c
[2380/3625] Checking is OK   | E:\01.userData\ZhuoMian\Github_Releases_批量下载 xray\Xray-core\v25.12.8\Xray-openbsd-32.zip         | LOCAL=19467d679fedfb408cb6d1bf2af36e9967e84cd0dd7c751917a92e4dfae514f5 REMOTE=19467d679fedfb408cb6d1bf2af36e9967e84cd0dd7c751917a92e4dfae514f5
[2381/3625] Checking is OK   | E:\01.userData\ZhuoMian\Github_Releases_批量下载 xray\Xray-core\v25.12.8\Xray-openbsd-64.zip         | LOCAL=d860ee0df4c9fb43e972f7108f882182a16d520f665c7b4d333c51114d80b7b1 REMOTE=d860ee0df4c9fb43e972f7108f882182a16d520f665c7b4d333c51114d80b7b1
[2382/3625] Checking is OK   | E:\01.userData\ZhuoMian\Github_Releases_批量下载 xray\Xray-core\v25.12.8\Xray-openbsd-arm32-v7a.zip  | LOCAL=4b93dd666fb6bf79a18bb25c9a08a7baf1f5149a4c89d8220d5b842be398b462 REMOTE=4b93dd666fb6bf79a18bb25c9a08a7baf1f5149a4c89d8220d5b842be398b462
[2383/3625] Checking is OK   | E:\01.userData\ZhuoMian\Github_Releases_批量下载 xray\Xray-core\v25.12.8\Xray-openbsd-arm64-v8a.zip  | LOCAL=a6be1bcfa9ee8c22af2b84a903833213ac7a0a262f403c3d7cb665746e51f6e7 REMOTE=a6be1bcfa9ee8c22af2b84a903833213ac7a0a262f403c3d7cb665746e51f6e7
[2384/3625] Checking is OK   | E:\01.userData\ZhuoMian\Github_Releases_批量下载 xray\Xray-core\v25.12.8\Xray-win7-32.zip            | LOCAL=7901445578ae2871171ba58df1ba12df0b479798a06b12fea667d796dc4d1daa REMOTE=7901445578ae2871171ba58df1ba12df0b479798a06b12fea667d796dc4d1daa
[2385/3625] Checking is OK   | E:\01.userData\ZhuoMian\Github_Releases_批量下载 xray\Xray-core\v25.12.8\Xray-win7-64.zip            | LOCAL=ddb8c2fa1cd72296125b498adbbf9b3dac6e2e53d315e0d416f7243f722bb4a3 REMOTE=ddb8c2fa1cd72296125b498adbbf9b3dac6e2e53d315e0d416f7243f722bb4a3
[2386/3625] Checking is OK   | E:\01.userData\ZhuoMian\Github_Releases_批量下载 xray\Xray-core\v25.12.8\Xray-windows-32.zip         | LOCAL=b270190001fd9e566b8c1dc5f4bd8dac62d261d26fe23b7e42953e11adcde8f9 REMOTE=b270190001fd9e566b8c1dc5f4bd8dac62d261d26fe23b7e42953e11adcde8f9
[2387/3625] Checking is OK   | E:\01.userData\ZhuoMian\Github_Releases_批量下载 xray\Xray-core\v25.12.8\Xray-windows-64.zip         | LOCAL=5419794670658e14519409320752329375e0fd8a57089f373b3febe9bf3ec5d5 REMOTE=5419794670658e14519409320752329375e0fd8a57089f373b3febe9bf3ec5d5
[2388/3625] Checking is OK   | E:\01.userData\ZhuoMian\Github_Releases_批量下载 xray\Xray-core\v25.12.8\Xray-windows-arm32-v7a.zip  | LOCAL=4ebaf8db780bac40b45dda34917ae4fbdbbda12330bbc2c0caa393b064f98be5 REMOTE=4ebaf8db780bac40b45dda34917ae4fbdbbda12330bbc2c0caa393b064f98be5
[2389/3625] Checking is OK   | E:\01.userData\ZhuoMian\Github_Releases_批量下载 xray\Xray-core\v25.12.8\Xray-windows-arm64-v8a.zip  | LOCAL=f36d91150da82203e3f1244fc931010c1786a5ba47826d6dc4e51e678cbdcf2b REMOTE=f36d91150da82203e3f1244fc931010c1786a5ba47826d6dc4e51e678cbdcf2b
[2390/3625] Checking is OK   | E:\01.userData\ZhuoMian\Github_Releases_批量下载 xray\Xray-core\v25.2.18\Xray-android-arm64-v8a.zip  | LOCAL=ca7f56656224fa93dc6851f578ca687eb5c518d035e8ce13dd113b1686c694c7 REMOTE=ca7f56656224fa93dc6851f578ca687eb5c518d035e8ce13dd113b1686c694c7
[2391/3625] Checking is OK   | E:\01.userData\ZhuoMian\Github_Releases_批量下载 xray\Xray-core\v25.2.18\Xray-freebsd-32.zip         | LOCAL=b36bcec50cec6bb59b02e58600711a4c20d3ec393934414862884454d380a22a REMOTE=b36bcec50cec6bb59b02e58600711a4c20d3ec393934414862884454d380a22a
[2392/3625] Checking is OK   | E:\01.userData\ZhuoMian\Github_Releases_批量下载 xray\Xray-core\v25.2.18\Xray-freebsd-64.zip         | LOCAL=e34688615f7f35a23c5db867d538668ae3aa074e472b50faa88d724903c91343 REMOTE=e34688615f7f35a23c5db867d538668ae3aa074e472b50faa88d724903c91343
[2393/3625] Checking is OK   | E:\01.userData\ZhuoMian\Github_Releases_批量下载 xray\Xray-core\v25.2.18\Xray-freebsd-arm32-v7a.zip  | LOCAL=084f8a5875875a4108102912a87ad65240ae6fdd9d5c9c4add0e6562422ddf3d REMOTE=084f8a5875875a4108102912a87ad65240ae6fdd9d5c9c4add0e6562422ddf3d
[2394/3625] Checking is OK   | E:\01.userData\ZhuoMian\Github_Releases_批量下载 xray\Xray-core\v25.2.18\Xray-freebsd-arm64-v8a.zip  | LOCAL=6385894c5c04cd6230ffc5a5a1e19a052de205517a24e8f6dc03789dd11d0d44 REMOTE=6385894c5c04cd6230ffc5a5a1e19a052de205517a24e8f6dc03789dd11d0d44
[2395/3625] Checking is OK   | E:\01.userData\ZhuoMian\Github_Releases_批量下载 xray\Xray-core\v25.2.18\Xray-linux-32.zip           | LOCAL=86b4f1a80503f264f4e0ef6948ea2351aa904c4081c8431ae7136f0dd0c4822f REMOTE=86b4f1a80503f264f4e0ef6948ea2351aa904c4081c8431ae7136f0dd0c4822f
[2396/3625] Checking is OK   | E:\01.userData\ZhuoMian\Github_Releases_批量下载 xray\Xray-core\v25.2.18\Xray-linux-64.zip           | LOCAL=dce463df6cd8aab53a3166801ceb83d59aa21e85ef2b16d74eef903c0404f4cc REMOTE=dce463df6cd8aab53a3166801ceb83d59aa21e85ef2b16d74eef903c0404f4cc
[2397/3625] Checking is OK   | E:\01.userData\ZhuoMian\Github_Releases_批量下载 xray\Xray-core\v25.2.18\Xray-linux-arm32-v5.zip     | LOCAL=33ddcc653555666a1a74e1e310c8b9c87098dc400c3f51f73586ebc43e3280de REMOTE=33ddcc653555666a1a74e1e310c8b9c87098dc400c3f51f73586ebc43e3280de
[2398/3625] Checking is OK   | E:\01.userData\ZhuoMian\Github_Releases_批量下载 xray\Xray-core\v25.2.18\Xray-linux-arm32-v6.zip     | LOCAL=95dee1fb00580f2bbea7d15ad96662203c5ace09c2317a47b6f386aa3d788d32 REMOTE=95dee1fb00580f2bbea7d15ad96662203c5ace09c2317a47b6f386aa3d788d32
[2399/3625] Checking is OK   | E:\01.userData\ZhuoMian\Github_Releases_批量下载 xray\Xray-core\v25.2.18\Xray-linux-arm32-v7a.zip    | LOCAL=73203319957e09e7b7f78b12ac00ef6fbe249ec8bc128aa9ce9e2f8ef6bf1b5b REMOTE=73203319957e09e7b7f78b12ac00ef6fbe249ec8bc128aa9ce9e2f8ef6bf1b5b
[2400/3625] Checking is OK   | E:\01.userData\ZhuoMian\Github_Releases_批量下载 xray\Xray-core\v25.2.18\Xray-linux-arm64-v8a.zip    | LOCAL=ddb42038f187a0f25d14b1620280a86c92045dd9202e6f2bef1e9ff2eca4208d REMOTE=ddb42038f187a0f25d14b1620280a86c92045dd9202e6f2bef1e9ff2eca4208d
[2401/3625] Checking is OK   | E:\01.userData\ZhuoMian\Github_Releases_批量下载 xray\Xray-core\v25.2.18\Xray-linux-loong64.zip      | LOCAL=2bfc48aeed53be8e446ae6349994864e9a998396a62dc1d651089b0f7be48c87 REMOTE=2bfc48aeed53be8e446ae6349994864e9a998396a62dc1d651089b0f7be48c87
[2402/3625] Checking is OK   | E:\01.userData\ZhuoMian\Github_Releases_批量下载 xray\Xray-core\v25.2.18\Xray-linux-mips32.zip       | LOCAL=49898ef6c282a3c7bc39c9cab70252294709aca43352f20eb9d78f8498ea240e REMOTE=49898ef6c282a3c7bc39c9cab70252294709aca43352f20eb9d78f8498ea240e
[2403/3625] Checking is OK   | E:\01.userData\ZhuoMian\Github_Releases_批量下载 xray\Xray-core\v25.2.18\Xray-linux-mips32le.zip     | LOCAL=99acefe2d1cd497848313787479f3b4dcc86f582ffd3effe5bf65c7f27ab9a3a REMOTE=99acefe2d1cd497848313787479f3b4dcc86f582ffd3effe5bf65c7f27ab9a3a
[2404/3625] Checking is OK   | E:\01.userData\ZhuoMian\Github_Releases_批量下载 xray\Xray-core\v25.2.18\Xray-linux-mips64.zip       | LOCAL=daf40ffb63fa420bc961697a1da1b86ecc3a30915d95bb0e4130e9a81c5c7232 REMOTE=daf40ffb63fa420bc961697a1da1b86ecc3a30915d95bb0e4130e9a81c5c7232
[2405/3625] Checking is OK   | E:\01.userData\ZhuoMian\Github_Releases_批量下载 xray\Xray-core\v25.2.18\Xray-linux-mips64le.zip     | LOCAL=bc21aedbfda1ca1fe58219841eb7256e010d83c12835ceb7315889a2ba7f4419 REMOTE=bc21aedbfda1ca1fe58219841eb7256e010d83c12835ceb7315889a2ba7f4419
[2406/3625] Checking is OK   | E:\01.userData\ZhuoMian\Github_Releases_批量下载 xray\Xray-core\v25.2.18\Xray-linux-ppc64.zip        | LOCAL=63494944b49f5b6a4e509a50e15c5c5115422ba6086cc86767669ce5677999ff REMOTE=63494944b49f5b6a4e509a50e15c5c5115422ba6086cc86767669ce5677999ff
[2407/3625] Checking is OK   | E:\01.userData\ZhuoMian\Github_Releases_批量下载 xray\Xray-core\v25.2.18\Xray-linux-ppc64le.zip      | LOCAL=6e4575ac2ca19e6f47f112e452331f36223c82272050bb00459e4f2db014971b REMOTE=6e4575ac2ca19e6f47f112e452331f36223c82272050bb00459e4f2db014971b
[2408/3625] Checking is OK   | E:\01.userData\ZhuoMian\Github_Releases_批量下载 xray\Xray-core\v25.2.18\Xray-linux-riscv64.zip      | LOCAL=20dc1cb75450fa491d831975eeae3fcd1d458e1b81ba40046f6aee3f065f7cb4 REMOTE=20dc1cb75450fa491d831975eeae3fcd1d458e1b81ba40046f6aee3f065f7cb4
[2409/3625] Checking is OK   | E:\01.userData\ZhuoMian\Github_Releases_批量下载 xray\Xray-core\v25.2.18\Xray-linux-s390x.zip        | LOCAL=86ec59d9a5b87bf46e18c7bc4fce5c85a668a384d76a1be44d3bce06d1916102 REMOTE=86ec59d9a5b87bf46e18c7bc4fce5c85a668a384d76a1be44d3bce06d1916102
[2410/3625] Checking is OK   | E:\01.userData\ZhuoMian\Github_Releases_批量下载 xray\Xray-core\v25.2.18\Xray-macos-64.zip           | LOCAL=77c3c824d18abcef7d8ee361cbc13d54d49ac39b6cfabd3af01bbce74b768bc8 REMOTE=77c3c824d18abcef7d8ee361cbc13d54d49ac39b6cfabd3af01bbce74b768bc8
[2411/3625] Checking is OK   | E:\01.userData\ZhuoMian\Github_Releases_批量下载 xray\Xray-core\v25.2.18\Xray-macos-arm64-v8a.zip    | LOCAL=036f7f95b35b4b913158d924ada89ac0c38f7738311d107ba7d10900b59c9cbc REMOTE=036f7f95b35b4b913158d924ada89ac0c38f7738311d107ba7d10900b59c9cbc
[2412/3625] Checking is OK   | E:\01.userData\ZhuoMian\Github_Releases_批量下载 xray\Xray-core\v25.2.18\Xray-openbsd-32.zip         | LOCAL=8e4ac257f905049fbcb147b2a5c771598b6509b63dcca0a72e8e7c8ad6710c1d REMOTE=8e4ac257f905049fbcb147b2a5c771598b6509b63dcca0a72e8e7c8ad6710c1d
[2413/3625] Checking is OK   | E:\01.userData\ZhuoMian\Github_Releases_批量下载 xray\Xray-core\v25.2.18\Xray-openbsd-64.zip         | LOCAL=b58c049c945cb18b8bd2f9278ca68aad86daec8901b997f238b05e128e3dd3f7 REMOTE=b58c049c945cb18b8bd2f9278ca68aad86daec8901b997f238b05e128e3dd3f7
[2414/3625] Checking is OK   | E:\01.userData\ZhuoMian\Github_Releases_批量下载 xray\Xray-core\v25.2.18\Xray-openbsd-arm32-v7a.zip  | LOCAL=9bc9a9102d38d033eb788d8a2d0f3b0e0043132c142d5d5cc8fab5fbce8227ed REMOTE=9bc9a9102d38d033eb788d8a2d0f3b0e0043132c142d5d5cc8fab5fbce8227ed
[2415/3625] Checking is OK   | E:\01.userData\ZhuoMian\Github_Releases_批量下载 xray\Xray-core\v25.2.18\Xray-openbsd-arm64-v8a.zip  | LOCAL=bb7172ee4fc50363c161a3c76b6fd7064923bb7563ce8b9c4f22b619b5cc49a5 REMOTE=bb7172ee4fc50363c161a3c76b6fd7064923bb7563ce8b9c4f22b619b5cc49a5
[2416/3625] Checking is OK   | E:\01.userData\ZhuoMian\Github_Releases_批量下载 xray\Xray-core\v25.2.18\Xray-win7-32.zip            | LOCAL=b8c37d74863015c3b4c71d2a6ef088ea013ed2009334ea46fc1d7a453edc259f REMOTE=b8c37d74863015c3b4c71d2a6ef088ea013ed2009334ea46fc1d7a453edc259f
[2417/3625] Checking is OK   | E:\01.userData\ZhuoMian\Github_Releases_批量下载 xray\Xray-core\v25.2.18\Xray-win7-64.zip            | LOCAL=49821dae675adfcad550ebef604ce0634bc8620c84271a5fa198fa7846397e52 REMOTE=49821dae675adfcad550ebef604ce0634bc8620c84271a5fa198fa7846397e52
[2418/3625] Checking is OK   | E:\01.userData\ZhuoMian\Github_Releases_批量下载 xray\Xray-core\v25.2.18\Xray-windows-32.zip         | LOCAL=24df67eb962edd435748b93325866e0639285f21284ad7d26af560b3ddda338d REMOTE=24df67eb962edd435748b93325866e0639285f21284ad7d26af560b3ddda338d
[2419/3625] Checking is OK   | E:\01.userData\ZhuoMian\Github_Releases_批量下载 xray\Xray-core\v25.2.18\Xray-windows-64.zip         | LOCAL=0be9d6e9f7c323f7f19bf553cf616e9c3eb391a1bfe3100279205f2d96ee4407 REMOTE=0be9d6e9f7c323f7f19bf553cf616e9c3eb391a1bfe3100279205f2d96ee4407
[2420/3625] Checking is OK   | E:\01.userData\ZhuoMian\Github_Releases_批量下载 xray\Xray-core\v25.2.18\Xray-windows-arm32-v7a.zip  | LOCAL=46611652f98736ba9fae95f9d0ace6ce08ff96d2707f610e27fb539039554623 REMOTE=46611652f98736ba9fae95f9d0ace6ce08ff96d2707f610e27fb539039554623
[2421/3625] Checking is OK   | E:\01.userData\ZhuoMian\Github_Releases_批量下载 xray\Xray-core\v25.2.18\Xray-windows-arm64-v8a.zip  | LOCAL=bfde6abf8510267e4da7938bffa75a94125f80197e8f24516610349b05e13d98 REMOTE=bfde6abf8510267e4da7938bffa75a94125f80197e8f24516610349b05e13d98
[2422/3625] Checking is OK   | E:\01.userData\ZhuoMian\Github_Releases_批量下载 xray\Xray-core\v25.2.21\Xray-android-arm64-v8a.zip  | LOCAL=b754ebac1409a3bfd740c4601ae896286453aefbb2b0355a63b8cfa20e4d615f REMOTE=b754ebac1409a3bfd740c4601ae896286453aefbb2b0355a63b8cfa20e4d615f
[2423/3625] Checking is OK   | E:\01.userData\ZhuoMian\Github_Releases_批量下载 xray\Xray-core\v25.2.21\Xray-freebsd-32.zip         | LOCAL=6f260b0a937005f6799747bb7841a63e450cd2c57dd0198f74c4d408599c172f REMOTE=6f260b0a937005f6799747bb7841a63e450cd2c57dd0198f74c4d408599c172f
[2424/3625] Checking is OK   | E:\01.userData\ZhuoMian\Github_Releases_批量下载 xray\Xray-core\v25.2.21\Xray-freebsd-64.zip         | LOCAL=7737d3fee05304869422ff4828a9db4c4586af137c3f47bbf04f9b8354d6b996 REMOTE=7737d3fee05304869422ff4828a9db4c4586af137c3f47bbf04f9b8354d6b996
[2425/3625] Checking is OK   | E:\01.userData\ZhuoMian\Github_Releases_批量下载 xray\Xray-core\v25.2.21\Xray-freebsd-arm32-v7a.zip  | LOCAL=dadec116b4eb4c2565774ffc00aad34829d272849fdd87052e0a70d710405ee2 REMOTE=dadec116b4eb4c2565774ffc00aad34829d272849fdd87052e0a70d710405ee2
[2426/3625] Checking is OK   | E:\01.userData\ZhuoMian\Github_Releases_批量下载 xray\Xray-core\v25.2.21\Xray-freebsd-arm64-v8a.zip  | LOCAL=9160c67c41f1ab260d9812fc61dd9ef39f45162ed88cb0e8a9d592c794e6d5e0 REMOTE=9160c67c41f1ab260d9812fc61dd9ef39f45162ed88cb0e8a9d592c794e6d5e0
[2427/3625] Checking is OK   | E:\01.userData\ZhuoMian\Github_Releases_批量下载 xray\Xray-core\v25.2.21\Xray-linux-32.zip           | LOCAL=1df58103ed2917a97443ff31cd75299a6a7e51d83d554016f47c3c8d1fa0e0d2 REMOTE=1df58103ed2917a97443ff31cd75299a6a7e51d83d554016f47c3c8d1fa0e0d2
[2428/3625] Checking is OK   | E:\01.userData\ZhuoMian\Github_Releases_批量下载 xray\Xray-core\v25.2.21\Xray-linux-64.zip           | LOCAL=3e90f0bbb5bbb2b397f46fec96b0eb4a240448bf8d282666da2f80cbaaa24fe7 REMOTE=3e90f0bbb5bbb2b397f46fec96b0eb4a240448bf8d282666da2f80cbaaa24fe7
[2429/3625] Checking is OK   | E:\01.userData\ZhuoMian\Github_Releases_批量下载 xray\Xray-core\v25.2.21\Xray-linux-arm32-v5.zip     | LOCAL=89a694a026484aa9c24d43f40ed4cdeec908308f739e6f8669b81d87917fed89 REMOTE=89a694a026484aa9c24d43f40ed4cdeec908308f739e6f8669b81d87917fed89
[2430/3625] Checking is OK   | E:\01.userData\ZhuoMian\Github_Releases_批量下载 xray\Xray-core\v25.2.21\Xray-linux-arm32-v6.zip     | LOCAL=8b95c4930058957bf08b5808d07cb65c9ffa01b53c0405e18b95479c1a0d4a5c REMOTE=8b95c4930058957bf08b5808d07cb65c9ffa01b53c0405e18b95479c1a0d4a5c
[2431/3625] Checking is OK   | E:\01.userData\ZhuoMian\Github_Releases_批量下载 xray\Xray-core\v25.2.21\Xray-linux-arm32-v7a.zip    | LOCAL=9280dd4dec1d71d9d344a399b8ee0e653881959dd200ebd9ee96658a51a95667 REMOTE=9280dd4dec1d71d9d344a399b8ee0e653881959dd200ebd9ee96658a51a95667
[2432/3625] Checking is OK   | E:\01.userData\ZhuoMian\Github_Releases_批量下载 xray\Xray-core\v25.2.21\Xray-linux-arm64-v8a.zip    | LOCAL=5f4d82f0d02a8646a0af0debd027503c2a8a752f04dd7f0539037ca877bb2e33 REMOTE=5f4d82f0d02a8646a0af0debd027503c2a8a752f04dd7f0539037ca877bb2e33
[2433/3625] Checking is OK   | E:\01.userData\ZhuoMian\Github_Releases_批量下载 xray\Xray-core\v25.2.21\Xray-linux-loong64.zip      | LOCAL=7d962d42795e25cf957e2583c921e0aa8d5c4a3873cde73596b7c60df8f1b18c REMOTE=7d962d42795e25cf957e2583c921e0aa8d5c4a3873cde73596b7c60df8f1b18c
[2434/3625] Checking is OK   | E:\01.userData\ZhuoMian\Github_Releases_批量下载 xray\Xray-core\v25.2.21\Xray-linux-mips32.zip       | LOCAL=8707bf44edf6b48edfb9c5cd9ac05252c7df5e2ff34f22a027e0069adb984d42 REMOTE=8707bf44edf6b48edfb9c5cd9ac05252c7df5e2ff34f22a027e0069adb984d42
[2435/3625] Checking is OK   | E:\01.userData\ZhuoMian\Github_Releases_批量下载 xray\Xray-core\v25.2.21\Xray-linux-mips32le.zip     | LOCAL=0937a5ccb0debe7a00e4a792c8e0fa6b69fc73b11c69b87a0c2d560a9b2f90c4 REMOTE=0937a5ccb0debe7a00e4a792c8e0fa6b69fc73b11c69b87a0c2d560a9b2f90c4
[2436/3625] Checking is OK   | E:\01.userData\ZhuoMian\Github_Releases_批量下载 xray\Xray-core\v25.2.21\Xray-linux-mips64.zip       | LOCAL=223f1b511ce88c382ce7d1f69e4d97d25c6f4f4cbcc4af6cc9d1d56443083e2c REMOTE=223f1b511ce88c382ce7d1f69e4d97d25c6f4f4cbcc4af6cc9d1d56443083e2c
[2437/3625] Checking is OK   | E:\01.userData\ZhuoMian\Github_Releases_批量下载 xray\Xray-core\v25.2.21\Xray-linux-mips64le.zip     | LOCAL=f2d4dfee479297f1f945e343c45d6c8e2232651056252b6510af40e196aeee4d REMOTE=f2d4dfee479297f1f945e343c45d6c8e2232651056252b6510af40e196aeee4d
[2438/3625] Checking is OK   | E:\01.userData\ZhuoMian\Github_Releases_批量下载 xray\Xray-core\v25.2.21\Xray-linux-ppc64.zip        | LOCAL=3506ffedaa7a47bfb9f05ca9222037289ecd7da669de75813633c04238e6eb1b REMOTE=3506ffedaa7a47bfb9f05ca9222037289ecd7da669de75813633c04238e6eb1b
[2439/3625] Checking is OK   | E:\01.userData\ZhuoMian\Github_Releases_批量下载 xray\Xray-core\v25.2.21\Xray-linux-ppc64le.zip      | LOCAL=e1c495167efa2accb9f962786d74c2cbeef0f4eda41405d52e1c359c859be4d3 REMOTE=e1c495167efa2accb9f962786d74c2cbeef0f4eda41405d52e1c359c859be4d3
[2440/3625] Checking is OK   | E:\01.userData\ZhuoMian\Github_Releases_批量下载 xray\Xray-core\v25.2.21\Xray-linux-riscv64.zip      | LOCAL=9e1a53d675435f5a7e11beda6bf280dc5837f7f0d7e22ddea4d6a2093e3d0a26 REMOTE=9e1a53d675435f5a7e11beda6bf280dc5837f7f0d7e22ddea4d6a2093e3d0a26
[2441/3625] Checking is OK   | E:\01.userData\ZhuoMian\Github_Releases_批量下载 xray\Xray-core\v25.2.21\Xray-linux-s390x.zip        | LOCAL=d4b525b90ee72a04154b7eb814c8dc7b8c54e535c8ae4336dac37397b3a89657 REMOTE=d4b525b90ee72a04154b7eb814c8dc7b8c54e535c8ae4336dac37397b3a89657
[2442/3625] Checking is OK   | E:\01.userData\ZhuoMian\Github_Releases_批量下载 xray\Xray-core\v25.2.21\Xray-macos-64.zip           | LOCAL=5dd7ba5e2271a75959b8ebcb805b4efd325757048b7499bf59fb149bb4dfc9ec REMOTE=5dd7ba5e2271a75959b8ebcb805b4efd325757048b7499bf59fb149bb4dfc9ec
[2443/3625] Checking is OK   | E:\01.userData\ZhuoMian\Github_Releases_批量下载 xray\Xray-core\v25.2.21\Xray-macos-arm64-v8a.zip    | LOCAL=a87dd73f791d0c6c74c334701bb69830e6581b21ecd46a24dee64f0ea3c41532 REMOTE=a87dd73f791d0c6c74c334701bb69830e6581b21ecd46a24dee64f0ea3c41532
[2444/3625] Checking is OK   | E:\01.userData\ZhuoMian\Github_Releases_批量下载 xray\Xray-core\v25.2.21\Xray-openbsd-32.zip         | LOCAL=3e9c162cf2f6bc6d6d7f7a9ff3c0a58791d34ec5e0556467416759341de36843 REMOTE=3e9c162cf2f6bc6d6d7f7a9ff3c0a58791d34ec5e0556467416759341de36843
[2445/3625] Checking is OK   | E:\01.userData\ZhuoMian\Github_Releases_批量下载 xray\Xray-core\v25.2.21\Xray-openbsd-64.zip         | LOCAL=c7954fa96d299b05d9ac641c45157c9d7a10487f4f74dd5ceceb96e6728d1082 REMOTE=c7954fa96d299b05d9ac641c45157c9d7a10487f4f74dd5ceceb96e6728d1082
[2446/3625] Checking is OK   | E:\01.userData\ZhuoMian\Github_Releases_批量下载 xray\Xray-core\v25.2.21\Xray-openbsd-arm32-v7a.zip  | LOCAL=e399e5293f5330d46b18ceafa4c4508100d9ea984a846600939e2c8626167a59 REMOTE=e399e5293f5330d46b18ceafa4c4508100d9ea984a846600939e2c8626167a59
[2447/3625] Checking is OK   | E:\01.userData\ZhuoMian\Github_Releases_批量下载 xray\Xray-core\v25.2.21\Xray-openbsd-arm64-v8a.zip  | LOCAL=e48fcfe61c9bd93a869c387f4b5869b805ce5427330a9fd26702e14b8fd0c4c5 REMOTE=e48fcfe61c9bd93a869c387f4b5869b805ce5427330a9fd26702e14b8fd0c4c5
[2448/3625] Checking is OK   | E:\01.userData\ZhuoMian\Github_Releases_批量下载 xray\Xray-core\v25.2.21\Xray-win7-32.zip            | LOCAL=dd8d902ec32a546d5865bca6e3b18a75417c5ebbde5bd6f33d76817380466b2c REMOTE=dd8d902ec32a546d5865bca6e3b18a75417c5ebbde5bd6f33d76817380466b2c
[2449/3625] Checking is OK   | E:\01.userData\ZhuoMian\Github_Releases_批量下载 xray\Xray-core\v25.2.21\Xray-win7-64.zip            | LOCAL=86bb087a43c4388fa8b5234cfdf53622af3e0c10f8eeffa7afef8627f454fb99 REMOTE=86bb087a43c4388fa8b5234cfdf53622af3e0c10f8eeffa7afef8627f454fb99
[2450/3625] Checking is OK   | E:\01.userData\ZhuoMian\Github_Releases_批量下载 xray\Xray-core\v25.2.21\Xray-windows-32.zip         | LOCAL=c4d3f8a758e7d6bbb89235b24a48fd0c286b30f37e54192e5588ecf74fd94fc2 REMOTE=c4d3f8a758e7d6bbb89235b24a48fd0c286b30f37e54192e5588ecf74fd94fc2
[2451/3625] Checking is OK   | E:\01.userData\ZhuoMian\Github_Releases_批量下载 xray\Xray-core\v25.2.21\Xray-windows-64.zip         | LOCAL=867f1661a638fc6ec4b386b3f9776ff714dd9dd46191697388923657d369cef5 REMOTE=867f1661a638fc6ec4b386b3f9776ff714dd9dd46191697388923657d369cef5
[2452/3625] Checking is OK   | E:\01.userData\ZhuoMian\Github_Releases_批量下载 xray\Xray-core\v25.2.21\Xray-windows-arm32-v7a.zip  | LOCAL=6090254ac5feb1ee3344f6ea17a720dd698692a169008f2abb98a51d69a92d1c REMOTE=6090254ac5feb1ee3344f6ea17a720dd698692a169008f2abb98a51d69a92d1c
[2453/3625] Checking is OK   | E:\01.userData\ZhuoMian\Github_Releases_批量下载 xray\Xray-core\v25.2.21\Xray-windows-arm64-v8a.zip  | LOCAL=1a8746a55670fffdaea712ddbb16463b5829c648e3f017f5d5c7cacf1c2bc402 REMOTE=1a8746a55670fffdaea712ddbb16463b5829c648e3f017f5d5c7cacf1c2bc402
[2454/3625] Checking is OK   | E:\01.userData\ZhuoMian\Github_Releases_批量下载 xray\Xray-core\v25.3.3\Xray-android-arm64-v8a.zip   | LOCAL=48adb02918c4d8b917f70f234e7c58f5c303c3d6dd490b8e8c06e58e29a0102f REMOTE=48adb02918c4d8b917f70f234e7c58f5c303c3d6dd490b8e8c06e58e29a0102f
[2455/3625] Checking is OK   | E:\01.userData\ZhuoMian\Github_Releases_批量下载 xray\Xray-core\v25.3.3\Xray-freebsd-32.zip          | LOCAL=e35c5c2d396a80b549f424cd74487bf239f574c97c3f8a6300e73a1afc4d0319 REMOTE=e35c5c2d396a80b549f424cd74487bf239f574c97c3f8a6300e73a1afc4d0319
[2456/3625] Checking is OK   | E:\01.userData\ZhuoMian\Github_Releases_批量下载 xray\Xray-core\v25.3.3\Xray-freebsd-64.zip          | LOCAL=fecb75e12e42d785b8000a9e1f6364aa3289c00f249a83a22a1d4114413f89f4 REMOTE=fecb75e12e42d785b8000a9e1f6364aa3289c00f249a83a22a1d4114413f89f4
[2457/3625] Checking is OK   | E:\01.userData\ZhuoMian\Github_Releases_批量下载 xray\Xray-core\v25.3.3\Xray-freebsd-arm32-v7a.zip   | LOCAL=5eeefcb719c63c98839cb8f566bea16d6a8481c6660f068c2adcf929992f2595 REMOTE=5eeefcb719c63c98839cb8f566bea16d6a8481c6660f068c2adcf929992f2595
[2458/3625] Checking is OK   | E:\01.userData\ZhuoMian\Github_Releases_批量下载 xray\Xray-core\v25.3.3\Xray-freebsd-arm64-v8a.zip   | LOCAL=19d9975312e22e7788740a8f437039bc4a7ee40ddba4e5c001ec2f61713264e4 REMOTE=19d9975312e22e7788740a8f437039bc4a7ee40ddba4e5c001ec2f61713264e4
[2459/3625] Checking is OK   | E:\01.userData\ZhuoMian\Github_Releases_批量下载 xray\Xray-core\v25.3.3\Xray-linux-32.zip            | LOCAL=928fcfd3ab0ee4deddbc43a6e0682b2e4d4a2a879176bafa67074c24deb7a773 REMOTE=928fcfd3ab0ee4deddbc43a6e0682b2e4d4a2a879176bafa67074c24deb7a773
[2460/3625] Checking is OK   | E:\01.userData\ZhuoMian\Github_Releases_批量下载 xray\Xray-core\v25.3.3\Xray-linux-64.zip            | LOCAL=bc795e0a3230b1d9ff043d15a88b8c8692f225bf0fd10821427921ffd7b0a470 REMOTE=bc795e0a3230b1d9ff043d15a88b8c8692f225bf0fd10821427921ffd7b0a470
[2461/3625] Checking is OK   | E:\01.userData\ZhuoMian\Github_Releases_批量下载 xray\Xray-core\v25.3.3\Xray-linux-arm32-v5.zip      | LOCAL=09ad88de5bef6cc30e1c4a3e98824b9d9c87aad384edf0317b7cac7665ab7d75 REMOTE=09ad88de5bef6cc30e1c4a3e98824b9d9c87aad384edf0317b7cac7665ab7d75
[2462/3625] Checking is OK   | E:\01.userData\ZhuoMian\Github_Releases_批量下载 xray\Xray-core\v25.3.3\Xray-linux-arm32-v6.zip      | LOCAL=e7772e1b906d368b5d6abc2d2f9e7a6833c6bbe78652fcb2644837ac670a8e0d REMOTE=e7772e1b906d368b5d6abc2d2f9e7a6833c6bbe78652fcb2644837ac670a8e0d
[2463/3625] Checking is OK   | E:\01.userData\ZhuoMian\Github_Releases_批量下载 xray\Xray-core\v25.3.3\Xray-linux-arm32-v7a.zip     | LOCAL=dcdd63468b7073f899c3eb24b6937bceff9f1cad36e82366381f237c11ae8e4e REMOTE=dcdd63468b7073f899c3eb24b6937bceff9f1cad36e82366381f237c11ae8e4e
[2464/3625] Checking is OK   | E:\01.userData\ZhuoMian\Github_Releases_批量下载 xray\Xray-core\v25.3.3\Xray-linux-arm64-v8a.zip     | LOCAL=cf701422ce68aaa4d2f977ba41ce6a1c7b85e80e5527ae8340761360c9816dd9 REMOTE=cf701422ce68aaa4d2f977ba41ce6a1c7b85e80e5527ae8340761360c9816dd9
[2465/3625] Checking is OK   | E:\01.userData\ZhuoMian\Github_Releases_批量下载 xray\Xray-core\v25.3.3\Xray-linux-loong64.zip       | LOCAL=f5759e85eb16b4521e1554ffe9c693628dfad078d186bafda2549edbc3ba2ca5 REMOTE=f5759e85eb16b4521e1554ffe9c693628dfad078d186bafda2549edbc3ba2ca5
[2466/3625] Checking is OK   | E:\01.userData\ZhuoMian\Github_Releases_批量下载 xray\Xray-core\v25.3.3\Xray-linux-mips32.zip        | LOCAL=42846c4888fa11170689244076d1d28d0e0cc86cd39013cb169e8fc4b4e094c1 REMOTE=42846c4888fa11170689244076d1d28d0e0cc86cd39013cb169e8fc4b4e094c1
[2467/3625] Checking is OK   | E:\01.userData\ZhuoMian\Github_Releases_批量下载 xray\Xray-core\v25.3.3\Xray-linux-mips32le.zip      | LOCAL=9b8e7f1ca55409c71f90f8d9cec288194fef11730735721e54e9f51499c3936c REMOTE=9b8e7f1ca55409c71f90f8d9cec288194fef11730735721e54e9f51499c3936c
[2468/3625] Checking is OK   | E:\01.userData\ZhuoMian\Github_Releases_批量下载 xray\Xray-core\v25.3.3\Xray-linux-mips64.zip        | LOCAL=6d1476ca28bc81c512edbf5918e884f8712021b2019e189853b04296d3813ee6 REMOTE=6d1476ca28bc81c512edbf5918e884f8712021b2019e189853b04296d3813ee6
[2469/3625] Checking is OK   | E:\01.userData\ZhuoMian\Github_Releases_批量下载 xray\Xray-core\v25.3.3\Xray-linux-mips64le.zip      | LOCAL=caff9fd0f4b6d8330b6e566167fb372388b3ce867592ac1edb58f6484138c681 REMOTE=caff9fd0f4b6d8330b6e566167fb372388b3ce867592ac1edb58f6484138c681
[2470/3625] Checking is OK   | E:\01.userData\ZhuoMian\Github_Releases_批量下载 xray\Xray-core\v25.3.3\Xray-linux-ppc64.zip         | LOCAL=c38b9a45c10fc0f696f92a1fc082d768c2bda4dd672785a7fa46eab1a41bd5ba REMOTE=c38b9a45c10fc0f696f92a1fc082d768c2bda4dd672785a7fa46eab1a41bd5ba
[2471/3625] Checking is OK   | E:\01.userData\ZhuoMian\Github_Releases_批量下载 xray\Xray-core\v25.3.3\Xray-linux-ppc64le.zip       | LOCAL=f5d9fd01ed5a2b039e7c5a51f201ee29fd73d3ae76341941354416c316638aab REMOTE=f5d9fd01ed5a2b039e7c5a51f201ee29fd73d3ae76341941354416c316638aab
[2472/3625] Checking is OK   | E:\01.userData\ZhuoMian\Github_Releases_批量下载 xray\Xray-core\v25.3.3\Xray-linux-riscv64.zip       | LOCAL=e94f6a8fd20e4fd9034d2ad1717c991b6f26b3ba9a129df7480c17cb5b0e723d REMOTE=e94f6a8fd20e4fd9034d2ad1717c991b6f26b3ba9a129df7480c17cb5b0e723d
[2473/3625] Checking is OK   | E:\01.userData\ZhuoMian\Github_Releases_批量下载 xray\Xray-core\v25.3.3\Xray-linux-s390x.zip         | LOCAL=aae61a4cc19b50c24344cf882741c5a357c8c4a4c61b96216dd7056b6778b1fa REMOTE=aae61a4cc19b50c24344cf882741c5a357c8c4a4c61b96216dd7056b6778b1fa
[2474/3625] Checking is OK   | E:\01.userData\ZhuoMian\Github_Releases_批量下载 xray\Xray-core\v25.3.3\Xray-macos-64.zip            | LOCAL=f8389de38519d9f63031925d514c8fd9b641afda3c8820b7e917afec9430b5ca REMOTE=f8389de38519d9f63031925d514c8fd9b641afda3c8820b7e917afec9430b5ca
[2475/3625] Checking is OK   | E:\01.userData\ZhuoMian\Github_Releases_批量下载 xray\Xray-core\v25.3.3\Xray-macos-arm64-v8a.zip     | LOCAL=bc891fb12271ed76488ec79ebec124bd40281c056a2212827b390cbe29e57e86 REMOTE=bc891fb12271ed76488ec79ebec124bd40281c056a2212827b390cbe29e57e86
[2476/3625] Checking is OK   | E:\01.userData\ZhuoMian\Github_Releases_批量下载 xray\Xray-core\v25.3.3\Xray-openbsd-32.zip          | LOCAL=2fbf962a6707c1ab7473895c67d3cf8a14d1c2231b637859487e841d68e69449 REMOTE=2fbf962a6707c1ab7473895c67d3cf8a14d1c2231b637859487e841d68e69449
[2477/3625] Checking is OK   | E:\01.userData\ZhuoMian\Github_Releases_批量下载 xray\Xray-core\v25.3.3\Xray-openbsd-64.zip          | LOCAL=1492f6784d6668820e652a9431a0e647155fd3e4f18397d6800c285c9b29427f REMOTE=1492f6784d6668820e652a9431a0e647155fd3e4f18397d6800c285c9b29427f
[2478/3625] Checking is OK   | E:\01.userData\ZhuoMian\Github_Releases_批量下载 xray\Xray-core\v25.3.3\Xray-openbsd-arm32-v7a.zip   | LOCAL=82c76ea775e327a3cd7102064a88cbb62e785d9265870450109f45f0be2e97a1 REMOTE=82c76ea775e327a3cd7102064a88cbb62e785d9265870450109f45f0be2e97a1
[2479/3625] Checking is OK   | E:\01.userData\ZhuoMian\Github_Releases_批量下载 xray\Xray-core\v25.3.3\Xray-openbsd-arm64-v8a.zip   | LOCAL=64d81002147a7af81fba12b129763b66c098a573478904d410f2ea059f50f5aa REMOTE=64d81002147a7af81fba12b129763b66c098a573478904d410f2ea059f50f5aa
[2480/3625] Checking is OK   | E:\01.userData\ZhuoMian\Github_Releases_批量下载 xray\Xray-core\v25.3.3\Xray-win7-32.zip             | LOCAL=95c68b19d2eaffaade855574f3ee98d676fa7c9f52f407bb507fe690e1f34041 REMOTE=95c68b19d2eaffaade855574f3ee98d676fa7c9f52f407bb507fe690e1f34041
[2481/3625] Checking is OK   | E:\01.userData\ZhuoMian\Github_Releases_批量下载 xray\Xray-core\v25.3.3\Xray-win7-64.zip             | LOCAL=e1520cc65dc55baa040157e49a2179a21a93a8015c81254b087f63a450b58243 REMOTE=e1520cc65dc55baa040157e49a2179a21a93a8015c81254b087f63a450b58243
[2482/3625] Checking is OK   | E:\01.userData\ZhuoMian\Github_Releases_批量下载 xray\Xray-core\v25.3.3\Xray-windows-32.zip          | LOCAL=d9539207bd98a585c8ef16271dc878b962100d0a9af550a28656927cb6fa4a2d REMOTE=d9539207bd98a585c8ef16271dc878b962100d0a9af550a28656927cb6fa4a2d
[2483/3625] Checking is OK   | E:\01.userData\ZhuoMian\Github_Releases_批量下载 xray\Xray-core\v25.3.3\Xray-windows-64.zip          | LOCAL=f122616e9385228fd263d5069003595452413038571873bcbbee07891a1bce97 REMOTE=f122616e9385228fd263d5069003595452413038571873bcbbee07891a1bce97
[2484/3625] Checking is OK   | E:\01.userData\ZhuoMian\Github_Releases_批量下载 xray\Xray-core\v25.3.3\Xray-windows-arm32-v7a.zip   | LOCAL=723c1d0e43cad386d88386528cb305b655f914eac9e0c0fd77ecde1a70bb2365 REMOTE=723c1d0e43cad386d88386528cb305b655f914eac9e0c0fd77ecde1a70bb2365
[2485/3625] Checking is OK   | E:\01.userData\ZhuoMian\Github_Releases_批量下载 xray\Xray-core\v25.3.3\Xray-windows-arm64-v8a.zip   | LOCAL=8506154c04aee8b84487e9e0440bfcb71c0eb7a3706f307060966c223cb739de REMOTE=8506154c04aee8b84487e9e0440bfcb71c0eb7a3706f307060966c223cb739de
[2486/3625] Checking is OK   | E:\01.userData\ZhuoMian\Github_Releases_批量下载 xray\Xray-core\v25.3.31\Xray-android-arm64-v8a.zip  | LOCAL=29e1bbafe1a1b85c85176a3a4912ecc536591a5079e39877dfb3dc32cc9bda8f REMOTE=29e1bbafe1a1b85c85176a3a4912ecc536591a5079e39877dfb3dc32cc9bda8f
[2487/3625] Checking is OK   | E:\01.userData\ZhuoMian\Github_Releases_批量下载 xray\Xray-core\v25.3.31\Xray-freebsd-32.zip         | LOCAL=85237fb2d43c1c4f644ac885ff8d98d5c3dbde8b1420b98904067c89ceb2399c REMOTE=85237fb2d43c1c4f644ac885ff8d98d5c3dbde8b1420b98904067c89ceb2399c
[2488/3625] Checking is OK   | E:\01.userData\ZhuoMian\Github_Releases_批量下载 xray\Xray-core\v25.3.31\Xray-freebsd-64.zip         | LOCAL=f6fd9fb51cf21e0129d7195986bd73fecda15c5192990a891754e4562ce4d61b REMOTE=f6fd9fb51cf21e0129d7195986bd73fecda15c5192990a891754e4562ce4d61b
[2489/3625] Checking is OK   | E:\01.userData\ZhuoMian\Github_Releases_批量下载 xray\Xray-core\v25.3.31\Xray-freebsd-arm32-v7a.zip  | LOCAL=3c755c70eabef4ff47ddc9e9023b39c8540bb4c8de82eed39888a269047656be REMOTE=3c755c70eabef4ff47ddc9e9023b39c8540bb4c8de82eed39888a269047656be
[2490/3625] Checking is OK   | E:\01.userData\ZhuoMian\Github_Releases_批量下载 xray\Xray-core\v25.3.31\Xray-freebsd-arm64-v8a.zip  | LOCAL=d326fb6b3d51cab6d61117fc855cd4ddd65fc92bc57b85c774ba2a51d142887b REMOTE=d326fb6b3d51cab6d61117fc855cd4ddd65fc92bc57b85c774ba2a51d142887b
[2491/3625] Checking is OK   | E:\01.userData\ZhuoMian\Github_Releases_批量下载 xray\Xray-core\v25.3.31\Xray-linux-32.zip           | LOCAL=71665ceae37d8cba00b2d274cdf89d9f79418fe35fadc0461dc424e88f859c22 REMOTE=71665ceae37d8cba00b2d274cdf89d9f79418fe35fadc0461dc424e88f859c22
[2492/3625] Checking is OK   | E:\01.userData\ZhuoMian\Github_Releases_批量下载 xray\Xray-core\v25.3.31\Xray-linux-64.zip           | LOCAL=e6953f583fe5aa1b100c657383171a651bac7c43966277e9aa750fed0986edc3 REMOTE=e6953f583fe5aa1b100c657383171a651bac7c43966277e9aa750fed0986edc3
[2493/3625] Checking is OK   | E:\01.userData\ZhuoMian\Github_Releases_批量下载 xray\Xray-core\v25.3.31\Xray-linux-arm32-v5.zip     | LOCAL=3bd3241f48910a72168a7cf7f695ed0498ef5dfcf67790dc12b726ac711c8d8f REMOTE=3bd3241f48910a72168a7cf7f695ed0498ef5dfcf67790dc12b726ac711c8d8f
[2494/3625] Checking is OK   | E:\01.userData\ZhuoMian\Github_Releases_批量下载 xray\Xray-core\v25.3.31\Xray-linux-arm32-v6.zip     | LOCAL=69a1eef375057843bf971b0d21988c742ffc1585ed3c5cba4fceaa10fdcff9da REMOTE=69a1eef375057843bf971b0d21988c742ffc1585ed3c5cba4fceaa10fdcff9da
[2495/3625] Checking is OK   | E:\01.userData\ZhuoMian\Github_Releases_批量下载 xray\Xray-core\v25.3.31\Xray-linux-arm32-v7a.zip    | LOCAL=1ca57528e5f7230115b39ad98a940f78f9fe35731feb5e1d71780940617506b7 REMOTE=1ca57528e5f7230115b39ad98a940f78f9fe35731feb5e1d71780940617506b7
[2496/3625] Checking is OK   | E:\01.userData\ZhuoMian\Github_Releases_批量下载 xray\Xray-core\v25.3.31\Xray-linux-arm64-v8a.zip    | LOCAL=8e41992bed22322e208e1f907410454d81e2f22dd03daccd3d51e1f0355a7e7c REMOTE=8e41992bed22322e208e1f907410454d81e2f22dd03daccd3d51e1f0355a7e7c
[2497/3625] Checking is OK   | E:\01.userData\ZhuoMian\Github_Releases_批量下载 xray\Xray-core\v25.3.31\Xray-linux-loong64.zip      | LOCAL=a315cee754a9b2dedc2dc0fc2b65cf3b32dbac20180d1b25ba45eea445101e4f REMOTE=a315cee754a9b2dedc2dc0fc2b65cf3b32dbac20180d1b25ba45eea445101e4f
[2498/3625] Checking is OK   | E:\01.userData\ZhuoMian\Github_Releases_批量下载 xray\Xray-core\v25.3.31\Xray-linux-mips32.zip       | LOCAL=cdd1426f349686a9af7be96b7466b6c2cab196c144fdd51a35909b8112174ed9 REMOTE=cdd1426f349686a9af7be96b7466b6c2cab196c144fdd51a35909b8112174ed9
[2499/3625] Checking is OK   | E:\01.userData\ZhuoMian\Github_Releases_批量下载 xray\Xray-core\v25.3.31\Xray-linux-mips32le.zip     | LOCAL=dd4f52d81a54752a4a21c6132b1bb20dfc76a1d9c15dcb98d514873f405f964a REMOTE=dd4f52d81a54752a4a21c6132b1bb20dfc76a1d9c15dcb98d514873f405f964a
[2500/3625] Checking is OK   | E:\01.userData\ZhuoMian\Github_Releases_批量下载 xray\Xray-core\v25.3.31\Xray-linux-mips64.zip       | LOCAL=8a4122fa33f89ef7cafa483d71fb76cd2088c980f6f6179b0da1b040766daf37 REMOTE=8a4122fa33f89ef7cafa483d71fb76cd2088c980f6f6179b0da1b040766daf37
[2501/3625] Checking is OK   | E:\01.userData\ZhuoMian\Github_Releases_批量下载 xray\Xray-core\v25.3.31\Xray-linux-mips64le.zip     | LOCAL=387c39a63fa7a9b25e0c0b4f14c4ea4afb26bcc479a1e1bc418ec6faeb462951 REMOTE=387c39a63fa7a9b25e0c0b4f14c4ea4afb26bcc479a1e1bc418ec6faeb462951
[2502/3625] Checking is OK   | E:\01.userData\ZhuoMian\Github_Releases_批量下载 xray\Xray-core\v25.3.31\Xray-linux-ppc64.zip        | LOCAL=a4b48ac358de990a55601dcaf11a750f230cbb55ee07b791f78173d6b529bcbd REMOTE=a4b48ac358de990a55601dcaf11a750f230cbb55ee07b791f78173d6b529bcbd
[2503/3625] Checking is OK   | E:\01.userData\ZhuoMian\Github_Releases_批量下载 xray\Xray-core\v25.3.31\Xray-linux-ppc64le.zip      | LOCAL=7d1f10672fd066862641a933b2160cb41ea34b29958fb0d36f43b094ddcb7cb0 REMOTE=7d1f10672fd066862641a933b2160cb41ea34b29958fb0d36f43b094ddcb7cb0
[2504/3625] Checking is OK   | E:\01.userData\ZhuoMian\Github_Releases_批量下载 xray\Xray-core\v25.3.31\Xray-linux-riscv64.zip      | LOCAL=515a061084ead72415cdedec3b7fdda8b4ce69e0a566b6029fb53502d76bd14f REMOTE=515a061084ead72415cdedec3b7fdda8b4ce69e0a566b6029fb53502d76bd14f
[2505/3625] Checking is OK   | E:\01.userData\ZhuoMian\Github_Releases_批量下载 xray\Xray-core\v25.3.31\Xray-linux-s390x.zip        | LOCAL=5ba29bc62152c1ffdd42df90e3a5c4c418576e7c07a75f05101026ce69eaf34b REMOTE=5ba29bc62152c1ffdd42df90e3a5c4c418576e7c07a75f05101026ce69eaf34b
[2506/3625] Checking is OK   | E:\01.userData\ZhuoMian\Github_Releases_批量下载 xray\Xray-core\v25.3.31\Xray-macos-64.zip           | LOCAL=776db14fb627d082a4c18f329207df5886ccc8ef05f9d237fccffda6ba3e2374 REMOTE=776db14fb627d082a4c18f329207df5886ccc8ef05f9d237fccffda6ba3e2374
[2507/3625] Checking is OK   | E:\01.userData\ZhuoMian\Github_Releases_批量下载 xray\Xray-core\v25.3.31\Xray-macos-arm64-v8a.zip    | LOCAL=5a105eb6cee02d0a1124ab0302a9ef952d8e6d5e68c16b8eb686328edc20d222 REMOTE=5a105eb6cee02d0a1124ab0302a9ef952d8e6d5e68c16b8eb686328edc20d222
[2508/3625] Checking is OK   | E:\01.userData\ZhuoMian\Github_Releases_批量下载 xray\Xray-core\v25.3.31\Xray-openbsd-32.zip         | LOCAL=74ec77878519192140ffb27acdfab34be83e77b71fbd3eac0501ca4085780ecf REMOTE=74ec77878519192140ffb27acdfab34be83e77b71fbd3eac0501ca4085780ecf
[2509/3625] Checking is OK   | E:\01.userData\ZhuoMian\Github_Releases_批量下载 xray\Xray-core\v25.3.31\Xray-openbsd-64.zip         | LOCAL=38347bd58c02bbce8ec41c9010ca61b94a9e3287a511364e96cd998a25237c43 REMOTE=38347bd58c02bbce8ec41c9010ca61b94a9e3287a511364e96cd998a25237c43
[2510/3625] Checking is OK   | E:\01.userData\ZhuoMian\Github_Releases_批量下载 xray\Xray-core\v25.3.31\Xray-openbsd-arm32-v7a.zip  | LOCAL=d8569bd0c0d9c5b158e1101cd56d401d5318e4715c3a7cad5cbfb53b56153d70 REMOTE=d8569bd0c0d9c5b158e1101cd56d401d5318e4715c3a7cad5cbfb53b56153d70
[2511/3625] Checking is OK   | E:\01.userData\ZhuoMian\Github_Releases_批量下载 xray\Xray-core\v25.3.31\Xray-openbsd-arm64-v8a.zip  | LOCAL=4a2cd4e4def5789ad22d44d4711837cb6415f7dca7b187cc3712a8c4370936b6 REMOTE=4a2cd4e4def5789ad22d44d4711837cb6415f7dca7b187cc3712a8c4370936b6
[2512/3625] Checking is OK   | E:\01.userData\ZhuoMian\Github_Releases_批量下载 xray\Xray-core\v25.3.31\Xray-win7-32.zip            | LOCAL=a9127d31f7b214a85f22d068496ff5a54e6857f8ba45b3e5e451fcaa0f6b2439 REMOTE=a9127d31f7b214a85f22d068496ff5a54e6857f8ba45b3e5e451fcaa0f6b2439
[2513/3625] Checking is OK   | E:\01.userData\ZhuoMian\Github_Releases_批量下载 xray\Xray-core\v25.3.31\Xray-win7-64.zip            | LOCAL=91afc778377e2199da2c1799419b43227c7003429a4527ec874c504ee50cb128 REMOTE=91afc778377e2199da2c1799419b43227c7003429a4527ec874c504ee50cb128
[2514/3625] Checking is OK   | E:\01.userData\ZhuoMian\Github_Releases_批量下载 xray\Xray-core\v25.3.31\Xray-windows-32.zip         | LOCAL=a419a12da664776e63cde4283508b1c181da359bedd8b171de743d352e07b039 REMOTE=a419a12da664776e63cde4283508b1c181da359bedd8b171de743d352e07b039
[2515/3625] Checking is OK   | E:\01.userData\ZhuoMian\Github_Releases_批量下载 xray\Xray-core\v25.3.31\Xray-windows-64.zip         | LOCAL=6040acac9e32728e8e9326f1eb0b098f3a8274b4ab188ac9edf6a9d28abd657f REMOTE=6040acac9e32728e8e9326f1eb0b098f3a8274b4ab188ac9edf6a9d28abd657f
[2516/3625] Checking is OK   | E:\01.userData\ZhuoMian\Github_Releases_批量下载 xray\Xray-core\v25.3.31\Xray-windows-arm32-v7a.zip  | LOCAL=4e53f4c4323e7b91ae004ea72b4f4c7ec759d93caf2954b13e7d8e2b509b21b7 REMOTE=4e53f4c4323e7b91ae004ea72b4f4c7ec759d93caf2954b13e7d8e2b509b21b7
[2517/3625] Checking is OK   | E:\01.userData\ZhuoMian\Github_Releases_批量下载 xray\Xray-core\v25.3.31\Xray-windows-arm64-v8a.zip  | LOCAL=5309ef90642ce36f986923092d6a1b2011a8ace426b48ac36272512a7b269c87 REMOTE=5309ef90642ce36f986923092d6a1b2011a8ace426b48ac36272512a7b269c87
[2518/3625] Checking is OK   | E:\01.userData\ZhuoMian\Github_Releases_批量下载 xray\Xray-core\v25.3.6\Xray-android-arm64-v8a.zip   | LOCAL=79d5871ee0402028183fefcbcd187df3f745dff0d2ae9646b5f3c7a04dd3129f REMOTE=79d5871ee0402028183fefcbcd187df3f745dff0d2ae9646b5f3c7a04dd3129f
[2519/3625] Checking is OK   | E:\01.userData\ZhuoMian\Github_Releases_批量下载 xray\Xray-core\v25.3.6\Xray-freebsd-32.zip          | LOCAL=f3e37adb9825b0b6e393385190d905b146a5696b9b9f37463999a73bc0f44aeb REMOTE=f3e37adb9825b0b6e393385190d905b146a5696b9b9f37463999a73bc0f44aeb
[2520/3625] Checking is OK   | E:\01.userData\ZhuoMian\Github_Releases_批量下载 xray\Xray-core\v25.3.6\Xray-freebsd-64.zip          | LOCAL=e24faaf2d17a667480b7fa1fe45d85208e51d72e4240a05320629b6df5d12ffc REMOTE=e24faaf2d17a667480b7fa1fe45d85208e51d72e4240a05320629b6df5d12ffc
[2521/3625] Checking is OK   | E:\01.userData\ZhuoMian\Github_Releases_批量下载 xray\Xray-core\v25.3.6\Xray-freebsd-arm32-v7a.zip   | LOCAL=e402ab1f318f21fa45074ce82e5bebf1d6670e4561552fe74496ed0661ff0cfc REMOTE=e402ab1f318f21fa45074ce82e5bebf1d6670e4561552fe74496ed0661ff0cfc
[2522/3625] Checking is OK   | E:\01.userData\ZhuoMian\Github_Releases_批量下载 xray\Xray-core\v25.3.6\Xray-freebsd-arm64-v8a.zip   | LOCAL=d1312cf70ade7e03c74d411c89ae1d3034cf59e6cbce83e7bfd2bd47950ac50c REMOTE=d1312cf70ade7e03c74d411c89ae1d3034cf59e6cbce83e7bfd2bd47950ac50c
[2523/3625] Checking is OK   | E:\01.userData\ZhuoMian\Github_Releases_批量下载 xray\Xray-core\v25.3.6\Xray-linux-32.zip            | LOCAL=4c2f888f1c4d199f053c232ea80256e12741d2621e496279a7dacffa2695776d REMOTE=4c2f888f1c4d199f053c232ea80256e12741d2621e496279a7dacffa2695776d
[2524/3625] Checking is OK   | E:\01.userData\ZhuoMian\Github_Releases_批量下载 xray\Xray-core\v25.3.6\Xray-linux-64.zip            | LOCAL=82d4be3a5ed8bd2621df9c9913c3a2761b86a42ae8485da836f7447ff2ec3d4d REMOTE=82d4be3a5ed8bd2621df9c9913c3a2761b86a42ae8485da836f7447ff2ec3d4d
[2525/3625] Checking is OK   | E:\01.userData\ZhuoMian\Github_Releases_批量下载 xray\Xray-core\v25.3.6\Xray-linux-arm32-v5.zip      | LOCAL=9cc934da7dd40a403d7e9a2032b09cfb179732c8d508f2fcede98cc92b2eb94f REMOTE=9cc934da7dd40a403d7e9a2032b09cfb179732c8d508f2fcede98cc92b2eb94f
[2526/3625] Checking is OK   | E:\01.userData\ZhuoMian\Github_Releases_批量下载 xray\Xray-core\v25.3.6\Xray-linux-arm32-v6.zip      | LOCAL=b9855fa95687df286ff8f22d599ad1f767550161a22b70a1151493dd6b943fa5 REMOTE=b9855fa95687df286ff8f22d599ad1f767550161a22b70a1151493dd6b943fa5
[2527/3625] Checking is OK   | E:\01.userData\ZhuoMian\Github_Releases_批量下载 xray\Xray-core\v25.3.6\Xray-linux-arm32-v7a.zip     | LOCAL=f184c8344941a4ac0bc198174f3eba08cfebfdc6588a03887ca1bdb53100e6f7 REMOTE=f184c8344941a4ac0bc198174f3eba08cfebfdc6588a03887ca1bdb53100e6f7
[2528/3625] Checking is OK   | E:\01.userData\ZhuoMian\Github_Releases_批量下载 xray\Xray-core\v25.3.6\Xray-linux-arm64-v8a.zip     | LOCAL=1595f446b3d3a2bfe4a737e3cdb4c189c8c4e271322a7a2a0f5ea735b9511e80 REMOTE=1595f446b3d3a2bfe4a737e3cdb4c189c8c4e271322a7a2a0f5ea735b9511e80
[2529/3625] Checking is OK   | E:\01.userData\ZhuoMian\Github_Releases_批量下载 xray\Xray-core\v25.3.6\Xray-linux-loong64.zip       | LOCAL=de253ce566edf68c78a77c5b9a6f9f25c31a129fb7d5989611771ca8d616ee3a REMOTE=de253ce566edf68c78a77c5b9a6f9f25c31a129fb7d5989611771ca8d616ee3a
[2530/3625] Checking is OK   | E:\01.userData\ZhuoMian\Github_Releases_批量下载 xray\Xray-core\v25.3.6\Xray-linux-mips32.zip        | LOCAL=2ac86c63079f9d9ab6a341c14d8a9c21a711dd8f78a161f0141d1d70c03cc7d1 REMOTE=2ac86c63079f9d9ab6a341c14d8a9c21a711dd8f78a161f0141d1d70c03cc7d1
[2531/3625] Checking is OK   | E:\01.userData\ZhuoMian\Github_Releases_批量下载 xray\Xray-core\v25.3.6\Xray-linux-mips32le.zip      | LOCAL=dbe4ea65ef13dc59a4450e60df7896deac0fa6d917e7ba9b65c88b7ce50faaac REMOTE=dbe4ea65ef13dc59a4450e60df7896deac0fa6d917e7ba9b65c88b7ce50faaac
[2532/3625] Checking is OK   | E:\01.userData\ZhuoMian\Github_Releases_批量下载 xray\Xray-core\v25.3.6\Xray-linux-mips64.zip        | LOCAL=a8ad343c3838ad006fe1000ce81fe4a85bd93c8a1b2054e8c6318a3092241680 REMOTE=a8ad343c3838ad006fe1000ce81fe4a85bd93c8a1b2054e8c6318a3092241680
[2533/3625] Checking is OK   | E:\01.userData\ZhuoMian\Github_Releases_批量下载 xray\Xray-core\v25.3.6\Xray-linux-mips64le.zip      | LOCAL=49bb02c08d253acc089c0b09489187f2122cc27bcce531fd7ba99b8c47541074 REMOTE=49bb02c08d253acc089c0b09489187f2122cc27bcce531fd7ba99b8c47541074
[2534/3625] Checking is OK   | E:\01.userData\ZhuoMian\Github_Releases_批量下载 xray\Xray-core\v25.3.6\Xray-linux-ppc64.zip         | LOCAL=67f19052e433dd52e9013c0a7b7a300bcccc578f626610d0731656042b005185 REMOTE=67f19052e433dd52e9013c0a7b7a300bcccc578f626610d0731656042b005185
[2535/3625] Checking is OK   | E:\01.userData\ZhuoMian\Github_Releases_批量下载 xray\Xray-core\v25.3.6\Xray-linux-ppc64le.zip       | LOCAL=3952b0c88ac8eea7032c8d310716b3562a15abe097d70b55758b78e84c653a72 REMOTE=3952b0c88ac8eea7032c8d310716b3562a15abe097d70b55758b78e84c653a72
[2536/3625] Checking is OK   | E:\01.userData\ZhuoMian\Github_Releases_批量下载 xray\Xray-core\v25.3.6\Xray-linux-riscv64.zip       | LOCAL=6cf7a5f9eef1877f812fed2d4a03b88ce545c5f88ffdde466de0e14f34c0eb08 REMOTE=6cf7a5f9eef1877f812fed2d4a03b88ce545c5f88ffdde466de0e14f34c0eb08
[2537/3625] Checking is OK   | E:\01.userData\ZhuoMian\Github_Releases_批量下载 xray\Xray-core\v25.3.6\Xray-linux-s390x.zip         | LOCAL=c005d074b95098a4a4f8a13413705d64b59ae8957371a7b8ac5b999ac1161dae REMOTE=c005d074b95098a4a4f8a13413705d64b59ae8957371a7b8ac5b999ac1161dae
[2538/3625] Checking is OK   | E:\01.userData\ZhuoMian\Github_Releases_批量下载 xray\Xray-core\v25.3.6\Xray-macos-64.zip            | LOCAL=cc773fca109d45de4ad3a62eedf5142391c61c3048eb80b6370ce97bf5d0a075 REMOTE=cc773fca109d45de4ad3a62eedf5142391c61c3048eb80b6370ce97bf5d0a075
[2539/3625] Checking is OK   | E:\01.userData\ZhuoMian\Github_Releases_批量下载 xray\Xray-core\v25.3.6\Xray-macos-arm64-v8a.zip     | LOCAL=0d8486ab2eb089abcbc47a7c8d2004490c98dc8fd2ca760915ad746667aa7d7b REMOTE=0d8486ab2eb089abcbc47a7c8d2004490c98dc8fd2ca760915ad746667aa7d7b
[2540/3625] Checking is OK   | E:\01.userData\ZhuoMian\Github_Releases_批量下载 xray\Xray-core\v25.3.6\Xray-openbsd-32.zip          | LOCAL=5b679f17f0731372bdf2e980682eeeed8259e205ad480d0a8ba109147e0a3ed4 REMOTE=5b679f17f0731372bdf2e980682eeeed8259e205ad480d0a8ba109147e0a3ed4
[2541/3625] Checking is OK   | E:\01.userData\ZhuoMian\Github_Releases_批量下载 xray\Xray-core\v25.3.6\Xray-openbsd-64.zip          | LOCAL=ab87e36b8053daa3c1f015bbe8f846b926f95550ea463404375e953cbe1e60c8 REMOTE=ab87e36b8053daa3c1f015bbe8f846b926f95550ea463404375e953cbe1e60c8
[2542/3625] Checking is OK   | E:\01.userData\ZhuoMian\Github_Releases_批量下载 xray\Xray-core\v25.3.6\Xray-openbsd-arm32-v7a.zip   | LOCAL=26b09a35343c5e7720183c8b00206a83e38bd28762cee54712a3c2a370f95cee REMOTE=26b09a35343c5e7720183c8b00206a83e38bd28762cee54712a3c2a370f95cee
[2543/3625] Checking is OK   | E:\01.userData\ZhuoMian\Github_Releases_批量下载 xray\Xray-core\v25.3.6\Xray-openbsd-arm64-v8a.zip   | LOCAL=16ea4ec72db83f928057dac7c5507eac5c2a1544264281b5f4c2cf678088f274 REMOTE=16ea4ec72db83f928057dac7c5507eac5c2a1544264281b5f4c2cf678088f274
[2544/3625] Checking is OK   | E:\01.userData\ZhuoMian\Github_Releases_批量下载 xray\Xray-core\v25.3.6\Xray-win7-32.zip             | LOCAL=f419ceb3a48d0aaedb9142ff8677866a4e36fccc1f31fddc4a0f24304ae7dc81 REMOTE=f419ceb3a48d0aaedb9142ff8677866a4e36fccc1f31fddc4a0f24304ae7dc81
[2545/3625] Checking is OK   | E:\01.userData\ZhuoMian\Github_Releases_批量下载 xray\Xray-core\v25.3.6\Xray-win7-64.zip             | LOCAL=28c950717083003b0a923d2ceae756d64696b22e2744463fe0e92de4fbe3c3e5 REMOTE=28c950717083003b0a923d2ceae756d64696b22e2744463fe0e92de4fbe3c3e5
[2546/3625] Checking is OK   | E:\01.userData\ZhuoMian\Github_Releases_批量下载 xray\Xray-core\v25.3.6\Xray-windows-32.zip          | LOCAL=9febe39bec2df96d43dd8177929e2f5575d8ba99f3f24260210cbdcbd32905ae REMOTE=9febe39bec2df96d43dd8177929e2f5575d8ba99f3f24260210cbdcbd32905ae
[2547/3625] Checking is OK   | E:\01.userData\ZhuoMian\Github_Releases_批量下载 xray\Xray-core\v25.3.6\Xray-windows-64.zip          | LOCAL=f407478fdc4a6b1760599b4d043ee99cadd396cb019b32ffb702ce154014b262 REMOTE=f407478fdc4a6b1760599b4d043ee99cadd396cb019b32ffb702ce154014b262
[2548/3625] Checking is OK   | E:\01.userData\ZhuoMian\Github_Releases_批量下载 xray\Xray-core\v25.3.6\Xray-windows-arm32-v7a.zip   | LOCAL=92e2f24140aaba698bad56af9a9322c209221d58e9be5b0e4d7e835a90ef0e1a REMOTE=92e2f24140aaba698bad56af9a9322c209221d58e9be5b0e4d7e835a90ef0e1a
[2549/3625] Checking is OK   | E:\01.userData\ZhuoMian\Github_Releases_批量下载 xray\Xray-core\v25.3.6\Xray-windows-arm64-v8a.zip   | LOCAL=aeb9ea9ea2d9c318711dfba89f91e83fe6b046ec92967a0a57675e46192151fe REMOTE=aeb9ea9ea2d9c318711dfba89f91e83fe6b046ec92967a0a57675e46192151fe
[2550/3625] Checking is OK   | E:\01.userData\ZhuoMian\Github_Releases_批量下载 xray\Xray-core\v25.4.30\Xray-android-amd64.zip      | LOCAL=207068fb04c3b047a3aad7bd2786b80e3269fa220b9fe4d9fa829788428d23f0 REMOTE=207068fb04c3b047a3aad7bd2786b80e3269fa220b9fe4d9fa829788428d23f0
[2551/3625] Checking is OK   | E:\01.userData\ZhuoMian\Github_Releases_批量下载 xray\Xray-core\v25.4.30\Xray-android-arm64-v8a.zip  | LOCAL=ff8f986ddf87d33e2972cc92df1fed560dbdc2fd1f26f6493abc8b0e47f0ba6e REMOTE=ff8f986ddf87d33e2972cc92df1fed560dbdc2fd1f26f6493abc8b0e47f0ba6e
[2552/3625] Checking is OK   | E:\01.userData\ZhuoMian\Github_Releases_批量下载 xray\Xray-core\v25.4.30\Xray-freebsd-32.zip         | LOCAL=6f77b43b2d41a86ac0c617dfeb9fdd1b7486ee90cb6e37a662fb573e7c15a783 REMOTE=6f77b43b2d41a86ac0c617dfeb9fdd1b7486ee90cb6e37a662fb573e7c15a783
[2553/3625] Checking is OK   | E:\01.userData\ZhuoMian\Github_Releases_批量下载 xray\Xray-core\v25.4.30\Xray-freebsd-64.zip         | LOCAL=3600053e2071c33d46b9c259c90d6b6e5d549d1899064ce47f77210448fe21cd REMOTE=3600053e2071c33d46b9c259c90d6b6e5d549d1899064ce47f77210448fe21cd
[2554/3625] Checking is OK   | E:\01.userData\ZhuoMian\Github_Releases_批量下载 xray\Xray-core\v25.4.30\Xray-freebsd-arm32-v7a.zip  | LOCAL=dec849a24eeb60722fbad09edb96ca2a70156ccabe3068508d49f3750a8bca98 REMOTE=dec849a24eeb60722fbad09edb96ca2a70156ccabe3068508d49f3750a8bca98
[2555/3625] Checking is OK   | E:\01.userData\ZhuoMian\Github_Releases_批量下载 xray\Xray-core\v25.4.30\Xray-freebsd-arm64-v8a.zip  | LOCAL=125ae08dee9dfa3bdc99a732d02c09136f334aab36776d0749432a41de02edff REMOTE=125ae08dee9dfa3bdc99a732d02c09136f334aab36776d0749432a41de02edff
[2556/3625] Checking is OK   | E:\01.userData\ZhuoMian\Github_Releases_批量下载 xray\Xray-core\v25.4.30\Xray-linux-32.zip           | LOCAL=8c1a48d006623844f22bd8272721e8bc8fd9a932ece063e40f514af9a1581c2d REMOTE=8c1a48d006623844f22bd8272721e8bc8fd9a932ece063e40f514af9a1581c2d
[2557/3625] Checking is OK   | E:\01.userData\ZhuoMian\Github_Releases_批量下载 xray\Xray-core\v25.4.30\Xray-linux-64.zip           | LOCAL=09fad7b189dbbb9d9c732c02dd148e00b7e123f743124e6d8c946a5a4009264a REMOTE=09fad7b189dbbb9d9c732c02dd148e00b7e123f743124e6d8c946a5a4009264a
[2558/3625] Checking is OK   | E:\01.userData\ZhuoMian\Github_Releases_批量下载 xray\Xray-core\v25.4.30\Xray-linux-arm32-v5.zip     | LOCAL=25ab3961d20edf53eafab9897c477091abd6860579189987180bad3381902cb7 REMOTE=25ab3961d20edf53eafab9897c477091abd6860579189987180bad3381902cb7
[2559/3625] Checking is OK   | E:\01.userData\ZhuoMian\Github_Releases_批量下载 xray\Xray-core\v25.4.30\Xray-linux-arm32-v6.zip     | LOCAL=bacdd240c201a493f85b2ecb76784a03d79594f74e521b20b6691aa500de407d REMOTE=bacdd240c201a493f85b2ecb76784a03d79594f74e521b20b6691aa500de407d
[2560/3625] Checking is OK   | E:\01.userData\ZhuoMian\Github_Releases_批量下载 xray\Xray-core\v25.4.30\Xray-linux-arm32-v7a.zip    | LOCAL=0198c96e59ac23c75f746c9fcf45f683d290d95e30fed5ba505006d67e285ed0 REMOTE=0198c96e59ac23c75f746c9fcf45f683d290d95e30fed5ba505006d67e285ed0
[2561/3625] Checking is OK   | E:\01.userData\ZhuoMian\Github_Releases_批量下载 xray\Xray-core\v25.4.30\Xray-linux-arm64-v8a.zip    | LOCAL=9e474d9281d0178fa937e58ce80a812c30bcde5b542310d7b2a6faff97db635f REMOTE=9e474d9281d0178fa937e58ce80a812c30bcde5b542310d7b2a6faff97db635f
[2562/3625] Checking is OK   | E:\01.userData\ZhuoMian\Github_Releases_批量下载 xray\Xray-core\v25.4.30\Xray-linux-loong64.zip      | LOCAL=cc845e61a5a17f8026e82f1a2a1279f95ea8999ed270398a2761ee81ff6b2cd8 REMOTE=cc845e61a5a17f8026e82f1a2a1279f95ea8999ed270398a2761ee81ff6b2cd8
[2563/3625] Checking is OK   | E:\01.userData\ZhuoMian\Github_Releases_批量下载 xray\Xray-core\v25.4.30\Xray-linux-mips32.zip       | LOCAL=302719e88543914a6b2e627ce851a750118488ae912e6bd42c29aa4a105b74c3 REMOTE=302719e88543914a6b2e627ce851a750118488ae912e6bd42c29aa4a105b74c3
[2564/3625] Checking is OK   | E:\01.userData\ZhuoMian\Github_Releases_批量下载 xray\Xray-core\v25.4.30\Xray-linux-mips32le.zip     | LOCAL=8bf806686b2be716c50f79f75d8595b72bc19988093d9b0bce8e2dbb14767004 REMOTE=8bf806686b2be716c50f79f75d8595b72bc19988093d9b0bce8e2dbb14767004
[2565/3625] Checking is OK   | E:\01.userData\ZhuoMian\Github_Releases_批量下载 xray\Xray-core\v25.4.30\Xray-linux-mips64.zip       | LOCAL=7abff967618d2a7a8259aa155a939321af05b46cb06f91e2b88d56390845db6b REMOTE=7abff967618d2a7a8259aa155a939321af05b46cb06f91e2b88d56390845db6b
[2566/3625] Checking is OK   | E:\01.userData\ZhuoMian\Github_Releases_批量下载 xray\Xray-core\v25.4.30\Xray-linux-mips64le.zip     | LOCAL=fc13386deead9d123cf0b501170f0b2ae1f8d1b393da81410d6843606cbf1f06 REMOTE=fc13386deead9d123cf0b501170f0b2ae1f8d1b393da81410d6843606cbf1f06
[2567/3625] Checking is OK   | E:\01.userData\ZhuoMian\Github_Releases_批量下载 xray\Xray-core\v25.4.30\Xray-linux-ppc64.zip        | LOCAL=ca107b4fa834f284074224f4445949cf6fc18f30893107c15d550417beb8f052 REMOTE=ca107b4fa834f284074224f4445949cf6fc18f30893107c15d550417beb8f052
[2568/3625] Checking is OK   | E:\01.userData\ZhuoMian\Github_Releases_批量下载 xray\Xray-core\v25.4.30\Xray-linux-ppc64le.zip      | LOCAL=f104b7b79fdcb24b43b23c31c32c4696cab6bd86a2a7c02cc55005773988c225 REMOTE=f104b7b79fdcb24b43b23c31c32c4696cab6bd86a2a7c02cc55005773988c225
[2569/3625] Checking is OK   | E:\01.userData\ZhuoMian\Github_Releases_批量下载 xray\Xray-core\v25.4.30\Xray-linux-riscv64.zip      | LOCAL=76bb228468a6c8a8a7615cc8acd8ba61fe982cd5c0313e8cf346e1ce393c9945 REMOTE=76bb228468a6c8a8a7615cc8acd8ba61fe982cd5c0313e8cf346e1ce393c9945
[2570/3625] Checking is OK   | E:\01.userData\ZhuoMian\Github_Releases_批量下载 xray\Xray-core\v25.4.30\Xray-linux-s390x.zip        | LOCAL=4560628859c720872c8d2d3518ad83a82745be7e114b3b7d24c0eff3458ffd5b REMOTE=4560628859c720872c8d2d3518ad83a82745be7e114b3b7d24c0eff3458ffd5b
[2571/3625] Checking is OK   | E:\01.userData\ZhuoMian\Github_Releases_批量下载 xray\Xray-core\v25.4.30\Xray-macos-64.zip           | LOCAL=83a8addbf6c95af76f0447ba6ea269f5c9396efb6103518790654f3d3e277d43 REMOTE=83a8addbf6c95af76f0447ba6ea269f5c9396efb6103518790654f3d3e277d43
[2572/3625] Checking is OK   | E:\01.userData\ZhuoMian\Github_Releases_批量下载 xray\Xray-core\v25.4.30\Xray-macos-arm64-v8a.zip    | LOCAL=db5e1eba81e282d93395a6ab322f2179a25ce84fdf71274e05c0e3f8d2ff1be1 REMOTE=db5e1eba81e282d93395a6ab322f2179a25ce84fdf71274e05c0e3f8d2ff1be1
[2573/3625] Checking is OK   | E:\01.userData\ZhuoMian\Github_Releases_批量下载 xray\Xray-core\v25.4.30\Xray-openbsd-32.zip         | LOCAL=130c6402347d9664ae716ca9fc4022e9a3dd67215f63e707c60fc7234fb6afe4 REMOTE=130c6402347d9664ae716ca9fc4022e9a3dd67215f63e707c60fc7234fb6afe4
[2574/3625] Checking is OK   | E:\01.userData\ZhuoMian\Github_Releases_批量下载 xray\Xray-core\v25.4.30\Xray-openbsd-64.zip         | LOCAL=9ff745b9a924a38a568c4f774a425d7577a4f224fa749be133f2ae1be1c7594a REMOTE=9ff745b9a924a38a568c4f774a425d7577a4f224fa749be133f2ae1be1c7594a
[2575/3625] Checking is OK   | E:\01.userData\ZhuoMian\Github_Releases_批量下载 xray\Xray-core\v25.4.30\Xray-openbsd-arm32-v7a.zip  | LOCAL=5ef27a4d1268a3e06672263436f6cad9fe62ac026bbf5697721293861ae9e77c REMOTE=5ef27a4d1268a3e06672263436f6cad9fe62ac026bbf5697721293861ae9e77c
[2576/3625] Checking is OK   | E:\01.userData\ZhuoMian\Github_Releases_批量下载 xray\Xray-core\v25.4.30\Xray-openbsd-arm64-v8a.zip  | LOCAL=8fd8fda573df9fb097aabc4fd17a5231ba38ed958a0ee4d33364bca2bb282917 REMOTE=8fd8fda573df9fb097aabc4fd17a5231ba38ed958a0ee4d33364bca2bb282917
[2577/3625] Checking is OK   | E:\01.userData\ZhuoMian\Github_Releases_批量下载 xray\Xray-core\v25.4.30\Xray-win7-32.zip            | LOCAL=fefc4ed969ba12f3c3f63ac78314c9797025120a3e12e163c3f664073394ee71 REMOTE=fefc4ed969ba12f3c3f63ac78314c9797025120a3e12e163c3f664073394ee71
[2578/3625] Checking is OK   | E:\01.userData\ZhuoMian\Github_Releases_批量下载 xray\Xray-core\v25.4.30\Xray-win7-64.zip            | LOCAL=3c73ef27de1e7fb74809109d63f4107f404a99c903c1bbc7eaf3e3e2eb575ef0 REMOTE=3c73ef27de1e7fb74809109d63f4107f404a99c903c1bbc7eaf3e3e2eb575ef0
[2579/3625] Checking is OK   | E:\01.userData\ZhuoMian\Github_Releases_批量下载 xray\Xray-core\v25.4.30\Xray-windows-32.zip         | LOCAL=75a09d7cfae439173eb22e55564c7772db977b43b60783fbaa2f704a71aa3be1 REMOTE=75a09d7cfae439173eb22e55564c7772db977b43b60783fbaa2f704a71aa3be1
[2580/3625] Checking is OK   | E:\01.userData\ZhuoMian\Github_Releases_批量下载 xray\Xray-core\v25.4.30\Xray-windows-64.zip         | LOCAL=7ab4573e079825b8885f03504c3d77e9f6278a2c8ddc69a2802d50cefad42544 REMOTE=7ab4573e079825b8885f03504c3d77e9f6278a2c8ddc69a2802d50cefad42544
[2581/3625] Checking is OK   | E:\01.userData\ZhuoMian\Github_Releases_批量下载 xray\Xray-core\v25.4.30\Xray-windows-arm32-v7a.zip  | LOCAL=7d0bf037f968f1d15072fd41c3afab794077029274d3de755c85b4b20f319f52 REMOTE=7d0bf037f968f1d15072fd41c3afab794077029274d3de755c85b4b20f319f52
[2582/3625] Checking is OK   | E:\01.userData\ZhuoMian\Github_Releases_批量下载 xray\Xray-core\v25.4.30\Xray-windows-arm64-v8a.zip  | LOCAL=104472d6411fb5f3ab975f7d033da54f2aa3971872bcdc18cd89150497de6cce REMOTE=104472d6411fb5f3ab975f7d033da54f2aa3971872bcdc18cd89150497de6cce
[2583/3625] Checking is OK   | E:\01.userData\ZhuoMian\Github_Releases_批量下载 xray\Xray-core\v25.5.16\Xray-android-amd64.zip      | LOCAL=aa2a26005716f40c193e327264fdc1821a7a6db96017563e13cd8af4d5a5aced REMOTE=aa2a26005716f40c193e327264fdc1821a7a6db96017563e13cd8af4d5a5aced
[2584/3625] Checking is OK   | E:\01.userData\ZhuoMian\Github_Releases_批量下载 xray\Xray-core\v25.5.16\Xray-android-arm64-v8a.zip  | LOCAL=c3c57211428c86b9daef73491683696ea482e496ade1bc4e9a5cd09d98d6d806 REMOTE=c3c57211428c86b9daef73491683696ea482e496ade1bc4e9a5cd09d98d6d806
[2585/3625] Checking is OK   | E:\01.userData\ZhuoMian\Github_Releases_批量下载 xray\Xray-core\v25.5.16\Xray-freebsd-32.zip         | LOCAL=d8f8f4b204c4ab31ab66687a983ee4ca07c575b012a83eec61692f5eee425742 REMOTE=d8f8f4b204c4ab31ab66687a983ee4ca07c575b012a83eec61692f5eee425742
[2586/3625] Checking is OK   | E:\01.userData\ZhuoMian\Github_Releases_批量下载 xray\Xray-core\v25.5.16\Xray-freebsd-64.zip         | LOCAL=dca8cb32afc042ba804c47db61f3ac1a3573a530356e7fb0831212d7f4cb2162 REMOTE=dca8cb32afc042ba804c47db61f3ac1a3573a530356e7fb0831212d7f4cb2162
[2587/3625] Checking is OK   | E:\01.userData\ZhuoMian\Github_Releases_批量下载 xray\Xray-core\v25.5.16\Xray-freebsd-arm32-v7a.zip  | LOCAL=00de1ef744e672b5e382648ffa8275d9b2a83610070d81798d1db44486db662b REMOTE=00de1ef744e672b5e382648ffa8275d9b2a83610070d81798d1db44486db662b
[2588/3625] Checking is OK   | E:\01.userData\ZhuoMian\Github_Releases_批量下载 xray\Xray-core\v25.5.16\Xray-freebsd-arm64-v8a.zip  | LOCAL=099b9be0245436159265b9d61d15a41e19b6e7bace9751bfe585c8204833468a REMOTE=099b9be0245436159265b9d61d15a41e19b6e7bace9751bfe585c8204833468a
[2589/3625] Checking is OK   | E:\01.userData\ZhuoMian\Github_Releases_批量下载 xray\Xray-core\v25.5.16\Xray-linux-32.zip           | LOCAL=7aa8c255fc80dd9632036a6a5e37d2595eebea7a37301aaa0160588e3fb0d1a1 REMOTE=7aa8c255fc80dd9632036a6a5e37d2595eebea7a37301aaa0160588e3fb0d1a1
[2590/3625] Checking is OK   | E:\01.userData\ZhuoMian\Github_Releases_批量下载 xray\Xray-core\v25.5.16\Xray-linux-64.zip           | LOCAL=7679da6a3bb9dc2b3ce82d7f9f64ac1bb0e4bd6c3b9a0926613e5fc88abef25a REMOTE=7679da6a3bb9dc2b3ce82d7f9f64ac1bb0e4bd6c3b9a0926613e5fc88abef25a
[2591/3625] Checking is OK   | E:\01.userData\ZhuoMian\Github_Releases_批量下载 xray\Xray-core\v25.5.16\Xray-linux-arm32-v5.zip     | LOCAL=ae10a0a16b358479a98dc32cf19f89705e36a76851394f1676efb1585092adfe REMOTE=ae10a0a16b358479a98dc32cf19f89705e36a76851394f1676efb1585092adfe
[2592/3625] Checking is OK   | E:\01.userData\ZhuoMian\Github_Releases_批量下载 xray\Xray-core\v25.5.16\Xray-linux-arm32-v6.zip     | LOCAL=edb87d25f4339e9cbc99ed4d3c134347c83e1586b0bbdadacebb287bb9de4511 REMOTE=edb87d25f4339e9cbc99ed4d3c134347c83e1586b0bbdadacebb287bb9de4511
[2593/3625] Checking is OK   | E:\01.userData\ZhuoMian\Github_Releases_批量下载 xray\Xray-core\v25.5.16\Xray-linux-arm32-v7a.zip    | LOCAL=9b3c6dabca58cd8ca6812e222da1fc29bf943c40e6024192ac64d6becf097e1c REMOTE=9b3c6dabca58cd8ca6812e222da1fc29bf943c40e6024192ac64d6becf097e1c
[2594/3625] Checking is OK   | E:\01.userData\ZhuoMian\Github_Releases_批量下载 xray\Xray-core\v25.5.16\Xray-linux-arm64-v8a.zip    | LOCAL=e2b446f89692abc372676611093297d55d30cbe4718b38379b30a2f2cd132d00 REMOTE=e2b446f89692abc372676611093297d55d30cbe4718b38379b30a2f2cd132d00
[2595/3625] Checking is OK   | E:\01.userData\ZhuoMian\Github_Releases_批量下载 xray\Xray-core\v25.5.16\Xray-linux-loong64.zip      | LOCAL=31d920510f78c4e8cee3a241f679f8eb3d878f142de2026277e1bdf6cb492a36 REMOTE=31d920510f78c4e8cee3a241f679f8eb3d878f142de2026277e1bdf6cb492a36
[2596/3625] Checking is OK   | E:\01.userData\ZhuoMian\Github_Releases_批量下载 xray\Xray-core\v25.5.16\Xray-linux-mips32.zip       | LOCAL=65dd9557aa9f2991f0a3ce1b1da9405ae5d2999fb7a845d1ca07c881659c1cf3 REMOTE=65dd9557aa9f2991f0a3ce1b1da9405ae5d2999fb7a845d1ca07c881659c1cf3
[2597/3625] Checking is OK   | E:\01.userData\ZhuoMian\Github_Releases_批量下载 xray\Xray-core\v25.5.16\Xray-linux-mips32le.zip     | LOCAL=3c85da1cdf940aad516a954dd8a8fca32aea74d11816b19b57c12cfa532fdda5 REMOTE=3c85da1cdf940aad516a954dd8a8fca32aea74d11816b19b57c12cfa532fdda5
[2598/3625] Checking is OK   | E:\01.userData\ZhuoMian\Github_Releases_批量下载 xray\Xray-core\v25.5.16\Xray-linux-mips64.zip       | LOCAL=8d2fde2bee9a2156a109518de6b79384dc5f5ac04d38d97506e18dc09f8f9ed4 REMOTE=8d2fde2bee9a2156a109518de6b79384dc5f5ac04d38d97506e18dc09f8f9ed4
[2599/3625] Checking is OK   | E:\01.userData\ZhuoMian\Github_Releases_批量下载 xray\Xray-core\v25.5.16\Xray-linux-mips64le.zip     | LOCAL=34807fb519978767dd9ff4959690eed4f1259b89fbd8c713082469dd418fcc1c REMOTE=34807fb519978767dd9ff4959690eed4f1259b89fbd8c713082469dd418fcc1c
[2600/3625] Checking is OK   | E:\01.userData\ZhuoMian\Github_Releases_批量下载 xray\Xray-core\v25.5.16\Xray-linux-ppc64.zip        | LOCAL=6c9eee423c7482faf3ae0331c77f3b5701b01565f4075204f1f70d45a8c6e0e8 REMOTE=6c9eee423c7482faf3ae0331c77f3b5701b01565f4075204f1f70d45a8c6e0e8
[2601/3625] Checking is OK   | E:\01.userData\ZhuoMian\Github_Releases_批量下载 xray\Xray-core\v25.5.16\Xray-linux-ppc64le.zip      | LOCAL=30829150001741cad47a58396219a6459ba9974de675a5c107a3447ce9c5a224 REMOTE=30829150001741cad47a58396219a6459ba9974de675a5c107a3447ce9c5a224
[2602/3625] Checking is OK   | E:\01.userData\ZhuoMian\Github_Releases_批量下载 xray\Xray-core\v25.5.16\Xray-linux-riscv64.zip      | LOCAL=9fead140eb6ea82b1df64eb13e7273b04d41c3415aaf520cd91c76b3846aa2f1 REMOTE=9fead140eb6ea82b1df64eb13e7273b04d41c3415aaf520cd91c76b3846aa2f1
[2603/3625] Checking is OK   | E:\01.userData\ZhuoMian\Github_Releases_批量下载 xray\Xray-core\v25.5.16\Xray-linux-s390x.zip        | LOCAL=4fe755899e0d13a393c504f85e22443d60bc40d778a1006df1a3a804a3978746 REMOTE=4fe755899e0d13a393c504f85e22443d60bc40d778a1006df1a3a804a3978746
[2604/3625] Checking is OK   | E:\01.userData\ZhuoMian\Github_Releases_批量下载 xray\Xray-core\v25.5.16\Xray-macos-64.zip           | LOCAL=3e1220d75263f3641cdad34d3674c7172e88218c9acb8a20ded11442cef25c6d REMOTE=3e1220d75263f3641cdad34d3674c7172e88218c9acb8a20ded11442cef25c6d
[2605/3625] Checking is OK   | E:\01.userData\ZhuoMian\Github_Releases_批量下载 xray\Xray-core\v25.5.16\Xray-macos-arm64-v8a.zip    | LOCAL=86470a38128f04d5bc4d61eea47518f886761bc4282ece560f03d1f0670808d3 REMOTE=86470a38128f04d5bc4d61eea47518f886761bc4282ece560f03d1f0670808d3
[2606/3625] Checking is OK   | E:\01.userData\ZhuoMian\Github_Releases_批量下载 xray\Xray-core\v25.5.16\Xray-openbsd-32.zip         | LOCAL=3c041b9a05be26ba00514ed7b8d0844620be47997c6bb27dcd4017853ed091a6 REMOTE=3c041b9a05be26ba00514ed7b8d0844620be47997c6bb27dcd4017853ed091a6
[2607/3625] Checking is OK   | E:\01.userData\ZhuoMian\Github_Releases_批量下载 xray\Xray-core\v25.5.16\Xray-openbsd-64.zip         | LOCAL=96542fd1aafa94179289fdbf1945a9620cc2293ff408bdd039e1a8acdf120253 REMOTE=96542fd1aafa94179289fdbf1945a9620cc2293ff408bdd039e1a8acdf120253
[2608/3625] Checking is OK   | E:\01.userData\ZhuoMian\Github_Releases_批量下载 xray\Xray-core\v25.5.16\Xray-openbsd-arm32-v7a.zip  | LOCAL=fbe3e30f581b9ca975ca8fe59e016e898e2a5834270620497a545e90771c2396 REMOTE=fbe3e30f581b9ca975ca8fe59e016e898e2a5834270620497a545e90771c2396
[2609/3625] Checking is OK   | E:\01.userData\ZhuoMian\Github_Releases_批量下载 xray\Xray-core\v25.5.16\Xray-openbsd-arm64-v8a.zip  | LOCAL=7ba530b8b2123528b767882a65a8ee37f3caa11a5db331074295a6b5b5bb4449 REMOTE=7ba530b8b2123528b767882a65a8ee37f3caa11a5db331074295a6b5b5bb4449
[2610/3625] Checking is OK   | E:\01.userData\ZhuoMian\Github_Releases_批量下载 xray\Xray-core\v25.5.16\Xray-win7-32.zip            | LOCAL=28a3959407b43526d170f074c5eb01bbe99da4742aef092be85c9f480d0f01c0 REMOTE=28a3959407b43526d170f074c5eb01bbe99da4742aef092be85c9f480d0f01c0
[2611/3625] Checking is OK   | E:\01.userData\ZhuoMian\Github_Releases_批量下载 xray\Xray-core\v25.5.16\Xray-win7-64.zip            | LOCAL=62e48ef124bb5440399f6deeb23dc854e38f60bb83c45bc70b1216e067cb83e2 REMOTE=62e48ef124bb5440399f6deeb23dc854e38f60bb83c45bc70b1216e067cb83e2
[2612/3625] Checking is OK   | E:\01.userData\ZhuoMian\Github_Releases_批量下载 xray\Xray-core\v25.5.16\Xray-windows-32.zip         | LOCAL=749fe7362f7aa458a24dbbf54c4b090b6ca8dfb107aabce4f3a4622982056431 REMOTE=749fe7362f7aa458a24dbbf54c4b090b6ca8dfb107aabce4f3a4622982056431
[2613/3625] Checking is OK   | E:\01.userData\ZhuoMian\Github_Releases_批量下载 xray\Xray-core\v25.5.16\Xray-windows-64.zip         | LOCAL=e76d9f73f1b243424f471f36a2c0da7c784bca16c55861c9fa6f932d38356437 REMOTE=e76d9f73f1b243424f471f36a2c0da7c784bca16c55861c9fa6f932d38356437
[2614/3625] Checking is OK   | E:\01.userData\ZhuoMian\Github_Releases_批量下载 xray\Xray-core\v25.5.16\Xray-windows-arm32-v7a.zip  | LOCAL=ad722179da10bbe4cb44cd87530d0fea4137f3df73d1a80e328b9cbe17b04829 REMOTE=ad722179da10bbe4cb44cd87530d0fea4137f3df73d1a80e328b9cbe17b04829
[2615/3625] Checking is OK   | E:\01.userData\ZhuoMian\Github_Releases_批量下载 xray\Xray-core\v25.5.16\Xray-windows-arm64-v8a.zip  | LOCAL=850021ff01005f1110893be1de7a7ca69301459dab80245953c0518b06a23d48 REMOTE=850021ff01005f1110893be1de7a7ca69301459dab80245953c0518b06a23d48
[2616/3625] Checking is OK   | E:\01.userData\ZhuoMian\Github_Releases_批量下载 xray\Xray-core\v25.6.7\Xray-android-amd64.zip       | LOCAL=f9dd6fd7975d09bce0327ae4d53b497574c8b3d3965e5d49e845ea2ac99f3ed5 REMOTE=f9dd6fd7975d09bce0327ae4d53b497574c8b3d3965e5d49e845ea2ac99f3ed5
[2617/3625] Checking is OK   | E:\01.userData\ZhuoMian\Github_Releases_批量下载 xray\Xray-core\v25.6.7\Xray-android-arm64-v8a.zip   | LOCAL=c5895515f71ed6930f2f36bba479fd6b12c9bc49cd96df78dc3a69a285853f1c REMOTE=c5895515f71ed6930f2f36bba479fd6b12c9bc49cd96df78dc3a69a285853f1c
[2618/3625] Checking is OK   | E:\01.userData\ZhuoMian\Github_Releases_批量下载 xray\Xray-core\v25.6.7\Xray-freebsd-32.zip          | LOCAL=3db03e312fa58c1bdc9154dacd017d88a50cc47e5c0100dbe7c5e2ab2e871e8a REMOTE=3db03e312fa58c1bdc9154dacd017d88a50cc47e5c0100dbe7c5e2ab2e871e8a
[2619/3625] Checking is OK   | E:\01.userData\ZhuoMian\Github_Releases_批量下载 xray\Xray-core\v25.6.7\Xray-freebsd-64.zip          | LOCAL=8dbd576108fa03ca72ebd1caacec341e850cb553ddb71a1ef11158a0a7fbdd37 REMOTE=8dbd576108fa03ca72ebd1caacec341e850cb553ddb71a1ef11158a0a7fbdd37
[2620/3625] Checking is OK   | E:\01.userData\ZhuoMian\Github_Releases_批量下载 xray\Xray-core\v25.6.7\Xray-freebsd-arm32-v7a.zip   | LOCAL=f70beea3b0ea7feeb158d5ef426b6764883032e7239825d9d91e526051e3904c REMOTE=f70beea3b0ea7feeb158d5ef426b6764883032e7239825d9d91e526051e3904c
[2621/3625] Checking is OK   | E:\01.userData\ZhuoMian\Github_Releases_批量下载 xray\Xray-core\v25.6.7\Xray-freebsd-arm64-v8a.zip   | LOCAL=e0bf853a580dc3010d81e8b9befea2281d2c579b1c9ed149105afce89076c79f REMOTE=e0bf853a580dc3010d81e8b9befea2281d2c579b1c9ed149105afce89076c79f
[2622/3625] Checking is OK   | E:\01.userData\ZhuoMian\Github_Releases_批量下载 xray\Xray-core\v25.6.7\Xray-linux-32.zip            | LOCAL=c9bb00cc159c4e6781eca7871f31e09bc021ed2e49dd8a0aa8bb3ab23900441e REMOTE=c9bb00cc159c4e6781eca7871f31e09bc021ed2e49dd8a0aa8bb3ab23900441e
[2623/3625] Checking is OK   | E:\01.userData\ZhuoMian\Github_Releases_批量下载 xray\Xray-core\v25.6.7\Xray-linux-64.zip            | LOCAL=d3dd0cb3b1275c0c713b925548f29e78dc972bc2d765532029d979cbdce231a3 REMOTE=d3dd0cb3b1275c0c713b925548f29e78dc972bc2d765532029d979cbdce231a3
[2624/3625] Checking is OK   | E:\01.userData\ZhuoMian\Github_Releases_批量下载 xray\Xray-core\v25.6.7\Xray-linux-arm32-v5.zip      | LOCAL=471df88428fee0512bd50c7e3a3fe5e3ec79fb7c78c856238029d68118ccfab0 REMOTE=471df88428fee0512bd50c7e3a3fe5e3ec79fb7c78c856238029d68118ccfab0
[2625/3625] Checking is OK   | E:\01.userData\ZhuoMian\Github_Releases_批量下载 xray\Xray-core\v25.6.7\Xray-linux-arm32-v6.zip      | LOCAL=190e42f46b63c400886d6a51c877946c25f92d1a4a4d39150edb42f839f8ac91 REMOTE=190e42f46b63c400886d6a51c877946c25f92d1a4a4d39150edb42f839f8ac91
[2626/3625] Checking is OK   | E:\01.userData\ZhuoMian\Github_Releases_批量下载 xray\Xray-core\v25.6.7\Xray-linux-arm32-v7a.zip     | LOCAL=fc284e4139cf1c70b3fb1978d96db32ef6e2b433480c83bf93b949e7e6bc6b6f REMOTE=fc284e4139cf1c70b3fb1978d96db32ef6e2b433480c83bf93b949e7e6bc6b6f
[2627/3625] Checking is OK   | E:\01.userData\ZhuoMian\Github_Releases_批量下载 xray\Xray-core\v25.6.7\Xray-linux-arm64-v8a.zip     | LOCAL=5be9325767dd841e2ee9aacfd6bdd641347d3dabff01f29bce20e82082fd67b2 REMOTE=5be9325767dd841e2ee9aacfd6bdd641347d3dabff01f29bce20e82082fd67b2
[2628/3625] Checking is OK   | E:\01.userData\ZhuoMian\Github_Releases_批量下载 xray\Xray-core\v25.6.7\Xray-linux-loong64.zip       | LOCAL=1305077f55b4dfe0312ed9978e6c4d334472780fdbe0c77cab0d610101681943 REMOTE=1305077f55b4dfe0312ed9978e6c4d334472780fdbe0c77cab0d610101681943
[2629/3625] Checking is OK   | E:\01.userData\ZhuoMian\Github_Releases_批量下载 xray\Xray-core\v25.6.7\Xray-linux-mips32.zip        | LOCAL=cbd5598748ee0df992d432c574bdeb56a362b8217b91ea6ecdb6886ddad21e9a REMOTE=cbd5598748ee0df992d432c574bdeb56a362b8217b91ea6ecdb6886ddad21e9a
[2630/3625] Checking is OK   | E:\01.userData\ZhuoMian\Github_Releases_批量下载 xray\Xray-core\v25.6.7\Xray-linux-mips32le.zip      | LOCAL=4a89fda39df3cd017dcd307bd994e0ecd83e782a7e964626abdc26f01e943cd7 REMOTE=4a89fda39df3cd017dcd307bd994e0ecd83e782a7e964626abdc26f01e943cd7
[2631/3625] Checking is OK   | E:\01.userData\ZhuoMian\Github_Releases_批量下载 xray\Xray-core\v25.6.7\Xray-linux-mips64.zip        | LOCAL=84a419b71d27e03fc32c557e790932fe59408a7953c13b383962e976be262c89 REMOTE=84a419b71d27e03fc32c557e790932fe59408a7953c13b383962e976be262c89
[2632/3625] Checking is OK   | E:\01.userData\ZhuoMian\Github_Releases_批量下载 xray\Xray-core\v25.6.7\Xray-linux-mips64le.zip      | LOCAL=894e9821743f9655afd46761e089fe3d90357c288f9fe3fe5de7c994a721d7f8 REMOTE=894e9821743f9655afd46761e089fe3d90357c288f9fe3fe5de7c994a721d7f8
[2633/3625] Checking is OK   | E:\01.userData\ZhuoMian\Github_Releases_批量下载 xray\Xray-core\v25.6.7\Xray-linux-ppc64.zip         | LOCAL=8d35fac9f98553d0017e26d2b4d10a35da6163681da275f8c32b4e6c0a7a214f REMOTE=8d35fac9f98553d0017e26d2b4d10a35da6163681da275f8c32b4e6c0a7a214f
[2634/3625] Checking is OK   | E:\01.userData\ZhuoMian\Github_Releases_批量下载 xray\Xray-core\v25.6.7\Xray-linux-ppc64le.zip       | LOCAL=67b438cb8d6ea74f68b5b6bfca20d90bcc9a4764e22dc34b5b92fe8a46e6bf90 REMOTE=67b438cb8d6ea74f68b5b6bfca20d90bcc9a4764e22dc34b5b92fe8a46e6bf90
[2635/3625] Checking is OK   | E:\01.userData\ZhuoMian\Github_Releases_批量下载 xray\Xray-core\v25.6.7\Xray-linux-riscv64.zip       | LOCAL=8c1b3c58af0e9f56b796a2fd5db81dcaa7e5ca7e1744e207b8b1b0473cb9973e REMOTE=8c1b3c58af0e9f56b796a2fd5db81dcaa7e5ca7e1744e207b8b1b0473cb9973e
[2636/3625] Checking is OK   | E:\01.userData\ZhuoMian\Github_Releases_批量下载 xray\Xray-core\v25.6.7\Xray-linux-s390x.zip         | LOCAL=5813fbe165c8501ead1716b55b7b041a7056364e6e3cfb05ed4ad7e861893a88 REMOTE=5813fbe165c8501ead1716b55b7b041a7056364e6e3cfb05ed4ad7e861893a88
[2637/3625] Checking is OK   | E:\01.userData\ZhuoMian\Github_Releases_批量下载 xray\Xray-core\v25.6.7\Xray-macos-64.zip            | LOCAL=daf3be445ec5336b2de4d68e5c0bc2549ae68e734adad4c11602e13ded43dfb6 REMOTE=daf3be445ec5336b2de4d68e5c0bc2549ae68e734adad4c11602e13ded43dfb6
[2638/3625] Checking is OK   | E:\01.userData\ZhuoMian\Github_Releases_批量下载 xray\Xray-core\v25.6.7\Xray-macos-arm64-v8a.zip     | LOCAL=59d5d2073a426cb688c4bbe451c52efcde9f4244f983d3ec996866f0f5354bfb REMOTE=59d5d2073a426cb688c4bbe451c52efcde9f4244f983d3ec996866f0f5354bfb
[2639/3625] Checking is OK   | E:\01.userData\ZhuoMian\Github_Releases_批量下载 xray\Xray-core\v25.6.7\Xray-openbsd-32.zip          | LOCAL=c751d833583861ae818612a67ac7dea8cd7811880a911cc46a1f43505fb00c2a REMOTE=c751d833583861ae818612a67ac7dea8cd7811880a911cc46a1f43505fb00c2a
[2640/3625] Checking is OK   | E:\01.userData\ZhuoMian\Github_Releases_批量下载 xray\Xray-core\v25.6.7\Xray-openbsd-64.zip          | LOCAL=798a20fa6965c2e50e876dad230477425b28a6c9861a5e85bf3df8546f7d6854 REMOTE=798a20fa6965c2e50e876dad230477425b28a6c9861a5e85bf3df8546f7d6854
[2641/3625] Checking is OK   | E:\01.userData\ZhuoMian\Github_Releases_批量下载 xray\Xray-core\v25.6.7\Xray-openbsd-arm32-v7a.zip   | LOCAL=1e8e696d69fd224672dd6884ffabc726c17adec9514c10ab19725c7f57f2fcfd REMOTE=1e8e696d69fd224672dd6884ffabc726c17adec9514c10ab19725c7f57f2fcfd
[2642/3625] Checking is OK   | E:\01.userData\ZhuoMian\Github_Releases_批量下载 xray\Xray-core\v25.6.7\Xray-openbsd-arm64-v8a.zip   | LOCAL=f87278907fc4dbe03c4235ac203e5b7e22bd5aeda4ad5ba609a568320704e9d5 REMOTE=f87278907fc4dbe03c4235ac203e5b7e22bd5aeda4ad5ba609a568320704e9d5
[2643/3625] Checking is OK   | E:\01.userData\ZhuoMian\Github_Releases_批量下载 xray\Xray-core\v25.6.7\Xray-win7-32.zip             | LOCAL=1bc9f80b82e1ddeeba3e20e6d91b3c186ab4c3ea57d1a327c9483beff64e29c9 REMOTE=1bc9f80b82e1ddeeba3e20e6d91b3c186ab4c3ea57d1a327c9483beff64e29c9
[2644/3625] Checking is OK   | E:\01.userData\ZhuoMian\Github_Releases_批量下载 xray\Xray-core\v25.6.7\Xray-win7-64.zip             | LOCAL=0433406e6962f71ed01e571f99c1d43846917899f9228b92ec994407a654f872 REMOTE=0433406e6962f71ed01e571f99c1d43846917899f9228b92ec994407a654f872
[2645/3625] Checking is OK   | E:\01.userData\ZhuoMian\Github_Releases_批量下载 xray\Xray-core\v25.6.7\Xray-windows-32.zip          | LOCAL=711f465d010b9e43610be9db58d05583efa1944fc0f3c4e01e12b4fb08bebddd REMOTE=711f465d010b9e43610be9db58d05583efa1944fc0f3c4e01e12b4fb08bebddd
[2646/3625] Checking is OK   | E:\01.userData\ZhuoMian\Github_Releases_批量下载 xray\Xray-core\v25.6.7\Xray-windows-64.zip          | LOCAL=2c8f7ca2c0a0e94243dcc232426fc007fb6b81b1ea65901c2aa78ccd22d2b547 REMOTE=2c8f7ca2c0a0e94243dcc232426fc007fb6b81b1ea65901c2aa78ccd22d2b547
[2647/3625] Checking is OK   | E:\01.userData\ZhuoMian\Github_Releases_批量下载 xray\Xray-core\v25.6.7\Xray-windows-arm32-v7a.zip   | LOCAL=272a448f399e6a06c71602cf9ff0cb08879d8bd321c0aa4c5fae1b60eb1f96cc REMOTE=272a448f399e6a06c71602cf9ff0cb08879d8bd321c0aa4c5fae1b60eb1f96cc
[2648/3625] Checking is OK   | E:\01.userData\ZhuoMian\Github_Releases_批量下载 xray\Xray-core\v25.6.7\Xray-windows-arm64-v8a.zip   | LOCAL=90dc5344f6483f95061b05a6da1841ab09254f2968e11c7009f19ea9b67d544c REMOTE=90dc5344f6483f95061b05a6da1841ab09254f2968e11c7009f19ea9b67d544c
[2649/3625] Checking is OK   | E:\01.userData\ZhuoMian\Github_Releases_批量下载 xray\Xray-core\v25.6.8\Xray-android-amd64.zip       | LOCAL=a1adfff5f89064aa5b5caf5d900d7439d5879281e6179ee5edf388cfdfdb8079 REMOTE=a1adfff5f89064aa5b5caf5d900d7439d5879281e6179ee5edf388cfdfdb8079
[2650/3625] Checking is OK   | E:\01.userData\ZhuoMian\Github_Releases_批量下载 xray\Xray-core\v25.6.8\Xray-android-arm64-v8a.zip   | LOCAL=a261e4a49b027dd2bd40e495f5f1e72100a542b775a535302bd9927a226cb0aa REMOTE=a261e4a49b027dd2bd40e495f5f1e72100a542b775a535302bd9927a226cb0aa
[2651/3625] Checking is OK   | E:\01.userData\ZhuoMian\Github_Releases_批量下载 xray\Xray-core\v25.6.8\Xray-freebsd-32.zip          | LOCAL=c56378af394e9474c2fb10568f6c75a820ada8aeecf61fe2eb4d57c108a0f81f REMOTE=c56378af394e9474c2fb10568f6c75a820ada8aeecf61fe2eb4d57c108a0f81f
[2652/3625] Checking is OK   | E:\01.userData\ZhuoMian\Github_Releases_批量下载 xray\Xray-core\v25.6.8\Xray-freebsd-64.zip          | LOCAL=cd362d6d37124bef6a88f990818f601839bb58b3e789f1a2a6a1b29a4d37f2a4 REMOTE=cd362d6d37124bef6a88f990818f601839bb58b3e789f1a2a6a1b29a4d37f2a4
[2653/3625] Checking is OK   | E:\01.userData\ZhuoMian\Github_Releases_批量下载 xray\Xray-core\v25.6.8\Xray-freebsd-arm32-v7a.zip   | LOCAL=1441927cba3f23514d2ed5ad5951a1d6860bf19c51765aaac2be44ee0d14c854 REMOTE=1441927cba3f23514d2ed5ad5951a1d6860bf19c51765aaac2be44ee0d14c854
[2654/3625] Checking is OK   | E:\01.userData\ZhuoMian\Github_Releases_批量下载 xray\Xray-core\v25.6.8\Xray-freebsd-arm64-v8a.zip   | LOCAL=02ac76b4aa6521749b09ee4a8567229e124ed08aa331a2b8502366032ea1689b REMOTE=02ac76b4aa6521749b09ee4a8567229e124ed08aa331a2b8502366032ea1689b
[2655/3625] Checking is OK   | E:\01.userData\ZhuoMian\Github_Releases_批量下载 xray\Xray-core\v25.6.8\Xray-linux-32.zip            | LOCAL=0ae04584c4eae26d8dc7c515451fcbdafb768b535786fa09a2c1c7db8754c4d0 REMOTE=0ae04584c4eae26d8dc7c515451fcbdafb768b535786fa09a2c1c7db8754c4d0
[2656/3625] Checking is OK   | E:\01.userData\ZhuoMian\Github_Releases_批量下载 xray\Xray-core\v25.6.8\Xray-linux-64.zip            | LOCAL=51bcd3304fdbd64b58048b056da005fbaa6c83577fc351cae34024760e111e4b REMOTE=51bcd3304fdbd64b58048b056da005fbaa6c83577fc351cae34024760e111e4b
[2657/3625] Checking is OK   | E:\01.userData\ZhuoMian\Github_Releases_批量下载 xray\Xray-core\v25.6.8\Xray-linux-arm32-v5.zip      | LOCAL=cc355732dcb88361c188bc284b88d5c84d09e228cfff4ae42da70c22d73dcf28 REMOTE=cc355732dcb88361c188bc284b88d5c84d09e228cfff4ae42da70c22d73dcf28
[2658/3625] Checking is OK   | E:\01.userData\ZhuoMian\Github_Releases_批量下载 xray\Xray-core\v25.6.8\Xray-linux-arm32-v6.zip      | LOCAL=61aa258e044bc86dd283dbed4a6491b331cb40e4794815349d74410760b1aa9f REMOTE=61aa258e044bc86dd283dbed4a6491b331cb40e4794815349d74410760b1aa9f
[2659/3625] Checking is OK   | E:\01.userData\ZhuoMian\Github_Releases_批量下载 xray\Xray-core\v25.6.8\Xray-linux-arm32-v7a.zip     | LOCAL=996599a2c8eb4b9774441f144dae79d63265d6dc985b3c659e8265ad7497fa77 REMOTE=996599a2c8eb4b9774441f144dae79d63265d6dc985b3c659e8265ad7497fa77
[2660/3625] Checking is OK   | E:\01.userData\ZhuoMian\Github_Releases_批量下载 xray\Xray-core\v25.6.8\Xray-linux-arm64-v8a.zip     | LOCAL=ca404752f27176cdaaddf929ec65a96cf18cceba403d6d97a66cdac48ef84dfe REMOTE=ca404752f27176cdaaddf929ec65a96cf18cceba403d6d97a66cdac48ef84dfe
[2661/3625] Checking is OK   | E:\01.userData\ZhuoMian\Github_Releases_批量下载 xray\Xray-core\v25.6.8\Xray-linux-loong64.zip       | LOCAL=5b2abbb063db1169e643c661b7f362f8106d35b83b65544d8b5c020e9f4d1d23 REMOTE=5b2abbb063db1169e643c661b7f362f8106d35b83b65544d8b5c020e9f4d1d23
[2662/3625] Checking is OK   | E:\01.userData\ZhuoMian\Github_Releases_批量下载 xray\Xray-core\v25.6.8\Xray-linux-mips32.zip        | LOCAL=203f78e383249541bbf4e436181095cc147f4073ce4c515c28f77214a579b052 REMOTE=203f78e383249541bbf4e436181095cc147f4073ce4c515c28f77214a579b052
[2663/3625] Checking is OK   | E:\01.userData\ZhuoMian\Github_Releases_批量下载 xray\Xray-core\v25.6.8\Xray-linux-mips32le.zip      | LOCAL=fd49d30abac6969fd615a41934f0e7aa4264f5625850ef1393dbce2b48fd226f REMOTE=fd49d30abac6969fd615a41934f0e7aa4264f5625850ef1393dbce2b48fd226f
[2664/3625] Checking is OK   | E:\01.userData\ZhuoMian\Github_Releases_批量下载 xray\Xray-core\v25.6.8\Xray-linux-mips64.zip        | LOCAL=209ec3f97985b1a4048dc7eb9e72b3d0904365734347404752b4ce40ff206e37 REMOTE=209ec3f97985b1a4048dc7eb9e72b3d0904365734347404752b4ce40ff206e37
[2665/3625] Checking is OK   | E:\01.userData\ZhuoMian\Github_Releases_批量下载 xray\Xray-core\v25.6.8\Xray-linux-mips64le.zip      | LOCAL=3d778e2d8a648c026ba5cbc2b8e461e385dcf8e3c41ed3c1b31a0dd9f1eeadbc REMOTE=3d778e2d8a648c026ba5cbc2b8e461e385dcf8e3c41ed3c1b31a0dd9f1eeadbc
[2666/3625] Checking is OK   | E:\01.userData\ZhuoMian\Github_Releases_批量下载 xray\Xray-core\v25.6.8\Xray-linux-ppc64.zip         | LOCAL=525e61f49d283b4c1262b6560ba50f2ae30a470a44491366c56d9ddd24d437cf REMOTE=525e61f49d283b4c1262b6560ba50f2ae30a470a44491366c56d9ddd24d437cf
[2667/3625] Checking is OK   | E:\01.userData\ZhuoMian\Github_Releases_批量下载 xray\Xray-core\v25.6.8\Xray-linux-ppc64le.zip       | LOCAL=fce055d82b461a76584f6693a8f3ceec9e576b5d616a666c68c1fed77e4b83a5 REMOTE=fce055d82b461a76584f6693a8f3ceec9e576b5d616a666c68c1fed77e4b83a5
[2668/3625] Checking is OK   | E:\01.userData\ZhuoMian\Github_Releases_批量下载 xray\Xray-core\v25.6.8\Xray-linux-riscv64.zip       | LOCAL=427afbe91cb8905ed21009b4e2744596d2857139fe92454207885ab7c02a5df7 REMOTE=427afbe91cb8905ed21009b4e2744596d2857139fe92454207885ab7c02a5df7
[2669/3625] Checking is OK   | E:\01.userData\ZhuoMian\Github_Releases_批量下载 xray\Xray-core\v25.6.8\Xray-linux-s390x.zip         | LOCAL=07c6b8e0cbdea8140755d6a5dd5674f71d47645af2524898afe0529cca1ff543 REMOTE=07c6b8e0cbdea8140755d6a5dd5674f71d47645af2524898afe0529cca1ff543
[2670/3625] Checking is OK   | E:\01.userData\ZhuoMian\Github_Releases_批量下载 xray\Xray-core\v25.6.8\Xray-macos-64.zip            | LOCAL=9e0e06914616700fc371cfb4f1978d697d943fc533e6e42dcfd498b5cde65fcd REMOTE=9e0e06914616700fc371cfb4f1978d697d943fc533e6e42dcfd498b5cde65fcd
[2671/3625] Checking is OK   | E:\01.userData\ZhuoMian\Github_Releases_批量下载 xray\Xray-core\v25.6.8\Xray-macos-arm64-v8a.zip     | LOCAL=c0b4a420073a6e969c47f5ec843b0162db9eb85f37cb3f49ba905d8ae722a8d4 REMOTE=c0b4a420073a6e969c47f5ec843b0162db9eb85f37cb3f49ba905d8ae722a8d4
[2672/3625] Checking is OK   | E:\01.userData\ZhuoMian\Github_Releases_批量下载 xray\Xray-core\v25.6.8\Xray-openbsd-32.zip          | LOCAL=eafdd1d8dda149540f5f25a6ab720bc77b72f0a6d38ce54529c98a7eb11ac436 REMOTE=eafdd1d8dda149540f5f25a6ab720bc77b72f0a6d38ce54529c98a7eb11ac436
[2673/3625] Checking is OK   | E:\01.userData\ZhuoMian\Github_Releases_批量下载 xray\Xray-core\v25.6.8\Xray-openbsd-64.zip          | LOCAL=60db867a5b1866d7e3ed0f08a892660c189b2ecb59a554f9c0a358339acf7c05 REMOTE=60db867a5b1866d7e3ed0f08a892660c189b2ecb59a554f9c0a358339acf7c05
[2674/3625] Checking is OK   | E:\01.userData\ZhuoMian\Github_Releases_批量下载 xray\Xray-core\v25.6.8\Xray-openbsd-arm32-v7a.zip   | LOCAL=ec1019da00927b8501996c6df9fadfdd756034fca998f39c08b3729f6d0e2a2e REMOTE=ec1019da00927b8501996c6df9fadfdd756034fca998f39c08b3729f6d0e2a2e
[2675/3625] Checking is OK   | E:\01.userData\ZhuoMian\Github_Releases_批量下载 xray\Xray-core\v25.6.8\Xray-openbsd-arm64-v8a.zip   | LOCAL=a89b1a7b33af72c3cedc836a56459c0c820b7db38a35aca0c2d8334b964f401e REMOTE=a89b1a7b33af72c3cedc836a56459c0c820b7db38a35aca0c2d8334b964f401e
[2676/3625] Checking is OK   | E:\01.userData\ZhuoMian\Github_Releases_批量下载 xray\Xray-core\v25.6.8\Xray-win7-32.zip             | LOCAL=d8bb6d9225db13134c173e3aca90819bb81e0bcf797aac73874e04a002eb6225 REMOTE=d8bb6d9225db13134c173e3aca90819bb81e0bcf797aac73874e04a002eb6225
[2677/3625] Checking is OK   | E:\01.userData\ZhuoMian\Github_Releases_批量下载 xray\Xray-core\v25.6.8\Xray-win7-64.zip             | LOCAL=d8b82b16fdaf083313e4ac5b84db18c199474ffafea44b06c41d1244ed91f33e REMOTE=d8b82b16fdaf083313e4ac5b84db18c199474ffafea44b06c41d1244ed91f33e
[2678/3625] Checking is OK   | E:\01.userData\ZhuoMian\Github_Releases_批量下载 xray\Xray-core\v25.6.8\Xray-windows-32.zip          | LOCAL=c697cc2f28214596d966ad6fd99751f88e65f6d9fb6281252ab042cbd2d5fde7 REMOTE=c697cc2f28214596d966ad6fd99751f88e65f6d9fb6281252ab042cbd2d5fde7
[2679/3625] Checking is OK   | E:\01.userData\ZhuoMian\Github_Releases_批量下载 xray\Xray-core\v25.6.8\Xray-windows-64.zip          | LOCAL=d27c5b986c1debed9c7eab4fa56f7dc3cd199fcb5048e7950edef9f9586a0ca6 REMOTE=d27c5b986c1debed9c7eab4fa56f7dc3cd199fcb5048e7950edef9f9586a0ca6
[2680/3625] Checking is OK   | E:\01.userData\ZhuoMian\Github_Releases_批量下载 xray\Xray-core\v25.6.8\Xray-windows-arm32-v7a.zip   | LOCAL=4d74ba44c7078094fa45aeddcaac6698e09c190aaa92558360ef879eae5075fa REMOTE=4d74ba44c7078094fa45aeddcaac6698e09c190aaa92558360ef879eae5075fa
[2681/3625] Checking is OK   | E:\01.userData\ZhuoMian\Github_Releases_批量下载 xray\Xray-core\v25.6.8\Xray-windows-arm64-v8a.zip   | LOCAL=73db7f5f15aa34accf36f6984f7271c0197b5feb3a45d64194833afaca97f97f REMOTE=73db7f5f15aa34accf36f6984f7271c0197b5feb3a45d64194833afaca97f97f
[2682/3625] Checking is OK   | E:\01.userData\ZhuoMian\Github_Releases_批量下载 xray\Xray-core\v25.7.23\Xray-android-amd64.zip      | LOCAL=854cb908cd63902fb97a15f6e9de5ae015e5c2bed0b5c1bae42295a77140d834 REMOTE=854cb908cd63902fb97a15f6e9de5ae015e5c2bed0b5c1bae42295a77140d834
[2683/3625] Checking is OK   | E:\01.userData\ZhuoMian\Github_Releases_批量下载 xray\Xray-core\v25.7.23\Xray-android-arm64-v8a.zip  | LOCAL=7b7ec773f4c4cd996abf71c265de9a39acc1d2a23d4b51c430f4f3c2589beb53 REMOTE=7b7ec773f4c4cd996abf71c265de9a39acc1d2a23d4b51c430f4f3c2589beb53
[2684/3625] Checking is OK   | E:\01.userData\ZhuoMian\Github_Releases_批量下载 xray\Xray-core\v25.7.23\Xray-freebsd-32.zip         | LOCAL=f3977a9faad38dd95fdb891a5650e8dc9583e1b36cedffc66970b32fc01c762b REMOTE=f3977a9faad38dd95fdb891a5650e8dc9583e1b36cedffc66970b32fc01c762b
[2685/3625] Checking is OK   | E:\01.userData\ZhuoMian\Github_Releases_批量下载 xray\Xray-core\v25.7.23\Xray-freebsd-64.zip         | LOCAL=4ee2ec38f480064ead651ffbe164c06f4ea28811ffc7969354a5bf45a66c7a14 REMOTE=4ee2ec38f480064ead651ffbe164c06f4ea28811ffc7969354a5bf45a66c7a14
[2686/3625] Checking is OK   | E:\01.userData\ZhuoMian\Github_Releases_批量下载 xray\Xray-core\v25.7.23\Xray-freebsd-arm32-v7a.zip  | LOCAL=9ba8bab59793f9c2cd2231cd41f4acc8ec888f3ec1f0336f43b814c1bc708d96 REMOTE=9ba8bab59793f9c2cd2231cd41f4acc8ec888f3ec1f0336f43b814c1bc708d96
[2687/3625] Checking is OK   | E:\01.userData\ZhuoMian\Github_Releases_批量下载 xray\Xray-core\v25.7.23\Xray-freebsd-arm64-v8a.zip  | LOCAL=56de93fa5706f1d03c743ee85deaaf8986e5fda07c28656ecff7e6059181a36e REMOTE=56de93fa5706f1d03c743ee85deaaf8986e5fda07c28656ecff7e6059181a36e
[2688/3625] Checking is OK   | E:\01.userData\ZhuoMian\Github_Releases_批量下载 xray\Xray-core\v25.7.23\Xray-linux-32.zip           | LOCAL=5d02e2944f9efab34e745c3f9948b822f18dbc83e72842e20ef3de3a1f52f669 REMOTE=5d02e2944f9efab34e745c3f9948b822f18dbc83e72842e20ef3de3a1f52f669
[2689/3625] Checking is OK   | E:\01.userData\ZhuoMian\Github_Releases_批量下载 xray\Xray-core\v25.7.23\Xray-linux-64.zip           | LOCAL=74a2dcf7d2cd159fc19e96374b18c93b89646f1022414864f1dc89d2a586797f REMOTE=74a2dcf7d2cd159fc19e96374b18c93b89646f1022414864f1dc89d2a586797f
[2690/3625] Checking is OK   | E:\01.userData\ZhuoMian\Github_Releases_批量下载 xray\Xray-core\v25.7.23\Xray-linux-arm32-v5.zip     | LOCAL=bcc57e46287c35cf5615d95db04b564cf6ecbf4d3963f9cbd11e8d4dfc2115bb REMOTE=bcc57e46287c35cf5615d95db04b564cf6ecbf4d3963f9cbd11e8d4dfc2115bb
[2691/3625] Checking is OK   | E:\01.userData\ZhuoMian\Github_Releases_批量下载 xray\Xray-core\v25.7.23\Xray-linux-arm32-v6.zip     | LOCAL=96748f4b673c4e8a9a5cfb58e777e17cecc1a63d7335ea9f820d9155226e71bb REMOTE=96748f4b673c4e8a9a5cfb58e777e17cecc1a63d7335ea9f820d9155226e71bb
[2692/3625] Checking is OK   | E:\01.userData\ZhuoMian\Github_Releases_批量下载 xray\Xray-core\v25.7.23\Xray-linux-arm32-v7a.zip    | LOCAL=f545f6105eb3a19a94d6517b66df34f17860a2a7230ee5fff4b415b87ab6c7a1 REMOTE=f545f6105eb3a19a94d6517b66df34f17860a2a7230ee5fff4b415b87ab6c7a1
[2693/3625] Checking is OK   | E:\01.userData\ZhuoMian\Github_Releases_批量下载 xray\Xray-core\v25.7.23\Xray-linux-arm64-v8a.zip    | LOCAL=8c6924d1708330731d45843671e229c07dd772f7ad0a26f7d71af7054a463d10 REMOTE=8c6924d1708330731d45843671e229c07dd772f7ad0a26f7d71af7054a463d10
[2694/3625] Checking is OK   | E:\01.userData\ZhuoMian\Github_Releases_批量下载 xray\Xray-core\v25.7.23\Xray-linux-loong64.zip      | LOCAL=65c0a61f4b6a685801c1b46e9bd71bad8cc02db76a9298351d6503072578bc55 REMOTE=65c0a61f4b6a685801c1b46e9bd71bad8cc02db76a9298351d6503072578bc55
[2695/3625] Checking is OK   | E:\01.userData\ZhuoMian\Github_Releases_批量下载 xray\Xray-core\v25.7.23\Xray-linux-mips32.zip       | LOCAL=66b2a6c375699abebe79bd9ef2cacb762b0e7fb97fa13c016f7e560edd79f20a REMOTE=66b2a6c375699abebe79bd9ef2cacb762b0e7fb97fa13c016f7e560edd79f20a
[2696/3625] Checking is OK   | E:\01.userData\ZhuoMian\Github_Releases_批量下载 xray\Xray-core\v25.7.23\Xray-linux-mips32le.zip     | LOCAL=e8c22d0f72a77c36b605c3bddbc0d645acfa7054ed162743c602d2dafece88ff REMOTE=e8c22d0f72a77c36b605c3bddbc0d645acfa7054ed162743c602d2dafece88ff
[2697/3625] Checking is OK   | E:\01.userData\ZhuoMian\Github_Releases_批量下载 xray\Xray-core\v25.7.23\Xray-linux-mips64.zip       | LOCAL=d3e2bcd275aca71a9327e577ab9fb0ab38b63bed5855e11e7d0118498d625a78 REMOTE=d3e2bcd275aca71a9327e577ab9fb0ab38b63bed5855e11e7d0118498d625a78
[2698/3625] Checking is OK   | E:\01.userData\ZhuoMian\Github_Releases_批量下载 xray\Xray-core\v25.7.23\Xray-linux-mips64le.zip     | LOCAL=bce2ed09c44a953208f46ba5cbedc0cbe270e3e1d56acad39989178277c742da REMOTE=bce2ed09c44a953208f46ba5cbedc0cbe270e3e1d56acad39989178277c742da
[2699/3625] Checking is OK   | E:\01.userData\ZhuoMian\Github_Releases_批量下载 xray\Xray-core\v25.7.23\Xray-linux-ppc64.zip        | LOCAL=082fc619c0bfc9f8f0ec4b14361ab1f3d0944b3514399455d92648e791cd5744 REMOTE=082fc619c0bfc9f8f0ec4b14361ab1f3d0944b3514399455d92648e791cd5744
[2700/3625] Checking is OK   | E:\01.userData\ZhuoMian\Github_Releases_批量下载 xray\Xray-core\v25.7.23\Xray-linux-ppc64le.zip      | LOCAL=3ca423d755774544d3e3e9193164a280def3d71ce56a4a0409cf0b96570e004e REMOTE=3ca423d755774544d3e3e9193164a280def3d71ce56a4a0409cf0b96570e004e
[2701/3625] Checking is OK   | E:\01.userData\ZhuoMian\Github_Releases_批量下载 xray\Xray-core\v25.7.23\Xray-linux-riscv64.zip      | LOCAL=866c2f5a942389d33840103000b9f15d76192355ae9d1aa4f680b5d288342cc6 REMOTE=866c2f5a942389d33840103000b9f15d76192355ae9d1aa4f680b5d288342cc6
[2702/3625] Checking is OK   | E:\01.userData\ZhuoMian\Github_Releases_批量下载 xray\Xray-core\v25.7.23\Xray-linux-s390x.zip        | LOCAL=4674a80397107bc140c86206a7e6ef8eecbdcf5c468a03006ef5fc6db46daecf REMOTE=4674a80397107bc140c86206a7e6ef8eecbdcf5c468a03006ef5fc6db46daecf
[2703/3625] Checking is OK   | E:\01.userData\ZhuoMian\Github_Releases_批量下载 xray\Xray-core\v25.7.23\Xray-macos-64.zip           | LOCAL=b04680c6c74d5455c7b15aa2244700b8ebc35ad134e35bd01956bf0867bc4fdf REMOTE=b04680c6c74d5455c7b15aa2244700b8ebc35ad134e35bd01956bf0867bc4fdf
[2704/3625] Checking is OK   | E:\01.userData\ZhuoMian\Github_Releases_批量下载 xray\Xray-core\v25.7.23\Xray-macos-arm64-v8a.zip    | LOCAL=7ea2e5a9c664e1f48506e4767ca225c0fd0bbc0d6c277de661a4009473f75a7d REMOTE=7ea2e5a9c664e1f48506e4767ca225c0fd0bbc0d6c277de661a4009473f75a7d
[2705/3625] Checking is OK   | E:\01.userData\ZhuoMian\Github_Releases_批量下载 xray\Xray-core\v25.7.23\Xray-openbsd-32.zip         | LOCAL=010067f320b6f0ae2e76df89950f3b014f8e251ffe17d2039120db48a9879798 REMOTE=010067f320b6f0ae2e76df89950f3b014f8e251ffe17d2039120db48a9879798
[2706/3625] Checking is OK   | E:\01.userData\ZhuoMian\Github_Releases_批量下载 xray\Xray-core\v25.7.23\Xray-openbsd-64.zip         | LOCAL=46297b237f6f563b12d13e742e53f306bd22570dc0d8e0190203f440af98488b REMOTE=46297b237f6f563b12d13e742e53f306bd22570dc0d8e0190203f440af98488b
[2707/3625] Checking is OK   | E:\01.userData\ZhuoMian\Github_Releases_批量下载 xray\Xray-core\v25.7.23\Xray-openbsd-arm32-v7a.zip  | LOCAL=2f50c13d4e623ad328197ea1d132ad87bc9e068f0cfedb8dd4fd4d9247069ef0 REMOTE=2f50c13d4e623ad328197ea1d132ad87bc9e068f0cfedb8dd4fd4d9247069ef0
[2708/3625] Checking is OK   | E:\01.userData\ZhuoMian\Github_Releases_批量下载 xray\Xray-core\v25.7.23\Xray-openbsd-arm64-v8a.zip  | LOCAL=41c7140db44fb201997461b38441fee8b8a6e7d849114b9af544efc41955fedb REMOTE=41c7140db44fb201997461b38441fee8b8a6e7d849114b9af544efc41955fedb
[2709/3625] Checking is OK   | E:\01.userData\ZhuoMian\Github_Releases_批量下载 xray\Xray-core\v25.7.23\Xray-win7-32.zip            | LOCAL=56de5289b3f4c4a3763ee6923aa30739eb4e60a0288d2374df0fbb7e41d044c1 REMOTE=56de5289b3f4c4a3763ee6923aa30739eb4e60a0288d2374df0fbb7e41d044c1
[2710/3625] Checking is OK   | E:\01.userData\ZhuoMian\Github_Releases_批量下载 xray\Xray-core\v25.7.23\Xray-win7-64.zip            | LOCAL=32ad9d8e1bd3a4622f65720046c6da22bcc2def2a744502ab1cd63076b50749e REMOTE=32ad9d8e1bd3a4622f65720046c6da22bcc2def2a744502ab1cd63076b50749e
[2711/3625] Checking is OK   | E:\01.userData\ZhuoMian\Github_Releases_批量下载 xray\Xray-core\v25.7.23\Xray-windows-32.zip         | LOCAL=bde480d709662056da8697fcdb64e56f0d1fdfdb9527aeef758019d69f0791fb REMOTE=bde480d709662056da8697fcdb64e56f0d1fdfdb9527aeef758019d69f0791fb
[2712/3625] Checking is OK   | E:\01.userData\ZhuoMian\Github_Releases_批量下载 xray\Xray-core\v25.7.23\Xray-windows-64.zip         | LOCAL=fb71e1a6c140be6dec2b3289defb06dc753d6fad3ed0b9c93ec72c0aec99c7b4 REMOTE=fb71e1a6c140be6dec2b3289defb06dc753d6fad3ed0b9c93ec72c0aec99c7b4
[2713/3625] Checking is OK   | E:\01.userData\ZhuoMian\Github_Releases_批量下载 xray\Xray-core\v25.7.23\Xray-windows-arm32-v7a.zip  | LOCAL=0d97aabb44885cfa5911978f85a1f554849efb8762136e176cb5ddf46c8b92ab REMOTE=0d97aabb44885cfa5911978f85a1f554849efb8762136e176cb5ddf46c8b92ab
[2714/3625] Checking is OK   | E:\01.userData\ZhuoMian\Github_Releases_批量下载 xray\Xray-core\v25.7.23\Xray-windows-arm64-v8a.zip  | LOCAL=afd7b2269615e3b7f6d4891bc266621533ebaea0cf7bc7793901560eb0d2542d REMOTE=afd7b2269615e3b7f6d4891bc266621533ebaea0cf7bc7793901560eb0d2542d
[2715/3625] Checking is OK   | E:\01.userData\ZhuoMian\Github_Releases_批量下载 xray\Xray-core\v25.7.24\Xray-android-amd64.zip      | LOCAL=3a11a78131698b6f7f69624819f512c0b78d671203342f85f56642bf6f65edef REMOTE=3a11a78131698b6f7f69624819f512c0b78d671203342f85f56642bf6f65edef
[2716/3625] Checking is OK   | E:\01.userData\ZhuoMian\Github_Releases_批量下载 xray\Xray-core\v25.7.24\Xray-android-arm64-v8a.zip  | LOCAL=3f3b339768284904d52d004546fefb0b60ffe2fa13562accd069b23a111e82db REMOTE=3f3b339768284904d52d004546fefb0b60ffe2fa13562accd069b23a111e82db
[2717/3625] Checking is OK   | E:\01.userData\ZhuoMian\Github_Releases_批量下载 xray\Xray-core\v25.7.24\Xray-freebsd-32.zip         | LOCAL=ea7c744af8fc80231371a42372f6253ff4c51f98a198c6767c65994f8b784637 REMOTE=ea7c744af8fc80231371a42372f6253ff4c51f98a198c6767c65994f8b784637
[2718/3625] Checking is OK   | E:\01.userData\ZhuoMian\Github_Releases_批量下载 xray\Xray-core\v25.7.24\Xray-freebsd-64.zip         | LOCAL=ade081a72b86d990734eb93c0f02d3b3e4c7d5db4b1fa93d2a9ca2d25ee8191f REMOTE=ade081a72b86d990734eb93c0f02d3b3e4c7d5db4b1fa93d2a9ca2d25ee8191f
[2719/3625] Checking is OK   | E:\01.userData\ZhuoMian\Github_Releases_批量下载 xray\Xray-core\v25.7.24\Xray-freebsd-arm32-v7a.zip  | LOCAL=2aefd1f21ff406b1b779f148ebc84d4bd3295b95c914b54170e27e8a08828577 REMOTE=2aefd1f21ff406b1b779f148ebc84d4bd3295b95c914b54170e27e8a08828577
[2720/3625] Checking is OK   | E:\01.userData\ZhuoMian\Github_Releases_批量下载 xray\Xray-core\v25.7.24\Xray-freebsd-arm64-v8a.zip  | LOCAL=f5bf41ba74ea54a0cd3f54afc24af33067b9fd40c125cb4c2725a37fa73a2cfc REMOTE=f5bf41ba74ea54a0cd3f54afc24af33067b9fd40c125cb4c2725a37fa73a2cfc
[2721/3625] Checking is OK   | E:\01.userData\ZhuoMian\Github_Releases_批量下载 xray\Xray-core\v25.7.24\Xray-linux-32.zip           | LOCAL=30d5fae7237c293ed91756f5772cfcd440d08356c21cb1a1598d5f4e95515982 REMOTE=30d5fae7237c293ed91756f5772cfcd440d08356c21cb1a1598d5f4e95515982
[2722/3625] Checking is OK   | E:\01.userData\ZhuoMian\Github_Releases_批量下载 xray\Xray-core\v25.7.24\Xray-linux-64.zip           | LOCAL=407e37a2a73b6d07ea81fb95de160118116fe76300ef633bc876ce67dbf0e7e3 REMOTE=407e37a2a73b6d07ea81fb95de160118116fe76300ef633bc876ce67dbf0e7e3
[2723/3625] Checking is OK   | E:\01.userData\ZhuoMian\Github_Releases_批量下载 xray\Xray-core\v25.7.24\Xray-linux-arm32-v5.zip     | LOCAL=afad0e2da29895b323deddabea1503c154ae74ea2225523ba79839aa7189cfb3 REMOTE=afad0e2da29895b323deddabea1503c154ae74ea2225523ba79839aa7189cfb3
[2724/3625] Checking is OK   | E:\01.userData\ZhuoMian\Github_Releases_批量下载 xray\Xray-core\v25.7.24\Xray-linux-arm32-v6.zip     | LOCAL=bf0966bcaebb773382b8b8e630e3edaa1775b127bfb48e44eaa26a79ba08269e REMOTE=bf0966bcaebb773382b8b8e630e3edaa1775b127bfb48e44eaa26a79ba08269e
[2725/3625] Checking is OK   | E:\01.userData\ZhuoMian\Github_Releases_批量下载 xray\Xray-core\v25.7.24\Xray-linux-arm32-v7a.zip    | LOCAL=b90bfb8d9aead3659f16cf3103742f534900dd597ce6c49434c98b242ef8900e REMOTE=b90bfb8d9aead3659f16cf3103742f534900dd597ce6c49434c98b242ef8900e
[2726/3625] Checking is OK   | E:\01.userData\ZhuoMian\Github_Releases_批量下载 xray\Xray-core\v25.7.24\Xray-linux-arm64-v8a.zip    | LOCAL=e06a45956682d551a5434a8c679e83c8be54e674d4d7e27eb95c2fdbf6ff56ee REMOTE=e06a45956682d551a5434a8c679e83c8be54e674d4d7e27eb95c2fdbf6ff56ee
[2727/3625] Checking is OK   | E:\01.userData\ZhuoMian\Github_Releases_批量下载 xray\Xray-core\v25.7.24\Xray-linux-loong64.zip      | LOCAL=a1c0206c988d4c697e5e86b86b64dba697f349d84a27aff8480139f0c80212a0 REMOTE=a1c0206c988d4c697e5e86b86b64dba697f349d84a27aff8480139f0c80212a0
[2728/3625] Checking is OK   | E:\01.userData\ZhuoMian\Github_Releases_批量下载 xray\Xray-core\v25.7.24\Xray-linux-mips32.zip       | LOCAL=739b4f6cdb2b92c037b51848ff3462a1ebf0b9c9563e9e72f51d161befb25685 REMOTE=739b4f6cdb2b92c037b51848ff3462a1ebf0b9c9563e9e72f51d161befb25685
[2729/3625] Checking is OK   | E:\01.userData\ZhuoMian\Github_Releases_批量下载 xray\Xray-core\v25.7.24\Xray-linux-mips32le.zip     | LOCAL=02a7dbcbd80ff684cb94259b414001680b297f4fe20b253dace7b60d38703d01 REMOTE=02a7dbcbd80ff684cb94259b414001680b297f4fe20b253dace7b60d38703d01
[2730/3625] Checking is OK   | E:\01.userData\ZhuoMian\Github_Releases_批量下载 xray\Xray-core\v25.7.24\Xray-linux-mips64.zip       | LOCAL=e5d3838e6fecb9bc06a344d83e3daa7c3e58fb682edd7a2b99a021ae0c59dbe0 REMOTE=e5d3838e6fecb9bc06a344d83e3daa7c3e58fb682edd7a2b99a021ae0c59dbe0
[2731/3625] Checking is OK   | E:\01.userData\ZhuoMian\Github_Releases_批量下载 xray\Xray-core\v25.7.24\Xray-linux-mips64le.zip     | LOCAL=1e86a7411e53a841219612f97290b4b58d0613b858dc49eca3d7a6b25ffd3d0d REMOTE=1e86a7411e53a841219612f97290b4b58d0613b858dc49eca3d7a6b25ffd3d0d
[2732/3625] Checking is OK   | E:\01.userData\ZhuoMian\Github_Releases_批量下载 xray\Xray-core\v25.7.24\Xray-linux-ppc64.zip        | LOCAL=4fce7b5e0976cabd001da31184a6cfed28b1fde7df371a1222272c00536428ae REMOTE=4fce7b5e0976cabd001da31184a6cfed28b1fde7df371a1222272c00536428ae
[2733/3625] Checking is OK   | E:\01.userData\ZhuoMian\Github_Releases_批量下载 xray\Xray-core\v25.7.24\Xray-linux-ppc64le.zip      | LOCAL=35ccc77b98cc89a5284b05269a95c7796fc884f784c927d23f4e40dd5b88a803 REMOTE=35ccc77b98cc89a5284b05269a95c7796fc884f784c927d23f4e40dd5b88a803
[2734/3625] Checking is OK   | E:\01.userData\ZhuoMian\Github_Releases_批量下载 xray\Xray-core\v25.7.24\Xray-linux-riscv64.zip      | LOCAL=0a971511a6e642ad5232f310df709777c225fa49080c38037bd60dc47d87931c REMOTE=0a971511a6e642ad5232f310df709777c225fa49080c38037bd60dc47d87931c
[2735/3625] Checking is OK   | E:\01.userData\ZhuoMian\Github_Releases_批量下载 xray\Xray-core\v25.7.24\Xray-linux-s390x.zip        | LOCAL=ad61db31731c83d7531077c430d64c233edfb4d5d9a7f9f299296ca4cea923f6 REMOTE=ad61db31731c83d7531077c430d64c233edfb4d5d9a7f9f299296ca4cea923f6
[2736/3625] Checking is OK   | E:\01.userData\ZhuoMian\Github_Releases_批量下载 xray\Xray-core\v25.7.24\Xray-macos-64.zip           | LOCAL=608296cbf24272b519045f3978d8963a0d97ed37251fcd345e792bbfc1a7c25c REMOTE=608296cbf24272b519045f3978d8963a0d97ed37251fcd345e792bbfc1a7c25c
[2737/3625] Checking is OK   | E:\01.userData\ZhuoMian\Github_Releases_批量下载 xray\Xray-core\v25.7.24\Xray-macos-arm64-v8a.zip    | LOCAL=8f26fc3e80d9812ba4b2d65caa29fa1f93386406744c44ceec89b51a343b9101 REMOTE=8f26fc3e80d9812ba4b2d65caa29fa1f93386406744c44ceec89b51a343b9101
[2738/3625] Checking is OK   | E:\01.userData\ZhuoMian\Github_Releases_批量下载 xray\Xray-core\v25.7.24\Xray-openbsd-32.zip         | LOCAL=51a1c64bb67a1f89dfd1ed2c65731b1ab54eaea681c68fba8838e4a938f14e56 REMOTE=51a1c64bb67a1f89dfd1ed2c65731b1ab54eaea681c68fba8838e4a938f14e56
[2739/3625] Checking is OK   | E:\01.userData\ZhuoMian\Github_Releases_批量下载 xray\Xray-core\v25.7.24\Xray-openbsd-64.zip         | LOCAL=1b4c2a1c545d3f176bc57ef146cd8662c2d29972f7470d79e9eb4e78d4b8a56c REMOTE=1b4c2a1c545d3f176bc57ef146cd8662c2d29972f7470d79e9eb4e78d4b8a56c
[2740/3625] Checking is OK   | E:\01.userData\ZhuoMian\Github_Releases_批量下载 xray\Xray-core\v25.7.24\Xray-openbsd-arm32-v7a.zip  | LOCAL=e7e80a6c565711f7bbf9914f62b5aea86d8c0b87951e6a4e8bb93ca2ebd2584e REMOTE=e7e80a6c565711f7bbf9914f62b5aea86d8c0b87951e6a4e8bb93ca2ebd2584e
[2741/3625] Checking is OK   | E:\01.userData\ZhuoMian\Github_Releases_批量下载 xray\Xray-core\v25.7.24\Xray-openbsd-arm64-v8a.zip  | LOCAL=e624309cdbf3e62e1b13a194fccbaa424e8d001626492c0cecb60b4a52c7149c REMOTE=e624309cdbf3e62e1b13a194fccbaa424e8d001626492c0cecb60b4a52c7149c
[2742/3625] Checking is OK   | E:\01.userData\ZhuoMian\Github_Releases_批量下载 xray\Xray-core\v25.7.24\Xray-win7-32.zip            | LOCAL=872b3297524831b7ee463c05e557cc37f46e8cb0faf190240453820a1f138408 REMOTE=872b3297524831b7ee463c05e557cc37f46e8cb0faf190240453820a1f138408
[2743/3625] Checking is OK   | E:\01.userData\ZhuoMian\Github_Releases_批量下载 xray\Xray-core\v25.7.24\Xray-win7-64.zip            | LOCAL=30ac3019f74f99e8529c95b38a3e1e390ff535ecf314ed434ea8b75916710990 REMOTE=30ac3019f74f99e8529c95b38a3e1e390ff535ecf314ed434ea8b75916710990
[2744/3625] Checking is OK   | E:\01.userData\ZhuoMian\Github_Releases_批量下载 xray\Xray-core\v25.7.24\Xray-windows-32.zip         | LOCAL=bd59102118d3852c3e1b49921f43c50be2e0c8ff1a42641d23fb868da1d89a77 REMOTE=bd59102118d3852c3e1b49921f43c50be2e0c8ff1a42641d23fb868da1d89a77
[2745/3625] Checking is OK   | E:\01.userData\ZhuoMian\Github_Releases_批量下载 xray\Xray-core\v25.7.24\Xray-windows-64.zip         | LOCAL=de843f1b50537032a919888e5cfdf82462147ee2e682799d9015cbb7e1ef2c44 REMOTE=de843f1b50537032a919888e5cfdf82462147ee2e682799d9015cbb7e1ef2c44
[2746/3625] Checking is OK   | E:\01.userData\ZhuoMian\Github_Releases_批量下载 xray\Xray-core\v25.7.24\Xray-windows-arm32-v7a.zip  | LOCAL=72e9cfd08747bb399bc1d28267da4b036ed05d9929497e1567ca3bfe6f84fd40 REMOTE=72e9cfd08747bb399bc1d28267da4b036ed05d9929497e1567ca3bfe6f84fd40
[2747/3625] Checking is OK   | E:\01.userData\ZhuoMian\Github_Releases_批量下载 xray\Xray-core\v25.7.24\Xray-windows-arm64-v8a.zip  | LOCAL=e6353a75a462b51f91ebf71271456fe4307c0ef769da6ba40aa6b50ad911aaaf REMOTE=e6353a75a462b51f91ebf71271456fe4307c0ef769da6ba40aa6b50ad911aaaf
[2748/3625] Checking is OK   | E:\01.userData\ZhuoMian\Github_Releases_批量下载 xray\Xray-core\v25.7.25\Xray-android-amd64.zip      | LOCAL=0869e12d1acceb5bf35f352d7a7be8253d3e8f80639fee86a545f37ee9c4c6f8 REMOTE=0869e12d1acceb5bf35f352d7a7be8253d3e8f80639fee86a545f37ee9c4c6f8
[2749/3625] Checking is OK   | E:\01.userData\ZhuoMian\Github_Releases_批量下载 xray\Xray-core\v25.7.25\Xray-android-arm64-v8a.zip  | LOCAL=f688c14126f516fe06de374debd70a2eff74b8317f2bea0d650aea756f55c8c9 REMOTE=f688c14126f516fe06de374debd70a2eff74b8317f2bea0d650aea756f55c8c9
[2750/3625] Checking is OK   | E:\01.userData\ZhuoMian\Github_Releases_批量下载 xray\Xray-core\v25.7.25\Xray-freebsd-32.zip         | LOCAL=3b727b6eb3312d9d9aa2400f2982aca0e95252b3f7e7685f6d01a888885f2a5c REMOTE=3b727b6eb3312d9d9aa2400f2982aca0e95252b3f7e7685f6d01a888885f2a5c
[2751/3625] Checking is OK   | E:\01.userData\ZhuoMian\Github_Releases_批量下载 xray\Xray-core\v25.7.25\Xray-freebsd-64.zip         | LOCAL=052bfd5b27ff924e5294ea213fef0d238f1a29fb4a5b0983254d272f972ff850 REMOTE=052bfd5b27ff924e5294ea213fef0d238f1a29fb4a5b0983254d272f972ff850
[2752/3625] Checking is OK   | E:\01.userData\ZhuoMian\Github_Releases_批量下载 xray\Xray-core\v25.7.25\Xray-freebsd-arm32-v7a.zip  | LOCAL=ee660619cffc3e2b1b0bb0b8fae9cac757f14af85d20c864382d3ba6634f3dc1 REMOTE=ee660619cffc3e2b1b0bb0b8fae9cac757f14af85d20c864382d3ba6634f3dc1
[2753/3625] Checking is OK   | E:\01.userData\ZhuoMian\Github_Releases_批量下载 xray\Xray-core\v25.7.25\Xray-freebsd-arm64-v8a.zip  | LOCAL=43aaa783a71d7c9a712779b4e38d25afe2e23050523a491eec74bc89c013a3f7 REMOTE=43aaa783a71d7c9a712779b4e38d25afe2e23050523a491eec74bc89c013a3f7
[2754/3625] Checking is OK   | E:\01.userData\ZhuoMian\Github_Releases_批量下载 xray\Xray-core\v25.7.25\Xray-linux-32.zip           | LOCAL=5a51dee090b7a6af6f2ece32d33d0935087ccf29cb3cf49560aa7c538344f1db REMOTE=5a51dee090b7a6af6f2ece32d33d0935087ccf29cb3cf49560aa7c538344f1db
[2755/3625] Checking is OK   | E:\01.userData\ZhuoMian\Github_Releases_批量下载 xray\Xray-core\v25.7.25\Xray-linux-64.zip           | LOCAL=c7d978d87dbc43c211600668c0fe0cbcdd2864751e6db5623d12a8b166a27263 REMOTE=c7d978d87dbc43c211600668c0fe0cbcdd2864751e6db5623d12a8b166a27263
[2756/3625] Checking is OK   | E:\01.userData\ZhuoMian\Github_Releases_批量下载 xray\Xray-core\v25.7.25\Xray-linux-arm32-v5.zip     | LOCAL=78f2eb910538f2ed97036d3cc1903cdfaaa7659ddf5d342895a7927206192689 REMOTE=78f2eb910538f2ed97036d3cc1903cdfaaa7659ddf5d342895a7927206192689
[2757/3625] Checking is OK   | E:\01.userData\ZhuoMian\Github_Releases_批量下载 xray\Xray-core\v25.7.25\Xray-linux-arm32-v6.zip     | LOCAL=7b0ea422c01525a24630868e7ab2b2d532c97f9f2c11d8823ce2b85cd1dbda28 REMOTE=7b0ea422c01525a24630868e7ab2b2d532c97f9f2c11d8823ce2b85cd1dbda28
[2758/3625] Checking is OK   | E:\01.userData\ZhuoMian\Github_Releases_批量下载 xray\Xray-core\v25.7.25\Xray-linux-arm32-v7a.zip    | LOCAL=4f6e3869e7478cc81107d6eefb44e3c5d10bc841fa2a211585adb52057ff41c0 REMOTE=4f6e3869e7478cc81107d6eefb44e3c5d10bc841fa2a211585adb52057ff41c0
[2759/3625] Checking is OK   | E:\01.userData\ZhuoMian\Github_Releases_批量下载 xray\Xray-core\v25.7.25\Xray-linux-arm64-v8a.zip    | LOCAL=fdf42ce19f2f03563af1eaf1431e84d259ecbb51480adf4bfcda8a79aef5bd8e REMOTE=fdf42ce19f2f03563af1eaf1431e84d259ecbb51480adf4bfcda8a79aef5bd8e
[2760/3625] Checking is OK   | E:\01.userData\ZhuoMian\Github_Releases_批量下载 xray\Xray-core\v25.7.25\Xray-linux-loong64.zip      | LOCAL=8164cb98531e6b924ecb1fd40e13ff7ccf45cade5d4e3f51483baab927f7ed21 REMOTE=8164cb98531e6b924ecb1fd40e13ff7ccf45cade5d4e3f51483baab927f7ed21
[2761/3625] Checking is OK   | E:\01.userData\ZhuoMian\Github_Releases_批量下载 xray\Xray-core\v25.7.25\Xray-linux-mips32.zip       | LOCAL=33db235b2fb10c5533dfc06b416123e4f75e921e6683ecac37354507fbebf29b REMOTE=33db235b2fb10c5533dfc06b416123e4f75e921e6683ecac37354507fbebf29b
[2762/3625] Checking is OK   | E:\01.userData\ZhuoMian\Github_Releases_批量下载 xray\Xray-core\v25.7.25\Xray-linux-mips32le.zip     | LOCAL=465bb29c6623827fcb913485175ad3d9ece83b3a05b8d99e4ba022fb7c2e91fd REMOTE=465bb29c6623827fcb913485175ad3d9ece83b3a05b8d99e4ba022fb7c2e91fd
[2763/3625] Checking is OK   | E:\01.userData\ZhuoMian\Github_Releases_批量下载 xray\Xray-core\v25.7.25\Xray-linux-mips64.zip       | LOCAL=10085c32eabfe9492e0e26e8f3d66a91cebde5a24007ad8d0326ecbfe3e9026b REMOTE=10085c32eabfe9492e0e26e8f3d66a91cebde5a24007ad8d0326ecbfe3e9026b
[2764/3625] Checking is OK   | E:\01.userData\ZhuoMian\Github_Releases_批量下载 xray\Xray-core\v25.7.25\Xray-linux-mips64le.zip     | LOCAL=651b365073ebe855edbb33b2983ed3acf9c9a85280580ff6b7f71d06329e8ed0 REMOTE=651b365073ebe855edbb33b2983ed3acf9c9a85280580ff6b7f71d06329e8ed0
[2765/3625] Checking is OK   | E:\01.userData\ZhuoMian\Github_Releases_批量下载 xray\Xray-core\v25.7.25\Xray-linux-ppc64.zip        | LOCAL=acc11b3d9d69fb186b33a379d3455b21b18a0bc6a8d23a897f5af9b7886fc73c REMOTE=acc11b3d9d69fb186b33a379d3455b21b18a0bc6a8d23a897f5af9b7886fc73c
[2766/3625] Checking is OK   | E:\01.userData\ZhuoMian\Github_Releases_批量下载 xray\Xray-core\v25.7.25\Xray-linux-ppc64le.zip      | LOCAL=be135b0c9291c128a7ecdc70d3514538358b6322b0f0b3c49278b4206ffa46dc REMOTE=be135b0c9291c128a7ecdc70d3514538358b6322b0f0b3c49278b4206ffa46dc
[2767/3625] Checking is OK   | E:\01.userData\ZhuoMian\Github_Releases_批量下载 xray\Xray-core\v25.7.25\Xray-linux-riscv64.zip      | LOCAL=be1a24773d8e701c05551e3110c21498fe2347749ecd7457fafcf30a32820fa2 REMOTE=be1a24773d8e701c05551e3110c21498fe2347749ecd7457fafcf30a32820fa2
[2768/3625] Checking is OK   | E:\01.userData\ZhuoMian\Github_Releases_批量下载 xray\Xray-core\v25.7.25\Xray-linux-s390x.zip        | LOCAL=16d395f05f733e3dde5de819c5bedaa8afb0af0fffbadd48e9d3cff7423d7145 REMOTE=16d395f05f733e3dde5de819c5bedaa8afb0af0fffbadd48e9d3cff7423d7145
[2769/3625] Checking is OK   | E:\01.userData\ZhuoMian\Github_Releases_批量下载 xray\Xray-core\v25.7.25\Xray-macos-64.zip           | LOCAL=318729c2f4482ff1909b2523b819971ef3ecfec33562ce2d6d657027a201fe30 REMOTE=318729c2f4482ff1909b2523b819971ef3ecfec33562ce2d6d657027a201fe30
[2770/3625] Checking is OK   | E:\01.userData\ZhuoMian\Github_Releases_批量下载 xray\Xray-core\v25.7.25\Xray-macos-arm64-v8a.zip    | LOCAL=90a31375bcc020745e8d7a92e8641b1443b8959c6e592fdda97d20876dec6634 REMOTE=90a31375bcc020745e8d7a92e8641b1443b8959c6e592fdda97d20876dec6634
[2771/3625] Checking is OK   | E:\01.userData\ZhuoMian\Github_Releases_批量下载 xray\Xray-core\v25.7.25\Xray-openbsd-32.zip         | LOCAL=e364f96e410aaf90b79eda4cf48f19d95980f7f0bb99754d15c27ce41efde307 REMOTE=e364f96e410aaf90b79eda4cf48f19d95980f7f0bb99754d15c27ce41efde307
[2772/3625] Checking is OK   | E:\01.userData\ZhuoMian\Github_Releases_批量下载 xray\Xray-core\v25.7.25\Xray-openbsd-arm32-v7a.zip  | LOCAL=366569d30b2980c8a55f4e0b49aea569393fe58ef2c3ec23c10dc2b3c8c78654 REMOTE=366569d30b2980c8a55f4e0b49aea569393fe58ef2c3ec23c10dc2b3c8c78654
[2773/3625] Checking is OK   | E:\01.userData\ZhuoMian\Github_Releases_批量下载 xray\Xray-core\v25.7.25\Xray-openbsd-arm64-v8a.zip  | LOCAL=6bf16e9c27c371a53d48d3262bb03c1da0a1dd22c4d45fe91c0f56f0d0dbf1e0 REMOTE=6bf16e9c27c371a53d48d3262bb03c1da0a1dd22c4d45fe91c0f56f0d0dbf1e0
[2774/3625] Checking is OK   | E:\01.userData\ZhuoMian\Github_Releases_批量下载 xray\Xray-core\v25.7.25\Xray-win7-32.zip            | LOCAL=de4f3fe0b832046bbb5547eb31233c062c0379ebb267ea6b5978bcc4767843b6 REMOTE=de4f3fe0b832046bbb5547eb31233c062c0379ebb267ea6b5978bcc4767843b6
[2775/3625] Checking is OK   | E:\01.userData\ZhuoMian\Github_Releases_批量下载 xray\Xray-core\v25.7.25\Xray-win7-64.zip            | LOCAL=48de386567d102f8d2af6295a0599612ceb2222ed5e023a1f48cd2a26bd4affb REMOTE=48de386567d102f8d2af6295a0599612ceb2222ed5e023a1f48cd2a26bd4affb
[2776/3625] Checking is OK   | E:\01.userData\ZhuoMian\Github_Releases_批量下载 xray\Xray-core\v25.7.25\Xray-windows-32.zip         | LOCAL=9094787305390915a7265f9042c524140af6c6e11caa3f68a12ca6df5cd14c5e REMOTE=9094787305390915a7265f9042c524140af6c6e11caa3f68a12ca6df5cd14c5e
[2777/3625] Checking is OK   | E:\01.userData\ZhuoMian\Github_Releases_批量下载 xray\Xray-core\v25.7.25\Xray-windows-64.zip         | LOCAL=18b3f6ddd3786db047b54129fba8e6969707b0ffe309881749b93b4abbcb57ea REMOTE=18b3f6ddd3786db047b54129fba8e6969707b0ffe309881749b93b4abbcb57ea
[2778/3625] Checking is OK   | E:\01.userData\ZhuoMian\Github_Releases_批量下载 xray\Xray-core\v25.7.25\Xray-windows-arm32-v7a.zip  | LOCAL=583ecd04fee7c8267698b2309cb7bd6b7f54da4a8638676f6d953efa13eac6f6 REMOTE=583ecd04fee7c8267698b2309cb7bd6b7f54da4a8638676f6d953efa13eac6f6
[2779/3625] Checking is OK   | E:\01.userData\ZhuoMian\Github_Releases_批量下载 xray\Xray-core\v25.7.25\Xray-windows-arm64-v8a.zip  | LOCAL=72489d02dff0b781f0deca9fe9b93cbe57b0925d2a422a3b485966ad52cf4645 REMOTE=72489d02dff0b781f0deca9fe9b93cbe57b0925d2a422a3b485966ad52cf4645
[2780/3625] Checking is OK   | E:\01.userData\ZhuoMian\Github_Releases_批量下载 xray\Xray-core\v25.7.26\Xray-android-amd64.zip      | LOCAL=4dfc71d28bbe0bf2d2473df6e405af549e9f7e9f6ebbf9b1c061152f86ae2e31 REMOTE=4dfc71d28bbe0bf2d2473df6e405af549e9f7e9f6ebbf9b1c061152f86ae2e31
[2781/3625] Checking is OK   | E:\01.userData\ZhuoMian\Github_Releases_批量下载 xray\Xray-core\v25.7.26\Xray-android-arm64-v8a.zip  | LOCAL=647254ff6451bd2155496f020bb256ec6fdab6609db1d64dda18b69726988861 REMOTE=647254ff6451bd2155496f020bb256ec6fdab6609db1d64dda18b69726988861
[2782/3625] Checking is OK   | E:\01.userData\ZhuoMian\Github_Releases_批量下载 xray\Xray-core\v25.7.26\Xray-freebsd-32.zip         | LOCAL=d974b0c9f44394f3efd52c160bb32954ffdfd01658c0eed08fff5a73d9dd24ff REMOTE=d974b0c9f44394f3efd52c160bb32954ffdfd01658c0eed08fff5a73d9dd24ff
[2783/3625] Checking is OK   | E:\01.userData\ZhuoMian\Github_Releases_批量下载 xray\Xray-core\v25.7.26\Xray-freebsd-64.zip         | LOCAL=3783e60ad47452f22701b1a55c7cc1e90fa4cde27e8cb4066b02946cf37b1d12 REMOTE=3783e60ad47452f22701b1a55c7cc1e90fa4cde27e8cb4066b02946cf37b1d12
[2784/3625] Checking is OK   | E:\01.userData\ZhuoMian\Github_Releases_批量下载 xray\Xray-core\v25.7.26\Xray-freebsd-arm32-v7a.zip  | LOCAL=37f62dc5b5c63e778322e7f1041e2e8e8c26c07d9d85575cda23d7d029baef0e REMOTE=37f62dc5b5c63e778322e7f1041e2e8e8c26c07d9d85575cda23d7d029baef0e
[2785/3625] Checking is OK   | E:\01.userData\ZhuoMian\Github_Releases_批量下载 xray\Xray-core\v25.7.26\Xray-freebsd-arm64-v8a.zip  | LOCAL=5f98a4f15c1b33d7eb7535988af9e41f058f1b497569cdea42edf09a8774e4c3 REMOTE=5f98a4f15c1b33d7eb7535988af9e41f058f1b497569cdea42edf09a8774e4c3
[2786/3625] Checking is OK   | E:\01.userData\ZhuoMian\Github_Releases_批量下载 xray\Xray-core\v25.7.26\Xray-linux-32.zip           | LOCAL=699f70590aafc4d6629106e5ed105540dd76f79905b24100f421667e49a70378 REMOTE=699f70590aafc4d6629106e5ed105540dd76f79905b24100f421667e49a70378
[2787/3625] Checking is OK   | E:\01.userData\ZhuoMian\Github_Releases_批量下载 xray\Xray-core\v25.7.26\Xray-linux-64.zip           | LOCAL=6e7116919560dc3dd744b44076b3c08d07326657614153f06a0a6e5a5cfce008 REMOTE=6e7116919560dc3dd744b44076b3c08d07326657614153f06a0a6e5a5cfce008
[2788/3625] Checking is OK   | E:\01.userData\ZhuoMian\Github_Releases_批量下载 xray\Xray-core\v25.7.26\Xray-linux-arm32-v5.zip     | LOCAL=ef5928f3044fe7af739665dd445bc5a7e025e9a0f1128fe496fe48c0ec8716e2 REMOTE=ef5928f3044fe7af739665dd445bc5a7e025e9a0f1128fe496fe48c0ec8716e2
[2789/3625] Checking is OK   | E:\01.userData\ZhuoMian\Github_Releases_批量下载 xray\Xray-core\v25.7.26\Xray-linux-arm32-v6.zip     | LOCAL=df8063b6f48721ef2edfc573c52ad10e77aebfb39517496028d3cf519c08c9c9 REMOTE=df8063b6f48721ef2edfc573c52ad10e77aebfb39517496028d3cf519c08c9c9
[2790/3625] Checking is OK   | E:\01.userData\ZhuoMian\Github_Releases_批量下载 xray\Xray-core\v25.7.26\Xray-linux-arm32-v7a.zip    | LOCAL=e752c8a6f8059f89380b1e2e52f7823d2d9aedd92f8ebec2bbfba9fe41e7f985 REMOTE=e752c8a6f8059f89380b1e2e52f7823d2d9aedd92f8ebec2bbfba9fe41e7f985
[2791/3625] Checking is OK   | E:\01.userData\ZhuoMian\Github_Releases_批量下载 xray\Xray-core\v25.7.26\Xray-linux-arm64-v8a.zip    | LOCAL=d808e3da9a0551b927a05c20e20424238305ca9ae043ceeed99189c46604defd REMOTE=d808e3da9a0551b927a05c20e20424238305ca9ae043ceeed99189c46604defd
[2792/3625] Checking is OK   | E:\01.userData\ZhuoMian\Github_Releases_批量下载 xray\Xray-core\v25.7.26\Xray-linux-loong64.zip      | LOCAL=856726b33850462a15027c882cf223b661705333069a89834c4ce53041d9523b REMOTE=856726b33850462a15027c882cf223b661705333069a89834c4ce53041d9523b
[2793/3625] Checking is OK   | E:\01.userData\ZhuoMian\Github_Releases_批量下载 xray\Xray-core\v25.7.26\Xray-linux-mips32.zip       | LOCAL=de16e06f06b81157cc5bd6b5d55c78e45c307c5395be6c08602cc5f1f11a374b REMOTE=de16e06f06b81157cc5bd6b5d55c78e45c307c5395be6c08602cc5f1f11a374b
[2794/3625] Checking is OK   | E:\01.userData\ZhuoMian\Github_Releases_批量下载 xray\Xray-core\v25.7.26\Xray-linux-mips32le.zip     | LOCAL=15f538cfb5dfab3cfb5fee786afb44b6d95d1f217c8acaa479d3b29bf8decf09 REMOTE=15f538cfb5dfab3cfb5fee786afb44b6d95d1f217c8acaa479d3b29bf8decf09
[2795/3625] Checking is OK   | E:\01.userData\ZhuoMian\Github_Releases_批量下载 xray\Xray-core\v25.7.26\Xray-linux-mips64.zip       | LOCAL=4da8162c103d0c40e75621c850e9b2156a93348d60940d9466ee49b0501170ad REMOTE=4da8162c103d0c40e75621c850e9b2156a93348d60940d9466ee49b0501170ad
[2796/3625] Checking is OK   | E:\01.userData\ZhuoMian\Github_Releases_批量下载 xray\Xray-core\v25.7.26\Xray-linux-mips64le.zip     | LOCAL=78ebab9665883a7f46927886bf3fe026e803c1f056b15f9859434f37e9b74944 REMOTE=78ebab9665883a7f46927886bf3fe026e803c1f056b15f9859434f37e9b74944
[2797/3625] Checking is OK   | E:\01.userData\ZhuoMian\Github_Releases_批量下载 xray\Xray-core\v25.7.26\Xray-linux-ppc64.zip        | LOCAL=25dacd5899d35f6da061991e1d12aa6de48cc52eb63a639a01d10e5b1c1f0cb2 REMOTE=25dacd5899d35f6da061991e1d12aa6de48cc52eb63a639a01d10e5b1c1f0cb2
[2798/3625] Checking is OK   | E:\01.userData\ZhuoMian\Github_Releases_批量下载 xray\Xray-core\v25.7.26\Xray-linux-ppc64le.zip      | LOCAL=ea5aa7f82794237d9424b275e17d6ab3325dd10012f1b03b267e2a234f443355 REMOTE=ea5aa7f82794237d9424b275e17d6ab3325dd10012f1b03b267e2a234f443355
[2799/3625] Checking is OK   | E:\01.userData\ZhuoMian\Github_Releases_批量下载 xray\Xray-core\v25.7.26\Xray-linux-riscv64.zip      | LOCAL=fb46f070e83b6b6e49b6b7ee6b9d1a20e6f63b88b4a2457f96d36866ec3358f1 REMOTE=fb46f070e83b6b6e49b6b7ee6b9d1a20e6f63b88b4a2457f96d36866ec3358f1
[2800/3625] Checking is OK   | E:\01.userData\ZhuoMian\Github_Releases_批量下载 xray\Xray-core\v25.7.26\Xray-linux-s390x.zip        | LOCAL=4c593c6834e5b01dd27d659e20bf4e33d4b34e6745b60e336e50f41eab0cbe06 REMOTE=4c593c6834e5b01dd27d659e20bf4e33d4b34e6745b60e336e50f41eab0cbe06
[2801/3625] Checking is OK   | E:\01.userData\ZhuoMian\Github_Releases_批量下载 xray\Xray-core\v25.7.26\Xray-macos-64.zip           | LOCAL=bf9cb9f27505f5a784a4168c6a81dc9544a65ce0b56ef647d9563ca47c33f9db REMOTE=bf9cb9f27505f5a784a4168c6a81dc9544a65ce0b56ef647d9563ca47c33f9db
[2802/3625] Checking is OK   | E:\01.userData\ZhuoMian\Github_Releases_批量下载 xray\Xray-core\v25.7.26\Xray-macos-arm64-v8a.zip    | LOCAL=a9fc35c9f2b3fb75cde0a91cf155c7badd65fc2d1ec2bcbbb6fc3477ae8e04f6 REMOTE=a9fc35c9f2b3fb75cde0a91cf155c7badd65fc2d1ec2bcbbb6fc3477ae8e04f6
[2803/3625] Checking is OK   | E:\01.userData\ZhuoMian\Github_Releases_批量下载 xray\Xray-core\v25.7.26\Xray-openbsd-32.zip         | LOCAL=2447de80f1f6c8a34ed0f68fe711d68fa6251ab10f4cf88f3f704e8b65aac70e REMOTE=2447de80f1f6c8a34ed0f68fe711d68fa6251ab10f4cf88f3f704e8b65aac70e
[2804/3625] Checking is OK   | E:\01.userData\ZhuoMian\Github_Releases_批量下载 xray\Xray-core\v25.7.26\Xray-openbsd-64.zip         | LOCAL=972e49cefe3a32fbf1e9b32fb71ef91c5e50564543815f25f29bc6972b144863 REMOTE=972e49cefe3a32fbf1e9b32fb71ef91c5e50564543815f25f29bc6972b144863
[2805/3625] Checking is OK   | E:\01.userData\ZhuoMian\Github_Releases_批量下载 xray\Xray-core\v25.7.26\Xray-openbsd-arm32-v7a.zip  | LOCAL=c6e3ae6a2e33f0fbfb1163323b9930c3e153869fe57ef8e37d372a1ff366db7c REMOTE=c6e3ae6a2e33f0fbfb1163323b9930c3e153869fe57ef8e37d372a1ff366db7c
[2806/3625] Checking is OK   | E:\01.userData\ZhuoMian\Github_Releases_批量下载 xray\Xray-core\v25.7.26\Xray-openbsd-arm64-v8a.zip  | LOCAL=923fc46ec23d022c1a493f79c0376bfb36a3d1aff37743bf58fa2ee3aa978846 REMOTE=923fc46ec23d022c1a493f79c0376bfb36a3d1aff37743bf58fa2ee3aa978846
[2807/3625] Checking is OK   | E:\01.userData\ZhuoMian\Github_Releases_批量下载 xray\Xray-core\v25.7.26\Xray-win7-32.zip            | LOCAL=0b4b88c1400e03b5be7af525dcafb595ebb6e630d0d7fb4f3ffbefb463db6b64 REMOTE=0b4b88c1400e03b5be7af525dcafb595ebb6e630d0d7fb4f3ffbefb463db6b64
[2808/3625] Checking is OK   | E:\01.userData\ZhuoMian\Github_Releases_批量下载 xray\Xray-core\v25.7.26\Xray-win7-64.zip            | LOCAL=bf93d1aa076c12f0705657cbc65776c62d9236366fcd573d4378c56c1e6bf89a REMOTE=bf93d1aa076c12f0705657cbc65776c62d9236366fcd573d4378c56c1e6bf89a
[2809/3625] Checking is OK   | E:\01.userData\ZhuoMian\Github_Releases_批量下载 xray\Xray-core\v25.7.26\Xray-windows-32.zip         | LOCAL=571b58ff273a5e2b3b5c336c2e1f031ac37bb4f87984192e1716ffd42a98eb51 REMOTE=571b58ff273a5e2b3b5c336c2e1f031ac37bb4f87984192e1716ffd42a98eb51
[2810/3625] Checking is OK   | E:\01.userData\ZhuoMian\Github_Releases_批量下载 xray\Xray-core\v25.7.26\Xray-windows-64.zip         | LOCAL=2ced81125b4022ad1ef7e3d0236000d0f4bc17d2d6cc6d7cf30e5c0563b58a9e REMOTE=2ced81125b4022ad1ef7e3d0236000d0f4bc17d2d6cc6d7cf30e5c0563b58a9e
[2811/3625] Checking is OK   | E:\01.userData\ZhuoMian\Github_Releases_批量下载 xray\Xray-core\v25.7.26\Xray-windows-arm32-v7a.zip  | LOCAL=8f188a723de1363d6483d766b00c3b1f99110f23a705928fcffdcc1533da4a26 REMOTE=8f188a723de1363d6483d766b00c3b1f99110f23a705928fcffdcc1533da4a26
[2812/3625] Checking is OK   | E:\01.userData\ZhuoMian\Github_Releases_批量下载 xray\Xray-core\v25.7.26\Xray-windows-arm64-v8a.zip  | LOCAL=34a78e3e988472c857b419d7d72f16c6d2035974da47261552411d5c65f1ebc4 REMOTE=34a78e3e988472c857b419d7d72f16c6d2035974da47261552411d5c65f1ebc4
[2813/3625] Checking is OK   | E:\01.userData\ZhuoMian\Github_Releases_批量下载 xray\Xray-core\v25.8.29\Xray-android-amd64.zip      | LOCAL=f8bf99b9f0bb1f0a4fcd047e12ec04882357527c1b90b85ead7806ff84ae788d REMOTE=f8bf99b9f0bb1f0a4fcd047e12ec04882357527c1b90b85ead7806ff84ae788d
[2814/3625] Checking is OK   | E:\01.userData\ZhuoMian\Github_Releases_批量下载 xray\Xray-core\v25.8.29\Xray-android-arm64-v8a.zip  | LOCAL=2a635faed15c6917c29009fd207e2e036c07d1a14ed35f00e3fe970f237d75f1 REMOTE=2a635faed15c6917c29009fd207e2e036c07d1a14ed35f00e3fe970f237d75f1
[2815/3625] Checking is OK   | E:\01.userData\ZhuoMian\Github_Releases_批量下载 xray\Xray-core\v25.8.29\Xray-freebsd-32.zip         | LOCAL=4b3604e174126284b1fb2286a7a652a2a860eedd38f7d96b14248668d1d444e2 REMOTE=4b3604e174126284b1fb2286a7a652a2a860eedd38f7d96b14248668d1d444e2
[2816/3625] Checking is OK   | E:\01.userData\ZhuoMian\Github_Releases_批量下载 xray\Xray-core\v25.8.29\Xray-freebsd-64.zip         | LOCAL=5242b9e0f9ec9a897183c5aed60b6f27937a726ba415b55da1bba9d49738cda2 REMOTE=5242b9e0f9ec9a897183c5aed60b6f27937a726ba415b55da1bba9d49738cda2
[2817/3625] Checking is OK   | E:\01.userData\ZhuoMian\Github_Releases_批量下载 xray\Xray-core\v25.8.29\Xray-freebsd-arm32-v7a.zip  | LOCAL=f58eec9c2d3677d20cfab1c0eaadcf994a551a9189366ec0081aa157dfdb7105 REMOTE=f58eec9c2d3677d20cfab1c0eaadcf994a551a9189366ec0081aa157dfdb7105
[2818/3625] Checking is OK   | E:\01.userData\ZhuoMian\Github_Releases_批量下载 xray\Xray-core\v25.8.29\Xray-freebsd-arm64-v8a.zip  | LOCAL=e605c024e9a1ee8a721ab29881f4c78cce99e56225ed5caf40ddb87f2ee249d7 REMOTE=e605c024e9a1ee8a721ab29881f4c78cce99e56225ed5caf40ddb87f2ee249d7
[2819/3625] Checking is OK   | E:\01.userData\ZhuoMian\Github_Releases_批量下载 xray\Xray-core\v25.8.29\Xray-linux-32.zip           | LOCAL=24bc8aab5427793556cbcb626f40102e48d69cb71936972944d6869e4ccf1256 REMOTE=24bc8aab5427793556cbcb626f40102e48d69cb71936972944d6869e4ccf1256
[2820/3625] Checking is OK   | E:\01.userData\ZhuoMian\Github_Releases_批量下载 xray\Xray-core\v25.8.29\Xray-linux-64.zip           | LOCAL=19cb6e45f5974032c81880423b85a4a04dffdbdf6b26367f4330b28e620a020a REMOTE=19cb6e45f5974032c81880423b85a4a04dffdbdf6b26367f4330b28e620a020a
[2821/3625] Checking is OK   | E:\01.userData\ZhuoMian\Github_Releases_批量下载 xray\Xray-core\v25.8.29\Xray-linux-arm32-v5.zip     | LOCAL=2c0923a4aa3b7bfc62609687e9e919cdf184ccb810b1eabd11219dcf37ab49b6 REMOTE=2c0923a4aa3b7bfc62609687e9e919cdf184ccb810b1eabd11219dcf37ab49b6
[2822/3625] Checking is OK   | E:\01.userData\ZhuoMian\Github_Releases_批量下载 xray\Xray-core\v25.8.29\Xray-linux-arm32-v6.zip     | LOCAL=4084f6673c93eccb9e7a085f1a930c346919667374d50c6ae840b9ba51c0000d REMOTE=4084f6673c93eccb9e7a085f1a930c346919667374d50c6ae840b9ba51c0000d
[2823/3625] Checking is OK   | E:\01.userData\ZhuoMian\Github_Releases_批量下载 xray\Xray-core\v25.8.29\Xray-linux-arm32-v7a.zip    | LOCAL=6460457e2dac9f0373c871c8b8e089815fb0e3f9508a52d52816e585b7b735e4 REMOTE=6460457e2dac9f0373c871c8b8e089815fb0e3f9508a52d52816e585b7b735e4
[2824/3625] Checking is OK   | E:\01.userData\ZhuoMian\Github_Releases_批量下载 xray\Xray-core\v25.8.29\Xray-linux-arm64-v8a.zip    | LOCAL=94374589c7208e4531022e406cdaefc1c875697c458f558a1bfbc34235ea6ba9 REMOTE=94374589c7208e4531022e406cdaefc1c875697c458f558a1bfbc34235ea6ba9
[2825/3625] Checking is OK   | E:\01.userData\ZhuoMian\Github_Releases_批量下载 xray\Xray-core\v25.8.29\Xray-linux-loong64.zip      | LOCAL=36c1722c94de747d4ccb24f1e2cf1419f9cafeb5a74a5a7e339de85ff712d285 REMOTE=36c1722c94de747d4ccb24f1e2cf1419f9cafeb5a74a5a7e339de85ff712d285
[2826/3625] Checking is OK   | E:\01.userData\ZhuoMian\Github_Releases_批量下载 xray\Xray-core\v25.8.29\Xray-linux-mips32.zip       | LOCAL=aafe7643f32c20c6273957a101e73af946e528027ebf6e2bf44b57e25a359269 REMOTE=aafe7643f32c20c6273957a101e73af946e528027ebf6e2bf44b57e25a359269
[2827/3625] Checking is OK   | E:\01.userData\ZhuoMian\Github_Releases_批量下载 xray\Xray-core\v25.8.29\Xray-linux-mips32le.zip     | LOCAL=9ee9315966fadfb4fae806f05bd8b81cfebd13285a238970406fd481e9879657 REMOTE=9ee9315966fadfb4fae806f05bd8b81cfebd13285a238970406fd481e9879657
[2828/3625] Checking is OK   | E:\01.userData\ZhuoMian\Github_Releases_批量下载 xray\Xray-core\v25.8.29\Xray-linux-mips64.zip       | LOCAL=b844a3bfc642f627c79a0487c7b19589039850bad4d49e44705f3babb7de1e11 REMOTE=b844a3bfc642f627c79a0487c7b19589039850bad4d49e44705f3babb7de1e11
[2829/3625] Checking is OK   | E:\01.userData\ZhuoMian\Github_Releases_批量下载 xray\Xray-core\v25.8.29\Xray-linux-mips64le.zip     | LOCAL=b2a98a6be737d54db73c999b98ffe80bb1cd39532675e6f442fc018c13fd5d2f REMOTE=b2a98a6be737d54db73c999b98ffe80bb1cd39532675e6f442fc018c13fd5d2f
[2830/3625] Checking is OK   | E:\01.userData\ZhuoMian\Github_Releases_批量下载 xray\Xray-core\v25.8.29\Xray-linux-ppc64.zip        | LOCAL=a383f1f5c5751ee8b3caebd422f5de2a1f485b447678a5ad8828006afe58a8ca REMOTE=a383f1f5c5751ee8b3caebd422f5de2a1f485b447678a5ad8828006afe58a8ca
[2831/3625] Checking is OK   | E:\01.userData\ZhuoMian\Github_Releases_批量下载 xray\Xray-core\v25.8.29\Xray-linux-ppc64le.zip      | LOCAL=ae53552e51d88b364725d5a752ba94feba97c4bf7df0438f19f18940d567d56d REMOTE=ae53552e51d88b364725d5a752ba94feba97c4bf7df0438f19f18940d567d56d
[2832/3625] Checking is OK   | E:\01.userData\ZhuoMian\Github_Releases_批量下载 xray\Xray-core\v25.8.29\Xray-linux-riscv64.zip      | LOCAL=00317cb7439cdfca0f3f76acf57c717e3354959a712d7aa75fb2c0f1726d33d8 REMOTE=00317cb7439cdfca0f3f76acf57c717e3354959a712d7aa75fb2c0f1726d33d8
[2833/3625] Checking is OK   | E:\01.userData\ZhuoMian\Github_Releases_批量下载 xray\Xray-core\v25.8.29\Xray-linux-s390x.zip        | LOCAL=6ad468a1c3343da5422ebaee9feb49652cdfcd136eaa4f7e2ac00073e3f64af0 REMOTE=6ad468a1c3343da5422ebaee9feb49652cdfcd136eaa4f7e2ac00073e3f64af0
[2834/3625] Checking is OK   | E:\01.userData\ZhuoMian\Github_Releases_批量下载 xray\Xray-core\v25.8.29\Xray-macos-64.zip           | LOCAL=b044c0545735155995cf5c32f1de7fbd4cda08f806937846b94dc2cd850353ad REMOTE=b044c0545735155995cf5c32f1de7fbd4cda08f806937846b94dc2cd850353ad
[2835/3625] Checking is OK   | E:\01.userData\ZhuoMian\Github_Releases_批量下载 xray\Xray-core\v25.8.29\Xray-macos-arm64-v8a.zip    | LOCAL=895d878d30379b247841745ee428aaf3720767de91fe62f68a5854720547eb19 REMOTE=895d878d30379b247841745ee428aaf3720767de91fe62f68a5854720547eb19
[2836/3625] Checking is OK   | E:\01.userData\ZhuoMian\Github_Releases_批量下载 xray\Xray-core\v25.8.29\Xray-openbsd-32.zip         | LOCAL=91daf689c9a730a76bd1621660902cdb6213ca9660ffe7801033a96d63e3d373 REMOTE=91daf689c9a730a76bd1621660902cdb6213ca9660ffe7801033a96d63e3d373
[2837/3625] Checking is OK   | E:\01.userData\ZhuoMian\Github_Releases_批量下载 xray\Xray-core\v25.8.29\Xray-openbsd-64.zip         | LOCAL=2da1e9e5a369e5a2f932f36609e2b3793163006145939e9554c89db9a045b6ab REMOTE=2da1e9e5a369e5a2f932f36609e2b3793163006145939e9554c89db9a045b6ab
[2838/3625] Checking is OK   | E:\01.userData\ZhuoMian\Github_Releases_批量下载 xray\Xray-core\v25.8.29\Xray-openbsd-arm32-v7a.zip  | LOCAL=6d3a1b7c9f2ff413db0efd5991f8f20d31ed0bf7842cc8e628f8e98a438ed0b8 REMOTE=6d3a1b7c9f2ff413db0efd5991f8f20d31ed0bf7842cc8e628f8e98a438ed0b8
[2839/3625] Checking is OK   | E:\01.userData\ZhuoMian\Github_Releases_批量下载 xray\Xray-core\v25.8.29\Xray-openbsd-arm64-v8a.zip  | LOCAL=38f79b1dbb78360a7f3aea1ea4c5fce99424054337210464054a86462a16060d REMOTE=38f79b1dbb78360a7f3aea1ea4c5fce99424054337210464054a86462a16060d
[2840/3625] Checking is OK   | E:\01.userData\ZhuoMian\Github_Releases_批量下载 xray\Xray-core\v25.8.29\Xray-win7-32.zip            | LOCAL=5be1b82084d0b7e5f6a4465b564efff11aabb6cb5d5d56031b4efa4f2849ad00 REMOTE=5be1b82084d0b7e5f6a4465b564efff11aabb6cb5d5d56031b4efa4f2849ad00
[2841/3625] Checking is OK   | E:\01.userData\ZhuoMian\Github_Releases_批量下载 xray\Xray-core\v25.8.29\Xray-win7-64.zip            | LOCAL=749fb3cea2ae5f0f7c0bdfa5dac710dcf6498c384590695d804216cc8233a4f8 REMOTE=749fb3cea2ae5f0f7c0bdfa5dac710dcf6498c384590695d804216cc8233a4f8
[2842/3625] Checking is OK   | E:\01.userData\ZhuoMian\Github_Releases_批量下载 xray\Xray-core\v25.8.29\Xray-windows-32.zip         | LOCAL=24cd6608ea6b998fc54deb5c5448e5aaeafd9054b8cd89fc715b47ae5d39e15a REMOTE=24cd6608ea6b998fc54deb5c5448e5aaeafd9054b8cd89fc715b47ae5d39e15a
[2843/3625] Checking is OK   | E:\01.userData\ZhuoMian\Github_Releases_批量下载 xray\Xray-core\v25.8.29\Xray-windows-64.zip         | LOCAL=6f8c79b3e6bb49b7d31420cf59e2984dc87480984921a261e28016ef17496ac9 REMOTE=6f8c79b3e6bb49b7d31420cf59e2984dc87480984921a261e28016ef17496ac9
[2844/3625] Checking is OK   | E:\01.userData\ZhuoMian\Github_Releases_批量下载 xray\Xray-core\v25.8.29\Xray-windows-arm32-v7a.zip  | LOCAL=6c713fa7322c919511eaf192db2030f655d18de484232e3f295d3302c9934636 REMOTE=6c713fa7322c919511eaf192db2030f655d18de484232e3f295d3302c9934636
[2845/3625] Checking is OK   | E:\01.userData\ZhuoMian\Github_Releases_批量下载 xray\Xray-core\v25.8.29\Xray-windows-arm64-v8a.zip  | LOCAL=a0e9ced32d4cb70d3a0810bea95964ac0869a6ae893c1ea957fae6d087f3d6d8 REMOTE=a0e9ced32d4cb70d3a0810bea95964ac0869a6ae893c1ea957fae6d087f3d6d8
[2846/3625] Checking is OK   | E:\01.userData\ZhuoMian\Github_Releases_批量下载 xray\Xray-core\v25.8.3\Xray-android-amd64.zip       | LOCAL=a450c29350f0613786690d89c6855fd17a57f8395c8d23c5eb63d17028ccba4c REMOTE=a450c29350f0613786690d89c6855fd17a57f8395c8d23c5eb63d17028ccba4c
[2847/3625] Checking is OK   | E:\01.userData\ZhuoMian\Github_Releases_批量下载 xray\Xray-core\v25.8.3\Xray-android-arm64-v8a.zip   | LOCAL=5054f538d6f8ef16bbd5942f5c5bd66a04a2f0d034a08c6a0a59ab52b107adff REMOTE=5054f538d6f8ef16bbd5942f5c5bd66a04a2f0d034a08c6a0a59ab52b107adff
[2848/3625] Checking is OK   | E:\01.userData\ZhuoMian\Github_Releases_批量下载 xray\Xray-core\v25.8.3\Xray-freebsd-32.zip          | LOCAL=838c2ee8c720a5cd0e93500f69aa2f30cf046780b2a28d8c5534ac6448f6f556 REMOTE=838c2ee8c720a5cd0e93500f69aa2f30cf046780b2a28d8c5534ac6448f6f556
[2849/3625] Checking is OK   | E:\01.userData\ZhuoMian\Github_Releases_批量下载 xray\Xray-core\v25.8.3\Xray-freebsd-64.zip          | LOCAL=79c55efbe9c4d63867a1eb34d92a8c4a5673c0b2d63445edea73ccc6d6a0490b REMOTE=79c55efbe9c4d63867a1eb34d92a8c4a5673c0b2d63445edea73ccc6d6a0490b
[2850/3625] Checking is OK   | E:\01.userData\ZhuoMian\Github_Releases_批量下载 xray\Xray-core\v25.8.3\Xray-freebsd-arm32-v7a.zip   | LOCAL=bbcb102d074b5f5c344234bae3e86eeb9e55eb12649ab0265f63cb861dc2178f REMOTE=bbcb102d074b5f5c344234bae3e86eeb9e55eb12649ab0265f63cb861dc2178f
[2851/3625] Checking is OK   | E:\01.userData\ZhuoMian\Github_Releases_批量下载 xray\Xray-core\v25.8.3\Xray-freebsd-arm64-v8a.zip   | LOCAL=8bba9365aa7016ea99c405fbcb4740b76d3222fbb8e9d399cbcdfab26c1ec564 REMOTE=8bba9365aa7016ea99c405fbcb4740b76d3222fbb8e9d399cbcdfab26c1ec564
[2852/3625] Checking is OK   | E:\01.userData\ZhuoMian\Github_Releases_批量下载 xray\Xray-core\v25.8.3\Xray-linux-32.zip            | LOCAL=d33bc5a1b429d54058da8ff32c48a1c95314f0c3ee8b7e1f08122a0eb1594c25 REMOTE=d33bc5a1b429d54058da8ff32c48a1c95314f0c3ee8b7e1f08122a0eb1594c25
[2853/3625] Checking is OK   | E:\01.userData\ZhuoMian\Github_Releases_批量下载 xray\Xray-core\v25.8.3\Xray-linux-64.zip            | LOCAL=f3f69cdccdf3443f25248f65bec0f621a7bd05c9d6fbbd5d9f064a8fce70f0fc REMOTE=f3f69cdccdf3443f25248f65bec0f621a7bd05c9d6fbbd5d9f064a8fce70f0fc
[2854/3625] Checking is OK   | E:\01.userData\ZhuoMian\Github_Releases_批量下载 xray\Xray-core\v25.8.3\Xray-linux-arm32-v5.zip      | LOCAL=8f34db1f27193ae6433b7dd74916c2c20191b58090cdce4640ca0e3f8e17fa72 REMOTE=8f34db1f27193ae6433b7dd74916c2c20191b58090cdce4640ca0e3f8e17fa72
[2855/3625] Checking is OK   | E:\01.userData\ZhuoMian\Github_Releases_批量下载 xray\Xray-core\v25.8.3\Xray-linux-arm32-v6.zip      | LOCAL=8338b622f87302150cdb89a3505fe79104b2ae27046e3f447f2c0257ad51291f REMOTE=8338b622f87302150cdb89a3505fe79104b2ae27046e3f447f2c0257ad51291f
[2856/3625] Checking is OK   | E:\01.userData\ZhuoMian\Github_Releases_批量下载 xray\Xray-core\v25.8.3\Xray-linux-arm32-v7a.zip     | LOCAL=0a26f0ada2a03216db3c47249678c5e6296e0396f5425121531b0a67f9c0a075 REMOTE=0a26f0ada2a03216db3c47249678c5e6296e0396f5425121531b0a67f9c0a075
[2857/3625] Checking is OK   | E:\01.userData\ZhuoMian\Github_Releases_批量下载 xray\Xray-core\v25.8.3\Xray-linux-arm64-v8a.zip     | LOCAL=7bcc35d375398c0df4b53ee004fb5b42402fcc0d331db5f2e6ac86cfc12b6a33 REMOTE=7bcc35d375398c0df4b53ee004fb5b42402fcc0d331db5f2e6ac86cfc12b6a33
[2858/3625] Checking is OK   | E:\01.userData\ZhuoMian\Github_Releases_批量下载 xray\Xray-core\v25.8.3\Xray-linux-loong64.zip       | LOCAL=647bb0303b0fb66b1d728f88c0dbc5830ba0bf8d8685c8e8dabd3b39f9d402f2 REMOTE=647bb0303b0fb66b1d728f88c0dbc5830ba0bf8d8685c8e8dabd3b39f9d402f2
[2859/3625] Checking is OK   | E:\01.userData\ZhuoMian\Github_Releases_批量下载 xray\Xray-core\v25.8.3\Xray-linux-mips32.zip        | LOCAL=042d9ef477baa9ee608adafd80b4fd97155214e020216146ba6910db9b9233ba REMOTE=042d9ef477baa9ee608adafd80b4fd97155214e020216146ba6910db9b9233ba
[2860/3625] Checking is OK   | E:\01.userData\ZhuoMian\Github_Releases_批量下载 xray\Xray-core\v25.8.3\Xray-linux-mips32le.zip      | LOCAL=65074b7af82bde840b6a940cfef4340ffe5f3a312433f299549aa9d22066b09d REMOTE=65074b7af82bde840b6a940cfef4340ffe5f3a312433f299549aa9d22066b09d
[2861/3625] Checking is OK   | E:\01.userData\ZhuoMian\Github_Releases_批量下载 xray\Xray-core\v25.8.3\Xray-linux-mips64.zip        | LOCAL=1b9c9b56a52c68feedd7da09999f8aeddad0faf73093cc3015a286b6127c1d42 REMOTE=1b9c9b56a52c68feedd7da09999f8aeddad0faf73093cc3015a286b6127c1d42
[2862/3625] Checking is OK   | E:\01.userData\ZhuoMian\Github_Releases_批量下载 xray\Xray-core\v25.8.3\Xray-linux-mips64le.zip      | LOCAL=7cc3006b96f0992d4a0cc5974328a15b38ab61c2b0abc7dc65acbbe2e40fa759 REMOTE=7cc3006b96f0992d4a0cc5974328a15b38ab61c2b0abc7dc65acbbe2e40fa759
[2863/3625] Checking is OK   | E:\01.userData\ZhuoMian\Github_Releases_批量下载 xray\Xray-core\v25.8.3\Xray-linux-ppc64.zip         | LOCAL=418dee00d163c005835096223e5597ea6c2ddb4b549a2097549c317c4ff80252 REMOTE=418dee00d163c005835096223e5597ea6c2ddb4b549a2097549c317c4ff80252
[2864/3625] Checking is OK   | E:\01.userData\ZhuoMian\Github_Releases_批量下载 xray\Xray-core\v25.8.3\Xray-linux-ppc64le.zip       | LOCAL=8fbe9ecfe425ec8b70f853185c35f015baf9ef2cafc43a2531ee2b58d4c22d7f REMOTE=8fbe9ecfe425ec8b70f853185c35f015baf9ef2cafc43a2531ee2b58d4c22d7f
[2865/3625] Checking is OK   | E:\01.userData\ZhuoMian\Github_Releases_批量下载 xray\Xray-core\v25.8.3\Xray-linux-riscv64.zip       | LOCAL=fe5f6a03e4f1c81229626dead13fd6854c717d038034bc121c4306a36f08983d REMOTE=fe5f6a03e4f1c81229626dead13fd6854c717d038034bc121c4306a36f08983d
[2866/3625] Checking is OK   | E:\01.userData\ZhuoMian\Github_Releases_批量下载 xray\Xray-core\v25.8.3\Xray-linux-s390x.zip         | LOCAL=a667123c46087488c522b7b18373ca6150a910c035b21ef71fe30235d72895fe REMOTE=a667123c46087488c522b7b18373ca6150a910c035b21ef71fe30235d72895fe
[2867/3625] Checking is OK   | E:\01.userData\ZhuoMian\Github_Releases_批量下载 xray\Xray-core\v25.8.3\Xray-macos-64.zip            | LOCAL=60cb704460b80449afeea2dc5c9f3ea864c60e0a897ca5be7a4c590c2fcf20e8 REMOTE=60cb704460b80449afeea2dc5c9f3ea864c60e0a897ca5be7a4c590c2fcf20e8
[2868/3625] Checking is OK   | E:\01.userData\ZhuoMian\Github_Releases_批量下载 xray\Xray-core\v25.8.3\Xray-macos-arm64-v8a.zip     | LOCAL=e665c7db644fa2e07ccd93a61202127711cc1e3e90d84ac809d041a15b88d493 REMOTE=e665c7db644fa2e07ccd93a61202127711cc1e3e90d84ac809d041a15b88d493
[2869/3625] Checking is OK   | E:\01.userData\ZhuoMian\Github_Releases_批量下载 xray\Xray-core\v25.8.3\Xray-openbsd-32.zip          | LOCAL=2d946c884c9173a539554da450487193881e15da250dc6610b3fc10144ae9732 REMOTE=2d946c884c9173a539554da450487193881e15da250dc6610b3fc10144ae9732
[2870/3625] Checking is OK   | E:\01.userData\ZhuoMian\Github_Releases_批量下载 xray\Xray-core\v25.8.3\Xray-openbsd-64.zip          | LOCAL=bef93c2458906376cb59848514c292d04f3089b692d409075553fa828c0cb21a REMOTE=bef93c2458906376cb59848514c292d04f3089b692d409075553fa828c0cb21a
[2871/3625] Checking is OK   | E:\01.userData\ZhuoMian\Github_Releases_批量下载 xray\Xray-core\v25.8.3\Xray-openbsd-arm32-v7a.zip   | LOCAL=05ba72e8feb0600a794d9dc7aa31ebdaf87dd69326a5926c8efd3dd4d8684a87 REMOTE=05ba72e8feb0600a794d9dc7aa31ebdaf87dd69326a5926c8efd3dd4d8684a87
[2872/3625] Checking is OK   | E:\01.userData\ZhuoMian\Github_Releases_批量下载 xray\Xray-core\v25.8.3\Xray-openbsd-arm64-v8a.zip   | LOCAL=27193a5b674cf907685a2183a2d9bf2e190db2b3b522728ea063c4d9d5899aed REMOTE=27193a5b674cf907685a2183a2d9bf2e190db2b3b522728ea063c4d9d5899aed
[2873/3625] Checking is OK   | E:\01.userData\ZhuoMian\Github_Releases_批量下载 xray\Xray-core\v25.8.3\Xray-win7-32.zip             | LOCAL=f77eb0cc3d65931df3e6b761fcaf3d293bf0b1f1444068f5bfdbcfda7288df83 REMOTE=f77eb0cc3d65931df3e6b761fcaf3d293bf0b1f1444068f5bfdbcfda7288df83
[2874/3625] Checking is OK   | E:\01.userData\ZhuoMian\Github_Releases_批量下载 xray\Xray-core\v25.8.3\Xray-win7-64.zip             | LOCAL=2d3388d6d2417e1fa929a1d90f0290ca4c0acce48ab3b678f8283779f526f683 REMOTE=2d3388d6d2417e1fa929a1d90f0290ca4c0acce48ab3b678f8283779f526f683
[2875/3625] Checking is OK   | E:\01.userData\ZhuoMian\Github_Releases_批量下载 xray\Xray-core\v25.8.3\Xray-windows-32.zip          | LOCAL=ece56002d089149f6f9df46030b11ea149caa33b91841924ba9ae31129452f61 REMOTE=ece56002d089149f6f9df46030b11ea149caa33b91841924ba9ae31129452f61
[2876/3625] Checking is OK   | E:\01.userData\ZhuoMian\Github_Releases_批量下载 xray\Xray-core\v25.8.3\Xray-windows-64.zip          | LOCAL=fb3298dfccac67ed8f2355096f9f67475fa6135477229886478d84f337c21bdb REMOTE=fb3298dfccac67ed8f2355096f9f67475fa6135477229886478d84f337c21bdb
[2877/3625] Checking is OK   | E:\01.userData\ZhuoMian\Github_Releases_批量下载 xray\Xray-core\v25.8.3\Xray-windows-arm32-v7a.zip   | LOCAL=d938cdfe8ae3ef5daf1d7b4c8479665f88e75b90093338aea0bb817df016751f REMOTE=d938cdfe8ae3ef5daf1d7b4c8479665f88e75b90093338aea0bb817df016751f
[2878/3625] Checking is OK   | E:\01.userData\ZhuoMian\Github_Releases_批量下载 xray\Xray-core\v25.8.3\Xray-windows-arm64-v8a.zip   | LOCAL=2716b730bb381459f1a22e00f860634b97ff326d71f46621b7bcfda710de27d2 REMOTE=2716b730bb381459f1a22e00f860634b97ff326d71f46621b7bcfda710de27d2
[2879/3625] Checking is OK   | E:\01.userData\ZhuoMian\Github_Releases_批量下载 xray\Xray-core\v25.8.31\Xray-android-amd64.zip      | LOCAL=a95a1bd67dc2713e294804aa1729fa8c62f133b50a9b3ea5f907a1e3d6bb8ab7 REMOTE=a95a1bd67dc2713e294804aa1729fa8c62f133b50a9b3ea5f907a1e3d6bb8ab7
[2880/3625] Checking is OK   | E:\01.userData\ZhuoMian\Github_Releases_批量下载 xray\Xray-core\v25.8.31\Xray-android-arm64-v8a.zip  | LOCAL=2ce26d73061d630bd60ea4c2cc0f0687a85e5b0cc998c55ebeec4ba54664b108 REMOTE=2ce26d73061d630bd60ea4c2cc0f0687a85e5b0cc998c55ebeec4ba54664b108
[2881/3625] Checking is OK   | E:\01.userData\ZhuoMian\Github_Releases_批量下载 xray\Xray-core\v25.8.31\Xray-freebsd-32.zip         | LOCAL=a778f4aad6af468c7725651af78b363ff116cd4c57b9d9f2abcc8ba4a86a65ea REMOTE=a778f4aad6af468c7725651af78b363ff116cd4c57b9d9f2abcc8ba4a86a65ea
[2882/3625] Checking is OK   | E:\01.userData\ZhuoMian\Github_Releases_批量下载 xray\Xray-core\v25.8.31\Xray-freebsd-64.zip         | LOCAL=78528e83efca119658860a64fbe0dbdfb5bdb429480c723aa8a97731367fa572 REMOTE=78528e83efca119658860a64fbe0dbdfb5bdb429480c723aa8a97731367fa572
[2883/3625] Checking is OK   | E:\01.userData\ZhuoMian\Github_Releases_批量下载 xray\Xray-core\v25.8.31\Xray-freebsd-arm32-v7a.zip  | LOCAL=ee3ab318ed9d391d367fe048a289fa670e01d020fef6fd34ae6b12f4cb0f4af5 REMOTE=ee3ab318ed9d391d367fe048a289fa670e01d020fef6fd34ae6b12f4cb0f4af5
[2884/3625] Checking is OK   | E:\01.userData\ZhuoMian\Github_Releases_批量下载 xray\Xray-core\v25.8.31\Xray-freebsd-arm64-v8a.zip  | LOCAL=273797f796b27b2ad3637e5e2c0d14d41635b5b6057ca4179859f797e104322d REMOTE=273797f796b27b2ad3637e5e2c0d14d41635b5b6057ca4179859f797e104322d
[2885/3625] Checking is OK   | E:\01.userData\ZhuoMian\Github_Releases_批量下载 xray\Xray-core\v25.8.31\Xray-linux-32.zip           | LOCAL=dbb6d5c1339689d0968ca701dd36ef96bf683b322a3f781619c200c7f23bbe3c REMOTE=dbb6d5c1339689d0968ca701dd36ef96bf683b322a3f781619c200c7f23bbe3c
[2886/3625] Checking is OK   | E:\01.userData\ZhuoMian\Github_Releases_批量下载 xray\Xray-core\v25.8.31\Xray-linux-64.zip           | LOCAL=0daa9c18cbc81699013cfdd0de4275e4a4c08d29aa1cf9d264f7e4b825b46ca8 REMOTE=0daa9c18cbc81699013cfdd0de4275e4a4c08d29aa1cf9d264f7e4b825b46ca8
[2887/3625] Checking is OK   | E:\01.userData\ZhuoMian\Github_Releases_批量下载 xray\Xray-core\v25.8.31\Xray-linux-arm32-v5.zip     | LOCAL=1022923f2165772b9270bc59e8a8523a7ac92266d18e7676d8f865fa7f6fe3a5 REMOTE=1022923f2165772b9270bc59e8a8523a7ac92266d18e7676d8f865fa7f6fe3a5
[2888/3625] Checking is OK   | E:\01.userData\ZhuoMian\Github_Releases_批量下载 xray\Xray-core\v25.8.31\Xray-linux-arm32-v6.zip     | LOCAL=edb88284d8da3e90fb94950b359d8bf0b7547a933c8bdc0c53f006175426b287 REMOTE=edb88284d8da3e90fb94950b359d8bf0b7547a933c8bdc0c53f006175426b287
[2889/3625] Checking is OK   | E:\01.userData\ZhuoMian\Github_Releases_批量下载 xray\Xray-core\v25.8.31\Xray-linux-arm32-v7a.zip    | LOCAL=55336fdde48b45ff26ef72298f281de248a8bac18874789062c00489ba6f691b REMOTE=55336fdde48b45ff26ef72298f281de248a8bac18874789062c00489ba6f691b
[2890/3625] Checking is OK   | E:\01.userData\ZhuoMian\Github_Releases_批量下载 xray\Xray-core\v25.8.31\Xray-linux-arm64-v8a.zip    | LOCAL=b0401a8fea3c2a8334d1308b79c8d1d01ee08ac521b6c6c40ff1c5eb123ceaee REMOTE=b0401a8fea3c2a8334d1308b79c8d1d01ee08ac521b6c6c40ff1c5eb123ceaee
[2891/3625] Checking is OK   | E:\01.userData\ZhuoMian\Github_Releases_批量下载 xray\Xray-core\v25.8.31\Xray-linux-loong64.zip      | LOCAL=afd9cf77f108e4644e57533658495caa582d0b04fed6041870fa33758402eff4 REMOTE=afd9cf77f108e4644e57533658495caa582d0b04fed6041870fa33758402eff4
[2892/3625] Checking is OK   | E:\01.userData\ZhuoMian\Github_Releases_批量下载 xray\Xray-core\v25.8.31\Xray-linux-mips32.zip       | LOCAL=b9167b96c495a00fc19fa625b3ace3293ac503b17fa0c351874e5b4c0deaa895 REMOTE=b9167b96c495a00fc19fa625b3ace3293ac503b17fa0c351874e5b4c0deaa895
[2893/3625] Checking is OK   | E:\01.userData\ZhuoMian\Github_Releases_批量下载 xray\Xray-core\v25.8.31\Xray-linux-mips32le.zip     | LOCAL=a7b9061d3287d6638db2e15378efc544e012ae5e6efb9b6577e22dc5c1c9028c REMOTE=a7b9061d3287d6638db2e15378efc544e012ae5e6efb9b6577e22dc5c1c9028c
[2894/3625] Checking is OK   | E:\01.userData\ZhuoMian\Github_Releases_批量下载 xray\Xray-core\v25.8.31\Xray-linux-mips64.zip       | LOCAL=e7204dca27c16de44e2c3ab187a3636814fc1fb11a4ce89f551382877823890a REMOTE=e7204dca27c16de44e2c3ab187a3636814fc1fb11a4ce89f551382877823890a
[2895/3625] Checking is OK   | E:\01.userData\ZhuoMian\Github_Releases_批量下载 xray\Xray-core\v25.8.31\Xray-linux-mips64le.zip     | LOCAL=6441c9657abe9271535c4e4c7d1a470f6e5dd5e638cce9cbfd8db2db3ba39c56 REMOTE=6441c9657abe9271535c4e4c7d1a470f6e5dd5e638cce9cbfd8db2db3ba39c56
[2896/3625] Checking is OK   | E:\01.userData\ZhuoMian\Github_Releases_批量下载 xray\Xray-core\v25.8.31\Xray-linux-ppc64.zip        | LOCAL=574e02ac87c31083741608a8e8aac47b3b0682ef3fe25c2464ab475ef72f945e REMOTE=574e02ac87c31083741608a8e8aac47b3b0682ef3fe25c2464ab475ef72f945e
[2897/3625] Checking is OK   | E:\01.userData\ZhuoMian\Github_Releases_批量下载 xray\Xray-core\v25.8.31\Xray-linux-ppc64le.zip      | LOCAL=7b6a805045a13dff94fd9db5d78459f780be28da3029f59f7c53c49de5be37a0 REMOTE=7b6a805045a13dff94fd9db5d78459f780be28da3029f59f7c53c49de5be37a0
[2898/3625] Checking is OK   | E:\01.userData\ZhuoMian\Github_Releases_批量下载 xray\Xray-core\v25.8.31\Xray-linux-riscv64.zip      | LOCAL=e0f6f548112ed59574cd4ac5163bc072df8cde0ab72b13a89ef1fd944b3d7e31 REMOTE=e0f6f548112ed59574cd4ac5163bc072df8cde0ab72b13a89ef1fd944b3d7e31
[2899/3625] Checking is OK   | E:\01.userData\ZhuoMian\Github_Releases_批量下载 xray\Xray-core\v25.8.31\Xray-linux-s390x.zip        | LOCAL=37d80d6c224e9892f24eabbc64bbee78e94580d1b1e45a7ba89ca259c8b0df41 REMOTE=37d80d6c224e9892f24eabbc64bbee78e94580d1b1e45a7ba89ca259c8b0df41
[2900/3625] Checking is OK   | E:\01.userData\ZhuoMian\Github_Releases_批量下载 xray\Xray-core\v25.8.31\Xray-macos-64.zip           | LOCAL=cda946335bb5cb6097ee0e73b97912310b4364c89e148972aceb6ee75b6ad4a7 REMOTE=cda946335bb5cb6097ee0e73b97912310b4364c89e148972aceb6ee75b6ad4a7
[2901/3625] Checking is OK   | E:\01.userData\ZhuoMian\Github_Releases_批量下载 xray\Xray-core\v25.8.31\Xray-macos-arm64-v8a.zip    | LOCAL=ee7a530a47eab857497e2abdd45eda809db94cc13b9e092c0758174260dddc37 REMOTE=ee7a530a47eab857497e2abdd45eda809db94cc13b9e092c0758174260dddc37
[2902/3625] Checking is OK   | E:\01.userData\ZhuoMian\Github_Releases_批量下载 xray\Xray-core\v25.8.31\Xray-openbsd-32.zip         | LOCAL=f48f45e732c88536d52c732ad00382a3668e0126cea42ed397986cb17eba47e3 REMOTE=f48f45e732c88536d52c732ad00382a3668e0126cea42ed397986cb17eba47e3
[2903/3625] Checking is OK   | E:\01.userData\ZhuoMian\Github_Releases_批量下载 xray\Xray-core\v25.8.31\Xray-openbsd-64.zip         | LOCAL=0457d1ae8bd4a6d50c644ede9dd6a839b1eb294917099f8c0a3c3dc8bce9752c REMOTE=0457d1ae8bd4a6d50c644ede9dd6a839b1eb294917099f8c0a3c3dc8bce9752c
[2904/3625] Checking is OK   | E:\01.userData\ZhuoMian\Github_Releases_批量下载 xray\Xray-core\v25.8.31\Xray-openbsd-arm32-v7a.zip  | LOCAL=92ab7af8291b28f46005014b98c9365683d8eb76803ce5c470a9010e8c9d807b REMOTE=92ab7af8291b28f46005014b98c9365683d8eb76803ce5c470a9010e8c9d807b
[2905/3625] Checking is OK   | E:\01.userData\ZhuoMian\Github_Releases_批量下载 xray\Xray-core\v25.8.31\Xray-openbsd-arm64-v8a.zip  | LOCAL=617fbdf439621c3af88de95974ff09c763e82f78d4869b888bc494bcf3803e03 REMOTE=617fbdf439621c3af88de95974ff09c763e82f78d4869b888bc494bcf3803e03
[2906/3625] Checking is OK   | E:\01.userData\ZhuoMian\Github_Releases_批量下载 xray\Xray-core\v25.8.31\Xray-win7-32.zip            | LOCAL=a010144d01b8f1b3e274fe29bbdf8dc6fba41db96075440a03cba3daee2382a2 REMOTE=a010144d01b8f1b3e274fe29bbdf8dc6fba41db96075440a03cba3daee2382a2
[2907/3625] Checking is OK   | E:\01.userData\ZhuoMian\Github_Releases_批量下载 xray\Xray-core\v25.8.31\Xray-win7-64.zip            | LOCAL=b759578340073c3eee0751bc9848b0b29b6a2288ffde72ab9380ecbab416755b REMOTE=b759578340073c3eee0751bc9848b0b29b6a2288ffde72ab9380ecbab416755b
[2908/3625] Checking is OK   | E:\01.userData\ZhuoMian\Github_Releases_批量下载 xray\Xray-core\v25.8.31\Xray-windows-32.zip         | LOCAL=c3d115d4b3f8a29419f64cf742db92b4ca343c13ec39d1e6cf43554247bc6539 REMOTE=c3d115d4b3f8a29419f64cf742db92b4ca343c13ec39d1e6cf43554247bc6539
[2909/3625] Checking is OK   | E:\01.userData\ZhuoMian\Github_Releases_批量下载 xray\Xray-core\v25.8.31\Xray-windows-64.zip         | LOCAL=993c952450cd6518a0ca46e938888d820732b8b1f376b6b76d941d6970c2580e REMOTE=993c952450cd6518a0ca46e938888d820732b8b1f376b6b76d941d6970c2580e
[2910/3625] Checking is OK   | E:\01.userData\ZhuoMian\Github_Releases_批量下载 xray\Xray-core\v25.8.31\Xray-windows-arm32-v7a.zip  | LOCAL=ce08e2f3718f9ba20067207d789ea8fade5223f83330a1ec11ace4e9c5fabedf REMOTE=ce08e2f3718f9ba20067207d789ea8fade5223f83330a1ec11ace4e9c5fabedf
[2911/3625] Checking is OK   | E:\01.userData\ZhuoMian\Github_Releases_批量下载 xray\Xray-core\v25.8.31\Xray-windows-arm64-v8a.zip  | LOCAL=451870d6882c2300e8c54d0b2b63f384e27d632cb63fcdf63d6e16cab0556493 REMOTE=451870d6882c2300e8c54d0b2b63f384e27d632cb63fcdf63d6e16cab0556493
[2912/3625] Checking is OK   | E:\01.userData\ZhuoMian\Github_Releases_批量下载 xray\Xray-core\v25.9.10\Xray-android-amd64.zip      | LOCAL=9c0fd6dd7175dacc535118a223c40cf9050e55a7c22c3bf42468561e9b096a68 REMOTE=9c0fd6dd7175dacc535118a223c40cf9050e55a7c22c3bf42468561e9b096a68
[2913/3625] Checking is OK   | E:\01.userData\ZhuoMian\Github_Releases_批量下载 xray\Xray-core\v25.9.10\Xray-android-arm64-v8a.zip  | LOCAL=7f0ee94417e35691c1819c8568ad8e8ef4231c86adfe8c21a7235c1f80bc888e REMOTE=7f0ee94417e35691c1819c8568ad8e8ef4231c86adfe8c21a7235c1f80bc888e
[2914/3625] Checking is OK   | E:\01.userData\ZhuoMian\Github_Releases_批量下载 xray\Xray-core\v25.9.10\Xray-freebsd-32.zip         | LOCAL=3eaf289165859dc48fd3b4026294bf4c69b0e9b31d67651916556b678f33419e REMOTE=3eaf289165859dc48fd3b4026294bf4c69b0e9b31d67651916556b678f33419e
[2915/3625] Checking is OK   | E:\01.userData\ZhuoMian\Github_Releases_批量下载 xray\Xray-core\v25.9.10\Xray-freebsd-64.zip         | LOCAL=0e6c46c04d29b33373c8e0e74dc5e0415b22f0afeb34ac7a0fc7b355394d9892 REMOTE=0e6c46c04d29b33373c8e0e74dc5e0415b22f0afeb34ac7a0fc7b355394d9892
[2916/3625] Checking is OK   | E:\01.userData\ZhuoMian\Github_Releases_批量下载 xray\Xray-core\v25.9.10\Xray-freebsd-arm32-v7a.zip  | LOCAL=5b9c31a3c01f0211604d694cda26897b8945312d3d6d7f5ca4fc944dafc83bc1 REMOTE=5b9c31a3c01f0211604d694cda26897b8945312d3d6d7f5ca4fc944dafc83bc1
[2917/3625] Checking is OK   | E:\01.userData\ZhuoMian\Github_Releases_批量下载 xray\Xray-core\v25.9.10\Xray-freebsd-arm64-v8a.zip  | LOCAL=1e99a169e4999935539694d4641f9fc3105ff61fe753f0ebb015adbe88f2c63f REMOTE=1e99a169e4999935539694d4641f9fc3105ff61fe753f0ebb015adbe88f2c63f
[2918/3625] Checking is OK   | E:\01.userData\ZhuoMian\Github_Releases_批量下载 xray\Xray-core\v25.9.10\Xray-linux-32.zip           | LOCAL=e96b460b37a41b13d94e89d8238fbaef1ec36a20055629576f41664a3084e463 REMOTE=e96b460b37a41b13d94e89d8238fbaef1ec36a20055629576f41664a3084e463
[2919/3625] Checking is OK   | E:\01.userData\ZhuoMian\Github_Releases_批量下载 xray\Xray-core\v25.9.10\Xray-linux-64.zip           | LOCAL=cc25bf898cf2ae3baa167809d6b73160ddabeb5408aac46949d8e0e8b5b5de7b REMOTE=cc25bf898cf2ae3baa167809d6b73160ddabeb5408aac46949d8e0e8b5b5de7b
[2920/3625] Checking is OK   | E:\01.userData\ZhuoMian\Github_Releases_批量下载 xray\Xray-core\v25.9.10\Xray-linux-arm32-v5.zip     | LOCAL=79463eef2940ecbadd39f987abc057987f39b864ba5011e86045afec55ccbf7c REMOTE=79463eef2940ecbadd39f987abc057987f39b864ba5011e86045afec55ccbf7c
[2921/3625] Checking is OK   | E:\01.userData\ZhuoMian\Github_Releases_批量下载 xray\Xray-core\v25.9.10\Xray-linux-arm32-v6.zip     | LOCAL=42fa83f78338cee13717fdbabc9c87ded92bd0aa4fba07849d4d39ef0a7f41ef REMOTE=42fa83f78338cee13717fdbabc9c87ded92bd0aa4fba07849d4d39ef0a7f41ef
[2922/3625] Checking is OK   | E:\01.userData\ZhuoMian\Github_Releases_批量下载 xray\Xray-core\v25.9.10\Xray-linux-arm32-v7a.zip    | LOCAL=cb97cc35e8c2aae7b856cd1c60e10ae64a6ead25b60344cdf47780ae3f04baa1 REMOTE=cb97cc35e8c2aae7b856cd1c60e10ae64a6ead25b60344cdf47780ae3f04baa1
[2923/3625] Checking is OK   | E:\01.userData\ZhuoMian\Github_Releases_批量下载 xray\Xray-core\v25.9.10\Xray-linux-arm64-v8a.zip    | LOCAL=de3acae8a44c980644779ae62b49373f85cc1060f8e684b720906173e6d2b947 REMOTE=de3acae8a44c980644779ae62b49373f85cc1060f8e684b720906173e6d2b947
[2924/3625] Checking is OK   | E:\01.userData\ZhuoMian\Github_Releases_批量下载 xray\Xray-core\v25.9.10\Xray-linux-loong64.zip      | LOCAL=6cc61bfbff110af1a2cb9c7a0099dc19993e2945c74300c26d4d60c4c48bec41 REMOTE=6cc61bfbff110af1a2cb9c7a0099dc19993e2945c74300c26d4d60c4c48bec41
[2925/3625] Checking is OK   | E:\01.userData\ZhuoMian\Github_Releases_批量下载 xray\Xray-core\v25.9.10\Xray-linux-mips32.zip       | LOCAL=2fb771cc48add93db63762d1d57dce51ff9485205972550ce545fd1736452b87 REMOTE=2fb771cc48add93db63762d1d57dce51ff9485205972550ce545fd1736452b87
[2926/3625] Checking is OK   | E:\01.userData\ZhuoMian\Github_Releases_批量下载 xray\Xray-core\v25.9.10\Xray-linux-mips32le.zip     | LOCAL=1c0f8b666d17db4e8bd11922745cec9cede19a8de88359879ff9f5d7911ca8d9 REMOTE=1c0f8b666d17db4e8bd11922745cec9cede19a8de88359879ff9f5d7911ca8d9
[2927/3625] Checking is OK   | E:\01.userData\ZhuoMian\Github_Releases_批量下载 xray\Xray-core\v25.9.10\Xray-linux-mips64.zip       | LOCAL=c3f9ec7db7ff08a27ae31273c5d6b04a4ba26dbb5876516ea7bffc0bce00ef04 REMOTE=c3f9ec7db7ff08a27ae31273c5d6b04a4ba26dbb5876516ea7bffc0bce00ef04
[2928/3625] Checking is OK   | E:\01.userData\ZhuoMian\Github_Releases_批量下载 xray\Xray-core\v25.9.10\Xray-linux-mips64le.zip     | LOCAL=eff94aad05fa8bff12373d53c1688201e5e6db81cab945f36dfeab217fe18940 REMOTE=eff94aad05fa8bff12373d53c1688201e5e6db81cab945f36dfeab217fe18940
[2929/3625] Checking is OK   | E:\01.userData\ZhuoMian\Github_Releases_批量下载 xray\Xray-core\v25.9.10\Xray-linux-ppc64.zip        | LOCAL=6ae8719702d0a9bd57408e93ef40ff1f1b2cf6c50a9b644f81fac9ed52f736ca REMOTE=6ae8719702d0a9bd57408e93ef40ff1f1b2cf6c50a9b644f81fac9ed52f736ca
[2930/3625] Checking is OK   | E:\01.userData\ZhuoMian\Github_Releases_批量下载 xray\Xray-core\v25.9.10\Xray-linux-ppc64le.zip      | LOCAL=512e25fff6bce83c237a03c04c4ef9420097d8142dcb58897724e2f83909d6c8 REMOTE=512e25fff6bce83c237a03c04c4ef9420097d8142dcb58897724e2f83909d6c8
[2931/3625] Checking is OK   | E:\01.userData\ZhuoMian\Github_Releases_批量下载 xray\Xray-core\v25.9.10\Xray-linux-riscv64.zip      | LOCAL=56ff5b5a0812bf364f13b9b5fdc573f4f122022503fe99319670f30ae00f93d3 REMOTE=56ff5b5a0812bf364f13b9b5fdc573f4f122022503fe99319670f30ae00f93d3
[2932/3625] Checking is OK   | E:\01.userData\ZhuoMian\Github_Releases_批量下载 xray\Xray-core\v25.9.10\Xray-linux-s390x.zip        | LOCAL=0000f8db7605e80c7afb8750cce9a46e0e723642744812e818128c9e70fe2d4e REMOTE=0000f8db7605e80c7afb8750cce9a46e0e723642744812e818128c9e70fe2d4e
[2933/3625] Checking is OK   | E:\01.userData\ZhuoMian\Github_Releases_批量下载 xray\Xray-core\v25.9.10\Xray-macos-64.zip           | LOCAL=4d79b1f4d74d623fb392970207fa6243d709d7bcb96c9606717fdab069a7ed1e REMOTE=4d79b1f4d74d623fb392970207fa6243d709d7bcb96c9606717fdab069a7ed1e
[2934/3625] Checking is OK   | E:\01.userData\ZhuoMian\Github_Releases_批量下载 xray\Xray-core\v25.9.10\Xray-macos-arm64-v8a.zip    | LOCAL=b3883d772458d546832603a6630925c30f89a52a21e77e80f05a7378ac8b4171 REMOTE=b3883d772458d546832603a6630925c30f89a52a21e77e80f05a7378ac8b4171
[2935/3625] Checking is OK   | E:\01.userData\ZhuoMian\Github_Releases_批量下载 xray\Xray-core\v25.9.10\Xray-openbsd-32.zip         | LOCAL=2e4366c2b69e00c4293450bb34aa3c6b1b88b32f74d92eabb58248ed01c600c4 REMOTE=2e4366c2b69e00c4293450bb34aa3c6b1b88b32f74d92eabb58248ed01c600c4
[2936/3625] Checking is OK   | E:\01.userData\ZhuoMian\Github_Releases_批量下载 xray\Xray-core\v25.9.10\Xray-openbsd-64.zip         | LOCAL=f854653575809b3f00b81ee3fc8e2f8596b3a735a3961094df2a48ae2d9ddc61 REMOTE=f854653575809b3f00b81ee3fc8e2f8596b3a735a3961094df2a48ae2d9ddc61
[2937/3625] Checking is OK   | E:\01.userData\ZhuoMian\Github_Releases_批量下载 xray\Xray-core\v25.9.10\Xray-openbsd-arm32-v7a.zip  | LOCAL=89a29876113b21fa597cd95df7075f93634a1d5c4c570298b4e87220b4596bca REMOTE=89a29876113b21fa597cd95df7075f93634a1d5c4c570298b4e87220b4596bca
[2938/3625] Checking is OK   | E:\01.userData\ZhuoMian\Github_Releases_批量下载 xray\Xray-core\v25.9.10\Xray-openbsd-arm64-v8a.zip  | LOCAL=ce5f7f8d3c41233f81bef1189a043b0d35b911b4b9284200eb2366df674ef989 REMOTE=ce5f7f8d3c41233f81bef1189a043b0d35b911b4b9284200eb2366df674ef989
[2939/3625] Checking is OK   | E:\01.userData\ZhuoMian\Github_Releases_批量下载 xray\Xray-core\v25.9.10\Xray-win7-32.zip            | LOCAL=1a0b6acc7ec61c08d1ada69de05e045734efaabbb1731527a13f809fd336cd33 REMOTE=1a0b6acc7ec61c08d1ada69de05e045734efaabbb1731527a13f809fd336cd33
[2940/3625] Checking is OK   | E:\01.userData\ZhuoMian\Github_Releases_批量下载 xray\Xray-core\v25.9.10\Xray-win7-64.zip            | LOCAL=5f99d6669d08673914135f65a145a790c5f28552e9118112455aa4be99b68232 REMOTE=5f99d6669d08673914135f65a145a790c5f28552e9118112455aa4be99b68232
[2941/3625] Checking is OK   | E:\01.userData\ZhuoMian\Github_Releases_批量下载 xray\Xray-core\v25.9.10\Xray-windows-32.zip         | LOCAL=cc4c8bf90e9e1f5adf20a9211db99287c11f570734fcfb57a63c1995bf394f31 REMOTE=cc4c8bf90e9e1f5adf20a9211db99287c11f570734fcfb57a63c1995bf394f31
[2942/3625] Checking is OK   | E:\01.userData\ZhuoMian\Github_Releases_批量下载 xray\Xray-core\v25.9.10\Xray-windows-64.zip         | LOCAL=afce84ed15fd4ae619fd916104203306387cd70031cc884e9d0b737021d8afdf REMOTE=afce84ed15fd4ae619fd916104203306387cd70031cc884e9d0b737021d8afdf
[2943/3625] Checking is OK   | E:\01.userData\ZhuoMian\Github_Releases_批量下载 xray\Xray-core\v25.9.10\Xray-windows-arm32-v7a.zip  | LOCAL=bbbd5c9464ad5a34425cf26b893451c08966a4f271ac52a09dec486f19a968ad REMOTE=bbbd5c9464ad5a34425cf26b893451c08966a4f271ac52a09dec486f19a968ad
[2944/3625] Checking is OK   | E:\01.userData\ZhuoMian\Github_Releases_批量下载 xray\Xray-core\v25.9.10\Xray-windows-arm64-v8a.zip  | LOCAL=6cf4a463e5a43138f96fac278cc1dc089353ed3679cfc5bb698bd94bb3653dac REMOTE=6cf4a463e5a43138f96fac278cc1dc089353ed3679cfc5bb698bd94bb3653dac
[2945/3625] Checking is OK   | E:\01.userData\ZhuoMian\Github_Releases_批量下载 xray\Xray-core\v25.9.11\Xray-android-amd64.zip      | LOCAL=c232be503d4cfe5c8caa642a5659daaf5174b49c7784115912243c52a16e83aa REMOTE=c232be503d4cfe5c8caa642a5659daaf5174b49c7784115912243c52a16e83aa
[2946/3625] Checking is OK   | E:\01.userData\ZhuoMian\Github_Releases_批量下载 xray\Xray-core\v25.9.11\Xray-android-arm64-v8a.zip  | LOCAL=8854a861493b335507e645195098472ca778b16b84d9dffd8d221eff0e4740a3 REMOTE=8854a861493b335507e645195098472ca778b16b84d9dffd8d221eff0e4740a3
[2947/3625] Checking is OK   | E:\01.userData\ZhuoMian\Github_Releases_批量下载 xray\Xray-core\v25.9.11\Xray-freebsd-32.zip         | LOCAL=ffff59bed146939417e19305f5100ef3ce4f2d0ba7da0bd8fed8694b1c7fb50a REMOTE=ffff59bed146939417e19305f5100ef3ce4f2d0ba7da0bd8fed8694b1c7fb50a
[2948/3625] Checking is OK   | E:\01.userData\ZhuoMian\Github_Releases_批量下载 xray\Xray-core\v25.9.11\Xray-freebsd-64.zip         | LOCAL=a04a774a22b8915e20014a3b256e66a68adb7a27f307e3d9773e444f612a40a6 REMOTE=a04a774a22b8915e20014a3b256e66a68adb7a27f307e3d9773e444f612a40a6
[2949/3625] Checking is OK   | E:\01.userData\ZhuoMian\Github_Releases_批量下载 xray\Xray-core\v25.9.11\Xray-freebsd-arm32-v7a.zip  | LOCAL=a44d537a356f3effe58b040bd900f84608753100849c8e9d28a5a566b7f8eec8 REMOTE=a44d537a356f3effe58b040bd900f84608753100849c8e9d28a5a566b7f8eec8
[2950/3625] Checking is OK   | E:\01.userData\ZhuoMian\Github_Releases_批量下载 xray\Xray-core\v25.9.11\Xray-freebsd-arm64-v8a.zip  | LOCAL=82996962388802874e073f2e3f0a633c2fd94651529b480b28ce0e5fa16aef49 REMOTE=82996962388802874e073f2e3f0a633c2fd94651529b480b28ce0e5fa16aef49
[2951/3625] Checking is OK   | E:\01.userData\ZhuoMian\Github_Releases_批量下载 xray\Xray-core\v25.9.11\Xray-linux-32.zip           | LOCAL=619d1ff1c5658bf54709c28716893f0a336d80da5edcd5c7a5475da2a45d9be7 REMOTE=619d1ff1c5658bf54709c28716893f0a336d80da5edcd5c7a5475da2a45d9be7
[2952/3625] Checking is OK   | E:\01.userData\ZhuoMian\Github_Releases_批量下载 xray\Xray-core\v25.9.11\Xray-linux-64.zip           | LOCAL=e3e26d15b0306401a6ec80e46bf165669c0fc2ac32626f19ad35071bd721115c REMOTE=e3e26d15b0306401a6ec80e46bf165669c0fc2ac32626f19ad35071bd721115c
[2953/3625] Checking is OK   | E:\01.userData\ZhuoMian\Github_Releases_批量下载 xray\Xray-core\v25.9.11\Xray-linux-arm32-v5.zip     | LOCAL=8eae05e49448bb647347523124460da31111454d9d783294afe5747a3495e14c REMOTE=8eae05e49448bb647347523124460da31111454d9d783294afe5747a3495e14c
[2954/3625] Checking is OK   | E:\01.userData\ZhuoMian\Github_Releases_批量下载 xray\Xray-core\v25.9.11\Xray-linux-arm32-v6.zip     | LOCAL=2ccbe4da867ccff49c98f314f62edc6ee63e61ec9923346fd4f3aea45a50d620 REMOTE=2ccbe4da867ccff49c98f314f62edc6ee63e61ec9923346fd4f3aea45a50d620
[2955/3625] Checking is OK   | E:\01.userData\ZhuoMian\Github_Releases_批量下载 xray\Xray-core\v25.9.11\Xray-linux-arm32-v7a.zip    | LOCAL=0929b4f92913c26cba8ed4127439d6de9cb75148a813c080dc1b9a3ee9cdae4e REMOTE=0929b4f92913c26cba8ed4127439d6de9cb75148a813c080dc1b9a3ee9cdae4e
[2956/3625] Checking is OK   | E:\01.userData\ZhuoMian\Github_Releases_批量下载 xray\Xray-core\v25.9.11\Xray-linux-arm64-v8a.zip    | LOCAL=eddebc3025bb6d5d17c3c20e50edd2ecaecd01b5797b759f0a37e8e5ce2e9976 REMOTE=eddebc3025bb6d5d17c3c20e50edd2ecaecd01b5797b759f0a37e8e5ce2e9976
[2957/3625] Checking is OK   | E:\01.userData\ZhuoMian\Github_Releases_批量下载 xray\Xray-core\v25.9.11\Xray-linux-loong64.zip      | LOCAL=005c962e30b659e24b3cf9ba40486904ee565ea9c86193ba4ba19c0f03872c29 REMOTE=005c962e30b659e24b3cf9ba40486904ee565ea9c86193ba4ba19c0f03872c29
[2958/3625] Checking is OK   | E:\01.userData\ZhuoMian\Github_Releases_批量下载 xray\Xray-core\v25.9.11\Xray-linux-mips32.zip       | LOCAL=2c79682ab24065f30569f23c2175a2fb4156d1ad0352f6d07f7f6a0b504972dd REMOTE=2c79682ab24065f30569f23c2175a2fb4156d1ad0352f6d07f7f6a0b504972dd
[2959/3625] Checking is OK   | E:\01.userData\ZhuoMian\Github_Releases_批量下载 xray\Xray-core\v25.9.11\Xray-linux-mips32le.zip     | LOCAL=831f4c824ae14dd62dd25ee4e734eed7a8868ee5809c1a09347c97160bf46360 REMOTE=831f4c824ae14dd62dd25ee4e734eed7a8868ee5809c1a09347c97160bf46360
[2960/3625] Checking is OK   | E:\01.userData\ZhuoMian\Github_Releases_批量下载 xray\Xray-core\v25.9.11\Xray-linux-mips64.zip       | LOCAL=c0e934744c12773afaebc22fcd4c4b2b51c30959ae1f520cf39278f90e85a6d8 REMOTE=c0e934744c12773afaebc22fcd4c4b2b51c30959ae1f520cf39278f90e85a6d8
[2961/3625] Checking is OK   | E:\01.userData\ZhuoMian\Github_Releases_批量下载 xray\Xray-core\v25.9.11\Xray-linux-mips64le.zip     | LOCAL=b93cae862a50fd3a9fb90b21b3912c7729ee2b5f24743c4c4086e0e6d21ac5b7 REMOTE=b93cae862a50fd3a9fb90b21b3912c7729ee2b5f24743c4c4086e0e6d21ac5b7
[2962/3625] Checking is OK   | E:\01.userData\ZhuoMian\Github_Releases_批量下载 xray\Xray-core\v25.9.11\Xray-linux-ppc64.zip        | LOCAL=f210a318af8617ed050d7d824cdfbe994543668128aabafe82f919f55cbc7b5d REMOTE=f210a318af8617ed050d7d824cdfbe994543668128aabafe82f919f55cbc7b5d
[2963/3625] Checking is OK   | E:\01.userData\ZhuoMian\Github_Releases_批量下载 xray\Xray-core\v25.9.11\Xray-linux-ppc64le.zip      | LOCAL=a488215cdc76b6b4ab5316c847c135e8feb630493aa1f4eac873dfd3c5cecf8f REMOTE=a488215cdc76b6b4ab5316c847c135e8feb630493aa1f4eac873dfd3c5cecf8f
[2964/3625] Checking is OK   | E:\01.userData\ZhuoMian\Github_Releases_批量下载 xray\Xray-core\v25.9.11\Xray-linux-riscv64.zip      | LOCAL=94288a178f4dbf7a40b873dbd28559acd875e1f284c767eb693b4fdbffbb5d61 REMOTE=94288a178f4dbf7a40b873dbd28559acd875e1f284c767eb693b4fdbffbb5d61
[2965/3625] Checking is OK   | E:\01.userData\ZhuoMian\Github_Releases_批量下载 xray\Xray-core\v25.9.11\Xray-linux-s390x.zip        | LOCAL=a22558967b8ec9c842319193d003e0d5dba59f1785465444898fc16012b752ff REMOTE=a22558967b8ec9c842319193d003e0d5dba59f1785465444898fc16012b752ff
[2966/3625] Checking is OK   | E:\01.userData\ZhuoMian\Github_Releases_批量下载 xray\Xray-core\v25.9.11\Xray-macos-64.zip           | LOCAL=0684e388d8e10a7e8ee86ba6ba5f40d162f82a0069d24b81a317d1d98b473aa6 REMOTE=0684e388d8e10a7e8ee86ba6ba5f40d162f82a0069d24b81a317d1d98b473aa6
[2967/3625] Checking is OK   | E:\01.userData\ZhuoMian\Github_Releases_批量下载 xray\Xray-core\v25.9.11\Xray-macos-arm64-v8a.zip    | LOCAL=5fe1f9e3cd75fb89e3fc655c27d7cedbfbcdabb0810c8dfa5a53c4cae9a7e27c REMOTE=5fe1f9e3cd75fb89e3fc655c27d7cedbfbcdabb0810c8dfa5a53c4cae9a7e27c
[2968/3625] Checking is OK   | E:\01.userData\ZhuoMian\Github_Releases_批量下载 xray\Xray-core\v25.9.11\Xray-openbsd-32.zip         | LOCAL=a3b40735bfe56a412b59cd3cb7769a4df721c1f3c6a30804c3d971e122cd780a REMOTE=a3b40735bfe56a412b59cd3cb7769a4df721c1f3c6a30804c3d971e122cd780a
[2969/3625] Checking is OK   | E:\01.userData\ZhuoMian\Github_Releases_批量下载 xray\Xray-core\v25.9.11\Xray-openbsd-64.zip         | LOCAL=085ddfe9d002a92bf70a302f2d21110ae0d2714ff216ec1c57454f9147a56fef REMOTE=085ddfe9d002a92bf70a302f2d21110ae0d2714ff216ec1c57454f9147a56fef
[2970/3625] Checking is OK   | E:\01.userData\ZhuoMian\Github_Releases_批量下载 xray\Xray-core\v25.9.11\Xray-openbsd-arm32-v7a.zip  | LOCAL=f5ba92a1db72d5c746483d2bd0b18f7fa3f63dca2a36dd0af3b83772a3d4b11a REMOTE=f5ba92a1db72d5c746483d2bd0b18f7fa3f63dca2a36dd0af3b83772a3d4b11a
[2971/3625] Checking is OK   | E:\01.userData\ZhuoMian\Github_Releases_批量下载 xray\Xray-core\v25.9.11\Xray-openbsd-arm64-v8a.zip  | LOCAL=73f67f7e3b4c40f6e79a1981d9c4a119a226b595904deb907562b308a4498dc3 REMOTE=73f67f7e3b4c40f6e79a1981d9c4a119a226b595904deb907562b308a4498dc3
[2972/3625] Checking is OK   | E:\01.userData\ZhuoMian\Github_Releases_批量下载 xray\Xray-core\v25.9.11\Xray-win7-32.zip            | LOCAL=b23acccc3f9bd2591911c31edb994c117f43c661f4a0ca06cbeeed4465d9c38a REMOTE=b23acccc3f9bd2591911c31edb994c117f43c661f4a0ca06cbeeed4465d9c38a
[2973/3625] Checking is OK   | E:\01.userData\ZhuoMian\Github_Releases_批量下载 xray\Xray-core\v25.9.11\Xray-win7-64.zip            | LOCAL=2b2218bdf0f2f5b72e7de2bd04976fab3a0c403cde75c8046f1f42a813200e56 REMOTE=2b2218bdf0f2f5b72e7de2bd04976fab3a0c403cde75c8046f1f42a813200e56
[2974/3625] Checking is OK   | E:\01.userData\ZhuoMian\Github_Releases_批量下载 xray\Xray-core\v25.9.11\Xray-windows-32.zip         | LOCAL=b2f3bde3dce9e3ba3d9bfee8a318cd07eec301520e81875dfc35837bdc8029ec REMOTE=b2f3bde3dce9e3ba3d9bfee8a318cd07eec301520e81875dfc35837bdc8029ec
[2975/3625] Checking is OK   | E:\01.userData\ZhuoMian\Github_Releases_批量下载 xray\Xray-core\v25.9.11\Xray-windows-64.zip         | LOCAL=d8db96eb39d7bc8cae484b2e59b651ff3c04f21e26d66e310f6a44e256ed1cc4 REMOTE=d8db96eb39d7bc8cae484b2e59b651ff3c04f21e26d66e310f6a44e256ed1cc4
[2976/3625] Checking is OK   | E:\01.userData\ZhuoMian\Github_Releases_批量下载 xray\Xray-core\v25.9.11\Xray-windows-arm32-v7a.zip  | LOCAL=44a633d37e0689db3f2d0d52408dd4e5020ad078c2a73aaac840e4583cec07ff REMOTE=44a633d37e0689db3f2d0d52408dd4e5020ad078c2a73aaac840e4583cec07ff
[2977/3625] Checking is OK   | E:\01.userData\ZhuoMian\Github_Releases_批量下载 xray\Xray-core\v25.9.11\Xray-windows-arm64-v8a.zip  | LOCAL=01456f8526d0c6aae8426c01d2da96594fc39af9ffb28db191bb2429fce11431 REMOTE=01456f8526d0c6aae8426c01d2da96594fc39af9ffb28db191bb2429fce11431
[2978/3625] Checking is OK   | E:\01.userData\ZhuoMian\Github_Releases_批量下载 xray\Xray-core\v25.9.5\Xray-android-amd64.zip       | LOCAL=db59f610a387097c1fe89479f01228deac6904d8382b2ee2da031c5942129f77 REMOTE=db59f610a387097c1fe89479f01228deac6904d8382b2ee2da031c5942129f77
[2979/3625] Checking is OK   | E:\01.userData\ZhuoMian\Github_Releases_批量下载 xray\Xray-core\v25.9.5\Xray-android-arm64-v8a.zip   | LOCAL=8f4a7f5ae283698741b1fb672b3943c9d5455107923138ff8e3f388f45cbdc6b REMOTE=8f4a7f5ae283698741b1fb672b3943c9d5455107923138ff8e3f388f45cbdc6b
[2980/3625] Checking is OK   | E:\01.userData\ZhuoMian\Github_Releases_批量下载 xray\Xray-core\v25.9.5\Xray-freebsd-32.zip          | LOCAL=49e0a8b684ea9c903ff001d3d13fa8b9bd810a65930d096f0274efbb0e353aa8 REMOTE=49e0a8b684ea9c903ff001d3d13fa8b9bd810a65930d096f0274efbb0e353aa8
[2981/3625] Checking is OK   | E:\01.userData\ZhuoMian\Github_Releases_批量下载 xray\Xray-core\v25.9.5\Xray-freebsd-64.zip          | LOCAL=e728a47d32e7f05dcd129c40d8f82fe8aa27edeec47cfe38fd454cf8669d5dd9 REMOTE=e728a47d32e7f05dcd129c40d8f82fe8aa27edeec47cfe38fd454cf8669d5dd9
[2982/3625] Checking is OK   | E:\01.userData\ZhuoMian\Github_Releases_批量下载 xray\Xray-core\v25.9.5\Xray-freebsd-arm32-v7a.zip   | LOCAL=6a6980fbb4ee396530054159214d111f0ff3a133397612adccf331186bd5d17b REMOTE=6a6980fbb4ee396530054159214d111f0ff3a133397612adccf331186bd5d17b
[2983/3625] Checking is OK   | E:\01.userData\ZhuoMian\Github_Releases_批量下载 xray\Xray-core\v25.9.5\Xray-freebsd-arm64-v8a.zip   | LOCAL=d3b7572392d62703d38f0ddb7ef16aa043e7880cf950c778500a5aae1b3842ad REMOTE=d3b7572392d62703d38f0ddb7ef16aa043e7880cf950c778500a5aae1b3842ad
[2984/3625] Checking is OK   | E:\01.userData\ZhuoMian\Github_Releases_批量下载 xray\Xray-core\v25.9.5\Xray-linux-32.zip            | LOCAL=f3c3cfe4a98010507c1d9d8cf904a1d91e1106e53913868b1994c9975daa0388 REMOTE=f3c3cfe4a98010507c1d9d8cf904a1d91e1106e53913868b1994c9975daa0388
[2985/3625] Checking is OK   | E:\01.userData\ZhuoMian\Github_Releases_批量下载 xray\Xray-core\v25.9.5\Xray-linux-64.zip            | LOCAL=234a543f781486e9db7be98f85a415e4475c608d04f7ba08c8670f7124de5216 REMOTE=234a543f781486e9db7be98f85a415e4475c608d04f7ba08c8670f7124de5216
[2986/3625] Checking is OK   | E:\01.userData\ZhuoMian\Github_Releases_批量下载 xray\Xray-core\v25.9.5\Xray-linux-arm32-v5.zip      | LOCAL=6b6fd115749132ee563255e13e38c185a68fac17b54c4af070ed48f85a3895f8 REMOTE=6b6fd115749132ee563255e13e38c185a68fac17b54c4af070ed48f85a3895f8
[2987/3625] Checking is OK   | E:\01.userData\ZhuoMian\Github_Releases_批量下载 xray\Xray-core\v25.9.5\Xray-linux-arm32-v6.zip      | LOCAL=22fabba98e79ffa20cbf64dcfe465b4d5246786579f963bce0298c8e523292dc REMOTE=22fabba98e79ffa20cbf64dcfe465b4d5246786579f963bce0298c8e523292dc
[2988/3625] Checking is OK   | E:\01.userData\ZhuoMian\Github_Releases_批量下载 xray\Xray-core\v25.9.5\Xray-linux-arm32-v7a.zip     | LOCAL=93c13c9ed0750b17b1b31d27b500b6557c69e014f3cbc516750b63c4aa5a0a3a REMOTE=93c13c9ed0750b17b1b31d27b500b6557c69e014f3cbc516750b63c4aa5a0a3a
[2989/3625] Checking is OK   | E:\01.userData\ZhuoMian\Github_Releases_批量下载 xray\Xray-core\v25.9.5\Xray-linux-arm64-v8a.zip     | LOCAL=77e7e1b479a430266f32e070ecc515dae28600e8cc103ecac16029ce7c51d8cb REMOTE=77e7e1b479a430266f32e070ecc515dae28600e8cc103ecac16029ce7c51d8cb
[2990/3625] Checking is OK   | E:\01.userData\ZhuoMian\Github_Releases_批量下载 xray\Xray-core\v25.9.5\Xray-linux-loong64.zip       | LOCAL=a75c1125a566defdc3d8b492a8c66faf5544f9d1ef28a06cd226c2a07cd26116 REMOTE=a75c1125a566defdc3d8b492a8c66faf5544f9d1ef28a06cd226c2a07cd26116
[2991/3625] Checking is OK   | E:\01.userData\ZhuoMian\Github_Releases_批量下载 xray\Xray-core\v25.9.5\Xray-linux-mips32.zip        | LOCAL=7f682d761609756c7626f47d223ca331efaff8dc46af6910994d8e7e121a421d REMOTE=7f682d761609756c7626f47d223ca331efaff8dc46af6910994d8e7e121a421d
[2992/3625] Checking is OK   | E:\01.userData\ZhuoMian\Github_Releases_批量下载 xray\Xray-core\v25.9.5\Xray-linux-mips32le.zip      | LOCAL=78ff4381ae802a154747cf5328a7b69e38b8c581aa611b80ab9b9f942634c703 REMOTE=78ff4381ae802a154747cf5328a7b69e38b8c581aa611b80ab9b9f942634c703
[2993/3625] Checking is OK   | E:\01.userData\ZhuoMian\Github_Releases_批量下载 xray\Xray-core\v25.9.5\Xray-linux-mips64.zip        | LOCAL=61d04628d07761f313ffcdf6bd46d11e30e197475cf220294819245af3ef77a7 REMOTE=61d04628d07761f313ffcdf6bd46d11e30e197475cf220294819245af3ef77a7
[2994/3625] Checking is OK   | E:\01.userData\ZhuoMian\Github_Releases_批量下载 xray\Xray-core\v25.9.5\Xray-linux-mips64le.zip      | LOCAL=7a0ceedb15f29b022a1bdb653a6af0c720f43a1dec8c99c2ccd1f869d82c0d5c REMOTE=7a0ceedb15f29b022a1bdb653a6af0c720f43a1dec8c99c2ccd1f869d82c0d5c
[2995/3625] Checking is OK   | E:\01.userData\ZhuoMian\Github_Releases_批量下载 xray\Xray-core\v25.9.5\Xray-linux-ppc64.zip         | LOCAL=fadd977309b06f4cb9e1f867a0b4ea5a42634c177cc3957f41f77d204a2020a9 REMOTE=fadd977309b06f4cb9e1f867a0b4ea5a42634c177cc3957f41f77d204a2020a9
[2996/3625] Checking is OK   | E:\01.userData\ZhuoMian\Github_Releases_批量下载 xray\Xray-core\v25.9.5\Xray-linux-ppc64le.zip       | LOCAL=5c30c88018cfa5ed2dc96d54f126d7c7e33b793adf1848f86c3b59c4025f60ee REMOTE=5c30c88018cfa5ed2dc96d54f126d7c7e33b793adf1848f86c3b59c4025f60ee
[2997/3625] Checking is OK   | E:\01.userData\ZhuoMian\Github_Releases_批量下载 xray\Xray-core\v25.9.5\Xray-linux-riscv64.zip       | LOCAL=caaa8781223d2842572c3e49ec1986c747ed563ab429346a49edfd5e4eb4b440 REMOTE=caaa8781223d2842572c3e49ec1986c747ed563ab429346a49edfd5e4eb4b440
[2998/3625] Checking is OK   | E:\01.userData\ZhuoMian\Github_Releases_批量下载 xray\Xray-core\v25.9.5\Xray-linux-s390x.zip         | LOCAL=ebc9b812724f45bee8ab1eb0367d55bd69516f65feb3ee6311a1d023c62b3e82 REMOTE=ebc9b812724f45bee8ab1eb0367d55bd69516f65feb3ee6311a1d023c62b3e82
[2999/3625] Checking is OK   | E:\01.userData\ZhuoMian\Github_Releases_批量下载 xray\Xray-core\v25.9.5\Xray-macos-64.zip            | LOCAL=b29fb7e71768a487ee4e68e46ab66212f237298c55da9359dadfa4ee514bd991 REMOTE=b29fb7e71768a487ee4e68e46ab66212f237298c55da9359dadfa4ee514bd991
[3000/3625] Checking is OK   | E:\01.userData\ZhuoMian\Github_Releases_批量下载 xray\Xray-core\v25.9.5\Xray-macos-arm64-v8a.zip     | LOCAL=0202198a72b9f2f1ae0695509d5ad22bad6bed3825fe8bf0847f4d60b2613e9e REMOTE=0202198a72b9f2f1ae0695509d5ad22bad6bed3825fe8bf0847f4d60b2613e9e
[3001/3625] Checking is OK   | E:\01.userData\ZhuoMian\Github_Releases_批量下载 xray\Xray-core\v25.9.5\Xray-openbsd-32.zip          | LOCAL=4c07b651bd2289ffc92c7bb7406a1f24e350265ad7d6b7db3a4131e67b2b30d7 REMOTE=4c07b651bd2289ffc92c7bb7406a1f24e350265ad7d6b7db3a4131e67b2b30d7
[3002/3625] Checking is OK   | E:\01.userData\ZhuoMian\Github_Releases_批量下载 xray\Xray-core\v25.9.5\Xray-openbsd-64.zip          | LOCAL=e4608f388393560e4aceb216e46fae85035ceaaed21fc57258096d24147d65f4 REMOTE=e4608f388393560e4aceb216e46fae85035ceaaed21fc57258096d24147d65f4
[3003/3625] Checking is OK   | E:\01.userData\ZhuoMian\Github_Releases_批量下载 xray\Xray-core\v25.9.5\Xray-openbsd-arm32-v7a.zip   | LOCAL=c6052ed3c3eb03ec46c4c6c83bc29b83cab9305a1287a542940da3bc22600584 REMOTE=c6052ed3c3eb03ec46c4c6c83bc29b83cab9305a1287a542940da3bc22600584
[3004/3625] Checking is OK   | E:\01.userData\ZhuoMian\Github_Releases_批量下载 xray\Xray-core\v25.9.5\Xray-openbsd-arm64-v8a.zip   | LOCAL=7c295a7499adb191cbaada97c1772630a252621b9d92941cc9d2054b5710310e REMOTE=7c295a7499adb191cbaada97c1772630a252621b9d92941cc9d2054b5710310e
[3005/3625] Checking is OK   | E:\01.userData\ZhuoMian\Github_Releases_批量下载 xray\Xray-core\v25.9.5\Xray-win7-32.zip             | LOCAL=4a244bbfa43a27cf6994d62f98aa88b79b13284318fe7701368e26e7a6420dd8 REMOTE=4a244bbfa43a27cf6994d62f98aa88b79b13284318fe7701368e26e7a6420dd8
[3006/3625] Checking is OK   | E:\01.userData\ZhuoMian\Github_Releases_批量下载 xray\Xray-core\v25.9.5\Xray-win7-64.zip             | LOCAL=6b692bb5d22a6fadc35d4c8661f97d82669a848d141eeb6d1581a8adf4d30a5e REMOTE=6b692bb5d22a6fadc35d4c8661f97d82669a848d141eeb6d1581a8adf4d30a5e
[3007/3625] Checking is OK   | E:\01.userData\ZhuoMian\Github_Releases_批量下载 xray\Xray-core\v25.9.5\Xray-windows-32.zip          | LOCAL=dfc110d05259b7f3e2d766ae361f1dd9a9f63be7c2762511d9b5cac2120fd813 REMOTE=dfc110d05259b7f3e2d766ae361f1dd9a9f63be7c2762511d9b5cac2120fd813
[3008/3625] Checking is OK   | E:\01.userData\ZhuoMian\Github_Releases_批量下载 xray\Xray-core\v25.9.5\Xray-windows-64.zip          | LOCAL=5c0b2cef15cd77e32657dd23e5e1c97199a62ab886ba9ff4a7220b0ee7b7f751 REMOTE=5c0b2cef15cd77e32657dd23e5e1c97199a62ab886ba9ff4a7220b0ee7b7f751
[3009/3625] Checking is OK   | E:\01.userData\ZhuoMian\Github_Releases_批量下载 xray\Xray-core\v25.9.5\Xray-windows-arm32-v7a.zip   | LOCAL=0cf9a767be4d2fd717327562b2876e1b3b06fc810f4d0c74856ef1b03de0d185 REMOTE=0cf9a767be4d2fd717327562b2876e1b3b06fc810f4d0c74856ef1b03de0d185
[3010/3625] Checking is OK   | E:\01.userData\ZhuoMian\Github_Releases_批量下载 xray\Xray-core\v25.9.5\Xray-windows-arm64-v8a.zip   | LOCAL=a2156ccd6c23352dced563e36aeb45904935366231e8ece76a60349d1cec3534 REMOTE=a2156ccd6c23352dced563e36aeb45904935366231e8ece76a60349d1cec3534
[3011/3625] Checking is OK   | E:\01.userData\ZhuoMian\Github_Releases_批量下载 xray\Xray-core\v26.1.13\Xray-android-amd64.zip      | LOCAL=da86d39e636f5bc29018bddcae4efbf993f6d95e21add60e95db727f948e1673 REMOTE=da86d39e636f5bc29018bddcae4efbf993f6d95e21add60e95db727f948e1673
[3012/3625] Checking is OK   | E:\01.userData\ZhuoMian\Github_Releases_批量下载 xray\Xray-core\v26.1.13\Xray-android-arm64-v8a.zip  | LOCAL=13b9ca44fa3a5d29da007c81d3b76b785ded331bbba142aed631d25de1e4011d REMOTE=13b9ca44fa3a5d29da007c81d3b76b785ded331bbba142aed631d25de1e4011d
[3013/3625] Checking is OK   | E:\01.userData\ZhuoMian\Github_Releases_批量下载 xray\Xray-core\v26.1.13\Xray-freebsd-32.zip         | LOCAL=aa664e37375be0e01212ffea96947f6ac014d59ddd0dd0cc50c324632bdadade REMOTE=aa664e37375be0e01212ffea96947f6ac014d59ddd0dd0cc50c324632bdadade
[3014/3625] Checking is OK   | E:\01.userData\ZhuoMian\Github_Releases_批量下载 xray\Xray-core\v26.1.13\Xray-freebsd-64.zip         | LOCAL=a12f6ba3680d3499b7ff4da397545bb143fcbc6a1c4dfbd6d0f797da6a7c5e76 REMOTE=a12f6ba3680d3499b7ff4da397545bb143fcbc6a1c4dfbd6d0f797da6a7c5e76
[3015/3625] Checking is OK   | E:\01.userData\ZhuoMian\Github_Releases_批量下载 xray\Xray-core\v26.1.13\Xray-freebsd-arm32-v7a.zip  | LOCAL=1a814f69c909986baf6c2844e15b0b70b89dddc019165339ac98062c76908293 REMOTE=1a814f69c909986baf6c2844e15b0b70b89dddc019165339ac98062c76908293
[3016/3625] Checking is OK   | E:\01.userData\ZhuoMian\Github_Releases_批量下载 xray\Xray-core\v26.1.13\Xray-freebsd-arm64-v8a.zip  | LOCAL=fe4748fa1790b3653c0d9396dcdf2e47d266d5d0938797156f8643fc71a9aa67 REMOTE=fe4748fa1790b3653c0d9396dcdf2e47d266d5d0938797156f8643fc71a9aa67
[3017/3625] Checking is OK   | E:\01.userData\ZhuoMian\Github_Releases_批量下载 xray\Xray-core\v26.1.13\Xray-linux-32.zip           | LOCAL=78da7fd212d3e8c0b033cf9c0b15665fb40d7f080177bee611ab7e7bab372b5c REMOTE=78da7fd212d3e8c0b033cf9c0b15665fb40d7f080177bee611ab7e7bab372b5c
[3018/3625] Checking is OK   | E:\01.userData\ZhuoMian\Github_Releases_批量下载 xray\Xray-core\v26.1.13\Xray-linux-64.zip           | LOCAL=479fae5ddd43be05fef3ef1421c49fda4e54662dd03aa9fe106118a55aebd9c5 REMOTE=479fae5ddd43be05fef3ef1421c49fda4e54662dd03aa9fe106118a55aebd9c5
[3019/3625] Checking is OK   | E:\01.userData\ZhuoMian\Github_Releases_批量下载 xray\Xray-core\v26.1.13\Xray-linux-arm32-v5.zip     | LOCAL=5b736786d7064e5d604ea588a2e6f36169b117fda2370f30e1c41b5cd2ec75e1 REMOTE=5b736786d7064e5d604ea588a2e6f36169b117fda2370f30e1c41b5cd2ec75e1
[3020/3625] Checking is OK   | E:\01.userData\ZhuoMian\Github_Releases_批量下载 xray\Xray-core\v26.1.13\Xray-linux-arm32-v6.zip     | LOCAL=535cf4c7c7bec3385eab77e05ef44963fec446317b2e6cdeb7aa9674eb8d63cc REMOTE=535cf4c7c7bec3385eab77e05ef44963fec446317b2e6cdeb7aa9674eb8d63cc
[3021/3625] Checking is OK   | E:\01.userData\ZhuoMian\Github_Releases_批量下载 xray\Xray-core\v26.1.13\Xray-linux-arm32-v7a.zip    | LOCAL=6621d910dcf60484a2614325db6107b60408666b23e272a28c2fcffc45b3cfd0 REMOTE=6621d910dcf60484a2614325db6107b60408666b23e272a28c2fcffc45b3cfd0
[3022/3625] Checking is OK   | E:\01.userData\ZhuoMian\Github_Releases_批量下载 xray\Xray-core\v26.1.13\Xray-linux-arm64-v8a.zip    | LOCAL=1a22c529d95f3731150f16ce93fa72f4c6602c7db7f1a73d37655d732cc20db5 REMOTE=1a22c529d95f3731150f16ce93fa72f4c6602c7db7f1a73d37655d732cc20db5
[3023/3625] Checking is OK   | E:\01.userData\ZhuoMian\Github_Releases_批量下载 xray\Xray-core\v26.1.13\Xray-linux-loong64.zip      | LOCAL=5fcbf4e096bc63b570cc91f9fc8f7a7fef4ae1484fffef5d18e252bf3e16d314 REMOTE=5fcbf4e096bc63b570cc91f9fc8f7a7fef4ae1484fffef5d18e252bf3e16d314
[3024/3625] Checking is OK   | E:\01.userData\ZhuoMian\Github_Releases_批量下载 xray\Xray-core\v26.1.13\Xray-linux-mips32.zip       | LOCAL=8fbceec95436bace4501c8f9f244407c21af4905008a492fd825f5ef93e3d02d REMOTE=8fbceec95436bace4501c8f9f244407c21af4905008a492fd825f5ef93e3d02d
[3025/3625] Checking is OK   | E:\01.userData\ZhuoMian\Github_Releases_批量下载 xray\Xray-core\v26.1.13\Xray-linux-mips32le.zip     | LOCAL=e70637890c2f71a168f5e100d99f7b40be4fc3c64b7b89d707ce3e3d93319c65 REMOTE=e70637890c2f71a168f5e100d99f7b40be4fc3c64b7b89d707ce3e3d93319c65
[3026/3625] Checking is OK   | E:\01.userData\ZhuoMian\Github_Releases_批量下载 xray\Xray-core\v26.1.13\Xray-linux-mips64.zip       | LOCAL=51104b55ed4b8a4ad91978327a6fb48e4764be48eaeb0e3f9ee97e94461c2f23 REMOTE=51104b55ed4b8a4ad91978327a6fb48e4764be48eaeb0e3f9ee97e94461c2f23
[3027/3625] Checking is OK   | E:\01.userData\ZhuoMian\Github_Releases_批量下载 xray\Xray-core\v26.1.13\Xray-linux-mips64le.zip     | LOCAL=ab3167cc86a3527f9245dffd32f126906327277505a82856d58975f06510b82d REMOTE=ab3167cc86a3527f9245dffd32f126906327277505a82856d58975f06510b82d
[3028/3625] Checking is OK   | E:\01.userData\ZhuoMian\Github_Releases_批量下载 xray\Xray-core\v26.1.13\Xray-linux-ppc64.zip        | LOCAL=c00c491fccf58d536525537db850bd75403b9aadeca3fbb54763a8a4e17a0210 REMOTE=c00c491fccf58d536525537db850bd75403b9aadeca3fbb54763a8a4e17a0210
[3029/3625] Checking is OK   | E:\01.userData\ZhuoMian\Github_Releases_批量下载 xray\Xray-core\v26.1.13\Xray-linux-ppc64le.zip      | LOCAL=36fa2bdae1bc593602c6b3b9b6105bc30a0c6dc4f1a8c532bd0532b73f6cd82b REMOTE=36fa2bdae1bc593602c6b3b9b6105bc30a0c6dc4f1a8c532bd0532b73f6cd82b
[3030/3625] Checking is OK   | E:\01.userData\ZhuoMian\Github_Releases_批量下载 xray\Xray-core\v26.1.13\Xray-linux-riscv64.zip      | LOCAL=a103b64f4808a299b6bfe4ca6cd90a6a44aa1158a701e220b810a1cf1fb48aee REMOTE=a103b64f4808a299b6bfe4ca6cd90a6a44aa1158a701e220b810a1cf1fb48aee
[3031/3625] Checking is OK   | E:\01.userData\ZhuoMian\Github_Releases_批量下载 xray\Xray-core\v26.1.13\Xray-linux-s390x.zip        | LOCAL=30c7be290ee806ba1aa973e6db3e2b139e7c7e4983006321d84fa825719e3f20 REMOTE=30c7be290ee806ba1aa973e6db3e2b139e7c7e4983006321d84fa825719e3f20
[3032/3625] Checking is OK   | E:\01.userData\ZhuoMian\Github_Releases_批量下载 xray\Xray-core\v26.1.13\Xray-macos-64.zip           | LOCAL=3ddcf7feb513bd140cc1b45d1599aeb82940aed2120ac637efc349c5489dacaa REMOTE=3ddcf7feb513bd140cc1b45d1599aeb82940aed2120ac637efc349c5489dacaa
[3033/3625] Checking is OK   | E:\01.userData\ZhuoMian\Github_Releases_批量下载 xray\Xray-core\v26.1.13\Xray-macos-arm64-v8a.zip    | LOCAL=32a61334aa89dbbe57eac588427fbb5e100cee0a03524260e3fb2b5ace43a03e REMOTE=32a61334aa89dbbe57eac588427fbb5e100cee0a03524260e3fb2b5ace43a03e
[3034/3625] Checking is OK   | E:\01.userData\ZhuoMian\Github_Releases_批量下载 xray\Xray-core\v26.1.13\Xray-openbsd-32.zip         | LOCAL=51ed944d4c3d2c3b2fdad615e480c3633addd9e29999651fa11b7bc5ddbba1e4 REMOTE=51ed944d4c3d2c3b2fdad615e480c3633addd9e29999651fa11b7bc5ddbba1e4
[3035/3625] Checking is OK   | E:\01.userData\ZhuoMian\Github_Releases_批量下载 xray\Xray-core\v26.1.13\Xray-openbsd-64.zip         | LOCAL=25a3860256d53b87503baa3468a9410bd3b6a6123a088d2f8bea7695e14ee513 REMOTE=25a3860256d53b87503baa3468a9410bd3b6a6123a088d2f8bea7695e14ee513
[3036/3625] Checking is OK   | E:\01.userData\ZhuoMian\Github_Releases_批量下载 xray\Xray-core\v26.1.13\Xray-openbsd-arm32-v7a.zip  | LOCAL=fd10d15bf8d660d70fc777a8d633095839f32748cb0a9500fd3d37fa9805a33b REMOTE=fd10d15bf8d660d70fc777a8d633095839f32748cb0a9500fd3d37fa9805a33b
[3037/3625] Checking is OK   | E:\01.userData\ZhuoMian\Github_Releases_批量下载 xray\Xray-core\v26.1.13\Xray-openbsd-arm64-v8a.zip  | LOCAL=4f541fac733a68a38892bf3457d25a5906abe380556ddf169ca59a35d40109de REMOTE=4f541fac733a68a38892bf3457d25a5906abe380556ddf169ca59a35d40109de
[3038/3625] Checking is OK   | E:\01.userData\ZhuoMian\Github_Releases_批量下载 xray\Xray-core\v26.1.13\Xray-win7-32.zip            | LOCAL=a2528070d571a9d9fc2594bd18b7223d08e47e7d45f1b0053597d0ba7fbe1c60 REMOTE=a2528070d571a9d9fc2594bd18b7223d08e47e7d45f1b0053597d0ba7fbe1c60
[3039/3625] Checking is OK   | E:\01.userData\ZhuoMian\Github_Releases_批量下载 xray\Xray-core\v26.1.13\Xray-win7-64.zip            | LOCAL=251b1a2bfb8b0baad1d02cad2788706e6dcf13a0e64b20c9ee1c6aaf278b5cbe REMOTE=251b1a2bfb8b0baad1d02cad2788706e6dcf13a0e64b20c9ee1c6aaf278b5cbe
[3040/3625] Checking is OK   | E:\01.userData\ZhuoMian\Github_Releases_批量下载 xray\Xray-core\v26.1.13\Xray-windows-32.zip         | LOCAL=1b388c8224a531d9e4e87cfb550b6beeb7ccfe9c617467e934a451feda62d1fb REMOTE=1b388c8224a531d9e4e87cfb550b6beeb7ccfe9c617467e934a451feda62d1fb
[3041/3625] Checking is OK   | E:\01.userData\ZhuoMian\Github_Releases_批量下载 xray\Xray-core\v26.1.13\Xray-windows-64.zip         | LOCAL=ec0a1e814cf7b5146b8046af876db8d756ad9eaf73b1ee8699a173b0582f9c86 REMOTE=ec0a1e814cf7b5146b8046af876db8d756ad9eaf73b1ee8699a173b0582f9c86
[3042/3625] Checking is OK   | E:\01.userData\ZhuoMian\Github_Releases_批量下载 xray\Xray-core\v26.1.13\Xray-windows-arm32-v7a.zip  | LOCAL=9b5b2cf2197a8233081ac7c7462a22204842d101d9890ac7f6b80fe86e7ad4e3 REMOTE=9b5b2cf2197a8233081ac7c7462a22204842d101d9890ac7f6b80fe86e7ad4e3
[3043/3625] Checking is OK   | E:\01.userData\ZhuoMian\Github_Releases_批量下载 xray\Xray-core\v26.1.13\Xray-windows-arm64-v8a.zip  | LOCAL=dae04baaf00f092247a861b520449552bdb1e20d5b5d65a0844b2dddd8c977ae REMOTE=dae04baaf00f092247a861b520449552bdb1e20d5b5d65a0844b2dddd8c977ae
[3044/3625] Checking is OK   | E:\01.userData\ZhuoMian\Github_Releases_批量下载 xray\Xray-core\v26.1.18\Xray-android-amd64.zip      | LOCAL=fe549d6dc9c3ca806659cf1291b4940b66f85d618a697d38bf1027fd46b3057e REMOTE=fe549d6dc9c3ca806659cf1291b4940b66f85d618a697d38bf1027fd46b3057e
[3045/3625] Checking is OK   | E:\01.userData\ZhuoMian\Github_Releases_批量下载 xray\Xray-core\v26.1.18\Xray-android-arm64-v8a.zip  | LOCAL=dab2f408aba16861840995460c3abf7347482f650acae22e65dc3695cb9c68dd REMOTE=dab2f408aba16861840995460c3abf7347482f650acae22e65dc3695cb9c68dd
[3046/3625] Checking is OK   | E:\01.userData\ZhuoMian\Github_Releases_批量下载 xray\Xray-core\v26.1.18\Xray-freebsd-32.zip         | LOCAL=7818f597f6ade6d1d6739947c54376ff361d50bff02feb8a06dd879466476ce7 REMOTE=7818f597f6ade6d1d6739947c54376ff361d50bff02feb8a06dd879466476ce7
[3047/3625] Checking is OK   | E:\01.userData\ZhuoMian\Github_Releases_批量下载 xray\Xray-core\v26.1.18\Xray-freebsd-64.zip         | LOCAL=21e5e32644ee95b57b2cf6b7e16dc53b9d1646ca5940005889e5e23dba65aa4b REMOTE=21e5e32644ee95b57b2cf6b7e16dc53b9d1646ca5940005889e5e23dba65aa4b
[3048/3625] Checking is OK   | E:\01.userData\ZhuoMian\Github_Releases_批量下载 xray\Xray-core\v26.1.18\Xray-freebsd-arm32-v7a.zip  | LOCAL=15fc741d1d523914be925d28494f769f3d32b8d8cf9272d2ec40886de422b1ee REMOTE=15fc741d1d523914be925d28494f769f3d32b8d8cf9272d2ec40886de422b1ee
[3049/3625] Checking is OK   | E:\01.userData\ZhuoMian\Github_Releases_批量下载 xray\Xray-core\v26.1.18\Xray-freebsd-arm64-v8a.zip  | LOCAL=04071347d9e9fe8566f0d047fbe77db8b995440d0eaaab68e70c36b0bcd1286e REMOTE=04071347d9e9fe8566f0d047fbe77db8b995440d0eaaab68e70c36b0bcd1286e
[3050/3625] Checking is OK   | E:\01.userData\ZhuoMian\Github_Releases_批量下载 xray\Xray-core\v26.1.18\Xray-linux-32.zip           | LOCAL=370bd9a045ab918aad381fddbd5d420a15b749380799bcb159ae9cd4d631a1e3 REMOTE=370bd9a045ab918aad381fddbd5d420a15b749380799bcb159ae9cd4d631a1e3
[3051/3625] Checking is OK   | E:\01.userData\ZhuoMian\Github_Releases_批量下载 xray\Xray-core\v26.1.18\Xray-linux-64.zip           | LOCAL=4672d3a90895b11a6fe92fee6b3a20d1d9f155dd827ed0c74d089e91aaf0ed8e REMOTE=4672d3a90895b11a6fe92fee6b3a20d1d9f155dd827ed0c74d089e91aaf0ed8e
[3052/3625] Checking is OK   | E:\01.userData\ZhuoMian\Github_Releases_批量下载 xray\Xray-core\v26.1.18\Xray-linux-arm32-v5.zip     | LOCAL=2ee26331ef1ae6c7504b39337390054bb4762a1af3c81be09b4289c11a82bc9f REMOTE=2ee26331ef1ae6c7504b39337390054bb4762a1af3c81be09b4289c11a82bc9f
[3053/3625] Checking is OK   | E:\01.userData\ZhuoMian\Github_Releases_批量下载 xray\Xray-core\v26.1.18\Xray-linux-arm32-v6.zip     | LOCAL=2db5d96b8b6c19446987cae30c3b42831f225537ffe198fd5be1d0e1833f3f2c REMOTE=2db5d96b8b6c19446987cae30c3b42831f225537ffe198fd5be1d0e1833f3f2c
[3054/3625] Checking is OK   | E:\01.userData\ZhuoMian\Github_Releases_批量下载 xray\Xray-core\v26.1.18\Xray-linux-arm32-v7a.zip    | LOCAL=e1862c36c53b40b5ea8e3d626c6365c81d7af11929c02332bce2d30e4164eca8 REMOTE=e1862c36c53b40b5ea8e3d626c6365c81d7af11929c02332bce2d30e4164eca8
[3055/3625] Checking is OK   | E:\01.userData\ZhuoMian\Github_Releases_批量下载 xray\Xray-core\v26.1.18\Xray-linux-arm64-v8a.zip    | LOCAL=d912525d5c2aa7aa37de3dc8a2b7f355184eaf62c5f83158b0e3681287fe9605 REMOTE=d912525d5c2aa7aa37de3dc8a2b7f355184eaf62c5f83158b0e3681287fe9605
[3056/3625] Checking is OK   | E:\01.userData\ZhuoMian\Github_Releases_批量下载 xray\Xray-core\v26.1.18\Xray-linux-loong64.zip      | LOCAL=c9378669835948f0fd3d5d6ba94b21d8ca3a774b1767d808384bcba7d6ff9108 REMOTE=c9378669835948f0fd3d5d6ba94b21d8ca3a774b1767d808384bcba7d6ff9108
[3057/3625] Checking is OK   | E:\01.userData\ZhuoMian\Github_Releases_批量下载 xray\Xray-core\v26.1.18\Xray-linux-mips32.zip       | LOCAL=77ea9d2929ff2c1eaa10dadc095c3cefdac91bd9966c2e54e0b61c4a00560332 REMOTE=77ea9d2929ff2c1eaa10dadc095c3cefdac91bd9966c2e54e0b61c4a00560332
[3058/3625] Checking is OK   | E:\01.userData\ZhuoMian\Github_Releases_批量下载 xray\Xray-core\v26.1.18\Xray-linux-mips32le.zip     | LOCAL=acb34c13a9e4fd9d3a64010a6669ef0496f9454fe53697258ccc5782abf47717 REMOTE=acb34c13a9e4fd9d3a64010a6669ef0496f9454fe53697258ccc5782abf47717
[3059/3625] Checking is OK   | E:\01.userData\ZhuoMian\Github_Releases_批量下载 xray\Xray-core\v26.1.18\Xray-linux-mips64.zip       | LOCAL=d68cd211a922d922259939b877fb65017574f47e64d024d089ab9543ee46b6a9 REMOTE=d68cd211a922d922259939b877fb65017574f47e64d024d089ab9543ee46b6a9
[3060/3625] Checking is OK   | E:\01.userData\ZhuoMian\Github_Releases_批量下载 xray\Xray-core\v26.1.18\Xray-linux-mips64le.zip     | LOCAL=760c0890a7abc5af2d25553867812e837ab252f14c3b05f8eb682155ef7c730f REMOTE=760c0890a7abc5af2d25553867812e837ab252f14c3b05f8eb682155ef7c730f
[3061/3625] Checking is OK   | E:\01.userData\ZhuoMian\Github_Releases_批量下载 xray\Xray-core\v26.1.18\Xray-linux-ppc64.zip        | LOCAL=6d2addc98815a2b7e63cfb58b06fac2b1e69523f88517e38fa9537026b5bc4c7 REMOTE=6d2addc98815a2b7e63cfb58b06fac2b1e69523f88517e38fa9537026b5bc4c7
[3062/3625] Checking is OK   | E:\01.userData\ZhuoMian\Github_Releases_批量下载 xray\Xray-core\v26.1.18\Xray-linux-ppc64le.zip      | LOCAL=8208bb3342a2090e5b9a45e5a30296913d7f5c75d16fcfdec2400573632dca8a REMOTE=8208bb3342a2090e5b9a45e5a30296913d7f5c75d16fcfdec2400573632dca8a
[3063/3625] Checking is OK   | E:\01.userData\ZhuoMian\Github_Releases_批量下载 xray\Xray-core\v26.1.18\Xray-linux-riscv64.zip      | LOCAL=ad8811c1ca045765483cd3c555a61f9891948f881f602d1ff1e23d4bfed4a0b7 REMOTE=ad8811c1ca045765483cd3c555a61f9891948f881f602d1ff1e23d4bfed4a0b7
[3064/3625] Checking is OK   | E:\01.userData\ZhuoMian\Github_Releases_批量下载 xray\Xray-core\v26.1.18\Xray-linux-s390x.zip        | LOCAL=1a26dc3a1c10c02c4adfc47eb28507661946a8bc81156d09eb6099ca20f00a71 REMOTE=1a26dc3a1c10c02c4adfc47eb28507661946a8bc81156d09eb6099ca20f00a71
[3065/3625] Checking is OK   | E:\01.userData\ZhuoMian\Github_Releases_批量下载 xray\Xray-core\v26.1.18\Xray-macos-64.zip           | LOCAL=9fad4e73410f4ffcf776687676f87f76a31ba681999a41a94bafe2e6fae954d1 REMOTE=9fad4e73410f4ffcf776687676f87f76a31ba681999a41a94bafe2e6fae954d1
[3066/3625] Checking is OK   | E:\01.userData\ZhuoMian\Github_Releases_批量下载 xray\Xray-core\v26.1.18\Xray-macos-arm64-v8a.zip    | LOCAL=f8f3a29f12025fad21b730dee3b9400ecfed8f17c0998f036b423d72feb83ce1 REMOTE=f8f3a29f12025fad21b730dee3b9400ecfed8f17c0998f036b423d72feb83ce1
[3067/3625] Checking is OK   | E:\01.userData\ZhuoMian\Github_Releases_批量下载 xray\Xray-core\v26.1.18\Xray-openbsd-32.zip         | LOCAL=c787f2005e8f819ae0d492987baf79050ebdd787d88d6d27c132ac038c4d868b REMOTE=c787f2005e8f819ae0d492987baf79050ebdd787d88d6d27c132ac038c4d868b
[3068/3625] Checking is OK   | E:\01.userData\ZhuoMian\Github_Releases_批量下载 xray\Xray-core\v26.1.18\Xray-openbsd-64.zip         | LOCAL=4a13b4754042fc490fa358003fbf00d6a1e2ed36519c050737b2b7f17a2a5386 REMOTE=4a13b4754042fc490fa358003fbf00d6a1e2ed36519c050737b2b7f17a2a5386
[3069/3625] Checking is OK   | E:\01.userData\ZhuoMian\Github_Releases_批量下载 xray\Xray-core\v26.1.18\Xray-openbsd-arm32-v7a.zip  | LOCAL=3d2bb6c5a978be863fa0c0a08995b15cf199b282a86e31f8ed096a218907afac REMOTE=3d2bb6c5a978be863fa0c0a08995b15cf199b282a86e31f8ed096a218907afac
[3070/3625] Checking is OK   | E:\01.userData\ZhuoMian\Github_Releases_批量下载 xray\Xray-core\v26.1.18\Xray-openbsd-arm64-v8a.zip  | LOCAL=6276c35e89eac80225a3867bdf9bce076feb5598ff7fcfdd327368cd20dd0f36 REMOTE=6276c35e89eac80225a3867bdf9bce076feb5598ff7fcfdd327368cd20dd0f36
[3071/3625] Checking is OK   | E:\01.userData\ZhuoMian\Github_Releases_批量下载 xray\Xray-core\v26.1.18\Xray-win7-32.zip            | LOCAL=78281a62b4f3557e034670679698c2bd546a648c67fd104d88b352894214a7d4 REMOTE=78281a62b4f3557e034670679698c2bd546a648c67fd104d88b352894214a7d4
[3072/3625] Checking is OK   | E:\01.userData\ZhuoMian\Github_Releases_批量下载 xray\Xray-core\v26.1.18\Xray-win7-64.zip            | LOCAL=daff5a101b253a5f811f9c73e20cf0c37d65b1e311aab964b6815f9658ebe3b3 REMOTE=daff5a101b253a5f811f9c73e20cf0c37d65b1e311aab964b6815f9658ebe3b3
[3073/3625] Checking is OK   | E:\01.userData\ZhuoMian\Github_Releases_批量下载 xray\Xray-core\v26.1.18\Xray-windows-32.zip         | LOCAL=6f464aec2f68870c5f472add33f5ba23dec2c33053ed7010563c63d081d703d9 REMOTE=6f464aec2f68870c5f472add33f5ba23dec2c33053ed7010563c63d081d703d9
[3074/3625] Checking is OK   | E:\01.userData\ZhuoMian\Github_Releases_批量下载 xray\Xray-core\v26.1.18\Xray-windows-64.zip         | LOCAL=12ae3c89376cd16a6e3df8e881befd7f6379b2cd13904043c6e0a6124ef9f833 REMOTE=12ae3c89376cd16a6e3df8e881befd7f6379b2cd13904043c6e0a6124ef9f833
[3075/3625] Checking is OK   | E:\01.userData\ZhuoMian\Github_Releases_批量下载 xray\Xray-core\v26.1.18\Xray-windows-arm32-v7a.zip  | LOCAL=beee896ee345a2fdc34c562e6580188e2741b488071b2425850a63ae4d104978 REMOTE=beee896ee345a2fdc34c562e6580188e2741b488071b2425850a63ae4d104978
[3076/3625] Checking is OK   | E:\01.userData\ZhuoMian\Github_Releases_批量下载 xray\Xray-core\v26.1.18\Xray-windows-arm64-v8a.zip  | LOCAL=40a923c772c74b944fe6cb596af6b62cb5793a8de1424878a8e87d97cd9c451a REMOTE=40a923c772c74b944fe6cb596af6b62cb5793a8de1424878a8e87d97cd9c451a
[3077/3625] Checking is OK   | E:\01.userData\ZhuoMian\Github_Releases_批量下载 xray\Xray-core\v26.1.23\Xray-android-amd64.zip      | LOCAL=9ddab978e87ff55762dc4c4a7aa507c636faa1fff4383de7686378b0437eeaf4 REMOTE=9ddab978e87ff55762dc4c4a7aa507c636faa1fff4383de7686378b0437eeaf4
[3078/3625] Checking is OK   | E:\01.userData\ZhuoMian\Github_Releases_批量下载 xray\Xray-core\v26.1.23\Xray-android-arm64-v8a.zip  | LOCAL=ecf0d612c15df7f756d4d9968347209487b1b4f6bb4ffe53ce7e258dda29dde8 REMOTE=ecf0d612c15df7f756d4d9968347209487b1b4f6bb4ffe53ce7e258dda29dde8
[3079/3625] Checking is OK   | E:\01.userData\ZhuoMian\Github_Releases_批量下载 xray\Xray-core\v26.1.23\Xray-freebsd-32.zip         | LOCAL=5700cc6d2157dfa01a504468f807c7bb95732277cbe24520d11756afc93c88c5 REMOTE=5700cc6d2157dfa01a504468f807c7bb95732277cbe24520d11756afc93c88c5
[3080/3625] Checking is OK   | E:\01.userData\ZhuoMian\Github_Releases_批量下载 xray\Xray-core\v26.1.23\Xray-freebsd-64.zip         | LOCAL=c78759c81cd5bc96db09c3be98db2af60653db73259d561422e5d75cb7268f95 REMOTE=c78759c81cd5bc96db09c3be98db2af60653db73259d561422e5d75cb7268f95
[3081/3625] Checking is OK   | E:\01.userData\ZhuoMian\Github_Releases_批量下载 xray\Xray-core\v26.1.23\Xray-freebsd-arm32-v7a.zip  | LOCAL=366de3587de535c8a5c28bff2802da2ff3d7d31056a9dcedbe2bee42c822a0f5 REMOTE=366de3587de535c8a5c28bff2802da2ff3d7d31056a9dcedbe2bee42c822a0f5
[3082/3625] Checking is OK   | E:\01.userData\ZhuoMian\Github_Releases_批量下载 xray\Xray-core\v26.1.23\Xray-freebsd-arm64-v8a.zip  | LOCAL=50a0a8455c697a131bbc46b1081492a468037b7d2c31fa1efd26d55f47bcba03 REMOTE=50a0a8455c697a131bbc46b1081492a468037b7d2c31fa1efd26d55f47bcba03
[3083/3625] Checking is OK   | E:\01.userData\ZhuoMian\Github_Releases_批量下载 xray\Xray-core\v26.1.23\Xray-linux-32.zip           | LOCAL=8b1b61373620c4652fb3fa4ba5b07bfc33290092750254827523db8eb807f850 REMOTE=8b1b61373620c4652fb3fa4ba5b07bfc33290092750254827523db8eb807f850
[3084/3625] Checking is OK   | E:\01.userData\ZhuoMian\Github_Releases_批量下载 xray\Xray-core\v26.1.23\Xray-linux-64.zip           | LOCAL=85b23d6556f6fba9b7503c4f5ae567644af23004053e1f847ea267aec9ae4e71 REMOTE=85b23d6556f6fba9b7503c4f5ae567644af23004053e1f847ea267aec9ae4e71
[3085/3625] Checking is OK   | E:\01.userData\ZhuoMian\Github_Releases_批量下载 xray\Xray-core\v26.1.23\Xray-linux-arm32-v5.zip     | LOCAL=19764a878deeddbf254f54f8ac559534182501f8d750c9980479ee63fbd06861 REMOTE=19764a878deeddbf254f54f8ac559534182501f8d750c9980479ee63fbd06861
[3086/3625] Checking is OK   | E:\01.userData\ZhuoMian\Github_Releases_批量下载 xray\Xray-core\v26.1.23\Xray-linux-arm32-v6.zip     | LOCAL=0fbfdc83c4472273755a9cb486dd1f639338adb5a33adce0145ce7f16680ec25 REMOTE=0fbfdc83c4472273755a9cb486dd1f639338adb5a33adce0145ce7f16680ec25
[3087/3625] Checking is OK   | E:\01.userData\ZhuoMian\Github_Releases_批量下载 xray\Xray-core\v26.1.23\Xray-linux-arm32-v7a.zip    | LOCAL=751937aa8298dc3af4014aaa6ec38560b30e0f0dfe09e13c1600ee7cba7aff55 REMOTE=751937aa8298dc3af4014aaa6ec38560b30e0f0dfe09e13c1600ee7cba7aff55
[3088/3625] Checking is OK   | E:\01.userData\ZhuoMian\Github_Releases_批量下载 xray\Xray-core\v26.1.23\Xray-linux-arm64-v8a.zip    | LOCAL=6478e00f7f474b47713d133cfe39acb6711cebce7d03753b0b7f2bc08705f79f REMOTE=6478e00f7f474b47713d133cfe39acb6711cebce7d03753b0b7f2bc08705f79f
[3089/3625] Checking is OK   | E:\01.userData\ZhuoMian\Github_Releases_批量下载 xray\Xray-core\v26.1.23\Xray-linux-loong64.zip      | LOCAL=b4aaef4932e7a1b5ee06db990f1897ae26298c1b4458bf3567d7866d50977fd1 REMOTE=b4aaef4932e7a1b5ee06db990f1897ae26298c1b4458bf3567d7866d50977fd1
[3090/3625] Checking is OK   | E:\01.userData\ZhuoMian\Github_Releases_批量下载 xray\Xray-core\v26.1.23\Xray-linux-mips32.zip       | LOCAL=caa151cc3523356bbee8f61128137ee82eac3d0343c2ee1e38deb00cf7ce823f REMOTE=caa151cc3523356bbee8f61128137ee82eac3d0343c2ee1e38deb00cf7ce823f
[3091/3625] Checking is OK   | E:\01.userData\ZhuoMian\Github_Releases_批量下载 xray\Xray-core\v26.1.23\Xray-linux-mips32le.zip     | LOCAL=8983c8ec2c2b2c548ee795630807309ce40eea997953ea97480d2e9001f23a52 REMOTE=8983c8ec2c2b2c548ee795630807309ce40eea997953ea97480d2e9001f23a52
[3092/3625] Checking is OK   | E:\01.userData\ZhuoMian\Github_Releases_批量下载 xray\Xray-core\v26.1.23\Xray-linux-mips64.zip       | LOCAL=0faeec3544e4e2ee773b87e171a2c7df1e892aaeaf3a6ca2d3fdf914510fb26f REMOTE=0faeec3544e4e2ee773b87e171a2c7df1e892aaeaf3a6ca2d3fdf914510fb26f
[3093/3625] Checking is OK   | E:\01.userData\ZhuoMian\Github_Releases_批量下载 xray\Xray-core\v26.1.23\Xray-linux-mips64le.zip     | LOCAL=3b3f926e8323e7dde8c906e61430560536c529b80a9e0786517bc9cd78fa5111 REMOTE=3b3f926e8323e7dde8c906e61430560536c529b80a9e0786517bc9cd78fa5111
[3094/3625] Checking is OK   | E:\01.userData\ZhuoMian\Github_Releases_批量下载 xray\Xray-core\v26.1.23\Xray-linux-ppc64.zip        | LOCAL=914b1db8a58c1cc82be0af92e4b7549ba8960312f3b3e565cffa97c05f656fca REMOTE=914b1db8a58c1cc82be0af92e4b7549ba8960312f3b3e565cffa97c05f656fca
[3095/3625] Checking is OK   | E:\01.userData\ZhuoMian\Github_Releases_批量下载 xray\Xray-core\v26.1.23\Xray-linux-ppc64le.zip      | LOCAL=a8608a3d9add723fd6a380a16330574932631eadd9c57c8bae381ec4867be77a REMOTE=a8608a3d9add723fd6a380a16330574932631eadd9c57c8bae381ec4867be77a
[3096/3625] Checking is OK   | E:\01.userData\ZhuoMian\Github_Releases_批量下载 xray\Xray-core\v26.1.23\Xray-linux-riscv64.zip      | LOCAL=1b105c8f93ff3f746c0a77a4a18af89f0004a6c358a48ba8761d9742f1cf07da REMOTE=1b105c8f93ff3f746c0a77a4a18af89f0004a6c358a48ba8761d9742f1cf07da
[3097/3625] Checking is OK   | E:\01.userData\ZhuoMian\Github_Releases_批量下载 xray\Xray-core\v26.1.23\Xray-linux-s390x.zip        | LOCAL=109ff3fceb4364e1bece35878b8a4f2de14d60a14c1b6f743f6cdc34d961a16e REMOTE=109ff3fceb4364e1bece35878b8a4f2de14d60a14c1b6f743f6cdc34d961a16e
[3098/3625] Checking is OK   | E:\01.userData\ZhuoMian\Github_Releases_批量下载 xray\Xray-core\v26.1.23\Xray-macos-64.zip           | LOCAL=2e88e9043c8d890f34c9aad165ec31e6622578aa3915410eef2da9260a17531a REMOTE=2e88e9043c8d890f34c9aad165ec31e6622578aa3915410eef2da9260a17531a
[3099/3625] Checking is OK   | E:\01.userData\ZhuoMian\Github_Releases_批量下载 xray\Xray-core\v26.1.23\Xray-macos-arm64-v8a.zip    | LOCAL=fe485185961202507fa6750da0aa453075349adf11569e658bbce2ee0f385d94 REMOTE=fe485185961202507fa6750da0aa453075349adf11569e658bbce2ee0f385d94
[3100/3625] Checking is OK   | E:\01.userData\ZhuoMian\Github_Releases_批量下载 xray\Xray-core\v26.1.23\Xray-openbsd-32.zip         | LOCAL=2722b480f0b0c91461f16a3fd7a5799c0982d6f2f670c3c21d61b51058987706 REMOTE=2722b480f0b0c91461f16a3fd7a5799c0982d6f2f670c3c21d61b51058987706
[3101/3625] Checking is OK   | E:\01.userData\ZhuoMian\Github_Releases_批量下载 xray\Xray-core\v26.1.23\Xray-openbsd-64.zip         | LOCAL=c8421b73da4cb963ea36d8cb185e4e3619f322e3590a5b941e58253b1ad82612 REMOTE=c8421b73da4cb963ea36d8cb185e4e3619f322e3590a5b941e58253b1ad82612
[3102/3625] Checking is OK   | E:\01.userData\ZhuoMian\Github_Releases_批量下载 xray\Xray-core\v26.1.23\Xray-openbsd-arm32-v7a.zip  | LOCAL=acf037fc36fa0d058663da46a79327cbd9b116ab8013223334081034b1c9cfe1 REMOTE=acf037fc36fa0d058663da46a79327cbd9b116ab8013223334081034b1c9cfe1
[3103/3625] Checking is OK   | E:\01.userData\ZhuoMian\Github_Releases_批量下载 xray\Xray-core\v26.1.23\Xray-openbsd-arm64-v8a.zip  | LOCAL=38dd7c31e0b79619933068bcbdbf1b150477be833dd2eabad5317aadffd10f40 REMOTE=38dd7c31e0b79619933068bcbdbf1b150477be833dd2eabad5317aadffd10f40
[3104/3625] Checking is OK   | E:\01.userData\ZhuoMian\Github_Releases_批量下载 xray\Xray-core\v26.1.23\Xray-win7-32.zip            | LOCAL=803a6a2b6a1dbe206493d6f0436ba50250683b8609e367d0e3b1cd665c49b56a REMOTE=803a6a2b6a1dbe206493d6f0436ba50250683b8609e367d0e3b1cd665c49b56a
[3105/3625] Checking is OK   | E:\01.userData\ZhuoMian\Github_Releases_批量下载 xray\Xray-core\v26.1.23\Xray-win7-64.zip            | LOCAL=78b1fbca18c08c059d616b2b2f62f775cc5b7bfc921d797d0ea60b2d0c8919f1 REMOTE=78b1fbca18c08c059d616b2b2f62f775cc5b7bfc921d797d0ea60b2d0c8919f1
[3106/3625] Checking is OK   | E:\01.userData\ZhuoMian\Github_Releases_批量下载 xray\Xray-core\v26.1.23\Xray-windows-32.zip         | LOCAL=c685b55776a1d7e5dcaaec8917ee93f18912142a28d883b7dc7aed73f4893ca6 REMOTE=c685b55776a1d7e5dcaaec8917ee93f18912142a28d883b7dc7aed73f4893ca6
[3107/3625] Checking is OK   | E:\01.userData\ZhuoMian\Github_Releases_批量下载 xray\Xray-core\v26.1.23\Xray-windows-64.zip         | LOCAL=4a5e110939e2ab80f82c5605e92f16b7dc0f62b8e703f8635f81695bcdb9aa26 REMOTE=4a5e110939e2ab80f82c5605e92f16b7dc0f62b8e703f8635f81695bcdb9aa26
[3108/3625] Checking is OK   | E:\01.userData\ZhuoMian\Github_Releases_批量下载 xray\Xray-core\v26.1.23\Xray-windows-arm32-v7a.zip  | LOCAL=e87d08904043a0c7d56ebc05d9cf44f6f60d1c0f953272f245ffa3c30a141965 REMOTE=e87d08904043a0c7d56ebc05d9cf44f6f60d1c0f953272f245ffa3c30a141965
[3109/3625] Checking is OK   | E:\01.userData\ZhuoMian\Github_Releases_批量下载 xray\Xray-core\v26.1.23\Xray-windows-arm64-v8a.zip  | LOCAL=8ce8f93f70d97d7ee78725b5d57b0c8877320139971b942d5baa404c6aeb1d59 REMOTE=8ce8f93f70d97d7ee78725b5d57b0c8877320139971b942d5baa404c6aeb1d59
[3110/3625] Checking is OK   | E:\01.userData\ZhuoMian\Github_Releases_批量下载 xray\Xray-core\v26.1.31\Xray-android-amd64.zip      | LOCAL=a29c8fcfcab87d7e2318aec06447f3edc6987848fbc88f4238ef5472f21360b0 REMOTE=a29c8fcfcab87d7e2318aec06447f3edc6987848fbc88f4238ef5472f21360b0
[3111/3625] Checking is OK   | E:\01.userData\ZhuoMian\Github_Releases_批量下载 xray\Xray-core\v26.1.31\Xray-android-arm64-v8a.zip  | LOCAL=9bd5bb0c9a8662d753db9e28685878d9d900241b69d5272b8d8fcdf722517b5b REMOTE=9bd5bb0c9a8662d753db9e28685878d9d900241b69d5272b8d8fcdf722517b5b
[3112/3625] Checking is OK   | E:\01.userData\ZhuoMian\Github_Releases_批量下载 xray\Xray-core\v26.1.31\Xray-freebsd-32.zip         | LOCAL=5350a67a4fdc8e1bef0f1162d492d74358e402a0f6688a07856e59dafd4a2351 REMOTE=5350a67a4fdc8e1bef0f1162d492d74358e402a0f6688a07856e59dafd4a2351
[3113/3625] Checking is OK   | E:\01.userData\ZhuoMian\Github_Releases_批量下载 xray\Xray-core\v26.1.31\Xray-freebsd-64.zip         | LOCAL=0c548b892d4093293effe5d7231876708a17b7a300b2a765a5474ca15599ba70 REMOTE=0c548b892d4093293effe5d7231876708a17b7a300b2a765a5474ca15599ba70
[3114/3625] Checking is OK   | E:\01.userData\ZhuoMian\Github_Releases_批量下载 xray\Xray-core\v26.1.31\Xray-freebsd-arm32-v7a.zip  | LOCAL=b94217452ee341874dc117c1be811292f1d4658249a68134d0924f6bc920c1c4 REMOTE=b94217452ee341874dc117c1be811292f1d4658249a68134d0924f6bc920c1c4
[3115/3625] Checking is OK   | E:\01.userData\ZhuoMian\Github_Releases_批量下载 xray\Xray-core\v26.1.31\Xray-freebsd-arm64-v8a.zip  | LOCAL=f3a366f31a24be20e839f8a557c69e23f461a05cad3f1834f3ca5f1e41658792 REMOTE=f3a366f31a24be20e839f8a557c69e23f461a05cad3f1834f3ca5f1e41658792
[3116/3625] Checking is OK   | E:\01.userData\ZhuoMian\Github_Releases_批量下载 xray\Xray-core\v26.1.31\Xray-linux-32.zip           | LOCAL=b061d90a6587bb548f1078a6f8393191eb91e1cf2d27d2e89f25774b981bbc69 REMOTE=b061d90a6587bb548f1078a6f8393191eb91e1cf2d27d2e89f25774b981bbc69
[3117/3625] Checking is OK   | E:\01.userData\ZhuoMian\Github_Releases_批量下载 xray\Xray-core\v26.1.31\Xray-linux-64.zip           | LOCAL=8368196545fe6ada39a5430cdf911701000a728b3b9de49142722381b59b3232 REMOTE=8368196545fe6ada39a5430cdf911701000a728b3b9de49142722381b59b3232
[3118/3625] Checking is OK   | E:\01.userData\ZhuoMian\Github_Releases_批量下载 xray\Xray-core\v26.1.31\Xray-linux-arm32-v5.zip     | LOCAL=8837c299da48e30d41108f679826fbce4ab7cc20f8a62b3dfd86db25d89f7d69 REMOTE=8837c299da48e30d41108f679826fbce4ab7cc20f8a62b3dfd86db25d89f7d69
[3119/3625] Checking is OK   | E:\01.userData\ZhuoMian\Github_Releases_批量下载 xray\Xray-core\v26.1.31\Xray-linux-arm32-v6.zip     | LOCAL=93181405fb782bf0eaf608060d01184015096ea3405524f9cbf90f1d91c46ac4 REMOTE=93181405fb782bf0eaf608060d01184015096ea3405524f9cbf90f1d91c46ac4
[3120/3625] Checking is OK   | E:\01.userData\ZhuoMian\Github_Releases_批量下载 xray\Xray-core\v26.1.31\Xray-linux-arm32-v7a.zip    | LOCAL=06ca2fcc967bd564bc9639bc3b253b295b3fe813533bc727a0c71f0adb88e2a3 REMOTE=06ca2fcc967bd564bc9639bc3b253b295b3fe813533bc727a0c71f0adb88e2a3
[3121/3625] Checking is OK   | E:\01.userData\ZhuoMian\Github_Releases_批量下载 xray\Xray-core\v26.1.31\Xray-linux-arm64-v8a.zip    | LOCAL=34751f33bbfad060809925ca21330a11df4074e4890a888fc08169dbac6fb12c REMOTE=34751f33bbfad060809925ca21330a11df4074e4890a888fc08169dbac6fb12c
[3122/3625] Checking is OK   | E:\01.userData\ZhuoMian\Github_Releases_批量下载 xray\Xray-core\v26.1.31\Xray-linux-loong64.zip      | LOCAL=aa95bc2c643e982b162b940b3d933033eda668674d53ae0bc6a920d5b956b825 REMOTE=aa95bc2c643e982b162b940b3d933033eda668674d53ae0bc6a920d5b956b825
[3123/3625] Checking is OK   | E:\01.userData\ZhuoMian\Github_Releases_批量下载 xray\Xray-core\v26.1.31\Xray-linux-mips32.zip       | LOCAL=bc5f4b9c13597831d83967c61a6a11da1669a5f6e3eb168821d693f64cae206a REMOTE=bc5f4b9c13597831d83967c61a6a11da1669a5f6e3eb168821d693f64cae206a
[3124/3625] Checking is OK   | E:\01.userData\ZhuoMian\Github_Releases_批量下载 xray\Xray-core\v26.1.31\Xray-linux-mips32le.zip     | LOCAL=a4e7f914dfc81f698e90cdc39e08240e90cc118a0a7e6945dd253c008d58c907 REMOTE=a4e7f914dfc81f698e90cdc39e08240e90cc118a0a7e6945dd253c008d58c907
[3125/3625] Checking is OK   | E:\01.userData\ZhuoMian\Github_Releases_批量下载 xray\Xray-core\v26.1.31\Xray-linux-mips64.zip       | LOCAL=e07bec771f14e2595e050056f0695acc032e03bedd167e08712d71bb24868093 REMOTE=e07bec771f14e2595e050056f0695acc032e03bedd167e08712d71bb24868093
[3126/3625] Checking is OK   | E:\01.userData\ZhuoMian\Github_Releases_批量下载 xray\Xray-core\v26.1.31\Xray-linux-mips64le.zip     | LOCAL=a75efb00f73f5187badcd51dc5effb5df96a1fd44980acde458ffe43cfeaeb7b REMOTE=a75efb00f73f5187badcd51dc5effb5df96a1fd44980acde458ffe43cfeaeb7b
[3127/3625] Checking is OK   | E:\01.userData\ZhuoMian\Github_Releases_批量下载 xray\Xray-core\v26.1.31\Xray-linux-ppc64.zip        | LOCAL=0b5873998a895e390bff9f99fa458915ae599c688184a85950f619ffff2dc901 REMOTE=0b5873998a895e390bff9f99fa458915ae599c688184a85950f619ffff2dc901
[3128/3625] Checking is OK   | E:\01.userData\ZhuoMian\Github_Releases_批量下载 xray\Xray-core\v26.1.31\Xray-linux-ppc64le.zip      | LOCAL=68336542c89668abc207f9449683b124f85e0cc3d07aa909b55ed2f2cb9831a1 REMOTE=68336542c89668abc207f9449683b124f85e0cc3d07aa909b55ed2f2cb9831a1
[3129/3625] Checking is OK   | E:\01.userData\ZhuoMian\Github_Releases_批量下载 xray\Xray-core\v26.1.31\Xray-linux-riscv64.zip      | LOCAL=0e043486ac6b97ecc3be49a76364e126a8a2110113cebdb00d5fbc6dc4549448 REMOTE=0e043486ac6b97ecc3be49a76364e126a8a2110113cebdb00d5fbc6dc4549448
[3130/3625] Checking is OK   | E:\01.userData\ZhuoMian\Github_Releases_批量下载 xray\Xray-core\v26.1.31\Xray-linux-s390x.zip        | LOCAL=387c2c5124697fe0f871023ed00131190e4911d592f58650aa33d5824d52591e REMOTE=387c2c5124697fe0f871023ed00131190e4911d592f58650aa33d5824d52591e
[3131/3625] Checking is OK   | E:\01.userData\ZhuoMian\Github_Releases_批量下载 xray\Xray-core\v26.1.31\Xray-macos-64.zip           | LOCAL=bfd4ea26a22eeaa021d6e5dd99d89655a12b170733694b1f575d03807ea04be2 REMOTE=bfd4ea26a22eeaa021d6e5dd99d89655a12b170733694b1f575d03807ea04be2
[3132/3625] Checking is OK   | E:\01.userData\ZhuoMian\Github_Releases_批量下载 xray\Xray-core\v26.1.31\Xray-macos-arm64-v8a.zip    | LOCAL=6a44aa2578c7878f8d092102d9f0eb5cdf55bc129c89259c79c6a04679917bbf REMOTE=6a44aa2578c7878f8d092102d9f0eb5cdf55bc129c89259c79c6a04679917bbf
[3133/3625] Checking is OK   | E:\01.userData\ZhuoMian\Github_Releases_批量下载 xray\Xray-core\v26.1.31\Xray-openbsd-32.zip         | LOCAL=beb5eac3cb8d66db5cd8b08b2035e5e3f40e96c70203900a774acef2bc669d13 REMOTE=beb5eac3cb8d66db5cd8b08b2035e5e3f40e96c70203900a774acef2bc669d13
[3134/3625] Checking is OK   | E:\01.userData\ZhuoMian\Github_Releases_批量下载 xray\Xray-core\v26.1.31\Xray-openbsd-64.zip         | LOCAL=375be1e67a62e0510486d3b394607c2ead0c4f9d36d550a05ba9b7a75c2b8634 REMOTE=375be1e67a62e0510486d3b394607c2ead0c4f9d36d550a05ba9b7a75c2b8634
[3135/3625] Checking is OK   | E:\01.userData\ZhuoMian\Github_Releases_批量下载 xray\Xray-core\v26.1.31\Xray-openbsd-arm32-v7a.zip  | LOCAL=76ed89a566d2cb80f87b8c6f2a42b61658559b93180342a9b57f0935fe9beec4 REMOTE=76ed89a566d2cb80f87b8c6f2a42b61658559b93180342a9b57f0935fe9beec4
[3136/3625] Checking is OK   | E:\01.userData\ZhuoMian\Github_Releases_批量下载 xray\Xray-core\v26.1.31\Xray-openbsd-arm64-v8a.zip  | LOCAL=83d04767664774737d0cb85252983d2029da81805fb89dbeb9e5f19c8b96efa2 REMOTE=83d04767664774737d0cb85252983d2029da81805fb89dbeb9e5f19c8b96efa2
[3137/3625] Checking is OK   | E:\01.userData\ZhuoMian\Github_Releases_批量下载 xray\Xray-core\v26.1.31\Xray-win7-32.zip            | LOCAL=bcb788563d45f135518b4ee8007c6d83ef01bb7c5294a108e77c29fa747c05d8 REMOTE=bcb788563d45f135518b4ee8007c6d83ef01bb7c5294a108e77c29fa747c05d8
[3138/3625] Checking is OK   | E:\01.userData\ZhuoMian\Github_Releases_批量下载 xray\Xray-core\v26.1.31\Xray-win7-64.zip            | LOCAL=eb59a47dd083e3e1cf688017001dd1d4afcac27e6ede5f003457b314ffff9b8b REMOTE=eb59a47dd083e3e1cf688017001dd1d4afcac27e6ede5f003457b314ffff9b8b
[3139/3625] Checking is OK   | E:\01.userData\ZhuoMian\Github_Releases_批量下载 xray\Xray-core\v26.1.31\Xray-windows-32.zip         | LOCAL=0a74bb33bd5d460f9e1f92e110a494b30dea9ba38d590c6fa6521fd7be74ae62 REMOTE=0a74bb33bd5d460f9e1f92e110a494b30dea9ba38d590c6fa6521fd7be74ae62
[3140/3625] Checking is OK   | E:\01.userData\ZhuoMian\Github_Releases_批量下载 xray\Xray-core\v26.1.31\Xray-windows-64.zip         | LOCAL=780dce16640c96740b77bb36fbbee59d5e8c23cc5874a6d032a7e59b03b942c3 REMOTE=780dce16640c96740b77bb36fbbee59d5e8c23cc5874a6d032a7e59b03b942c3
[3141/3625] Checking is OK   | E:\01.userData\ZhuoMian\Github_Releases_批量下载 xray\Xray-core\v26.1.31\Xray-windows-arm32-v7a.zip  | LOCAL=79a6d0a0fdc92bba9f5234d2b977ffcd95f5e2562d06c9a7ecf040bf383c1801 REMOTE=79a6d0a0fdc92bba9f5234d2b977ffcd95f5e2562d06c9a7ecf040bf383c1801
[3142/3625] Checking is OK   | E:\01.userData\ZhuoMian\Github_Releases_批量下载 xray\Xray-core\v26.1.31\Xray-windows-arm64-v8a.zip  | LOCAL=777610742e689d50d6295b36322a7dd2ae47ae0b27c8f41436806c0f1202d821 REMOTE=777610742e689d50d6295b36322a7dd2ae47ae0b27c8f41436806c0f1202d821
[3143/3625] Checking is OK   | E:\01.userData\ZhuoMian\Github_Releases_批量下载 xray\Xray-core\v26.2.2\Xray-android-amd64.zip       | LOCAL=48b1a0f252b979f6c26b13f003fed0505ee18c60979d0144c2bbcb41391745c3 REMOTE=48b1a0f252b979f6c26b13f003fed0505ee18c60979d0144c2bbcb41391745c3
[3144/3625] Checking is OK   | E:\01.userData\ZhuoMian\Github_Releases_批量下载 xray\Xray-core\v26.2.2\Xray-android-arm64-v8a.zip   | LOCAL=7b46bf91db33ee8b04d5e64189b3eda82abdd82c1fc7ea560a54b6648335b25d REMOTE=7b46bf91db33ee8b04d5e64189b3eda82abdd82c1fc7ea560a54b6648335b25d
[3145/3625] Checking is OK   | E:\01.userData\ZhuoMian\Github_Releases_批量下载 xray\Xray-core\v26.2.2\Xray-freebsd-32.zip          | LOCAL=d1af99667e9093051fc244ab5c6106706dd84b25158331576801e252c198f162 REMOTE=d1af99667e9093051fc244ab5c6106706dd84b25158331576801e252c198f162
[3146/3625] Checking is OK   | E:\01.userData\ZhuoMian\Github_Releases_批量下载 xray\Xray-core\v26.2.2\Xray-freebsd-64.zip          | LOCAL=71293997f3219f75b32006a7bc6dd74d5cdf37e9c25a7c5eedd7ca651b0a1f78 REMOTE=71293997f3219f75b32006a7bc6dd74d5cdf37e9c25a7c5eedd7ca651b0a1f78
[3147/3625] Checking is OK   | E:\01.userData\ZhuoMian\Github_Releases_批量下载 xray\Xray-core\v26.2.2\Xray-freebsd-arm32-v7a.zip   | LOCAL=cfb80a46f723d68913b322c40a2eb4308148dbe2bb7d3314dace5e07c574a0ca REMOTE=cfb80a46f723d68913b322c40a2eb4308148dbe2bb7d3314dace5e07c574a0ca
[3148/3625] Checking is OK   | E:\01.userData\ZhuoMian\Github_Releases_批量下载 xray\Xray-core\v26.2.2\Xray-freebsd-arm64-v8a.zip   | LOCAL=0ba40af5f98c9415a83993b8fea3dbbf6a79e262dae4bd33db4b00d22afe7c96 REMOTE=0ba40af5f98c9415a83993b8fea3dbbf6a79e262dae4bd33db4b00d22afe7c96
[3149/3625] Checking is OK   | E:\01.userData\ZhuoMian\Github_Releases_批量下载 xray\Xray-core\v26.2.2\Xray-linux-32.zip            | LOCAL=02ffd0e63331a5cd93d0c20e13e488b73dce5bbff8cd2aa1992028d6302debaf REMOTE=02ffd0e63331a5cd93d0c20e13e488b73dce5bbff8cd2aa1992028d6302debaf
[3150/3625] Checking is OK   | E:\01.userData\ZhuoMian\Github_Releases_批量下载 xray\Xray-core\v26.2.2\Xray-linux-64.zip            | LOCAL=e281a2628e5d5beeec5e31b804b3f269ee70cd7f5d56aa92cccd1f8cb6d36365 REMOTE=e281a2628e5d5beeec5e31b804b3f269ee70cd7f5d56aa92cccd1f8cb6d36365
[3151/3625] Checking is OK   | E:\01.userData\ZhuoMian\Github_Releases_批量下载 xray\Xray-core\v26.2.2\Xray-linux-arm32-v5.zip      | LOCAL=9e46a3d228834967304cd92b668ff7c632f3c1e70c1ab6d6abf14791b0eaf1c5 REMOTE=9e46a3d228834967304cd92b668ff7c632f3c1e70c1ab6d6abf14791b0eaf1c5
[3152/3625] Checking is OK   | E:\01.userData\ZhuoMian\Github_Releases_批量下载 xray\Xray-core\v26.2.2\Xray-linux-arm32-v6.zip      | LOCAL=00a939ef4e7d07234528239b27b57063c13f6f6f93917715cbe843e02e432ccc REMOTE=00a939ef4e7d07234528239b27b57063c13f6f6f93917715cbe843e02e432ccc
[3153/3625] Checking is OK   | E:\01.userData\ZhuoMian\Github_Releases_批量下载 xray\Xray-core\v26.2.2\Xray-linux-arm32-v7a.zip     | LOCAL=8cf79eb137714bde3db81f1bde345e7824c065623e0863c24211eb07cadfe9d8 REMOTE=8cf79eb137714bde3db81f1bde345e7824c065623e0863c24211eb07cadfe9d8
[3154/3625] Checking is OK   | E:\01.userData\ZhuoMian\Github_Releases_批量下载 xray\Xray-core\v26.2.2\Xray-linux-arm64-v8a.zip     | LOCAL=4afed4f00b75452b565c692746a1b4e36b6cfa6142660588dd7934bd1d200577 REMOTE=4afed4f00b75452b565c692746a1b4e36b6cfa6142660588dd7934bd1d200577
[3155/3625] Checking is OK   | E:\01.userData\ZhuoMian\Github_Releases_批量下载 xray\Xray-core\v26.2.2\Xray-linux-loong64.zip       | LOCAL=2ebb59320248e88b3a6626d4e7054132f2f0578a1e25a9a66bdd0182bfddb0a9 REMOTE=2ebb59320248e88b3a6626d4e7054132f2f0578a1e25a9a66bdd0182bfddb0a9
[3156/3625] Checking is OK   | E:\01.userData\ZhuoMian\Github_Releases_批量下载 xray\Xray-core\v26.2.2\Xray-linux-mips32.zip        | LOCAL=4871a6dcfa33ac09325d18b5e9d9b7b072a1900ce89d9452fc0aaecc306ce981 REMOTE=4871a6dcfa33ac09325d18b5e9d9b7b072a1900ce89d9452fc0aaecc306ce981
[3157/3625] Checking is OK   | E:\01.userData\ZhuoMian\Github_Releases_批量下载 xray\Xray-core\v26.2.2\Xray-linux-mips32le.zip      | LOCAL=280060ecbe0c8d00a94f1dcf31f91453b496ff8a21973a23fa97c1a3aacd6e4c REMOTE=280060ecbe0c8d00a94f1dcf31f91453b496ff8a21973a23fa97c1a3aacd6e4c
[3158/3625] Checking is OK   | E:\01.userData\ZhuoMian\Github_Releases_批量下载 xray\Xray-core\v26.2.2\Xray-linux-mips64.zip        | LOCAL=1e7a0c79cf32611d0fb633011e82bcfeb7ae21c35592c575d58e39877ba49c17 REMOTE=1e7a0c79cf32611d0fb633011e82bcfeb7ae21c35592c575d58e39877ba49c17
[3159/3625] Checking is OK   | E:\01.userData\ZhuoMian\Github_Releases_批量下载 xray\Xray-core\v26.2.2\Xray-linux-mips64le.zip      | LOCAL=dc8bf1ef3d84d7d65035223910e9b09a91720d9ca99702ef357f1b0370d1734f REMOTE=dc8bf1ef3d84d7d65035223910e9b09a91720d9ca99702ef357f1b0370d1734f
[3160/3625] Checking is OK   | E:\01.userData\ZhuoMian\Github_Releases_批量下载 xray\Xray-core\v26.2.2\Xray-linux-ppc64.zip         | LOCAL=ba805d9993f2ff6be179007313ee48c57ac17303fb145c98900ec3c5eaaf85d1 REMOTE=ba805d9993f2ff6be179007313ee48c57ac17303fb145c98900ec3c5eaaf85d1
[3161/3625] Checking is OK   | E:\01.userData\ZhuoMian\Github_Releases_批量下载 xray\Xray-core\v26.2.2\Xray-linux-ppc64le.zip       | LOCAL=112d8aedf085db0fdeeb01f0ae5b7e2c694e65c523215c2300e9ab62d0161d64 REMOTE=112d8aedf085db0fdeeb01f0ae5b7e2c694e65c523215c2300e9ab62d0161d64
[3162/3625] Checking is OK   | E:\01.userData\ZhuoMian\Github_Releases_批量下载 xray\Xray-core\v26.2.2\Xray-linux-riscv64.zip       | LOCAL=7786b9c104f4f16e734b11f2ea7e90a568a4fb92f4dcaab2379838d4616c48be REMOTE=7786b9c104f4f16e734b11f2ea7e90a568a4fb92f4dcaab2379838d4616c48be
[3163/3625] Checking is OK   | E:\01.userData\ZhuoMian\Github_Releases_批量下载 xray\Xray-core\v26.2.2\Xray-linux-s390x.zip         | LOCAL=514e5d7c8f56702c4d52b44bde5dd99121482228b567fe618b3945e070dbaecd REMOTE=514e5d7c8f56702c4d52b44bde5dd99121482228b567fe618b3945e070dbaecd
[3164/3625] Checking is OK   | E:\01.userData\ZhuoMian\Github_Releases_批量下载 xray\Xray-core\v26.2.2\Xray-macos-64.zip            | LOCAL=3104180a5b4a02a83b8f9ad02c5ca474ce797a844f5fdd262ef4f9c583083b18 REMOTE=3104180a5b4a02a83b8f9ad02c5ca474ce797a844f5fdd262ef4f9c583083b18
[3165/3625] Checking is OK   | E:\01.userData\ZhuoMian\Github_Releases_批量下载 xray\Xray-core\v26.2.2\Xray-macos-arm64-v8a.zip     | LOCAL=d6edea50fcd54002f466812af13898f02425d88e08228d2f5478c4212a145d68 REMOTE=d6edea50fcd54002f466812af13898f02425d88e08228d2f5478c4212a145d68
[3166/3625] Checking is OK   | E:\01.userData\ZhuoMian\Github_Releases_批量下载 xray\Xray-core\v26.2.2\Xray-openbsd-32.zip          | LOCAL=16bf8df1ec7bdada81467e5e336a0d6b2ef6f7f72eb67f5e2085e6e04bb78a10 REMOTE=16bf8df1ec7bdada81467e5e336a0d6b2ef6f7f72eb67f5e2085e6e04bb78a10
[3167/3625] Checking is OK   | E:\01.userData\ZhuoMian\Github_Releases_批量下载 xray\Xray-core\v26.2.2\Xray-openbsd-64.zip          | LOCAL=54c9ff0386129a546595bd6bdfdcf065063fd6b3e9f105a328941da86bec1d0a REMOTE=54c9ff0386129a546595bd6bdfdcf065063fd6b3e9f105a328941da86bec1d0a
[3168/3625] Checking is OK   | E:\01.userData\ZhuoMian\Github_Releases_批量下载 xray\Xray-core\v26.2.2\Xray-openbsd-arm32-v7a.zip   | LOCAL=80537e8e3d4ff0b37a43a37dc4bd54a2e384e082b4ee35d09b69445333cac06f REMOTE=80537e8e3d4ff0b37a43a37dc4bd54a2e384e082b4ee35d09b69445333cac06f
[3169/3625] Checking is OK   | E:\01.userData\ZhuoMian\Github_Releases_批量下载 xray\Xray-core\v26.2.2\Xray-openbsd-arm64-v8a.zip   | LOCAL=f1bb0bee3c711c572a71348eb030c918634ccebe678b2188a0ed083cd2a16a7f REMOTE=f1bb0bee3c711c572a71348eb030c918634ccebe678b2188a0ed083cd2a16a7f
[3170/3625] Checking is OK   | E:\01.userData\ZhuoMian\Github_Releases_批量下载 xray\Xray-core\v26.2.2\Xray-win7-32.zip             | LOCAL=67107145374dba0e92b4bc024fe0773f570dee61507f47e554c50d8364eb4faa REMOTE=67107145374dba0e92b4bc024fe0773f570dee61507f47e554c50d8364eb4faa
[3171/3625] Checking is OK   | E:\01.userData\ZhuoMian\Github_Releases_批量下载 xray\Xray-core\v26.2.2\Xray-win7-64.zip             | LOCAL=991a2fc9d24bee0d0dd74d8574fcf461f87e51ea65ee89322ee64a22483a0939 REMOTE=991a2fc9d24bee0d0dd74d8574fcf461f87e51ea65ee89322ee64a22483a0939
[3172/3625] Checking is OK   | E:\01.userData\ZhuoMian\Github_Releases_批量下载 xray\Xray-core\v26.2.2\Xray-windows-32.zip          | LOCAL=ccf6019eaa2f3984911cdf3374bd96a7239f8de0f183929b6f2726202ae68131 REMOTE=ccf6019eaa2f3984911cdf3374bd96a7239f8de0f183929b6f2726202ae68131
[3173/3625] Checking is OK   | E:\01.userData\ZhuoMian\Github_Releases_批量下载 xray\Xray-core\v26.2.2\Xray-windows-64.zip          | LOCAL=6f02e679dc9922855448f0473ae7c30014f3734212aed31eee998ae1eafdf952 REMOTE=6f02e679dc9922855448f0473ae7c30014f3734212aed31eee998ae1eafdf952
[3174/3625] Checking is OK   | E:\01.userData\ZhuoMian\Github_Releases_批量下载 xray\Xray-core\v26.2.2\Xray-windows-arm32-v7a.zip   | LOCAL=0563d04f2d3851e3fbc6af343c5acdf85cd6f0d82ae360ca2257ffd1a6ffd27c REMOTE=0563d04f2d3851e3fbc6af343c5acdf85cd6f0d82ae360ca2257ffd1a6ffd27c
[3175/3625] Checking is OK   | E:\01.userData\ZhuoMian\Github_Releases_批量下载 xray\Xray-core\v26.2.2\Xray-windows-arm64-v8a.zip   | LOCAL=a7af89ef258fa2ff7bf6bfe99f9c0b950798b501e20d0bf4028e4d4cc7e6d220 REMOTE=a7af89ef258fa2ff7bf6bfe99f9c0b950798b501e20d0bf4028e4d4cc7e6d220
[3176/3625] Checking is OK   | E:\01.userData\ZhuoMian\Github_Releases_批量下载 xray\Xray-core\v26.2.4\Xray-android-amd64.zip       | LOCAL=3bc5a0c465b80b81a87e2926196c031d52b84b40e103893a282e6d6fd9c6e11b REMOTE=3bc5a0c465b80b81a87e2926196c031d52b84b40e103893a282e6d6fd9c6e11b
[3177/3625] Checking is OK   | E:\01.userData\ZhuoMian\Github_Releases_批量下载 xray\Xray-core\v26.2.4\Xray-android-arm64-v8a.zip   | LOCAL=5db41a15fabc4fedc97aa4532a0fb26755acd331fd006fd3af7a3f6bf20cbd59 REMOTE=5db41a15fabc4fedc97aa4532a0fb26755acd331fd006fd3af7a3f6bf20cbd59
[3178/3625] Checking is OK   | E:\01.userData\ZhuoMian\Github_Releases_批量下载 xray\Xray-core\v26.2.4\Xray-freebsd-32.zip          | LOCAL=daf9f8e19bd42d2ac079aa3ac2b85a9facd730e4ae0d009d641669c767ecc7d6 REMOTE=daf9f8e19bd42d2ac079aa3ac2b85a9facd730e4ae0d009d641669c767ecc7d6
[3179/3625] Checking is OK   | E:\01.userData\ZhuoMian\Github_Releases_批量下载 xray\Xray-core\v26.2.4\Xray-freebsd-64.zip          | LOCAL=4629234a38b98902c3a616cec2a8fde5c59ccebb7460d9e9ff79bc70a521d3fd REMOTE=4629234a38b98902c3a616cec2a8fde5c59ccebb7460d9e9ff79bc70a521d3fd
[3180/3625] Checking is OK   | E:\01.userData\ZhuoMian\Github_Releases_批量下载 xray\Xray-core\v26.2.4\Xray-freebsd-arm32-v7a.zip   | LOCAL=99d2faadf29ee08ef6db33c23b12edb402233f59ac924d463bc9c3598cd0a79e REMOTE=99d2faadf29ee08ef6db33c23b12edb402233f59ac924d463bc9c3598cd0a79e
[3181/3625] Checking is OK   | E:\01.userData\ZhuoMian\Github_Releases_批量下载 xray\Xray-core\v26.2.4\Xray-freebsd-arm64-v8a.zip   | LOCAL=4333634712a8293dd438cb59adb13b5e85f3c4695f70c38b0b8ed89970c83075 REMOTE=4333634712a8293dd438cb59adb13b5e85f3c4695f70c38b0b8ed89970c83075
[3182/3625] Checking is OK   | E:\01.userData\ZhuoMian\Github_Releases_批量下载 xray\Xray-core\v26.2.4\Xray-linux-32.zip            | LOCAL=8a659a0a05eed1c91b744df3d37cc55c1cb7da01a503ad7346190d02ff464bb1 REMOTE=8a659a0a05eed1c91b744df3d37cc55c1cb7da01a503ad7346190d02ff464bb1
[3183/3625] Checking is OK   | E:\01.userData\ZhuoMian\Github_Releases_批量下载 xray\Xray-core\v26.2.4\Xray-linux-64.zip            | LOCAL=c6cb57846d7b170ba229bbc61d38909e0bab4357913b8080970b3df45e7fdccf REMOTE=c6cb57846d7b170ba229bbc61d38909e0bab4357913b8080970b3df45e7fdccf
[3184/3625] Checking is OK   | E:\01.userData\ZhuoMian\Github_Releases_批量下载 xray\Xray-core\v26.2.4\Xray-linux-arm32-v5.zip      | LOCAL=065f8c9db9b114710167847d73a94c414279015b145e22436d10e18a18c10a83 REMOTE=065f8c9db9b114710167847d73a94c414279015b145e22436d10e18a18c10a83
[3185/3625] Checking is OK   | E:\01.userData\ZhuoMian\Github_Releases_批量下载 xray\Xray-core\v26.2.4\Xray-linux-arm32-v6.zip      | LOCAL=a52d2a00b7ae8b9e7a65f41b6df123c12e8bacf5ef5df93b9a5eb9e09cdd31c8 REMOTE=a52d2a00b7ae8b9e7a65f41b6df123c12e8bacf5ef5df93b9a5eb9e09cdd31c8
[3186/3625] Checking is OK   | E:\01.userData\ZhuoMian\Github_Releases_批量下载 xray\Xray-core\v26.2.4\Xray-linux-arm32-v7a.zip     | LOCAL=e2f1bbecb50244bc116c5474678aefdffb31124695aff0ba84be798a4860c4b9 REMOTE=e2f1bbecb50244bc116c5474678aefdffb31124695aff0ba84be798a4860c4b9
[3187/3625] Checking is OK   | E:\01.userData\ZhuoMian\Github_Releases_批量下载 xray\Xray-core\v26.2.4\Xray-linux-arm64-v8a.zip     | LOCAL=025a43e62e3c660b88df6819e473cccc87643275e151893a6ff39ea0a04c2fad REMOTE=025a43e62e3c660b88df6819e473cccc87643275e151893a6ff39ea0a04c2fad
[3188/3625] Checking is OK   | E:\01.userData\ZhuoMian\Github_Releases_批量下载 xray\Xray-core\v26.2.4\Xray-linux-loong64.zip       | LOCAL=87d532e5cde387c6e4ea11a840869c0500eb2e9aa05ba9d7f3925cda47cf3691 REMOTE=87d532e5cde387c6e4ea11a840869c0500eb2e9aa05ba9d7f3925cda47cf3691
[3189/3625] Checking is OK   | E:\01.userData\ZhuoMian\Github_Releases_批量下载 xray\Xray-core\v26.2.4\Xray-linux-mips32.zip        | LOCAL=467ac74d4c804466edecba44abea2b8c181dfb4634fa24d4a226395ddbae6c60 REMOTE=467ac74d4c804466edecba44abea2b8c181dfb4634fa24d4a226395ddbae6c60
[3190/3625] Checking is OK   | E:\01.userData\ZhuoMian\Github_Releases_批量下载 xray\Xray-core\v26.2.4\Xray-linux-mips32le.zip      | LOCAL=cd3d8585494a9d035a6857d6923c9a8786f811dd80867217b68c9bc29045093d REMOTE=cd3d8585494a9d035a6857d6923c9a8786f811dd80867217b68c9bc29045093d
[3191/3625] Checking is OK   | E:\01.userData\ZhuoMian\Github_Releases_批量下载 xray\Xray-core\v26.2.4\Xray-linux-mips64.zip        | LOCAL=0df1a125be06eca62714cf779b3b5ab4a7e2a85717be405a7ac07762553ea867 REMOTE=0df1a125be06eca62714cf779b3b5ab4a7e2a85717be405a7ac07762553ea867
[3192/3625] Checking is OK   | E:\01.userData\ZhuoMian\Github_Releases_批量下载 xray\Xray-core\v26.2.4\Xray-linux-mips64le.zip      | LOCAL=dfc5cf235b924017fe79c1049bf71d561e4c8c4fda08a0203af8d99c7034f93a REMOTE=dfc5cf235b924017fe79c1049bf71d561e4c8c4fda08a0203af8d99c7034f93a
[3193/3625] Checking is OK   | E:\01.userData\ZhuoMian\Github_Releases_批量下载 xray\Xray-core\v26.2.4\Xray-linux-ppc64.zip         | LOCAL=8bd4adcd00daf2db93bafe9627318f4723e4a47f73a08db138bd36ff51b545d0 REMOTE=8bd4adcd00daf2db93bafe9627318f4723e4a47f73a08db138bd36ff51b545d0
[3194/3625] Checking is OK   | E:\01.userData\ZhuoMian\Github_Releases_批量下载 xray\Xray-core\v26.2.4\Xray-linux-ppc64le.zip       | LOCAL=c4cae915e4ec30c5d6003905863cf31429d786eab0ea30ca7df6882f31992db8 REMOTE=c4cae915e4ec30c5d6003905863cf31429d786eab0ea30ca7df6882f31992db8
[3195/3625] Checking is OK   | E:\01.userData\ZhuoMian\Github_Releases_批量下载 xray\Xray-core\v26.2.4\Xray-linux-riscv64.zip       | LOCAL=e75ec2087038e9b776e56a1383aa6cb3ec226ec7a3c85a9e3c485d9530168987 REMOTE=e75ec2087038e9b776e56a1383aa6cb3ec226ec7a3c85a9e3c485d9530168987
[3196/3625] Checking is OK   | E:\01.userData\ZhuoMian\Github_Releases_批量下载 xray\Xray-core\v26.2.4\Xray-linux-s390x.zip         | LOCAL=d60b41ee247244aa56376c3925c7ee3d7f1d969dc1891286078e4eb9a1104938 REMOTE=d60b41ee247244aa56376c3925c7ee3d7f1d969dc1891286078e4eb9a1104938
[3197/3625] Checking is OK   | E:\01.userData\ZhuoMian\Github_Releases_批量下载 xray\Xray-core\v26.2.4\Xray-macos-64.zip            | LOCAL=410030cec7aee65c40cf32d632bfc1853b1107aa61cef2f94e497bc770968517 REMOTE=410030cec7aee65c40cf32d632bfc1853b1107aa61cef2f94e497bc770968517
[3198/3625] Checking is OK   | E:\01.userData\ZhuoMian\Github_Releases_批量下载 xray\Xray-core\v26.2.4\Xray-macos-arm64-v8a.zip     | LOCAL=e3997d6151fd868ac887c22694f758b00e949ecf517120715c2618f263a6458f REMOTE=e3997d6151fd868ac887c22694f758b00e949ecf517120715c2618f263a6458f
[3199/3625] Checking is OK   | E:\01.userData\ZhuoMian\Github_Releases_批量下载 xray\Xray-core\v26.2.4\Xray-openbsd-32.zip          | LOCAL=841861566ab2fd3b23cb52f3c4a8f56b7123ceeb33e49eca71237f25c85a9519 REMOTE=841861566ab2fd3b23cb52f3c4a8f56b7123ceeb33e49eca71237f25c85a9519
[3200/3625] Checking is OK   | E:\01.userData\ZhuoMian\Github_Releases_批量下载 xray\Xray-core\v26.2.4\Xray-openbsd-64.zip          | LOCAL=a8bc4661ca582475eb2f3b8da886d95c69d88c43d680da52c5ccf4ad4238dfdf REMOTE=a8bc4661ca582475eb2f3b8da886d95c69d88c43d680da52c5ccf4ad4238dfdf
[3201/3625] Checking is OK   | E:\01.userData\ZhuoMian\Github_Releases_批量下载 xray\Xray-core\v26.2.4\Xray-openbsd-arm32-v7a.zip   | LOCAL=3c6e3df6751ad2473f3ba315970c5ef18b4d225a760f2d487cd06b32e7b7316a REMOTE=3c6e3df6751ad2473f3ba315970c5ef18b4d225a760f2d487cd06b32e7b7316a
[3202/3625] Checking is OK   | E:\01.userData\ZhuoMian\Github_Releases_批量下载 xray\Xray-core\v26.2.4\Xray-openbsd-arm64-v8a.zip   | LOCAL=212164491dbf8cb28591a41ab71e1a63d3103e1c7d23b354b59025f1e398c551 REMOTE=212164491dbf8cb28591a41ab71e1a63d3103e1c7d23b354b59025f1e398c551
[3203/3625] Checking is OK   | E:\01.userData\ZhuoMian\Github_Releases_批量下载 xray\Xray-core\v26.2.4\Xray-win7-32.zip             | LOCAL=df6e577d40b48a13ddb08676db2c0821f4e7b04f60ce799daeac692bd7218a9a REMOTE=df6e577d40b48a13ddb08676db2c0821f4e7b04f60ce799daeac692bd7218a9a
[3204/3625] Checking is OK   | E:\01.userData\ZhuoMian\Github_Releases_批量下载 xray\Xray-core\v26.2.4\Xray-win7-64.zip             | LOCAL=14e4c7a437b60378ca73afff5b39076b0c4937ad7af7e268a95ca6c2453ea4c5 REMOTE=14e4c7a437b60378ca73afff5b39076b0c4937ad7af7e268a95ca6c2453ea4c5
[3205/3625] Checking is OK   | E:\01.userData\ZhuoMian\Github_Releases_批量下载 xray\Xray-core\v26.2.4\Xray-windows-32.zip          | LOCAL=8a1f674554751e460dc2d21ab634686c8fbec93bf8096db405b1238a92f72b55 REMOTE=8a1f674554751e460dc2d21ab634686c8fbec93bf8096db405b1238a92f72b55
[3206/3625] Checking is OK   | E:\01.userData\ZhuoMian\Github_Releases_批量下载 xray\Xray-core\v26.2.4\Xray-windows-64.zip          | LOCAL=2945aa7e7ec4c4f85f3d21829ae76ef7a49dfeed710c92c5770d12937d088016 REMOTE=2945aa7e7ec4c4f85f3d21829ae76ef7a49dfeed710c92c5770d12937d088016
[3207/3625] Checking is OK   | E:\01.userData\ZhuoMian\Github_Releases_批量下载 xray\Xray-core\v26.2.4\Xray-windows-arm32-v7a.zip   | LOCAL=1a64c6719bb1e381de62473a28e7ca6bba32b2f5f63697b41dbac05111556b05 REMOTE=1a64c6719bb1e381de62473a28e7ca6bba32b2f5f63697b41dbac05111556b05
[3208/3625] Checking is OK   | E:\01.userData\ZhuoMian\Github_Releases_批量下载 xray\Xray-core\v26.2.4\Xray-windows-arm64-v8a.zip   | LOCAL=a7c79987ecfc458982ab692e225b562720430cfc805546a5fc4236ff5bde4770 REMOTE=a7c79987ecfc458982ab692e225b562720430cfc805546a5fc4236ff5bde4770
[3209/3625] Checking is OK   | E:\01.userData\ZhuoMian\Github_Releases_批量下载 xray\Xray-core\v26.2.6\Xray-android-amd64.zip       | LOCAL=f11f5bb71ebb2fe4127670404fbd0c21d93f62e453870fda65ad6effe7a6131e REMOTE=f11f5bb71ebb2fe4127670404fbd0c21d93f62e453870fda65ad6effe7a6131e
[3210/3625] Checking is OK   | E:\01.userData\ZhuoMian\Github_Releases_批量下载 xray\Xray-core\v26.2.6\Xray-android-arm64-v8a.zip   | LOCAL=952ccbb2275eace52e644a349358de293278eefc32b139d795b067edcb6a2f07 REMOTE=952ccbb2275eace52e644a349358de293278eefc32b139d795b067edcb6a2f07
[3211/3625] Checking is OK   | E:\01.userData\ZhuoMian\Github_Releases_批量下载 xray\Xray-core\v26.2.6\Xray-freebsd-32.zip          | LOCAL=05ab99835260417c074fbe2bb9b5e943b4d8ee660a48c9f78fbaed26285b9c93 REMOTE=05ab99835260417c074fbe2bb9b5e943b4d8ee660a48c9f78fbaed26285b9c93
[3212/3625] Checking is OK   | E:\01.userData\ZhuoMian\Github_Releases_批量下载 xray\Xray-core\v26.2.6\Xray-freebsd-64.zip          | LOCAL=4f79e9f74ea74b767352f0f356cc385beb0c54d589267ee90b2df5db9ce15a96 REMOTE=4f79e9f74ea74b767352f0f356cc385beb0c54d589267ee90b2df5db9ce15a96
[3213/3625] Checking is OK   | E:\01.userData\ZhuoMian\Github_Releases_批量下载 xray\Xray-core\v26.2.6\Xray-freebsd-arm32-v7a.zip   | LOCAL=b91442d2bacc27587408cacf368e5b3593a181ee211a34d6f70c969ee00b9de8 REMOTE=b91442d2bacc27587408cacf368e5b3593a181ee211a34d6f70c969ee00b9de8
[3214/3625] Checking is OK   | E:\01.userData\ZhuoMian\Github_Releases_批量下载 xray\Xray-core\v26.2.6\Xray-freebsd-arm64-v8a.zip   | LOCAL=1995fd27b3c44c5a57a305cf9f467813d8353f6de46b5e5bcf3383d968d6dbfc REMOTE=1995fd27b3c44c5a57a305cf9f467813d8353f6de46b5e5bcf3383d968d6dbfc
[3215/3625] Checking is OK   | E:\01.userData\ZhuoMian\Github_Releases_批量下载 xray\Xray-core\v26.2.6\Xray-linux-32.zip            | LOCAL=0076878dd4fea220bf47bb320d67d0df00715f9ae1de490e1f5fc60ccf09ac6e REMOTE=0076878dd4fea220bf47bb320d67d0df00715f9ae1de490e1f5fc60ccf09ac6e
[3216/3625] Checking is OK   | E:\01.userData\ZhuoMian\Github_Releases_批量下载 xray\Xray-core\v26.2.6\Xray-linux-64.zip            | LOCAL=29ce535b56e207a406ffa1c2d4842dcc410be003eff8ec508bb732abc9f8e385 REMOTE=29ce535b56e207a406ffa1c2d4842dcc410be003eff8ec508bb732abc9f8e385
[3217/3625] Checking is OK   | E:\01.userData\ZhuoMian\Github_Releases_批量下载 xray\Xray-core\v26.2.6\Xray-linux-arm32-v5.zip      | LOCAL=2ca5d3dc9ea4405c8dce38d59378390e2f9c786781deb4602c1b6019a5a91a43 REMOTE=2ca5d3dc9ea4405c8dce38d59378390e2f9c786781deb4602c1b6019a5a91a43
[3218/3625] Checking is OK   | E:\01.userData\ZhuoMian\Github_Releases_批量下载 xray\Xray-core\v26.2.6\Xray-linux-arm32-v6.zip      | LOCAL=15f40648e61ef7168945b2e653b03914f2f8e15408316690c547d2b049366270 REMOTE=15f40648e61ef7168945b2e653b03914f2f8e15408316690c547d2b049366270
[3219/3625] Checking is OK   | E:\01.userData\ZhuoMian\Github_Releases_批量下载 xray\Xray-core\v26.2.6\Xray-linux-arm32-v7a.zip     | LOCAL=450c87465b81a9b61864756884ee8731c6e88b70b61d8ec68dfe4b155082780a REMOTE=450c87465b81a9b61864756884ee8731c6e88b70b61d8ec68dfe4b155082780a
[3220/3625] Checking is OK   | E:\01.userData\ZhuoMian\Github_Releases_批量下载 xray\Xray-core\v26.2.6\Xray-linux-arm64-v8a.zip     | LOCAL=b52d8263453fbd6f4747fd6a1ecf70cd43a664243615dc892ea4674c01b2b5ee REMOTE=b52d8263453fbd6f4747fd6a1ecf70cd43a664243615dc892ea4674c01b2b5ee
[3221/3625] Checking is OK   | E:\01.userData\ZhuoMian\Github_Releases_批量下载 xray\Xray-core\v26.2.6\Xray-linux-loong64.zip       | LOCAL=62d915c164b0cb85c2dedd73a9e46d25ee27b4d83dcc20a65b1de3da0a0bd0d6 REMOTE=62d915c164b0cb85c2dedd73a9e46d25ee27b4d83dcc20a65b1de3da0a0bd0d6
[3222/3625] Checking is OK   | E:\01.userData\ZhuoMian\Github_Releases_批量下载 xray\Xray-core\v26.2.6\Xray-linux-mips32.zip        | LOCAL=76a40ab665db109dad408abcdd01d8a6dabeaaac97f1b74d9f3b09429ff0bb30 REMOTE=76a40ab665db109dad408abcdd01d8a6dabeaaac97f1b74d9f3b09429ff0bb30
[3223/3625] Checking is OK   | E:\01.userData\ZhuoMian\Github_Releases_批量下载 xray\Xray-core\v26.2.6\Xray-linux-mips32le.zip      | LOCAL=1590b2bcefe64fb0604f29c8c75219bfbe8f63daa3bc8e3956edfa6da97c5869 REMOTE=1590b2bcefe64fb0604f29c8c75219bfbe8f63daa3bc8e3956edfa6da97c5869
[3224/3625] Checking is OK   | E:\01.userData\ZhuoMian\Github_Releases_批量下载 xray\Xray-core\v26.2.6\Xray-linux-mips64.zip        | LOCAL=1be9ef0c375dd53b7bdd4d8a0a2817ee2b235e50884ea283b1872b2ec6b8d89c REMOTE=1be9ef0c375dd53b7bdd4d8a0a2817ee2b235e50884ea283b1872b2ec6b8d89c
[3225/3625] Checking is OK   | E:\01.userData\ZhuoMian\Github_Releases_批量下载 xray\Xray-core\v26.2.6\Xray-linux-mips64le.zip      | LOCAL=1faabc3e320525b072ba2e84877aaf06798329cc3492ff6e3ac231bf9bcd5e88 REMOTE=1faabc3e320525b072ba2e84877aaf06798329cc3492ff6e3ac231bf9bcd5e88
[3226/3625] Checking is OK   | E:\01.userData\ZhuoMian\Github_Releases_批量下载 xray\Xray-core\v26.2.6\Xray-linux-ppc64.zip         | LOCAL=27cb635492349bc8fc09db850a0a38951a21c5c95d55f1d6cfc64ab5974e6594 REMOTE=27cb635492349bc8fc09db850a0a38951a21c5c95d55f1d6cfc64ab5974e6594
[3227/3625] Checking is OK   | E:\01.userData\ZhuoMian\Github_Releases_批量下载 xray\Xray-core\v26.2.6\Xray-linux-ppc64le.zip       | LOCAL=254ac9e43d154d6cbdc8e2d6b72842efa911b2852ca08be077f6694a146759dc REMOTE=254ac9e43d154d6cbdc8e2d6b72842efa911b2852ca08be077f6694a146759dc
[3228/3625] Checking is OK   | E:\01.userData\ZhuoMian\Github_Releases_批量下载 xray\Xray-core\v26.2.6\Xray-linux-riscv64.zip       | LOCAL=6c77be8820afa31ab1bba92df78a3566c44e031bbdae2febaad1f97a0999fdd1 REMOTE=6c77be8820afa31ab1bba92df78a3566c44e031bbdae2febaad1f97a0999fdd1
[3229/3625] Checking is OK   | E:\01.userData\ZhuoMian\Github_Releases_批量下载 xray\Xray-core\v26.2.6\Xray-linux-s390x.zip         | LOCAL=9f9692b14156943b34c13f5a1546900af4546869dc2f570018cfa0d393616f2a REMOTE=9f9692b14156943b34c13f5a1546900af4546869dc2f570018cfa0d393616f2a
[3230/3625] Checking is OK   | E:\01.userData\ZhuoMian\Github_Releases_批量下载 xray\Xray-core\v26.2.6\Xray-macos-64.zip            | LOCAL=2baa1914c3ff93f66801e93556c9562099f469f812c9cff3dc7aff8aedda9f1b REMOTE=2baa1914c3ff93f66801e93556c9562099f469f812c9cff3dc7aff8aedda9f1b
[3231/3625] Checking is OK   | E:\01.userData\ZhuoMian\Github_Releases_批量下载 xray\Xray-core\v26.2.6\Xray-macos-arm64-v8a.zip     | LOCAL=adec4685084a7481c8acad93bb2024abe6db46535aec3a7bd6903d462961861d REMOTE=adec4685084a7481c8acad93bb2024abe6db46535aec3a7bd6903d462961861d
[3232/3625] Checking is OK   | E:\01.userData\ZhuoMian\Github_Releases_批量下载 xray\Xray-core\v26.2.6\Xray-openbsd-32.zip          | LOCAL=b4f2e55356b1e950af196c885938df5059326c21a0189ec4c1d2d6ef1776bd7d REMOTE=b4f2e55356b1e950af196c885938df5059326c21a0189ec4c1d2d6ef1776bd7d
[3233/3625] Checking is OK   | E:\01.userData\ZhuoMian\Github_Releases_批量下载 xray\Xray-core\v26.2.6\Xray-openbsd-64.zip          | LOCAL=cc995af12f66961896b0de88d0f6540f676e7a8c1a0ad420bba55eefd86b1fc0 REMOTE=cc995af12f66961896b0de88d0f6540f676e7a8c1a0ad420bba55eefd86b1fc0
[3234/3625] Checking is OK   | E:\01.userData\ZhuoMian\Github_Releases_批量下载 xray\Xray-core\v26.2.6\Xray-openbsd-arm32-v7a.zip   | LOCAL=e844246ce9cafc255dee7016b24518e158fd4b0d930083bd34967a14dc4992f9 REMOTE=e844246ce9cafc255dee7016b24518e158fd4b0d930083bd34967a14dc4992f9
[3235/3625] Checking is OK   | E:\01.userData\ZhuoMian\Github_Releases_批量下载 xray\Xray-core\v26.2.6\Xray-openbsd-arm64-v8a.zip   | LOCAL=d2979dce608767f34d64fd3a3a1341c6a585bfd7343b0e3cd5cc9e8d714fa3d5 REMOTE=d2979dce608767f34d64fd3a3a1341c6a585bfd7343b0e3cd5cc9e8d714fa3d5
[3236/3625] Checking is OK   | E:\01.userData\ZhuoMian\Github_Releases_批量下载 xray\Xray-core\v26.2.6\Xray-win7-32.zip             | LOCAL=b4192616c996b4f92fbb8cddf7f5328167a56f8ab52b5419f2e512a6be1504fb REMOTE=b4192616c996b4f92fbb8cddf7f5328167a56f8ab52b5419f2e512a6be1504fb
[3237/3625] Checking is OK   | E:\01.userData\ZhuoMian\Github_Releases_批量下载 xray\Xray-core\v26.2.6\Xray-win7-64.zip             | LOCAL=a71d352bea0d55525f285510bb89ff99e7d5f663e06beec118d874b9e1cbbaf4 REMOTE=a71d352bea0d55525f285510bb89ff99e7d5f663e06beec118d874b9e1cbbaf4
[3238/3625] Checking is OK   | E:\01.userData\ZhuoMian\Github_Releases_批量下载 xray\Xray-core\v26.2.6\Xray-windows-32.zip          | LOCAL=a1a5ff0f7ef13ef34d5ef223022464e0c284ff4c38cb824ebdce28c40535d498 REMOTE=a1a5ff0f7ef13ef34d5ef223022464e0c284ff4c38cb824ebdce28c40535d498
[3239/3625] Checking is OK   | E:\01.userData\ZhuoMian\Github_Releases_批量下载 xray\Xray-core\v26.2.6\Xray-windows-64.zip          | LOCAL=50e0e08032f3ff4d14c46c9adb3edc7a969fbbbc54a9188cce71378e23ed3eaa REMOTE=50e0e08032f3ff4d14c46c9adb3edc7a969fbbbc54a9188cce71378e23ed3eaa
[3240/3625] Checking is OK   | E:\01.userData\ZhuoMian\Github_Releases_批量下载 xray\Xray-core\v26.2.6\Xray-windows-arm32-v7a.zip   | LOCAL=dfcc25f03d9032279b7b38a1f06aa76dd691b80b66461fead1cbe8814aee84f5 REMOTE=dfcc25f03d9032279b7b38a1f06aa76dd691b80b66461fead1cbe8814aee84f5
[3241/3625] Checking is OK   | E:\01.userData\ZhuoMian\Github_Releases_批量下载 xray\Xray-core\v26.2.6\Xray-windows-arm64-v8a.zip   | LOCAL=d3c26e82261d3907b07573bd28193913781add9d89c72bc2d9adfd6c5bdd1fd5 REMOTE=d3c26e82261d3907b07573bd28193913781add9d89c72bc2d9adfd6c5bdd1fd5
[3242/3625] Checking is OK   | E:\01.userData\ZhuoMian\Github_Releases_批量下载 xray\Xray-core\v26.3.23\Xray-android-amd64.zip      | LOCAL=09796da4efb30cd990aef036f23a097debc23e39c9bbd510e477f7229de6aef6 REMOTE=09796da4efb30cd990aef036f23a097debc23e39c9bbd510e477f7229de6aef6
[3243/3625] Checking is OK   | E:\01.userData\ZhuoMian\Github_Releases_批量下载 xray\Xray-core\v26.3.23\Xray-android-arm64-v8a.zip  | LOCAL=33985345a6db39679c2486b17dcef3836475e1ce1c741bd07eb4787974b9411f REMOTE=33985345a6db39679c2486b17dcef3836475e1ce1c741bd07eb4787974b9411f
[3244/3625] Checking is OK   | E:\01.userData\ZhuoMian\Github_Releases_批量下载 xray\Xray-core\v26.3.23\Xray-freebsd-32.zip         | LOCAL=9e44abd610bc3f34fbc46d82f2e8a68a583ad671664cf8fb3f43b82d22c587d6 REMOTE=9e44abd610bc3f34fbc46d82f2e8a68a583ad671664cf8fb3f43b82d22c587d6
[3245/3625] Checking is OK   | E:\01.userData\ZhuoMian\Github_Releases_批量下载 xray\Xray-core\v26.3.23\Xray-freebsd-64.zip         | LOCAL=352a40470d27984f5b86788872cc77d15783bacbd8eebe73aaab31e8533696a5 REMOTE=352a40470d27984f5b86788872cc77d15783bacbd8eebe73aaab31e8533696a5
[3246/3625] Checking is OK   | E:\01.userData\ZhuoMian\Github_Releases_批量下载 xray\Xray-core\v26.3.23\Xray-freebsd-arm32-v7a.zip  | LOCAL=306f0f2911024a1b0b453aa4cf488a35f5e970a41692499cc1b4ad16ff2f3a22 REMOTE=306f0f2911024a1b0b453aa4cf488a35f5e970a41692499cc1b4ad16ff2f3a22
[3247/3625] Checking is OK   | E:\01.userData\ZhuoMian\Github_Releases_批量下载 xray\Xray-core\v26.3.23\Xray-freebsd-arm64-v8a.zip  | LOCAL=232267bd42b782fc237e79b91cde64f7266f062a13e10761a3b9f8b4f975d7b5 REMOTE=232267bd42b782fc237e79b91cde64f7266f062a13e10761a3b9f8b4f975d7b5
[3248/3625] Checking is OK   | E:\01.userData\ZhuoMian\Github_Releases_批量下载 xray\Xray-core\v26.3.23\Xray-linux-32.zip           | LOCAL=6393884ed4db98f751703dc753eef6620005ab97cfe0b5a9226e99a87f2958c7 REMOTE=6393884ed4db98f751703dc753eef6620005ab97cfe0b5a9226e99a87f2958c7
[3249/3625] Checking is OK   | E:\01.userData\ZhuoMian\Github_Releases_批量下载 xray\Xray-core\v26.3.23\Xray-linux-64.zip           | LOCAL=8985f9dac52714194cd86368e6361f234b9e26017603b24d58d83041197c5db5 REMOTE=8985f9dac52714194cd86368e6361f234b9e26017603b24d58d83041197c5db5
[3250/3625] Checking is OK   | E:\01.userData\ZhuoMian\Github_Releases_批量下载 xray\Xray-core\v26.3.23\Xray-linux-arm32-v5.zip     | LOCAL=48547878c9a8f2a9c8ed9e95edb9d49884ea08dd9bdcd217195d5532e06c81d7 REMOTE=48547878c9a8f2a9c8ed9e95edb9d49884ea08dd9bdcd217195d5532e06c81d7
[3251/3625] Checking is OK   | E:\01.userData\ZhuoMian\Github_Releases_批量下载 xray\Xray-core\v26.3.23\Xray-linux-arm32-v6.zip     | LOCAL=9231ce4b25480d089c122c628deaa93c9bbd5272693d6a34eb5c9e1eef406934 REMOTE=9231ce4b25480d089c122c628deaa93c9bbd5272693d6a34eb5c9e1eef406934
[3252/3625] Checking is OK   | E:\01.userData\ZhuoMian\Github_Releases_批量下载 xray\Xray-core\v26.3.23\Xray-linux-arm32-v7a.zip    | LOCAL=03ccf4765c27a8627a1f6e882570ec15fd4a10ccdb5a6d0a6a893d7226f4d5bb REMOTE=03ccf4765c27a8627a1f6e882570ec15fd4a10ccdb5a6d0a6a893d7226f4d5bb
[3253/3625] Checking is OK   | E:\01.userData\ZhuoMian\Github_Releases_批量下载 xray\Xray-core\v26.3.23\Xray-linux-arm64-v8a.zip    | LOCAL=f4bf605c2452f79b58bc840bb5c993176f743ba3f3ae8e964f76c9786f2cfa01 REMOTE=f4bf605c2452f79b58bc840bb5c993176f743ba3f3ae8e964f76c9786f2cfa01
[3254/3625] Checking is OK   | E:\01.userData\ZhuoMian\Github_Releases_批量下载 xray\Xray-core\v26.3.23\Xray-linux-loong64.zip      | LOCAL=eb4c83eaee874482090a5687b3451110b64dbe6b658450988a55d53f49ea413a REMOTE=eb4c83eaee874482090a5687b3451110b64dbe6b658450988a55d53f49ea413a
[3255/3625] Checking is OK   | E:\01.userData\ZhuoMian\Github_Releases_批量下载 xray\Xray-core\v26.3.23\Xray-linux-mips32.zip       | LOCAL=2fe2d7987de6e2bfb7c50f6b242f397c31ff0f277ad79416758585eb7bd0f89e REMOTE=2fe2d7987de6e2bfb7c50f6b242f397c31ff0f277ad79416758585eb7bd0f89e
[3256/3625] Checking is OK   | E:\01.userData\ZhuoMian\Github_Releases_批量下载 xray\Xray-core\v26.3.23\Xray-linux-mips32le.zip     | LOCAL=051c105b897146fd197e1470a6d6ad01d204e1e07aacd5ec2a5be50f38322dff REMOTE=051c105b897146fd197e1470a6d6ad01d204e1e07aacd5ec2a5be50f38322dff
[3257/3625] Checking is OK   | E:\01.userData\ZhuoMian\Github_Releases_批量下载 xray\Xray-core\v26.3.23\Xray-linux-mips64.zip       | LOCAL=9307e69c91f0efa5f23837da1b434f10cf15cd87197addac718eb1a58de6fc0b REMOTE=9307e69c91f0efa5f23837da1b434f10cf15cd87197addac718eb1a58de6fc0b
[3258/3625] Checking is OK   | E:\01.userData\ZhuoMian\Github_Releases_批量下载 xray\Xray-core\v26.3.23\Xray-linux-mips64le.zip     | LOCAL=918da7b91fd2e9958ced2216ef35888ec3d2d1038dc946167a2985fac4a9923e REMOTE=918da7b91fd2e9958ced2216ef35888ec3d2d1038dc946167a2985fac4a9923e
[3259/3625] Checking is OK   | E:\01.userData\ZhuoMian\Github_Releases_批量下载 xray\Xray-core\v26.3.23\Xray-linux-ppc64.zip        | LOCAL=49c99bb11e431afe0264345a03e8ec54f2eec2f8a825f67bbe29b339fade2c28 REMOTE=49c99bb11e431afe0264345a03e8ec54f2eec2f8a825f67bbe29b339fade2c28
[3260/3625] Checking is OK   | E:\01.userData\ZhuoMian\Github_Releases_批量下载 xray\Xray-core\v26.3.23\Xray-linux-ppc64le.zip      | LOCAL=7b2e4e5e76debc581068c3ae75bbcab18c5f82884722f96466950d2138ebce4d REMOTE=7b2e4e5e76debc581068c3ae75bbcab18c5f82884722f96466950d2138ebce4d
[3261/3625] Checking is OK   | E:\01.userData\ZhuoMian\Github_Releases_批量下载 xray\Xray-core\v26.3.23\Xray-linux-riscv64.zip      | LOCAL=d63a7b32aba1adc287e699d847eba45f4ba1d0818163b0dc9de45ec1ee3f23e6 REMOTE=d63a7b32aba1adc287e699d847eba45f4ba1d0818163b0dc9de45ec1ee3f23e6
[3262/3625] Checking is OK   | E:\01.userData\ZhuoMian\Github_Releases_批量下载 xray\Xray-core\v26.3.23\Xray-linux-s390x.zip        | LOCAL=9b730d61973a51229106b701990f4f5ee80cd3e3f2a47db493e17e00c1d58fc9 REMOTE=9b730d61973a51229106b701990f4f5ee80cd3e3f2a47db493e17e00c1d58fc9
[3263/3625] Checking is OK   | E:\01.userData\ZhuoMian\Github_Releases_批量下载 xray\Xray-core\v26.3.23\Xray-macos-64.zip           | LOCAL=f590f0f80b80f53bb21173f38e8bfb2672dec970dcd788cd44661d5918e1caa8 REMOTE=f590f0f80b80f53bb21173f38e8bfb2672dec970dcd788cd44661d5918e1caa8
[3264/3625] Checking is OK   | E:\01.userData\ZhuoMian\Github_Releases_批量下载 xray\Xray-core\v26.3.23\Xray-macos-arm64-v8a.zip    | LOCAL=d711dc1e50c03d62ab836dbdcb2d0f10e52cd9f56b944f5e378d19627ec1bf69 REMOTE=d711dc1e50c03d62ab836dbdcb2d0f10e52cd9f56b944f5e378d19627ec1bf69
[3265/3625] Checking is OK   | E:\01.userData\ZhuoMian\Github_Releases_批量下载 xray\Xray-core\v26.3.23\Xray-openbsd-32.zip         | LOCAL=e4ae9c33a045b7afb83164371bdf6562b8a88849995b8e109bdbe6f1b4204bf5 REMOTE=e4ae9c33a045b7afb83164371bdf6562b8a88849995b8e109bdbe6f1b4204bf5
[3266/3625] Checking is OK   | E:\01.userData\ZhuoMian\Github_Releases_批量下载 xray\Xray-core\v26.3.23\Xray-openbsd-64.zip         | LOCAL=5d20d0ed494d421f7ef6b6b910f134a0f1ab08d678fc141d414dd071202eb97f REMOTE=5d20d0ed494d421f7ef6b6b910f134a0f1ab08d678fc141d414dd071202eb97f
[3267/3625] Checking is OK   | E:\01.userData\ZhuoMian\Github_Releases_批量下载 xray\Xray-core\v26.3.23\Xray-openbsd-arm32-v7a.zip  | LOCAL=87bc462483995226cca3d3bff487200fa8e766ec4ea694d2e7c9bdc6a82e2d14 REMOTE=87bc462483995226cca3d3bff487200fa8e766ec4ea694d2e7c9bdc6a82e2d14
[3268/3625] Checking is OK   | E:\01.userData\ZhuoMian\Github_Releases_批量下载 xray\Xray-core\v26.3.23\Xray-openbsd-arm64-v8a.zip  | LOCAL=5ef8257c78f9afa2ff690f3c2c5bf5c9a2e1e04c7a4423dcfed2eead01e6a073 REMOTE=5ef8257c78f9afa2ff690f3c2c5bf5c9a2e1e04c7a4423dcfed2eead01e6a073
[3269/3625] Checking is OK   | E:\01.userData\ZhuoMian\Github_Releases_批量下载 xray\Xray-core\v26.3.23\Xray-win7-32.zip            | LOCAL=6e09181de690ba31e347b1013b12e967b1ed88d7eb2c2146f05dfaec2a290d3b REMOTE=6e09181de690ba31e347b1013b12e967b1ed88d7eb2c2146f05dfaec2a290d3b
[3270/3625] Checking is OK   | E:\01.userData\ZhuoMian\Github_Releases_批量下载 xray\Xray-core\v26.3.23\Xray-win7-64.zip            | LOCAL=c96c78ce668e2d6e6976dc38e2fa2db2d03ac40fe88e76e1dd0953d8a106f0fc REMOTE=c96c78ce668e2d6e6976dc38e2fa2db2d03ac40fe88e76e1dd0953d8a106f0fc
[3271/3625] Checking is OK   | E:\01.userData\ZhuoMian\Github_Releases_批量下载 xray\Xray-core\v26.3.23\Xray-windows-32.zip         | LOCAL=eb6db0d058727d64f5fff147a5632234bb88c168f9ccfd661eb12fe9924b346d REMOTE=eb6db0d058727d64f5fff147a5632234bb88c168f9ccfd661eb12fe9924b346d
[3272/3625] Checking is OK   | E:\01.userData\ZhuoMian\Github_Releases_批量下载 xray\Xray-core\v26.3.23\Xray-windows-64.zip         | LOCAL=e1b43a395949b09ff281c1acf40e3b685a1b285f0e711b8aebe845b2f28e7ba0 REMOTE=e1b43a395949b09ff281c1acf40e3b685a1b285f0e711b8aebe845b2f28e7ba0
[3273/3625] Checking is OK   | E:\01.userData\ZhuoMian\Github_Releases_批量下载 xray\Xray-core\v26.3.23\Xray-windows-arm64-v8a.zip  | LOCAL=d8e44cfc3e4311d6bdbce0aeb18b03521ecdd27ee2c36d7568ca409e7e57e493 REMOTE=d8e44cfc3e4311d6bdbce0aeb18b03521ecdd27ee2c36d7568ca409e7e57e493
[3274/3625] Checking is OK   | E:\01.userData\ZhuoMian\Github_Releases_批量下载 xray\Xray-core\v26.3.27\Xray-android-amd64.zip      | LOCAL=bfa1dd4cb3cd94f92af6c718ac6933cc84bd3ddd8343aa1e413162152930bee5 REMOTE=bfa1dd4cb3cd94f92af6c718ac6933cc84bd3ddd8343aa1e413162152930bee5
[3275/3625] Checking is OK   | E:\01.userData\ZhuoMian\Github_Releases_批量下载 xray\Xray-core\v26.3.27\Xray-android-arm64-v8a.zip  | LOCAL=57149ffd48b629c07bf76938e73ab2729fde5910091497eab3e93d1c190f4c1b REMOTE=57149ffd48b629c07bf76938e73ab2729fde5910091497eab3e93d1c190f4c1b
[3276/3625] Checking is OK   | E:\01.userData\ZhuoMian\Github_Releases_批量下载 xray\Xray-core\v26.3.27\Xray-freebsd-32.zip         | LOCAL=d2e5d9cf175f4449b5506e2de45de144b5e1160cada1f8c350087aba465b127f REMOTE=d2e5d9cf175f4449b5506e2de45de144b5e1160cada1f8c350087aba465b127f
[3277/3625] Checking is OK   | E:\01.userData\ZhuoMian\Github_Releases_批量下载 xray\Xray-core\v26.3.27\Xray-freebsd-64.zip         | LOCAL=c0fcd6962fc8a382e14441370ddbdb6a56e7108c73e817938c626770ac4a1358 REMOTE=c0fcd6962fc8a382e14441370ddbdb6a56e7108c73e817938c626770ac4a1358
[3278/3625] Checking is OK   | E:\01.userData\ZhuoMian\Github_Releases_批量下载 xray\Xray-core\v26.3.27\Xray-freebsd-arm32-v7a.zip  | LOCAL=ffc017f8a25452996897f5aa04b7cde4a08d9b11a716c2e906afc93be36d7103 REMOTE=ffc017f8a25452996897f5aa04b7cde4a08d9b11a716c2e906afc93be36d7103
[3279/3625] Checking is OK   | E:\01.userData\ZhuoMian\Github_Releases_批量下载 xray\Xray-core\v26.3.27\Xray-freebsd-arm64-v8a.zip  | LOCAL=0f0adda9c445696f7bdd7c3788358988359cc9c5218c7487851de7db7ec6dabd REMOTE=0f0adda9c445696f7bdd7c3788358988359cc9c5218c7487851de7db7ec6dabd
[3280/3625] Checking is OK   | E:\01.userData\ZhuoMian\Github_Releases_批量下载 xray\Xray-core\v26.3.27\Xray-linux-32.zip           | LOCAL=d1eeb0d9a9106eefd286fbb73595c2dfe1c48c56aa91ba1c9aefe04f188d0927 REMOTE=d1eeb0d9a9106eefd286fbb73595c2dfe1c48c56aa91ba1c9aefe04f188d0927
[3281/3625] Checking is OK   | E:\01.userData\ZhuoMian\Github_Releases_批量下载 xray\Xray-core\v26.3.27\Xray-linux-64.zip           | LOCAL=23cd9af937744d97776ee35ecad4972cf4b2109d1e0fe6be9930467608f7c8ae REMOTE=23cd9af937744d97776ee35ecad4972cf4b2109d1e0fe6be9930467608f7c8ae
[3282/3625] Checking is OK   | E:\01.userData\ZhuoMian\Github_Releases_批量下载 xray\Xray-core\v26.3.27\Xray-linux-arm32-v5.zip     | LOCAL=0da9a632e15e82504831f61bf6b46c21e3081bcc79ad46bdc16e7dc2f0dc9088 REMOTE=0da9a632e15e82504831f61bf6b46c21e3081bcc79ad46bdc16e7dc2f0dc9088
[3283/3625] Checking is OK   | E:\01.userData\ZhuoMian\Github_Releases_批量下载 xray\Xray-core\v26.3.27\Xray-linux-arm32-v6.zip     | LOCAL=0c6e751e2bba3f3ff09a793dd6a6bc45fd6fd89f49b49dfc0cf6d922dc123bec REMOTE=0c6e751e2bba3f3ff09a793dd6a6bc45fd6fd89f49b49dfc0cf6d922dc123bec
[3284/3625] Checking is OK   | E:\01.userData\ZhuoMian\Github_Releases_批量下载 xray\Xray-core\v26.3.27\Xray-linux-arm32-v7a.zip    | LOCAL=c7265ae13c63ca0241a037df4ef960ad37938c8a67d984cc08834b2cfdf5654b REMOTE=c7265ae13c63ca0241a037df4ef960ad37938c8a67d984cc08834b2cfdf5654b
[3285/3625] Checking is OK   | E:\01.userData\ZhuoMian\Github_Releases_批量下载 xray\Xray-core\v26.3.27\Xray-linux-arm64-v8a.zip    | LOCAL=4d30283ae614e3057f730f67cd088a42be6fdf91f8639d82cb69e48cde80413c REMOTE=4d30283ae614e3057f730f67cd088a42be6fdf91f8639d82cb69e48cde80413c
[3286/3625] Checking is OK   | E:\01.userData\ZhuoMian\Github_Releases_批量下载 xray\Xray-core\v26.3.27\Xray-linux-loong64.zip      | LOCAL=4f9c917976d4e454740aa7b4e0ef9c13c950d91152aaa7926aaa652698e6e6c0 REMOTE=4f9c917976d4e454740aa7b4e0ef9c13c950d91152aaa7926aaa652698e6e6c0
[3287/3625] Checking is OK   | E:\01.userData\ZhuoMian\Github_Releases_批量下载 xray\Xray-core\v26.3.27\Xray-linux-mips32.zip       | LOCAL=a562f2edbdabc0f1a17eee2226fa9f710e6b61c2d5e2bf3435157b5ce40b1c67 REMOTE=a562f2edbdabc0f1a17eee2226fa9f710e6b61c2d5e2bf3435157b5ce40b1c67
[3288/3625] Checking is OK   | E:\01.userData\ZhuoMian\Github_Releases_批量下载 xray\Xray-core\v26.3.27\Xray-linux-mips32le.zip     | LOCAL=fe1ded07a64fe0a406c6c1089f09b6c2999fc2309509ca4c98d93469c0cbf9df REMOTE=fe1ded07a64fe0a406c6c1089f09b6c2999fc2309509ca4c98d93469c0cbf9df
[3289/3625] Checking is OK   | E:\01.userData\ZhuoMian\Github_Releases_批量下载 xray\Xray-core\v26.3.27\Xray-linux-mips64.zip       | LOCAL=40432515e6d98033b3934a38dc4f2dac1801e80e3da88c3d230310d17e79dca7 REMOTE=40432515e6d98033b3934a38dc4f2dac1801e80e3da88c3d230310d17e79dca7
[3290/3625] Checking is OK   | E:\01.userData\ZhuoMian\Github_Releases_批量下载 xray\Xray-core\v26.3.27\Xray-linux-mips64le.zip     | LOCAL=7f660cb026ab9251bd70c30ecf383243d133eb098c57287bf3f4e0c01c66c898 REMOTE=7f660cb026ab9251bd70c30ecf383243d133eb098c57287bf3f4e0c01c66c898
[3291/3625] Checking is OK   | E:\01.userData\ZhuoMian\Github_Releases_批量下载 xray\Xray-core\v26.3.27\Xray-linux-ppc64.zip        | LOCAL=60be6b12dbfdd7e9ce915165ef337bfcde4cacce26ba2a27d34c4e6470d4ad7b REMOTE=60be6b12dbfdd7e9ce915165ef337bfcde4cacce26ba2a27d34c4e6470d4ad7b
[3292/3625] Checking is OK   | E:\01.userData\ZhuoMian\Github_Releases_批量下载 xray\Xray-core\v26.3.27\Xray-linux-ppc64le.zip      | LOCAL=2f9ad6c4f35966b1e012c69d601a98bb8b63aba933d303ba6d7b5b67f2ab2acb REMOTE=2f9ad6c4f35966b1e012c69d601a98bb8b63aba933d303ba6d7b5b67f2ab2acb
[3293/3625] Checking is OK   | E:\01.userData\ZhuoMian\Github_Releases_批量下载 xray\Xray-core\v26.3.27\Xray-linux-riscv64.zip      | LOCAL=627ea5870b6fd05d95b7f4ceb5a54d7f2664dd075b30a7ac46ee9a6f9653d6f8 REMOTE=627ea5870b6fd05d95b7f4ceb5a54d7f2664dd075b30a7ac46ee9a6f9653d6f8
[3294/3625] Checking is OK   | E:\01.userData\ZhuoMian\Github_Releases_批量下载 xray\Xray-core\v26.3.27\Xray-linux-s390x.zip        | LOCAL=a209bcea3df9b0dc1ef5938695679ba1308ad9678a671279d7b1b6c5ceec09c7 REMOTE=a209bcea3df9b0dc1ef5938695679ba1308ad9678a671279d7b1b6c5ceec09c7
[3295/3625] Checking is OK   | E:\01.userData\ZhuoMian\Github_Releases_批量下载 xray\Xray-core\v26.3.27\Xray-macos-64.zip           | LOCAL=f5b0471d3459eff1b82e48af0aeac186abcc3298210070afbbbd8437a4e8b203 REMOTE=f5b0471d3459eff1b82e48af0aeac186abcc3298210070afbbbd8437a4e8b203
[3296/3625] Checking is OK   | E:\01.userData\ZhuoMian\Github_Releases_批量下载 xray\Xray-core\v26.3.27\Xray-macos-arm64-v8a.zip    | LOCAL=2e93a67e8aa1936ecefb307e120830fcbd4c643ab9b1c46a2d0838d5f8409eaf REMOTE=2e93a67e8aa1936ecefb307e120830fcbd4c643ab9b1c46a2d0838d5f8409eaf
[3297/3625] Checking is OK   | E:\01.userData\ZhuoMian\Github_Releases_批量下载 xray\Xray-core\v26.3.27\Xray-openbsd-32.zip         | LOCAL=668e987feb5229942a3905890ea73c4745a5667f3e22a0dccf364c9c50a763d1 REMOTE=668e987feb5229942a3905890ea73c4745a5667f3e22a0dccf364c9c50a763d1
[3298/3625] Checking is OK   | E:\01.userData\ZhuoMian\Github_Releases_批量下载 xray\Xray-core\v26.3.27\Xray-openbsd-64.zip         | LOCAL=d7aa882f986a25402b2fbffee0be936ba47096a04c27fd58fe5f811883a6b0d2 REMOTE=d7aa882f986a25402b2fbffee0be936ba47096a04c27fd58fe5f811883a6b0d2
[3299/3625] Checking is OK   | E:\01.userData\ZhuoMian\Github_Releases_批量下载 xray\Xray-core\v26.3.27\Xray-openbsd-arm32-v7a.zip  | LOCAL=a146b49d097b99e6ca84d9fe740fdf7725a584c6439b0f63ace0f0a278507378 REMOTE=a146b49d097b99e6ca84d9fe740fdf7725a584c6439b0f63ace0f0a278507378
[3300/3625] Checking is OK   | E:\01.userData\ZhuoMian\Github_Releases_批量下载 xray\Xray-core\v26.3.27\Xray-openbsd-arm64-v8a.zip  | LOCAL=0ac29826dd98d16838cefabf4af1d66a177d985d88919588842b30f8128daacc REMOTE=0ac29826dd98d16838cefabf4af1d66a177d985d88919588842b30f8128daacc
[3301/3625] Checking is OK   | E:\01.userData\ZhuoMian\Github_Releases_批量下载 xray\Xray-core\v26.3.27\Xray-win7-32.zip            | LOCAL=33bc2686a77f6fe438616982b347f852eb7f9572dbe97adc1459f8fb639aea13 REMOTE=33bc2686a77f6fe438616982b347f852eb7f9572dbe97adc1459f8fb639aea13
[3302/3625] Checking is OK   | E:\01.userData\ZhuoMian\Github_Releases_批量下载 xray\Xray-core\v26.3.27\Xray-win7-64.zip            | LOCAL=02a4798854975435981a5c6fb4aaf7059f58d22d73d2762363cd56788d92d758 REMOTE=02a4798854975435981a5c6fb4aaf7059f58d22d73d2762363cd56788d92d758
[3303/3625] Checking is OK   | E:\01.userData\ZhuoMian\Github_Releases_批量下载 xray\Xray-core\v26.3.27\Xray-windows-32.zip         | LOCAL=956a5ec00bce747c7936dc4ff7ac570df1c8030b0a4a8640f843488365084db3 REMOTE=956a5ec00bce747c7936dc4ff7ac570df1c8030b0a4a8640f843488365084db3
[3304/3625] Checking is OK   | E:\01.userData\ZhuoMian\Github_Releases_批量下载 xray\Xray-core\v26.3.27\Xray-windows-64.zip         | LOCAL=d004c39288ce9ada487c6f398c7c545f7d749e44bdfdd59dbc9f865afba4e1ad REMOTE=d004c39288ce9ada487c6f398c7c545f7d749e44bdfdd59dbc9f865afba4e1ad
[3305/3625] Checking is OK   | E:\01.userData\ZhuoMian\Github_Releases_批量下载 xray\Xray-core\v26.3.27\Xray-windows-arm64-v8a.zip  | LOCAL=35d4ed6ec21224fb22b07c2c3f672e2350cd536f2c74d309150175a76365ea88 REMOTE=35d4ed6ec21224fb22b07c2c3f672e2350cd536f2c74d309150175a76365ea88
[3306/3625] Checking is OK   | E:\01.userData\ZhuoMian\Github_Releases_批量下载 xray\Xray-core\v26.4.13\Xray-android-amd64.zip      | LOCAL=1939c8685b66d15fd5798aaab7a15ec37020be58bff2ec5c5aa899441b2a3402 REMOTE=1939c8685b66d15fd5798aaab7a15ec37020be58bff2ec5c5aa899441b2a3402
[3307/3625] Checking is OK   | E:\01.userData\ZhuoMian\Github_Releases_批量下载 xray\Xray-core\v26.4.13\Xray-android-arm64-v8a.zip  | LOCAL=fbdbfc8bde5e805d9be7a650d65efb6025982eccf400a1850da25fb86f9577a1 REMOTE=fbdbfc8bde5e805d9be7a650d65efb6025982eccf400a1850da25fb86f9577a1
[3308/3625] Checking is OK   | E:\01.userData\ZhuoMian\Github_Releases_批量下载 xray\Xray-core\v26.4.13\Xray-freebsd-32.zip         | LOCAL=7ac41da1cf467617b7bee6d9b1612d60621fdf77db87d9cbb8dcb14cf6fff96a REMOTE=7ac41da1cf467617b7bee6d9b1612d60621fdf77db87d9cbb8dcb14cf6fff96a
[3309/3625] Checking is OK   | E:\01.userData\ZhuoMian\Github_Releases_批量下载 xray\Xray-core\v26.4.13\Xray-freebsd-64.zip         | LOCAL=c98bf8e22d78eb4712c9c77da8d72961c4a8e0d667e04590251e36cbb1f0ee75 REMOTE=c98bf8e22d78eb4712c9c77da8d72961c4a8e0d667e04590251e36cbb1f0ee75
[3310/3625] Checking is OK   | E:\01.userData\ZhuoMian\Github_Releases_批量下载 xray\Xray-core\v26.4.13\Xray-freebsd-arm32-v7a.zip  | LOCAL=dd422362a107f8a42767d0ae777a57728622b7c41cfb6ab7b2cf397f50e0ed54 REMOTE=dd422362a107f8a42767d0ae777a57728622b7c41cfb6ab7b2cf397f50e0ed54
[3311/3625] Checking is OK   | E:\01.userData\ZhuoMian\Github_Releases_批量下载 xray\Xray-core\v26.4.13\Xray-freebsd-arm64-v8a.zip  | LOCAL=63b6fb82788fb33874361344a9c8e948d2bc3326157017913ce55f008608e654 REMOTE=63b6fb82788fb33874361344a9c8e948d2bc3326157017913ce55f008608e654
[3312/3625] Checking is OK   | E:\01.userData\ZhuoMian\Github_Releases_批量下载 xray\Xray-core\v26.4.13\Xray-linux-32.zip           | LOCAL=12c644e28d3526cc7cc3675aaf297a6cce687b6ff45585589e179f1d650e059a REMOTE=12c644e28d3526cc7cc3675aaf297a6cce687b6ff45585589e179f1d650e059a
[3313/3625] Checking is OK   | E:\01.userData\ZhuoMian\Github_Releases_批量下载 xray\Xray-core\v26.4.13\Xray-linux-64.zip           | LOCAL=0f96f3f8c062529883a84ee7ba2fc58fe39e55db80f5ed588231de7f4180fa7c REMOTE=0f96f3f8c062529883a84ee7ba2fc58fe39e55db80f5ed588231de7f4180fa7c
[3314/3625] Checking is OK   | E:\01.userData\ZhuoMian\Github_Releases_批量下载 xray\Xray-core\v26.4.13\Xray-linux-arm32-v5.zip     | LOCAL=697c7c38931a8b4aa3e17f7963a398f1faa2242be47c80c622c890f7cfcca78b REMOTE=697c7c38931a8b4aa3e17f7963a398f1faa2242be47c80c622c890f7cfcca78b
[3315/3625] Checking is OK   | E:\01.userData\ZhuoMian\Github_Releases_批量下载 xray\Xray-core\v26.4.13\Xray-linux-arm32-v6.zip     | LOCAL=9b26e9ada4b189b6408aba8ac6f00a1388b609478901a885bbc472c7c60e6bea REMOTE=9b26e9ada4b189b6408aba8ac6f00a1388b609478901a885bbc472c7c60e6bea
[3316/3625] Checking is OK   | E:\01.userData\ZhuoMian\Github_Releases_批量下载 xray\Xray-core\v26.4.13\Xray-linux-arm32-v7a.zip    | LOCAL=862b0a43d5bf7fb4747c2edf12f29bf22c9dbc30fa5722ad0bf842be240db396 REMOTE=862b0a43d5bf7fb4747c2edf12f29bf22c9dbc30fa5722ad0bf842be240db396
[3317/3625] Checking is OK   | E:\01.userData\ZhuoMian\Github_Releases_批量下载 xray\Xray-core\v26.4.13\Xray-linux-arm64-v8a.zip    | LOCAL=47341ad84b237d6da97306392257afc16fa64843052ea8bf33ebb86e9e605ea7 REMOTE=47341ad84b237d6da97306392257afc16fa64843052ea8bf33ebb86e9e605ea7
[3318/3625] Checking is OK   | E:\01.userData\ZhuoMian\Github_Releases_批量下载 xray\Xray-core\v26.4.13\Xray-linux-loong64.zip      | LOCAL=8bb6f813c5b7ab1eff1af91cbc288fe1c51ae20ec488f6fc1f0fd1927bac7d10 REMOTE=8bb6f813c5b7ab1eff1af91cbc288fe1c51ae20ec488f6fc1f0fd1927bac7d10
[3319/3625] Checking is OK   | E:\01.userData\ZhuoMian\Github_Releases_批量下载 xray\Xray-core\v26.4.13\Xray-linux-mips32.zip       | LOCAL=22ea263b3e87c42b2bdca2751af2caf04a1a0164c32e872bbf3a2203062d0734 REMOTE=22ea263b3e87c42b2bdca2751af2caf04a1a0164c32e872bbf3a2203062d0734
[3320/3625] Checking is OK   | E:\01.userData\ZhuoMian\Github_Releases_批量下载 xray\Xray-core\v26.4.13\Xray-linux-mips32le.zip     | LOCAL=dae54930568a3b22bfd86172e72e7e8ed7c31053b6a44859d64450c1a520194c REMOTE=dae54930568a3b22bfd86172e72e7e8ed7c31053b6a44859d64450c1a520194c
[3321/3625] Checking is OK   | E:\01.userData\ZhuoMian\Github_Releases_批量下载 xray\Xray-core\v26.4.13\Xray-linux-mips64.zip       | LOCAL=3f991c5d20a9e62c41cb6552f43bf20b99bc60bca96884217772676ac47b1f08 REMOTE=3f991c5d20a9e62c41cb6552f43bf20b99bc60bca96884217772676ac47b1f08
[3322/3625] Checking is OK   | E:\01.userData\ZhuoMian\Github_Releases_批量下载 xray\Xray-core\v26.4.13\Xray-linux-mips64le.zip     | LOCAL=c60e2198b7853b29e20948b815133c2a5e9aa0cae76aacc711b7adbe35bf3009 REMOTE=c60e2198b7853b29e20948b815133c2a5e9aa0cae76aacc711b7adbe35bf3009
[3323/3625] Checking is OK   | E:\01.userData\ZhuoMian\Github_Releases_批量下载 xray\Xray-core\v26.4.13\Xray-linux-ppc64.zip        | LOCAL=c1c312b0e5f9d16cc012b8f701fb746c11e804cf00506cfa32c9e445468fe15d REMOTE=c1c312b0e5f9d16cc012b8f701fb746c11e804cf00506cfa32c9e445468fe15d
[3324/3625] Checking is OK   | E:\01.userData\ZhuoMian\Github_Releases_批量下载 xray\Xray-core\v26.4.13\Xray-linux-ppc64le.zip      | LOCAL=4391996fe954d10931f98b3c72e82692067edbd783efbfb04ec8df65e32633cf REMOTE=4391996fe954d10931f98b3c72e82692067edbd783efbfb04ec8df65e32633cf
[3325/3625] Checking is OK   | E:\01.userData\ZhuoMian\Github_Releases_批量下载 xray\Xray-core\v26.4.13\Xray-linux-riscv64.zip      | LOCAL=8ebced899b650eb2bd78f2f450109bbc3e8b484513345a14822b7a741e5a1fcf REMOTE=8ebced899b650eb2bd78f2f450109bbc3e8b484513345a14822b7a741e5a1fcf
[3326/3625] Checking is OK   | E:\01.userData\ZhuoMian\Github_Releases_批量下载 xray\Xray-core\v26.4.13\Xray-linux-s390x.zip        | LOCAL=7a3f7e2e4098092d3cee85fea4a769cade1cf330de29ea5140b0a3c763094653 REMOTE=7a3f7e2e4098092d3cee85fea4a769cade1cf330de29ea5140b0a3c763094653
[3327/3625] Checking is OK   | E:\01.userData\ZhuoMian\Github_Releases_批量下载 xray\Xray-core\v26.4.13\Xray-macos-64.zip           | LOCAL=83b05b71b71b5ec32fb4c6bd6226b52ac7f79a9f24ec36034259203aa1ce2682 REMOTE=83b05b71b71b5ec32fb4c6bd6226b52ac7f79a9f24ec36034259203aa1ce2682
[3328/3625] Checking is OK   | E:\01.userData\ZhuoMian\Github_Releases_批量下载 xray\Xray-core\v26.4.13\Xray-macos-arm64-v8a.zip    | LOCAL=cc43878bac43620f1f93482db1e9b12eacdfa2d9a76938465e7eb66286bd618c REMOTE=cc43878bac43620f1f93482db1e9b12eacdfa2d9a76938465e7eb66286bd618c
[3329/3625] Checking is OK   | E:\01.userData\ZhuoMian\Github_Releases_批量下载 xray\Xray-core\v26.4.13\Xray-openbsd-32.zip         | LOCAL=c87c820f7fec67c702fa781010c6e9782b302198d7f228ebd2ab405ce155aa62 REMOTE=c87c820f7fec67c702fa781010c6e9782b302198d7f228ebd2ab405ce155aa62
[3330/3625] Checking is OK   | E:\01.userData\ZhuoMian\Github_Releases_批量下载 xray\Xray-core\v26.4.13\Xray-openbsd-64.zip         | LOCAL=26cdc4d078ffc4f085474cdc6b1285d32cc2f4106b829193665373328fa3e0e5 REMOTE=26cdc4d078ffc4f085474cdc6b1285d32cc2f4106b829193665373328fa3e0e5
[3331/3625] Checking is OK   | E:\01.userData\ZhuoMian\Github_Releases_批量下载 xray\Xray-core\v26.4.13\Xray-openbsd-arm32-v7a.zip  | LOCAL=de095d6402065b52a950ad6ba1655141aa4ac18e651ccfe631e8af5f60903b8e REMOTE=de095d6402065b52a950ad6ba1655141aa4ac18e651ccfe631e8af5f60903b8e
[3332/3625] Checking is OK   | E:\01.userData\ZhuoMian\Github_Releases_批量下载 xray\Xray-core\v26.4.13\Xray-openbsd-arm64-v8a.zip  | LOCAL=d591748f3d38b70c87fc4b4e48658f4590ff76f13fadd7fc427da3a9a1f249bd REMOTE=d591748f3d38b70c87fc4b4e48658f4590ff76f13fadd7fc427da3a9a1f249bd
[3333/3625] Checking is OK   | E:\01.userData\ZhuoMian\Github_Releases_批量下载 xray\Xray-core\v26.4.13\Xray-win7-32.zip            | LOCAL=244b5a4e58482653bbfe32f8fb14613a9ce6883a5bbd16c42d48e1e88c16ccc7 REMOTE=244b5a4e58482653bbfe32f8fb14613a9ce6883a5bbd16c42d48e1e88c16ccc7
[3334/3625] Checking is OK   | E:\01.userData\ZhuoMian\Github_Releases_批量下载 xray\Xray-core\v26.4.13\Xray-win7-64.zip            | LOCAL=b06fbf95da3ae601e5f2f3b2c2b7839a39bcd58b00cfb155aaff777f0f26ddb5 REMOTE=b06fbf95da3ae601e5f2f3b2c2b7839a39bcd58b00cfb155aaff777f0f26ddb5
[3335/3625] Checking is OK   | E:\01.userData\ZhuoMian\Github_Releases_批量下载 xray\Xray-core\v26.4.13\Xray-windows-32.zip         | LOCAL=3a96e8747a75d5d5efc5867cc6d49d2be7134c50e2960c8a34a5668240209781 REMOTE=3a96e8747a75d5d5efc5867cc6d49d2be7134c50e2960c8a34a5668240209781
[3336/3625] Checking is OK   | E:\01.userData\ZhuoMian\Github_Releases_批量下载 xray\Xray-core\v26.4.13\Xray-windows-64.zip         | LOCAL=8b8bac59966883e97d6b11a91c6db6115e6bbfcea4c94695bb77de6356ef0034 REMOTE=8b8bac59966883e97d6b11a91c6db6115e6bbfcea4c94695bb77de6356ef0034
[3337/3625] Checking is OK   | E:\01.userData\ZhuoMian\Github_Releases_批量下载 xray\Xray-core\v26.4.13\Xray-windows-arm64-v8a.zip  | LOCAL=d3e8298915538c25b1b0e664eabed0f2d7f783d9b936ddd0fa30c183dd0ac3bd REMOTE=d3e8298915538c25b1b0e664eabed0f2d7f783d9b936ddd0fa30c183dd0ac3bd
[3338/3625] Checking is OK   | E:\01.userData\ZhuoMian\Github_Releases_批量下载 xray\Xray-core\v26.4.15\Xray-android-amd64.zip      | LOCAL=90136d725ef775499da9ef7a69dc8c30c5e1c3ca774297053924a36787257a04 REMOTE=90136d725ef775499da9ef7a69dc8c30c5e1c3ca774297053924a36787257a04
[3339/3625] Checking is OK   | E:\01.userData\ZhuoMian\Github_Releases_批量下载 xray\Xray-core\v26.4.15\Xray-android-arm64-v8a.zip  | LOCAL=d3a1f0927ccb2586c8fda1d9d5c86ee056bf0e0cc95e9a13e122ca7c13bf5f98 REMOTE=d3a1f0927ccb2586c8fda1d9d5c86ee056bf0e0cc95e9a13e122ca7c13bf5f98
[3340/3625] Checking is OK   | E:\01.userData\ZhuoMian\Github_Releases_批量下载 xray\Xray-core\v26.4.15\Xray-freebsd-32.zip         | LOCAL=52637c47563d272279a5802638e7187bf106c685cb964c1166186df3dfe2bd1c REMOTE=52637c47563d272279a5802638e7187bf106c685cb964c1166186df3dfe2bd1c
[3341/3625] Checking is OK   | E:\01.userData\ZhuoMian\Github_Releases_批量下载 xray\Xray-core\v26.4.15\Xray-freebsd-64.zip         | LOCAL=03be86475aaf187a9642f4dc8232891cb0f203b69d4e6b0374f81d8a4e59968d REMOTE=03be86475aaf187a9642f4dc8232891cb0f203b69d4e6b0374f81d8a4e59968d
[3342/3625] Checking is OK   | E:\01.userData\ZhuoMian\Github_Releases_批量下载 xray\Xray-core\v26.4.15\Xray-freebsd-arm32-v7a.zip  | LOCAL=1710dbde1445d54238107256e741f238d82ba9bcf89c4c8fc1213c09e41d841f REMOTE=1710dbde1445d54238107256e741f238d82ba9bcf89c4c8fc1213c09e41d841f
[3343/3625] Checking is OK   | E:\01.userData\ZhuoMian\Github_Releases_批量下载 xray\Xray-core\v26.4.15\Xray-freebsd-arm64-v8a.zip  | LOCAL=f03545abf46e4f31aedd4d361143dfb3d9e7659d6e63770139ce73c1e4cc1b69 REMOTE=f03545abf46e4f31aedd4d361143dfb3d9e7659d6e63770139ce73c1e4cc1b69
[3344/3625] Checking is OK   | E:\01.userData\ZhuoMian\Github_Releases_批量下载 xray\Xray-core\v26.4.15\Xray-linux-32.zip           | LOCAL=a7c7d6a26797aa1f36dc9ab9e0b4527b37ba4c8d5423236bb9a400ec94235a78 REMOTE=a7c7d6a26797aa1f36dc9ab9e0b4527b37ba4c8d5423236bb9a400ec94235a78
[3345/3625] Checking is OK   | E:\01.userData\ZhuoMian\Github_Releases_批量下载 xray\Xray-core\v26.4.15\Xray-linux-64.zip           | LOCAL=8626549737eb4fdb9d6a3c2131b046977c6279fbfbbaa676ec148ebccb71ecfa REMOTE=8626549737eb4fdb9d6a3c2131b046977c6279fbfbbaa676ec148ebccb71ecfa
[3346/3625] Checking is OK   | E:\01.userData\ZhuoMian\Github_Releases_批量下载 xray\Xray-core\v26.4.15\Xray-linux-arm32-v5.zip     | LOCAL=6451899663bd76daa999d444a838da4d1c579c5f4381a9fa578d0e7ac7a68f1e REMOTE=6451899663bd76daa999d444a838da4d1c579c5f4381a9fa578d0e7ac7a68f1e
[3347/3625] Checking is OK   | E:\01.userData\ZhuoMian\Github_Releases_批量下载 xray\Xray-core\v26.4.15\Xray-linux-arm32-v6.zip     | LOCAL=6b48113ff4e2b4b24531032cbea965960caa4088f7e5b395075722d11d27cce5 REMOTE=6b48113ff4e2b4b24531032cbea965960caa4088f7e5b395075722d11d27cce5
[3348/3625] Checking is OK   | E:\01.userData\ZhuoMian\Github_Releases_批量下载 xray\Xray-core\v26.4.15\Xray-linux-arm32-v7a.zip    | LOCAL=f2a80b9f5c82d57a9d08182f61fb4f18cf0507be4127a9ea3edc1dcc46b97cb0 REMOTE=f2a80b9f5c82d57a9d08182f61fb4f18cf0507be4127a9ea3edc1dcc46b97cb0
[3349/3625] Checking is OK   | E:\01.userData\ZhuoMian\Github_Releases_批量下载 xray\Xray-core\v26.4.15\Xray-linux-arm64-v8a.zip    | LOCAL=dbda664bf577a2c9e446b270018a0bfe1dee8e1334a857a92ef55c35b43866f9 REMOTE=dbda664bf577a2c9e446b270018a0bfe1dee8e1334a857a92ef55c35b43866f9
[3350/3625] Checking is OK   | E:\01.userData\ZhuoMian\Github_Releases_批量下载 xray\Xray-core\v26.4.15\Xray-linux-loong64.zip      | LOCAL=655eda1ef3894616e294c98a36f150eeea8ae0c42f3137aafbc2a1255fa6774c REMOTE=655eda1ef3894616e294c98a36f150eeea8ae0c42f3137aafbc2a1255fa6774c
[3351/3625] Checking is OK   | E:\01.userData\ZhuoMian\Github_Releases_批量下载 xray\Xray-core\v26.4.15\Xray-linux-mips32.zip       | LOCAL=6b92ab96e900cb2c488f3fe4a81552bb9aad2f76aaae2b5c4f77c512ead98465 REMOTE=6b92ab96e900cb2c488f3fe4a81552bb9aad2f76aaae2b5c4f77c512ead98465
[3352/3625] Checking is OK   | E:\01.userData\ZhuoMian\Github_Releases_批量下载 xray\Xray-core\v26.4.15\Xray-linux-mips32le.zip     | LOCAL=e15aaf26e6c49853ea1c3f21dc0880771e2a1003d4a29a58d867d27b8e244d13 REMOTE=e15aaf26e6c49853ea1c3f21dc0880771e2a1003d4a29a58d867d27b8e244d13
[3353/3625] Checking is OK   | E:\01.userData\ZhuoMian\Github_Releases_批量下载 xray\Xray-core\v26.4.15\Xray-linux-mips64.zip       | LOCAL=13109f54f301b7ccaf1e71d4549584255bbfdf709bae4803297ec567b5ea12ee REMOTE=13109f54f301b7ccaf1e71d4549584255bbfdf709bae4803297ec567b5ea12ee
[3354/3625] Checking is OK   | E:\01.userData\ZhuoMian\Github_Releases_批量下载 xray\Xray-core\v26.4.15\Xray-linux-mips64le.zip     | LOCAL=5a140ed87e37235e26d2f0b28df8ccbd3cc264bcfc593e36fee2bf8af3eb9a73 REMOTE=5a140ed87e37235e26d2f0b28df8ccbd3cc264bcfc593e36fee2bf8af3eb9a73
[3355/3625] Checking is OK   | E:\01.userData\ZhuoMian\Github_Releases_批量下载 xray\Xray-core\v26.4.15\Xray-linux-ppc64.zip        | LOCAL=8bf579d9b3d1267c566eebd2034f782b8775d7c06e35c63974e26bbf5b1aad40 REMOTE=8bf579d9b3d1267c566eebd2034f782b8775d7c06e35c63974e26bbf5b1aad40
[3356/3625] Checking is OK   | E:\01.userData\ZhuoMian\Github_Releases_批量下载 xray\Xray-core\v26.4.15\Xray-linux-ppc64le.zip      | LOCAL=6949f2f13944f43564b53cf9ed609aa4763bc46a5600f566802dc772772aa08e REMOTE=6949f2f13944f43564b53cf9ed609aa4763bc46a5600f566802dc772772aa08e
[3357/3625] Checking is OK   | E:\01.userData\ZhuoMian\Github_Releases_批量下载 xray\Xray-core\v26.4.15\Xray-linux-riscv64.zip      | LOCAL=ffedd37b867551f8eabdbb01178a48236af6c8a6cda6f41d8800996ab25accc1 REMOTE=ffedd37b867551f8eabdbb01178a48236af6c8a6cda6f41d8800996ab25accc1
[3358/3625] Checking is OK   | E:\01.userData\ZhuoMian\Github_Releases_批量下载 xray\Xray-core\v26.4.15\Xray-linux-s390x.zip        | LOCAL=0768de19d919180c5656868a86ed25d74df9cc8fed013458c4a241ae52eacc79 REMOTE=0768de19d919180c5656868a86ed25d74df9cc8fed013458c4a241ae52eacc79
[3359/3625] Checking is OK   | E:\01.userData\ZhuoMian\Github_Releases_批量下载 xray\Xray-core\v26.4.15\Xray-macos-64.zip           | LOCAL=80da009b2a2e7761c6bf3892f5d742bc9299210991cbd6208ed172baa7f1b02b REMOTE=80da009b2a2e7761c6bf3892f5d742bc9299210991cbd6208ed172baa7f1b02b
[3360/3625] Checking is OK   | E:\01.userData\ZhuoMian\Github_Releases_批量下载 xray\Xray-core\v26.4.15\Xray-macos-arm64-v8a.zip    | LOCAL=d6288ded18579355f74c406eb2414f12f2189bff5df7700a8dd68ff0e3f2d7ff REMOTE=d6288ded18579355f74c406eb2414f12f2189bff5df7700a8dd68ff0e3f2d7ff
[3361/3625] Checking is OK   | E:\01.userData\ZhuoMian\Github_Releases_批量下载 xray\Xray-core\v26.4.15\Xray-openbsd-32.zip         | LOCAL=d5f33baa6e03a053a834eeb729561769628457bc3f2fc97284efde91fa0c50b8 REMOTE=d5f33baa6e03a053a834eeb729561769628457bc3f2fc97284efde91fa0c50b8
[3362/3625] Checking is OK   | E:\01.userData\ZhuoMian\Github_Releases_批量下载 xray\Xray-core\v26.4.15\Xray-openbsd-64.zip         | LOCAL=6b55c5595e667564ee7cfee10dd679795c0b147a2f94ec79e65a6398589fe3ca REMOTE=6b55c5595e667564ee7cfee10dd679795c0b147a2f94ec79e65a6398589fe3ca
[3363/3625] Checking is OK   | E:\01.userData\ZhuoMian\Github_Releases_批量下载 xray\Xray-core\v26.4.15\Xray-openbsd-arm32-v7a.zip  | LOCAL=73391db32ed4b6716e25ef7f12ad7efe97d699bc3cf5a3adc3a0ea07d92418bb REMOTE=73391db32ed4b6716e25ef7f12ad7efe97d699bc3cf5a3adc3a0ea07d92418bb
[3364/3625] Checking is OK   | E:\01.userData\ZhuoMian\Github_Releases_批量下载 xray\Xray-core\v26.4.15\Xray-openbsd-arm64-v8a.zip  | LOCAL=8ed766c1079923ef026ee44096b7aa93127a0141b84a3043cd3780591167f960 REMOTE=8ed766c1079923ef026ee44096b7aa93127a0141b84a3043cd3780591167f960
[3365/3625] Checking is OK   | E:\01.userData\ZhuoMian\Github_Releases_批量下载 xray\Xray-core\v26.4.15\Xray-win7-32.zip            | LOCAL=d925fb67bf786119751dad5323771707fbd0a6b6cb7f2516a41f3388499d6503 REMOTE=d925fb67bf786119751dad5323771707fbd0a6b6cb7f2516a41f3388499d6503
[3366/3625] Checking is OK   | E:\01.userData\ZhuoMian\Github_Releases_批量下载 xray\Xray-core\v26.4.15\Xray-win7-64.zip            | LOCAL=388fd2bf3e96657884c2d98d603e13c1fcfbad60710ac1947038d253b8bd431d REMOTE=388fd2bf3e96657884c2d98d603e13c1fcfbad60710ac1947038d253b8bd431d
[3367/3625] Checking is OK   | E:\01.userData\ZhuoMian\Github_Releases_批量下载 xray\Xray-core\v26.4.15\Xray-windows-32.zip         | LOCAL=7e513dcad8324b1772eb940b325a5d0c5b6730355aba3649d237901ee01b2723 REMOTE=7e513dcad8324b1772eb940b325a5d0c5b6730355aba3649d237901ee01b2723
[3368/3625] Checking is OK   | E:\01.userData\ZhuoMian\Github_Releases_批量下载 xray\Xray-core\v26.4.15\Xray-windows-64.zip         | LOCAL=6e5e68f1053fd93bb812cf0db23adea56365a4a26112111960baffc01eb0f30e REMOTE=6e5e68f1053fd93bb812cf0db23adea56365a4a26112111960baffc01eb0f30e
[3369/3625] Checking is OK   | E:\01.userData\ZhuoMian\Github_Releases_批量下载 xray\Xray-core\v26.4.15\Xray-windows-arm64-v8a.zip  | LOCAL=59dc432d6d0934d7e86bc1467d2b21a8f58b75effa21292330faf48bf1a30cde REMOTE=59dc432d6d0934d7e86bc1467d2b21a8f58b75effa21292330faf48bf1a30cde
[3370/3625] Checking is OK   | E:\01.userData\ZhuoMian\Github_Releases_批量下载 xray\Xray-core\v26.4.17\Xray-android-amd64.zip      | LOCAL=faa4ec43167cdba5e3c180bf62b11fe03714e87fbc4d3394ecb9bb7fa53cb69b REMOTE=faa4ec43167cdba5e3c180bf62b11fe03714e87fbc4d3394ecb9bb7fa53cb69b
[3371/3625] Checking is OK   | E:\01.userData\ZhuoMian\Github_Releases_批量下载 xray\Xray-core\v26.4.17\Xray-android-arm64-v8a.zip  | LOCAL=6739e333b472ce46a16b040bfc636f209c70018f6e1af71f37d64cd8e6775cbb REMOTE=6739e333b472ce46a16b040bfc636f209c70018f6e1af71f37d64cd8e6775cbb
[3372/3625] Checking is OK   | E:\01.userData\ZhuoMian\Github_Releases_批量下载 xray\Xray-core\v26.4.17\Xray-freebsd-32.zip         | LOCAL=ac982ace23f9429cdde31006eb1cbba57245964f594db9cc3204aa2f4831341f REMOTE=ac982ace23f9429cdde31006eb1cbba57245964f594db9cc3204aa2f4831341f
[3373/3625] Checking is OK   | E:\01.userData\ZhuoMian\Github_Releases_批量下载 xray\Xray-core\v26.4.17\Xray-freebsd-64.zip         | LOCAL=dbff64747329a19a599172fca60587a3274006b695184588ae5f9f86c08f1f07 REMOTE=dbff64747329a19a599172fca60587a3274006b695184588ae5f9f86c08f1f07
[3374/3625] Checking is OK   | E:\01.userData\ZhuoMian\Github_Releases_批量下载 xray\Xray-core\v26.4.17\Xray-freebsd-arm32-v7a.zip  | LOCAL=e233b3ff9ef83b0523d62f5bf764b1515024553674e8e19a29b0736760959f23 REMOTE=e233b3ff9ef83b0523d62f5bf764b1515024553674e8e19a29b0736760959f23
[3375/3625] Checking is OK   | E:\01.userData\ZhuoMian\Github_Releases_批量下载 xray\Xray-core\v26.4.17\Xray-freebsd-arm64-v8a.zip  | LOCAL=a1520d806348932e0de530523e8493e1f17c2c1c6e27f6806b6f334693076f3b REMOTE=a1520d806348932e0de530523e8493e1f17c2c1c6e27f6806b6f334693076f3b
[3376/3625] Checking is OK   | E:\01.userData\ZhuoMian\Github_Releases_批量下载 xray\Xray-core\v26.4.17\Xray-linux-32.zip           | LOCAL=234b499f8914ed77c9a8d8bd0f9cdfeb3f088aef12609c59fd9fc6697064be35 REMOTE=234b499f8914ed77c9a8d8bd0f9cdfeb3f088aef12609c59fd9fc6697064be35
[3377/3625] Checking is OK   | E:\01.userData\ZhuoMian\Github_Releases_批量下载 xray\Xray-core\v26.4.17\Xray-linux-64.zip           | LOCAL=667c0ccd21d70060de0c16a1d5779b8c42584f9d333a0b72d9f33aac0b828f2d REMOTE=667c0ccd21d70060de0c16a1d5779b8c42584f9d333a0b72d9f33aac0b828f2d
[3378/3625] Checking is OK   | E:\01.userData\ZhuoMian\Github_Releases_批量下载 xray\Xray-core\v26.4.17\Xray-linux-arm32-v5.zip     | LOCAL=69d1663e4bd8d6d08263871da1ad8ffe767d56beff3bb472ca96e6ddd678b259 REMOTE=69d1663e4bd8d6d08263871da1ad8ffe767d56beff3bb472ca96e6ddd678b259
[3379/3625] Checking is OK   | E:\01.userData\ZhuoMian\Github_Releases_批量下载 xray\Xray-core\v26.4.17\Xray-linux-arm32-v6.zip     | LOCAL=e745564e8bf6cb60780d86f392a88318bdf38d4bf1940f9f34c54f1e19bc61aa REMOTE=e745564e8bf6cb60780d86f392a88318bdf38d4bf1940f9f34c54f1e19bc61aa
[3380/3625] Checking is OK   | E:\01.userData\ZhuoMian\Github_Releases_批量下载 xray\Xray-core\v26.4.17\Xray-linux-arm32-v7a.zip    | LOCAL=606db0c582e872d9fb537cdfb5028af3ca7c5cce10f9e696b6eaa3f944d3a0da REMOTE=606db0c582e872d9fb537cdfb5028af3ca7c5cce10f9e696b6eaa3f944d3a0da
[3381/3625] Checking is OK   | E:\01.userData\ZhuoMian\Github_Releases_批量下载 xray\Xray-core\v26.4.17\Xray-linux-arm64-v8a.zip    | LOCAL=45d7be80d91cb68e3eef6066f51ef9a2569844ed25153ee447d97f595b2bd944 REMOTE=45d7be80d91cb68e3eef6066f51ef9a2569844ed25153ee447d97f595b2bd944
[3382/3625] Checking is OK   | E:\01.userData\ZhuoMian\Github_Releases_批量下载 xray\Xray-core\v26.4.17\Xray-linux-loong64.zip      | LOCAL=2070bae2c95f290850526218fc201be5067ca0a52cf787b734d978d0311b04ca REMOTE=2070bae2c95f290850526218fc201be5067ca0a52cf787b734d978d0311b04ca
[3383/3625] Checking is OK   | E:\01.userData\ZhuoMian\Github_Releases_批量下载 xray\Xray-core\v26.4.17\Xray-linux-mips32.zip       | LOCAL=9c1ae17d573325387ad492f7bfaefc3c5bfd5b3ec5d059f3db4afae703deae94 REMOTE=9c1ae17d573325387ad492f7bfaefc3c5bfd5b3ec5d059f3db4afae703deae94
[3384/3625] Checking is OK   | E:\01.userData\ZhuoMian\Github_Releases_批量下载 xray\Xray-core\v26.4.17\Xray-linux-mips32le.zip     | LOCAL=bc1d9e8bec60c104a405d049fb0bd79a1ee0a9e3bfad9ca3be437665f1638c76 REMOTE=bc1d9e8bec60c104a405d049fb0bd79a1ee0a9e3bfad9ca3be437665f1638c76
[3385/3625] Checking is OK   | E:\01.userData\ZhuoMian\Github_Releases_批量下载 xray\Xray-core\v26.4.17\Xray-linux-mips64.zip       | LOCAL=0225018dfd8bb58c1a5fcfe1b0cdfbea0dda4b24d049b1a4093eec00a3f690e6 REMOTE=0225018dfd8bb58c1a5fcfe1b0cdfbea0dda4b24d049b1a4093eec00a3f690e6
[3386/3625] Checking is OK   | E:\01.userData\ZhuoMian\Github_Releases_批量下载 xray\Xray-core\v26.4.17\Xray-linux-mips64le.zip     | LOCAL=4f0147eee62cd6ba382622056137ccd61076a146d3bde58483dc32113f7d06d5 REMOTE=4f0147eee62cd6ba382622056137ccd61076a146d3bde58483dc32113f7d06d5
[3387/3625] Checking is OK   | E:\01.userData\ZhuoMian\Github_Releases_批量下载 xray\Xray-core\v26.4.17\Xray-linux-ppc64.zip        | LOCAL=52ba002f0c26e5daecd5c9ec71492d80be1bb6858acffc65000b9afde0c17754 REMOTE=52ba002f0c26e5daecd5c9ec71492d80be1bb6858acffc65000b9afde0c17754
[3388/3625] Checking is OK   | E:\01.userData\ZhuoMian\Github_Releases_批量下载 xray\Xray-core\v26.4.17\Xray-linux-ppc64le.zip      | LOCAL=e0e2ef187c3f7d4fa487b2e2c9b1c18db91d662d05f59d79365b176b135465e7 REMOTE=e0e2ef187c3f7d4fa487b2e2c9b1c18db91d662d05f59d79365b176b135465e7
[3389/3625] Checking is OK   | E:\01.userData\ZhuoMian\Github_Releases_批量下载 xray\Xray-core\v26.4.17\Xray-linux-riscv64.zip      | LOCAL=06e70558ee3c2e70e2d5ab7fc8541cd1c2717e0c6e373877093ea4581a02e226 REMOTE=06e70558ee3c2e70e2d5ab7fc8541cd1c2717e0c6e373877093ea4581a02e226
[3390/3625] Checking is OK   | E:\01.userData\ZhuoMian\Github_Releases_批量下载 xray\Xray-core\v26.4.17\Xray-linux-s390x.zip        | LOCAL=d08c8c83d0bd277af6cb56676d89e5a16d5869b4855f543498073f5860f76f0d REMOTE=d08c8c83d0bd277af6cb56676d89e5a16d5869b4855f543498073f5860f76f0d
[3391/3625] Checking is OK   | E:\01.userData\ZhuoMian\Github_Releases_批量下载 xray\Xray-core\v26.4.17\Xray-macos-64.zip           | LOCAL=e16e81979101a6afaedec43ca268be6a152cc8cd8fa5abc72f655bb793ae59c7 REMOTE=e16e81979101a6afaedec43ca268be6a152cc8cd8fa5abc72f655bb793ae59c7
[3392/3625] Checking is OK   | E:\01.userData\ZhuoMian\Github_Releases_批量下载 xray\Xray-core\v26.4.17\Xray-macos-arm64-v8a.zip    | LOCAL=d68aac7ea1734447608dc3d4730e85c32186a18eb4d4d3b5086fd075d2371cba REMOTE=d68aac7ea1734447608dc3d4730e85c32186a18eb4d4d3b5086fd075d2371cba
[3393/3625] Checking is OK   | E:\01.userData\ZhuoMian\Github_Releases_批量下载 xray\Xray-core\v26.4.17\Xray-openbsd-32.zip         | LOCAL=8f593b3b3e8370a3c10b11bca9597c49167283f296246dd486def261e848192d REMOTE=8f593b3b3e8370a3c10b11bca9597c49167283f296246dd486def261e848192d
[3394/3625] Checking is OK   | E:\01.userData\ZhuoMian\Github_Releases_批量下载 xray\Xray-core\v26.4.17\Xray-openbsd-64.zip         | LOCAL=1c6ab5fecac5ff2e5c000eb843700ea260d6b66788b41a52fe2c9b7b671f34fd REMOTE=1c6ab5fecac5ff2e5c000eb843700ea260d6b66788b41a52fe2c9b7b671f34fd
[3395/3625] Checking is OK   | E:\01.userData\ZhuoMian\Github_Releases_批量下载 xray\Xray-core\v26.4.17\Xray-openbsd-arm32-v7a.zip  | LOCAL=7a1cfad0073ee77a86a32f7434f5ce58444384296d972cd0b8fd34d977f6eb6b REMOTE=7a1cfad0073ee77a86a32f7434f5ce58444384296d972cd0b8fd34d977f6eb6b
[3396/3625] Checking is OK   | E:\01.userData\ZhuoMian\Github_Releases_批量下载 xray\Xray-core\v26.4.17\Xray-openbsd-arm64-v8a.zip  | LOCAL=c04781c938c82e0a3f24310d389a104b525d9333023b20956e1790b068bc6f0f REMOTE=c04781c938c82e0a3f24310d389a104b525d9333023b20956e1790b068bc6f0f
[3397/3625] Checking is OK   | E:\01.userData\ZhuoMian\Github_Releases_批量下载 xray\Xray-core\v26.4.17\Xray-win7-32.zip            | LOCAL=a0736bc575cad211386a72f8fc0ca321655433aa2143cacd125923b7b39ccb8e REMOTE=a0736bc575cad211386a72f8fc0ca321655433aa2143cacd125923b7b39ccb8e
[3398/3625] Checking is OK   | E:\01.userData\ZhuoMian\Github_Releases_批量下载 xray\Xray-core\v26.4.17\Xray-win7-64.zip            | LOCAL=ba35a82c80bfcad35853f13523f629bb1ce5deb6d4474f11a5217c68401454cc REMOTE=ba35a82c80bfcad35853f13523f629bb1ce5deb6d4474f11a5217c68401454cc
[3399/3625] Checking is OK   | E:\01.userData\ZhuoMian\Github_Releases_批量下载 xray\Xray-core\v26.4.17\Xray-windows-32.zip         | LOCAL=4248e13638f4be8f2a68cb6c39713aa769bb9106120e4c858fb438d346eb2086 REMOTE=4248e13638f4be8f2a68cb6c39713aa769bb9106120e4c858fb438d346eb2086
[3400/3625] Checking is OK   | E:\01.userData\ZhuoMian\Github_Releases_批量下载 xray\Xray-core\v26.4.17\Xray-windows-64.zip         | LOCAL=5c85e1b4f4c867b46a97fefc78f2f1b0624bd398f56dfa21716d929eb3b10943 REMOTE=5c85e1b4f4c867b46a97fefc78f2f1b0624bd398f56dfa21716d929eb3b10943
[3401/3625] Checking is OK   | E:\01.userData\ZhuoMian\Github_Releases_批量下载 xray\Xray-core\v26.4.17\Xray-windows-arm64-v8a.zip  | LOCAL=4941f0a1dbad28b6540b8d2fda031955b8f5bde3f556faa25548cb56e262a121 REMOTE=4941f0a1dbad28b6540b8d2fda031955b8f5bde3f556faa25548cb56e262a121
[3402/3625] Checking is OK   | E:\01.userData\ZhuoMian\Github_Releases_批量下载 xray\Xray-core\v26.4.25\Xray-android-amd64.zip      | LOCAL=966334d8aae354a02f9192b7c8a0ec2ae175df44953217738e8592afed9d09af REMOTE=966334d8aae354a02f9192b7c8a0ec2ae175df44953217738e8592afed9d09af
[3403/3625] Checking is OK   | E:\01.userData\ZhuoMian\Github_Releases_批量下载 xray\Xray-core\v26.4.25\Xray-android-arm64-v8a.zip  | LOCAL=42728d59eef3dc28c76918dbda86c6a8401104e70934dd59e5e7edb667b85e73 REMOTE=42728d59eef3dc28c76918dbda86c6a8401104e70934dd59e5e7edb667b85e73
[3404/3625] Checking is OK   | E:\01.userData\ZhuoMian\Github_Releases_批量下载 xray\Xray-core\v26.4.25\Xray-freebsd-32.zip         | LOCAL=3b77156da0d88e49534ccb65b25844d77d88435aba945ef9e21ebe72b79772f6 REMOTE=3b77156da0d88e49534ccb65b25844d77d88435aba945ef9e21ebe72b79772f6
[3405/3625] Checking is OK   | E:\01.userData\ZhuoMian\Github_Releases_批量下载 xray\Xray-core\v26.4.25\Xray-freebsd-64.zip         | LOCAL=551c0b54fbae2d3f77bb39427ba6d2efebf02d504ab87fa63a357f4cbdddf4bc REMOTE=551c0b54fbae2d3f77bb39427ba6d2efebf02d504ab87fa63a357f4cbdddf4bc
[3406/3625] Checking is OK   | E:\01.userData\ZhuoMian\Github_Releases_批量下载 xray\Xray-core\v26.4.25\Xray-freebsd-arm32-v7a.zip  | LOCAL=09e6d190919eba71b51027a6e6bd9f2d3f7c39173c16e75c85d8532d273e11da REMOTE=09e6d190919eba71b51027a6e6bd9f2d3f7c39173c16e75c85d8532d273e11da
[3407/3625] Checking is OK   | E:\01.userData\ZhuoMian\Github_Releases_批量下载 xray\Xray-core\v26.4.25\Xray-freebsd-arm64-v8a.zip  | LOCAL=c4707f602ce2c1b9e92d58ebdaf741ed63914d7e7a62cbfd772ef1daf9b86a80 REMOTE=c4707f602ce2c1b9e92d58ebdaf741ed63914d7e7a62cbfd772ef1daf9b86a80
[3408/3625] Checking is OK   | E:\01.userData\ZhuoMian\Github_Releases_批量下载 xray\Xray-core\v26.4.25\Xray-linux-32.zip           | LOCAL=975c1592821f0521735799f72ad433db06d52bbe2c6ead1b6dae5d56624596f0 REMOTE=975c1592821f0521735799f72ad433db06d52bbe2c6ead1b6dae5d56624596f0
[3409/3625] Checking is OK   | E:\01.userData\ZhuoMian\Github_Releases_批量下载 xray\Xray-core\v26.4.25\Xray-linux-64.zip           | LOCAL=a4ec9c037933b6730fb29e4f7a6674647f40b0b9f40870411071dd6382ea87a8 REMOTE=a4ec9c037933b6730fb29e4f7a6674647f40b0b9f40870411071dd6382ea87a8
[3410/3625] Checking is OK   | E:\01.userData\ZhuoMian\Github_Releases_批量下载 xray\Xray-core\v26.4.25\Xray-linux-arm32-v5.zip     | LOCAL=1e5b47c5d9161c2326ceb7f52b3c100bd0296abfabd03a209e448af2f45f505a REMOTE=1e5b47c5d9161c2326ceb7f52b3c100bd0296abfabd03a209e448af2f45f505a
[3411/3625] Checking is OK   | E:\01.userData\ZhuoMian\Github_Releases_批量下载 xray\Xray-core\v26.4.25\Xray-linux-arm32-v6.zip     | LOCAL=0e28e0e390a3ca221fe5eed431480f0bb43fc07bd41abaeeb7ac9d78b8801d29 REMOTE=0e28e0e390a3ca221fe5eed431480f0bb43fc07bd41abaeeb7ac9d78b8801d29
[3412/3625] Checking is OK   | E:\01.userData\ZhuoMian\Github_Releases_批量下载 xray\Xray-core\v26.4.25\Xray-linux-arm32-v7a.zip    | LOCAL=c3b50abe8dfbb4aa392398e3adb0bb452612ccf0718a2d7e50f2374e91b38c8a REMOTE=c3b50abe8dfbb4aa392398e3adb0bb452612ccf0718a2d7e50f2374e91b38c8a
[3413/3625] Checking is OK   | E:\01.userData\ZhuoMian\Github_Releases_批量下载 xray\Xray-core\v26.4.25\Xray-linux-arm64-v8a.zip    | LOCAL=020416fa7e1b1b04c4f97209b33f1bd4683e15272feda48c769ae2c9beb1c3de REMOTE=020416fa7e1b1b04c4f97209b33f1bd4683e15272feda48c769ae2c9beb1c3de
[3414/3625] Checking is OK   | E:\01.userData\ZhuoMian\Github_Releases_批量下载 xray\Xray-core\v26.4.25\Xray-linux-loong64.zip      | LOCAL=b2f5091e591d669724ba7415fadb48b0aaf255e7cf14a2ced5739f6c6d91fae9 REMOTE=b2f5091e591d669724ba7415fadb48b0aaf255e7cf14a2ced5739f6c6d91fae9
[3415/3625] Checking is OK   | E:\01.userData\ZhuoMian\Github_Releases_批量下载 xray\Xray-core\v26.4.25\Xray-linux-mips32.zip       | LOCAL=6197680afabff242951f125382e954d43064831f7baca1e3eb84a4be805b6694 REMOTE=6197680afabff242951f125382e954d43064831f7baca1e3eb84a4be805b6694
[3416/3625] Checking is OK   | E:\01.userData\ZhuoMian\Github_Releases_批量下载 xray\Xray-core\v26.4.25\Xray-linux-mips32le.zip     | LOCAL=8455bd263751597ce206d0ee1b1fa1f44cca85542fa7134280c61479cdb46c37 REMOTE=8455bd263751597ce206d0ee1b1fa1f44cca85542fa7134280c61479cdb46c37
[3417/3625] Checking is OK   | E:\01.userData\ZhuoMian\Github_Releases_批量下载 xray\Xray-core\v26.4.25\Xray-linux-mips64.zip       | LOCAL=be906ae217875063dd570ce5356ed50cc5899d3e0a888966e5317bc2b142b15d REMOTE=be906ae217875063dd570ce5356ed50cc5899d3e0a888966e5317bc2b142b15d
[3418/3625] Checking is OK   | E:\01.userData\ZhuoMian\Github_Releases_批量下载 xray\Xray-core\v26.4.25\Xray-linux-mips64le.zip     | LOCAL=4a76436dd6d642d1effb9a94b03cfe3e284a10c8ccadf32f53dd7eecd7e97483 REMOTE=4a76436dd6d642d1effb9a94b03cfe3e284a10c8ccadf32f53dd7eecd7e97483
[3419/3625] Checking is OK   | E:\01.userData\ZhuoMian\Github_Releases_批量下载 xray\Xray-core\v26.4.25\Xray-linux-ppc64.zip        | LOCAL=08c7825e320fb06d2474c7e6b8fc604d30482d30140920622d1eeee260e5c7af REMOTE=08c7825e320fb06d2474c7e6b8fc604d30482d30140920622d1eeee260e5c7af
[3420/3625] Checking is OK   | E:\01.userData\ZhuoMian\Github_Releases_批量下载 xray\Xray-core\v26.4.25\Xray-linux-ppc64le.zip      | LOCAL=0b2e8639d24d09cbee22d61c52e566c50a6a997037764989da1ba3f3d92b9eea REMOTE=0b2e8639d24d09cbee22d61c52e566c50a6a997037764989da1ba3f3d92b9eea
[3421/3625] Checking is OK   | E:\01.userData\ZhuoMian\Github_Releases_批量下载 xray\Xray-core\v26.4.25\Xray-linux-riscv64.zip      | LOCAL=d39cc09b62c778b4f877f1b3c0b3a28c6093deb16047a5994ca2793b22c7288d REMOTE=d39cc09b62c778b4f877f1b3c0b3a28c6093deb16047a5994ca2793b22c7288d
[3422/3625] Checking is OK   | E:\01.userData\ZhuoMian\Github_Releases_批量下载 xray\Xray-core\v26.4.25\Xray-linux-s390x.zip        | LOCAL=703a2922aaf3fcaf5621a0bc706d9098ec1b458b0c0efd27735ece9a1e7dfde5 REMOTE=703a2922aaf3fcaf5621a0bc706d9098ec1b458b0c0efd27735ece9a1e7dfde5
[3423/3625] Checking is OK   | E:\01.userData\ZhuoMian\Github_Releases_批量下载 xray\Xray-core\v26.4.25\Xray-macos-64.zip           | LOCAL=fde231da0e7edd29d7a7b51fee13cae2fa05dfc6583f31a15945d5c3302aedf5 REMOTE=fde231da0e7edd29d7a7b51fee13cae2fa05dfc6583f31a15945d5c3302aedf5
[3424/3625] Checking is OK   | E:\01.userData\ZhuoMian\Github_Releases_批量下载 xray\Xray-core\v26.4.25\Xray-macos-arm64-v8a.zip    | LOCAL=b9d5df9f37e482f17289b105341218aaa614363a29ebb2b6054805e5396d50fe REMOTE=b9d5df9f37e482f17289b105341218aaa614363a29ebb2b6054805e5396d50fe
[3425/3625] Checking is OK   | E:\01.userData\ZhuoMian\Github_Releases_批量下载 xray\Xray-core\v26.4.25\Xray-openbsd-32.zip         | LOCAL=72637dbbcc600c81e211f0f7462d1c08f2003d78291ea1bc29b035f26248acea REMOTE=72637dbbcc600c81e211f0f7462d1c08f2003d78291ea1bc29b035f26248acea
[3426/3625] Checking is OK   | E:\01.userData\ZhuoMian\Github_Releases_批量下载 xray\Xray-core\v26.4.25\Xray-openbsd-64.zip         | LOCAL=9a232e4df8fef030f7b18893aa6831cc62312240762ef9a926f431c7346a7875 REMOTE=9a232e4df8fef030f7b18893aa6831cc62312240762ef9a926f431c7346a7875
[3427/3625] Checking is OK   | E:\01.userData\ZhuoMian\Github_Releases_批量下载 xray\Xray-core\v26.4.25\Xray-openbsd-arm32-v7a.zip  | LOCAL=5fed82c3c011a86db2d22bdf87e5a0ab25076305efaab4ae9faf57a38ed5acc4 REMOTE=5fed82c3c011a86db2d22bdf87e5a0ab25076305efaab4ae9faf57a38ed5acc4
[3428/3625] Checking is OK   | E:\01.userData\ZhuoMian\Github_Releases_批量下载 xray\Xray-core\v26.4.25\Xray-openbsd-arm64-v8a.zip  | LOCAL=ebcd15586fc7423b53b44de968bc664b08350ca9eacab07015f292f43b46054b REMOTE=ebcd15586fc7423b53b44de968bc664b08350ca9eacab07015f292f43b46054b
[3429/3625] Checking is OK   | E:\01.userData\ZhuoMian\Github_Releases_批量下载 xray\Xray-core\v26.4.25\Xray-win7-32.zip            | LOCAL=c9e640a7ef9a44d1686659f7e49bbe91b5ec1f19597667e121d01c9cc4ffdce7 REMOTE=c9e640a7ef9a44d1686659f7e49bbe91b5ec1f19597667e121d01c9cc4ffdce7
[3430/3625] Checking is OK   | E:\01.userData\ZhuoMian\Github_Releases_批量下载 xray\Xray-core\v26.4.25\Xray-win7-64.zip            | LOCAL=e139be4f238b3dfbf2cff0c1e7369fe30e0bc846ffc050f4b7104d82be0d56a3 REMOTE=e139be4f238b3dfbf2cff0c1e7369fe30e0bc846ffc050f4b7104d82be0d56a3
[3431/3625] Checking is OK   | E:\01.userData\ZhuoMian\Github_Releases_批量下载 xray\Xray-core\v26.4.25\Xray-windows-32.zip         | LOCAL=6363a2dd24b5d5e49c1c332a492192909d3318838949353a221ab70b8b20e303 REMOTE=6363a2dd24b5d5e49c1c332a492192909d3318838949353a221ab70b8b20e303
[3432/3625] Checking is OK   | E:\01.userData\ZhuoMian\Github_Releases_批量下载 xray\Xray-core\v26.4.25\Xray-windows-64.zip         | LOCAL=9f2852563d5196396cf41be8d843de61ce108e1e398ed93e93c09976f7791629 REMOTE=9f2852563d5196396cf41be8d843de61ce108e1e398ed93e93c09976f7791629
[3433/3625] Checking is OK   | E:\01.userData\ZhuoMian\Github_Releases_批量下载 xray\Xray-core\v26.4.25\Xray-windows-arm64-v8a.zip  | LOCAL=d6896a69a71df7b762b15559a488994b31440a1a34f50784d86740e32a5a8bd5 REMOTE=d6896a69a71df7b762b15559a488994b31440a1a34f50784d86740e32a5a8bd5
[3434/3625] Checking is OK   | E:\01.userData\ZhuoMian\Github_Releases_批量下载 xray\Xray-core\v26.5.3\Xray-android-amd64.zip       | LOCAL=a708c48ae50d22c4db0308cd3e467ea095202bad08598d03068d30026cd20c6e REMOTE=a708c48ae50d22c4db0308cd3e467ea095202bad08598d03068d30026cd20c6e
[3435/3625] Checking is OK   | E:\01.userData\ZhuoMian\Github_Releases_批量下载 xray\Xray-core\v26.5.3\Xray-android-arm64-v8a.zip   | LOCAL=bbb2d1f28e1e9b58c020222d424c76392502fa924e02fd037f1ef17ab8e2d172 REMOTE=bbb2d1f28e1e9b58c020222d424c76392502fa924e02fd037f1ef17ab8e2d172
[3436/3625] Checking is OK   | E:\01.userData\ZhuoMian\Github_Releases_批量下载 xray\Xray-core\v26.5.3\Xray-freebsd-32.zip          | LOCAL=123dc185cae28e5dadc5633ee4eea027217debdde4a69b4e29a83ca888507428 REMOTE=123dc185cae28e5dadc5633ee4eea027217debdde4a69b4e29a83ca888507428
[3437/3625] Checking is OK   | E:\01.userData\ZhuoMian\Github_Releases_批量下载 xray\Xray-core\v26.5.3\Xray-freebsd-64.zip          | LOCAL=8b7a1e27cb1393edf608bed4b1cd6e5c85a4ef236306b5a867880e6603c0238f REMOTE=8b7a1e27cb1393edf608bed4b1cd6e5c85a4ef236306b5a867880e6603c0238f
[3438/3625] Checking is OK   | E:\01.userData\ZhuoMian\Github_Releases_批量下载 xray\Xray-core\v26.5.3\Xray-freebsd-arm32-v7a.zip   | LOCAL=986c65e7601ebd2289ae1942e5ecbdd806950cf66e0f0bcee378900c8e2faf3f REMOTE=986c65e7601ebd2289ae1942e5ecbdd806950cf66e0f0bcee378900c8e2faf3f
[3439/3625] Checking is OK   | E:\01.userData\ZhuoMian\Github_Releases_批量下载 xray\Xray-core\v26.5.3\Xray-freebsd-arm64-v8a.zip   | LOCAL=f84cd5ec8bbf2e83a6dafd1eae1dd7542217e9df7a40496b3ff92e7990c1b258 REMOTE=f84cd5ec8bbf2e83a6dafd1eae1dd7542217e9df7a40496b3ff92e7990c1b258
[3440/3625] Checking is OK   | E:\01.userData\ZhuoMian\Github_Releases_批量下载 xray\Xray-core\v26.5.3\Xray-linux-32.zip            | LOCAL=45fe2612f7017d6817a9c36a5ba2aeae7622c0c23d27e7e357b58e487947a03b REMOTE=45fe2612f7017d6817a9c36a5ba2aeae7622c0c23d27e7e357b58e487947a03b
[3441/3625] Checking is OK   | E:\01.userData\ZhuoMian\Github_Releases_批量下载 xray\Xray-core\v26.5.3\Xray-linux-64.zip            | LOCAL=f9d7dd7492791430d48a9828fb36f32663577af787e8b363a1548dece21a7897 REMOTE=f9d7dd7492791430d48a9828fb36f32663577af787e8b363a1548dece21a7897
[3442/3625] Checking is OK   | E:\01.userData\ZhuoMian\Github_Releases_批量下载 xray\Xray-core\v26.5.3\Xray-linux-arm32-v5.zip      | LOCAL=14a5f6b9b5e29e2c3d7ab85c2605cc400eaaf5414ee52583659c01d2e517f22d REMOTE=14a5f6b9b5e29e2c3d7ab85c2605cc400eaaf5414ee52583659c01d2e517f22d
[3443/3625] Checking is OK   | E:\01.userData\ZhuoMian\Github_Releases_批量下载 xray\Xray-core\v26.5.3\Xray-linux-arm32-v6.zip      | LOCAL=e9a7c67a10be28b095bdded9aaa9847799af169f606222f34ac0728b9c0773e1 REMOTE=e9a7c67a10be28b095bdded9aaa9847799af169f606222f34ac0728b9c0773e1
[3444/3625] Checking is OK   | E:\01.userData\ZhuoMian\Github_Releases_批量下载 xray\Xray-core\v26.5.3\Xray-linux-arm32-v7a.zip     | LOCAL=d95c65a19ca2799d3cab4a8725df848219514db4e613ac965734342ccfa628c8 REMOTE=d95c65a19ca2799d3cab4a8725df848219514db4e613ac965734342ccfa628c8
[3445/3625] Checking is OK   | E:\01.userData\ZhuoMian\Github_Releases_批量下载 xray\Xray-core\v26.5.3\Xray-linux-arm64-v8a.zip     | LOCAL=d6766870478cddaeb770625bf1a61dae2d5c0a1bc160abb21455698137f6071c REMOTE=d6766870478cddaeb770625bf1a61dae2d5c0a1bc160abb21455698137f6071c
[3446/3625] Checking is OK   | E:\01.userData\ZhuoMian\Github_Releases_批量下载 xray\Xray-core\v26.5.3\Xray-linux-loong64.zip       | LOCAL=3fc7dcf98317fb7e15b083c8b5ee468a9797deb54830a9016d361be81db4df76 REMOTE=3fc7dcf98317fb7e15b083c8b5ee468a9797deb54830a9016d361be81db4df76
[3447/3625] Checking is OK   | E:\01.userData\ZhuoMian\Github_Releases_批量下载 xray\Xray-core\v26.5.3\Xray-linux-mips32.zip        | LOCAL=28297164c172e4140df7c7606c9224f3c3a90cecb192439638115bb601cdf1ce REMOTE=28297164c172e4140df7c7606c9224f3c3a90cecb192439638115bb601cdf1ce
[3448/3625] Checking is OK   | E:\01.userData\ZhuoMian\Github_Releases_批量下载 xray\Xray-core\v26.5.3\Xray-linux-mips32le.zip      | LOCAL=7f97b4c2996057951bee38bbe2827615d8f9dc980744916c8fd88fb2f8221d67 REMOTE=7f97b4c2996057951bee38bbe2827615d8f9dc980744916c8fd88fb2f8221d67
[3449/3625] Checking is OK   | E:\01.userData\ZhuoMian\Github_Releases_批量下载 xray\Xray-core\v26.5.3\Xray-linux-mips64.zip        | LOCAL=40babdf44fd02cf7468ca046823ddfbd4cd30f9902c73e305a00bfda750e138d REMOTE=40babdf44fd02cf7468ca046823ddfbd4cd30f9902c73e305a00bfda750e138d
[3450/3625] Checking is OK   | E:\01.userData\ZhuoMian\Github_Releases_批量下载 xray\Xray-core\v26.5.3\Xray-linux-mips64le.zip      | LOCAL=f06976676b61dc77b83537bf8d606f87c58c525b32c8785ac2780b4bd3bb3945 REMOTE=f06976676b61dc77b83537bf8d606f87c58c525b32c8785ac2780b4bd3bb3945
[3451/3625] Checking is OK   | E:\01.userData\ZhuoMian\Github_Releases_批量下载 xray\Xray-core\v26.5.3\Xray-linux-ppc64.zip         | LOCAL=d05628845f18779748329fd0fd4f2eabfceb2dbeaa8f98555ffbefe3e7b3c218 REMOTE=d05628845f18779748329fd0fd4f2eabfceb2dbeaa8f98555ffbefe3e7b3c218
[3452/3625] Checking is OK   | E:\01.userData\ZhuoMian\Github_Releases_批量下载 xray\Xray-core\v26.5.3\Xray-linux-ppc64le.zip       | LOCAL=881f2255542403cc5d6099975c6cefcb0bd582e15c58807441bd92947fa782cc REMOTE=881f2255542403cc5d6099975c6cefcb0bd582e15c58807441bd92947fa782cc
[3453/3625] Checking is OK   | E:\01.userData\ZhuoMian\Github_Releases_批量下载 xray\Xray-core\v26.5.3\Xray-linux-riscv64.zip       | LOCAL=15fe8e599166c1caa346e1cea56366c105277b1c9c74dea8be5cc642b77ad108 REMOTE=15fe8e599166c1caa346e1cea56366c105277b1c9c74dea8be5cc642b77ad108
[3454/3625] Checking is OK   | E:\01.userData\ZhuoMian\Github_Releases_批量下载 xray\Xray-core\v26.5.3\Xray-linux-s390x.zip         | LOCAL=31d9587ffc841aa8df028f9ed71a263f21df0894f3a2faaac57dd468fc4cea74 REMOTE=31d9587ffc841aa8df028f9ed71a263f21df0894f3a2faaac57dd468fc4cea74
[3455/3625] Checking is OK   | E:\01.userData\ZhuoMian\Github_Releases_批量下载 xray\Xray-core\v26.5.3\Xray-macos-64.zip            | LOCAL=b31281c1f8bdef84a8c6fd0888802900ba26ff96c331fe4af817c92581f3bf89 REMOTE=b31281c1f8bdef84a8c6fd0888802900ba26ff96c331fe4af817c92581f3bf89
[3456/3625] Checking is OK   | E:\01.userData\ZhuoMian\Github_Releases_批量下载 xray\Xray-core\v26.5.3\Xray-macos-arm64-v8a.zip     | LOCAL=f57d10d92eff3f2717abba630c5609df7b7412e9bac2416c9cd79cfe8737435b REMOTE=f57d10d92eff3f2717abba630c5609df7b7412e9bac2416c9cd79cfe8737435b
[3457/3625] Checking is OK   | E:\01.userData\ZhuoMian\Github_Releases_批量下载 xray\Xray-core\v26.5.3\Xray-openbsd-32.zip          | LOCAL=d0f82990f8025b24a386988b0f5aedcb914947e774b8f8bedbe7bef8b9cc7fba REMOTE=d0f82990f8025b24a386988b0f5aedcb914947e774b8f8bedbe7bef8b9cc7fba
[3458/3625] Checking is OK   | E:\01.userData\ZhuoMian\Github_Releases_批量下载 xray\Xray-core\v26.5.3\Xray-openbsd-64.zip          | LOCAL=d4fc2955872c0b31aae6c60a3a5391a31a9cab6713b52e331126778a0b8670de REMOTE=d4fc2955872c0b31aae6c60a3a5391a31a9cab6713b52e331126778a0b8670de
[3459/3625] Checking is OK   | E:\01.userData\ZhuoMian\Github_Releases_批量下载 xray\Xray-core\v26.5.3\Xray-openbsd-arm32-v7a.zip   | LOCAL=cac8f7bbeb2fcb5b1845950961f4d123e42eb23ec44975a9b85c5cf19fe7b16b REMOTE=cac8f7bbeb2fcb5b1845950961f4d123e42eb23ec44975a9b85c5cf19fe7b16b
[3460/3625] Checking is OK   | E:\01.userData\ZhuoMian\Github_Releases_批量下载 xray\Xray-core\v26.5.3\Xray-openbsd-arm64-v8a.zip   | LOCAL=0cda2a67d8588d28b54f49259c3b36aa441cb8d1f6619c29870304c4406f825b REMOTE=0cda2a67d8588d28b54f49259c3b36aa441cb8d1f6619c29870304c4406f825b
[3461/3625] Checking is OK   | E:\01.userData\ZhuoMian\Github_Releases_批量下载 xray\Xray-core\v26.5.3\Xray-win7-32.zip             | LOCAL=a6e161191af0b5777460fcbe88f438685e39b38aff1819173a0e3ac21748b2cb REMOTE=a6e161191af0b5777460fcbe88f438685e39b38aff1819173a0e3ac21748b2cb
[3462/3625] Checking is OK   | E:\01.userData\ZhuoMian\Github_Releases_批量下载 xray\Xray-core\v26.5.3\Xray-win7-64.zip             | LOCAL=d1db0699ee23e0c843545db120129bf3dff0447c165b99f1ff2258ac12764712 REMOTE=d1db0699ee23e0c843545db120129bf3dff0447c165b99f1ff2258ac12764712
[3463/3625] Checking is OK   | E:\01.userData\ZhuoMian\Github_Releases_批量下载 xray\Xray-core\v26.5.3\Xray-windows-32.zip          | LOCAL=8f146a89c6eae8d4ac59a77e48847c2ab79043f2a636976769621f0a527adc49 REMOTE=8f146a89c6eae8d4ac59a77e48847c2ab79043f2a636976769621f0a527adc49
[3464/3625] Checking is OK   | E:\01.userData\ZhuoMian\Github_Releases_批量下载 xray\Xray-core\v26.5.3\Xray-windows-64.zip          | LOCAL=29d217d3e39c802d07923555ac8f1131ed4e19d4a45b34fee2e63e7b74658dc1 REMOTE=29d217d3e39c802d07923555ac8f1131ed4e19d4a45b34fee2e63e7b74658dc1
[3465/3625] Checking is OK   | E:\01.userData\ZhuoMian\Github_Releases_批量下载 xray\Xray-core\v26.5.3\Xray-windows-arm64-v8a.zip   | LOCAL=8446c82fb9889fcc3ed54ed328bf3472e17a710276df2402399f0967b55e5b48 REMOTE=8446c82fb9889fcc3ed54ed328bf3472e17a710276df2402399f0967b55e5b48
[3466/3625] Checking is OK   | E:\01.userData\ZhuoMian\Github_Releases_批量下载 xray\Xray-core\v26.5.9\Xray-android-amd64.zip       | LOCAL=6d4bd53aec64f98bdbfa841720e7006c49ce82143c7d8acd45af61c445dbe971 REMOTE=6d4bd53aec64f98bdbfa841720e7006c49ce82143c7d8acd45af61c445dbe971
[3467/3625] Checking is OK   | E:\01.userData\ZhuoMian\Github_Releases_批量下载 xray\Xray-core\v26.5.9\Xray-android-arm64-v8a.zip   | LOCAL=711f3c46e9f779ab0dbd446162d16f8eb6d8a4bcb1e9440271a904fcb0ca4289 REMOTE=711f3c46e9f779ab0dbd446162d16f8eb6d8a4bcb1e9440271a904fcb0ca4289
[3468/3625] Checking is OK   | E:\01.userData\ZhuoMian\Github_Releases_批量下载 xray\Xray-core\v26.5.9\Xray-freebsd-32.zip          | LOCAL=635e843890274f2192d383e64b56de9d3102f1bc65348c659bd04cfc6474655b REMOTE=635e843890274f2192d383e64b56de9d3102f1bc65348c659bd04cfc6474655b
[3469/3625] Checking is OK   | E:\01.userData\ZhuoMian\Github_Releases_批量下载 xray\Xray-core\v26.5.9\Xray-freebsd-64.zip          | LOCAL=4de82bab6837530000ebd6aab653c9a4b9db25890564cd1db4dfd719011f4733 REMOTE=4de82bab6837530000ebd6aab653c9a4b9db25890564cd1db4dfd719011f4733
[3470/3625] Checking is OK   | E:\01.userData\ZhuoMian\Github_Releases_批量下载 xray\Xray-core\v26.5.9\Xray-freebsd-arm32-v7a.zip   | LOCAL=767decef5a88c8842e3b710d8c1c6c9e87608e934a24a510324389e8f3001662 REMOTE=767decef5a88c8842e3b710d8c1c6c9e87608e934a24a510324389e8f3001662
[3471/3625] Checking is OK   | E:\01.userData\ZhuoMian\Github_Releases_批量下载 xray\Xray-core\v26.5.9\Xray-freebsd-arm64-v8a.zip   | LOCAL=01b177df2e89ec8705f15ffd8778853ec713417a53d5f6799b4743f28c50f54c REMOTE=01b177df2e89ec8705f15ffd8778853ec713417a53d5f6799b4743f28c50f54c
[3472/3625] Checking is OK   | E:\01.userData\ZhuoMian\Github_Releases_批量下载 xray\Xray-core\v26.5.9\Xray-linux-32.zip            | LOCAL=05c981b55c903f03e05fb795c213cb413d515b1aea4a5cd38fa9285b1556690c REMOTE=05c981b55c903f03e05fb795c213cb413d515b1aea4a5cd38fa9285b1556690c
[3473/3625] Checking is OK   | E:\01.userData\ZhuoMian\Github_Releases_批量下载 xray\Xray-core\v26.5.9\Xray-linux-64.zip            | LOCAL=f56c106b7c0159ad386bccd340faa5bbf55fd5c15821ec9e63e6a6ba11d3d1c7 REMOTE=f56c106b7c0159ad386bccd340faa5bbf55fd5c15821ec9e63e6a6ba11d3d1c7
[3474/3625] Checking is OK   | E:\01.userData\ZhuoMian\Github_Releases_批量下载 xray\Xray-core\v26.5.9\Xray-linux-arm32-v5.zip      | LOCAL=64be869fc6ccd363715af1faf48a94595d4a9e1e020e5075c865e43fa744d642 REMOTE=64be869fc6ccd363715af1faf48a94595d4a9e1e020e5075c865e43fa744d642
[3475/3625] Checking is OK   | E:\01.userData\ZhuoMian\Github_Releases_批量下载 xray\Xray-core\v26.5.9\Xray-linux-arm32-v6.zip      | LOCAL=462c2ae672adbaf0097273108ecbe181996eebad8accd2cbb95a2a0e80339b49 REMOTE=462c2ae672adbaf0097273108ecbe181996eebad8accd2cbb95a2a0e80339b49
[3476/3625] Checking is OK   | E:\01.userData\ZhuoMian\Github_Releases_批量下载 xray\Xray-core\v26.5.9\Xray-linux-arm32-v7a.zip     | LOCAL=06df8861fe0ba46c4a8c871594f423617a814d5617df6fa9b3bc53eca9c4df8e REMOTE=06df8861fe0ba46c4a8c871594f423617a814d5617df6fa9b3bc53eca9c4df8e
[3477/3625] Checking is OK   | E:\01.userData\ZhuoMian\Github_Releases_批量下载 xray\Xray-core\v26.5.9\Xray-linux-arm64-v8a.zip     | LOCAL=7bc1da606e26e4ac2d7831181745bb3bcf4dca0fd7825f41388ae032e1247d15 REMOTE=7bc1da606e26e4ac2d7831181745bb3bcf4dca0fd7825f41388ae032e1247d15
[3478/3625] Checking is OK   | E:\01.userData\ZhuoMian\Github_Releases_批量下载 xray\Xray-core\v26.5.9\Xray-linux-loong64.zip       | LOCAL=7213c6fb299ea30c94ae153b0769332686abb4d42800eba52c38554445273bbf REMOTE=7213c6fb299ea30c94ae153b0769332686abb4d42800eba52c38554445273bbf
[3479/3625] Checking is OK   | E:\01.userData\ZhuoMian\Github_Releases_批量下载 xray\Xray-core\v26.5.9\Xray-linux-mips32.zip        | LOCAL=4e6905bf57df8da2f269cc5c0d5acb971d6039381c18f42e72cd72105331b35f REMOTE=4e6905bf57df8da2f269cc5c0d5acb971d6039381c18f42e72cd72105331b35f
[3480/3625] Checking is OK   | E:\01.userData\ZhuoMian\Github_Releases_批量下载 xray\Xray-core\v26.5.9\Xray-linux-mips32le.zip      | LOCAL=587d3b379097fc6f96cb8b9250a51a7b7fe1016098e80f06b9277597cb3fac2a REMOTE=587d3b379097fc6f96cb8b9250a51a7b7fe1016098e80f06b9277597cb3fac2a
[3481/3625] Checking is OK   | E:\01.userData\ZhuoMian\Github_Releases_批量下载 xray\Xray-core\v26.5.9\Xray-linux-mips64.zip        | LOCAL=fb2def376683643a2417ae33356e033ba0cc079c272ba37405de7985b9811794 REMOTE=fb2def376683643a2417ae33356e033ba0cc079c272ba37405de7985b9811794
[3482/3625] Checking is OK   | E:\01.userData\ZhuoMian\Github_Releases_批量下载 xray\Xray-core\v26.5.9\Xray-linux-mips64le.zip      | LOCAL=a9aeef9eef147784bde7b01618647eb85a3c420dfb9fea4ae23c2b183b7d0e4c REMOTE=a9aeef9eef147784bde7b01618647eb85a3c420dfb9fea4ae23c2b183b7d0e4c
[3483/3625] Checking is OK   | E:\01.userData\ZhuoMian\Github_Releases_批量下载 xray\Xray-core\v26.5.9\Xray-linux-ppc64.zip         | LOCAL=d26f047201e0fb3d7e0a201f4ab441195b39a2276a955b15b4b7a80b33ee8d81 REMOTE=d26f047201e0fb3d7e0a201f4ab441195b39a2276a955b15b4b7a80b33ee8d81
[3484/3625] Checking is OK   | E:\01.userData\ZhuoMian\Github_Releases_批量下载 xray\Xray-core\v26.5.9\Xray-linux-ppc64le.zip       | LOCAL=651b78de1a0777eb4a348eaad16170f76ea13cc7d3a146b4894a3c68cc54b33f REMOTE=651b78de1a0777eb4a348eaad16170f76ea13cc7d3a146b4894a3c68cc54b33f
[3485/3625] Checking is OK   | E:\01.userData\ZhuoMian\Github_Releases_批量下载 xray\Xray-core\v26.5.9\Xray-linux-riscv64.zip       | LOCAL=edb18c76d779acb6af815037a72ca6c532217c54e775d4255b214fdb19149455 REMOTE=edb18c76d779acb6af815037a72ca6c532217c54e775d4255b214fdb19149455
[3486/3625] Checking is OK   | E:\01.userData\ZhuoMian\Github_Releases_批量下载 xray\Xray-core\v26.5.9\Xray-linux-s390x.zip         | LOCAL=d44e0db97406601a4883b889c31eef1a7d75962cdbceacea6ee5363199d00aa1 REMOTE=d44e0db97406601a4883b889c31eef1a7d75962cdbceacea6ee5363199d00aa1
[3487/3625] Checking is OK   | E:\01.userData\ZhuoMian\Github_Releases_批量下载 xray\Xray-core\v26.5.9\Xray-macos-64.zip            | LOCAL=4a6b6d2586363afc34f17008406983008a428e1d75b75db3cb9c3bfce1244b38 REMOTE=4a6b6d2586363afc34f17008406983008a428e1d75b75db3cb9c3bfce1244b38
[3488/3625] Checking is OK   | E:\01.userData\ZhuoMian\Github_Releases_批量下载 xray\Xray-core\v26.5.9\Xray-macos-arm64-v8a.zip     | LOCAL=452d68b0bc5a677e9520afb9df6e5bc08421f36ff37c9f923bda1f8fea9d0561 REMOTE=452d68b0bc5a677e9520afb9df6e5bc08421f36ff37c9f923bda1f8fea9d0561
[3489/3625] Checking is OK   | E:\01.userData\ZhuoMian\Github_Releases_批量下载 xray\Xray-core\v26.5.9\Xray-openbsd-32.zip          | LOCAL=ee3da2e3cb032a0d5538465f9fc8f9de8196471954441181efa1f3e2b8b013ee REMOTE=ee3da2e3cb032a0d5538465f9fc8f9de8196471954441181efa1f3e2b8b013ee
[3490/3625] Checking is OK   | E:\01.userData\ZhuoMian\Github_Releases_批量下载 xray\Xray-core\v26.5.9\Xray-openbsd-64.zip          | LOCAL=260ebef2e324d292251658e8e403e3937891598a5c62be5cdd9ce24780d712dc REMOTE=260ebef2e324d292251658e8e403e3937891598a5c62be5cdd9ce24780d712dc
[3491/3625] Checking is OK   | E:\01.userData\ZhuoMian\Github_Releases_批量下载 xray\Xray-core\v26.5.9\Xray-openbsd-arm32-v7a.zip   | LOCAL=f2f54b31a7400deb6895f5587369826c83e2b73023f6e6d2497bd2fd211c1249 REMOTE=f2f54b31a7400deb6895f5587369826c83e2b73023f6e6d2497bd2fd211c1249
[3492/3625] Checking is OK   | E:\01.userData\ZhuoMian\Github_Releases_批量下载 xray\Xray-core\v26.5.9\Xray-openbsd-arm64-v8a.zip   | LOCAL=29a29e33b9013b8167e38b8cc38c644f21262ac1fd86e65fa31962b84a69ff8b REMOTE=29a29e33b9013b8167e38b8cc38c644f21262ac1fd86e65fa31962b84a69ff8b
[3493/3625] Checking is OK   | E:\01.userData\ZhuoMian\Github_Releases_批量下载 xray\Xray-core\v26.5.9\Xray-win7-32.zip             | LOCAL=f772dda911714855eb42dc7a9fe5cb75cd40f2ce11031d4eb7da067f1ee3eab1 REMOTE=f772dda911714855eb42dc7a9fe5cb75cd40f2ce11031d4eb7da067f1ee3eab1
[3494/3625] Checking is OK   | E:\01.userData\ZhuoMian\Github_Releases_批量下载 xray\Xray-core\v26.5.9\Xray-win7-64.zip             | LOCAL=dc0e82faf62796f3d9c150fa3270a74ecaf612ae6a61b71c7589c0f5f647a515 REMOTE=dc0e82faf62796f3d9c150fa3270a74ecaf612ae6a61b71c7589c0f5f647a515
[3495/3625] Checking is OK   | E:\01.userData\ZhuoMian\Github_Releases_批量下载 xray\Xray-core\v26.5.9\Xray-windows-32.zip          | LOCAL=467a4098b5b50cb2781573759f11b37d0108b56d840f982ad2a27c957111d9a0 REMOTE=467a4098b5b50cb2781573759f11b37d0108b56d840f982ad2a27c957111d9a0
[3496/3625] Checking is OK   | E:\01.userData\ZhuoMian\Github_Releases_批量下载 xray\Xray-core\v26.5.9\Xray-windows-64.zip          | LOCAL=842887f85f2028677cb9bdd01eb63ddbccc646540c0f4a46e1a7f91e9a5d11f1 REMOTE=842887f85f2028677cb9bdd01eb63ddbccc646540c0f4a46e1a7f91e9a5d11f1
[3497/3625] Checking is OK   | E:\01.userData\ZhuoMian\Github_Releases_批量下载 xray\Xray-core\v26.5.9\Xray-windows-arm64-v8a.zip   | LOCAL=b2fe5a6bb8d9ca8d005e2935e15ea6ce9052839ae5067b0f8459a8707cf3a1e6 REMOTE=b2fe5a6bb8d9ca8d005e2935e15ea6ce9052839ae5067b0f8459a8707cf3a1e6
[3498/3625] Checking is OK   | E:\01.userData\ZhuoMian\Github_Releases_批量下载 xray\Xray-core\v26.6.1\Xray-android-amd64.zip       | LOCAL=fc8c3560833421b4eee1bbf8017ca31be155c2ac9ba67f068a00d04984ca4782 REMOTE=fc8c3560833421b4eee1bbf8017ca31be155c2ac9ba67f068a00d04984ca4782
[3499/3625] Checking is OK   | E:\01.userData\ZhuoMian\Github_Releases_批量下载 xray\Xray-core\v26.6.1\Xray-android-arm64-v8a.zip   | LOCAL=9298fad55abc8d55b5fac4445045446536b6e1d2f8f67a00a806397d0c94d9c3 REMOTE=9298fad55abc8d55b5fac4445045446536b6e1d2f8f67a00a806397d0c94d9c3
[3500/3625] Checking is OK   | E:\01.userData\ZhuoMian\Github_Releases_批量下载 xray\Xray-core\v26.6.1\Xray-freebsd-32.zip          | LOCAL=1bae19ee83bf21e6ca0c8816f1d60a9090afc7120914e7101e1aae888cd05292 REMOTE=1bae19ee83bf21e6ca0c8816f1d60a9090afc7120914e7101e1aae888cd05292
[3501/3625] Checking is OK   | E:\01.userData\ZhuoMian\Github_Releases_批量下载 xray\Xray-core\v26.6.1\Xray-freebsd-64.zip          | LOCAL=b4dedf35391d527c4c2e969c25158ed325bb798402a4ae40d5eacc0b36a30684 REMOTE=b4dedf35391d527c4c2e969c25158ed325bb798402a4ae40d5eacc0b36a30684
[3502/3625] Checking is OK   | E:\01.userData\ZhuoMian\Github_Releases_批量下载 xray\Xray-core\v26.6.1\Xray-freebsd-arm32-v7a.zip   | LOCAL=52d03ac09547b7f4aab579418bda3857aeedda2df8c7fbac2994bb5364dc4270 REMOTE=52d03ac09547b7f4aab579418bda3857aeedda2df8c7fbac2994bb5364dc4270
[3503/3625] Checking is OK   | E:\01.userData\ZhuoMian\Github_Releases_批量下载 xray\Xray-core\v26.6.1\Xray-freebsd-arm64-v8a.zip   | LOCAL=ec40a2424a64bc802307cacba8a380ef0546815ee46df53d5765df89c9316f3c REMOTE=ec40a2424a64bc802307cacba8a380ef0546815ee46df53d5765df89c9316f3c
[3504/3625] Checking is OK   | E:\01.userData\ZhuoMian\Github_Releases_批量下载 xray\Xray-core\v26.6.1\Xray-linux-32.zip            | LOCAL=f5db56c442a822c68c8052c381c11910f22ab1983ab0a80b9b6df3091c47c097 REMOTE=f5db56c442a822c68c8052c381c11910f22ab1983ab0a80b9b6df3091c47c097
[3505/3625] Checking is OK   | E:\01.userData\ZhuoMian\Github_Releases_批量下载 xray\Xray-core\v26.6.1\Xray-linux-64.zip            | LOCAL=136e822e99e616692550723e8b607cd8858c62a390aea5704938bc27930904ba REMOTE=136e822e99e616692550723e8b607cd8858c62a390aea5704938bc27930904ba
[3506/3625] Checking is OK   | E:\01.userData\ZhuoMian\Github_Releases_批量下载 xray\Xray-core\v26.6.1\Xray-linux-arm32-v5.zip      | LOCAL=69bdd56dc310ea2a05a3536be5d4a1e9cff3668d0a1d7adb90c090af612094bd REMOTE=69bdd56dc310ea2a05a3536be5d4a1e9cff3668d0a1d7adb90c090af612094bd
[3507/3625] Checking is OK   | E:\01.userData\ZhuoMian\Github_Releases_批量下载 xray\Xray-core\v26.6.1\Xray-linux-arm32-v6.zip      | LOCAL=eb021f8f4ab72f51f447265d49378b2d136718c569a48270651931d100a1b179 REMOTE=eb021f8f4ab72f51f447265d49378b2d136718c569a48270651931d100a1b179
[3508/3625] Checking is OK   | E:\01.userData\ZhuoMian\Github_Releases_批量下载 xray\Xray-core\v26.6.1\Xray-linux-arm32-v7a.zip     | LOCAL=6142d9a5a0eaf5f42c8402939bac0fc0b711d3e479e44536c09c5e0c106cee1e REMOTE=6142d9a5a0eaf5f42c8402939bac0fc0b711d3e479e44536c09c5e0c106cee1e
[3509/3625] Checking is OK   | E:\01.userData\ZhuoMian\Github_Releases_批量下载 xray\Xray-core\v26.6.1\Xray-linux-arm64-v8a.zip     | LOCAL=5c0f397b2605a853e5b308ae6485ad2ec395ca11ed7ae0fd023c480c7fdb279d REMOTE=5c0f397b2605a853e5b308ae6485ad2ec395ca11ed7ae0fd023c480c7fdb279d
[3510/3625] Checking is OK   | E:\01.userData\ZhuoMian\Github_Releases_批量下载 xray\Xray-core\v26.6.1\Xray-linux-loong64.zip       | LOCAL=9ea85ba4d856a0560d3b43599824cc102c883fddc32a8dc7ea1a7bc095f44913 REMOTE=9ea85ba4d856a0560d3b43599824cc102c883fddc32a8dc7ea1a7bc095f44913
[3511/3625] Checking is OK   | E:\01.userData\ZhuoMian\Github_Releases_批量下载 xray\Xray-core\v26.6.1\Xray-linux-mips32.zip        | LOCAL=13924265b9ef3c72232e2d5a1ddbf97916f11b57219b6866e9a227ca20335018 REMOTE=13924265b9ef3c72232e2d5a1ddbf97916f11b57219b6866e9a227ca20335018
[3512/3625] Checking is OK   | E:\01.userData\ZhuoMian\Github_Releases_批量下载 xray\Xray-core\v26.6.1\Xray-linux-mips32le.zip      | LOCAL=6798ad33bcd701c5ca3b5b7f075cf52018434c59b4412fdb6a79f810a348c037 REMOTE=6798ad33bcd701c5ca3b5b7f075cf52018434c59b4412fdb6a79f810a348c037
[3513/3625] Checking is OK   | E:\01.userData\ZhuoMian\Github_Releases_批量下载 xray\Xray-core\v26.6.1\Xray-linux-mips64.zip        | LOCAL=58c779a4e22fad078f27e8111aeb7690bfb7685a0a2776c9697b39b4b09b1832 REMOTE=58c779a4e22fad078f27e8111aeb7690bfb7685a0a2776c9697b39b4b09b1832
[3514/3625] Checking is OK   | E:\01.userData\ZhuoMian\Github_Releases_批量下载 xray\Xray-core\v26.6.1\Xray-linux-mips64le.zip      | LOCAL=f9068b8cdec1a75698cc6a318458bddb5fcd1f5b8d274da156255c144bb5a0c5 REMOTE=f9068b8cdec1a75698cc6a318458bddb5fcd1f5b8d274da156255c144bb5a0c5
[3515/3625] Checking is OK   | E:\01.userData\ZhuoMian\Github_Releases_批量下载 xray\Xray-core\v26.6.1\Xray-linux-ppc64.zip         | LOCAL=29d090c4e7caec32efe2d7ec169a07af64ae97ac4ac3498c34ae34cb43dfeb81 REMOTE=29d090c4e7caec32efe2d7ec169a07af64ae97ac4ac3498c34ae34cb43dfeb81
[3516/3625] Checking is OK   | E:\01.userData\ZhuoMian\Github_Releases_批量下载 xray\Xray-core\v26.6.1\Xray-linux-ppc64le.zip       | LOCAL=0f23be1e9e4ba3e8c9d685448328556a6b49530233615ef1b24526c8a19e4cfa REMOTE=0f23be1e9e4ba3e8c9d685448328556a6b49530233615ef1b24526c8a19e4cfa
[3517/3625] Checking is OK   | E:\01.userData\ZhuoMian\Github_Releases_批量下载 xray\Xray-core\v26.6.1\Xray-linux-riscv64.zip       | LOCAL=7573ce0e953a2b85d584c4aa21501294d550ebdec19169f63f275978dd87e539 REMOTE=7573ce0e953a2b85d584c4aa21501294d550ebdec19169f63f275978dd87e539
[3518/3625] Checking is OK   | E:\01.userData\ZhuoMian\Github_Releases_批量下载 xray\Xray-core\v26.6.1\Xray-linux-s390x.zip         | LOCAL=4398e0be42c88bf62dd888aba31218d8b15620c467b5d560e7ab6cb5dcdec549 REMOTE=4398e0be42c88bf62dd888aba31218d8b15620c467b5d560e7ab6cb5dcdec549
[3519/3625] Checking is OK   | E:\01.userData\ZhuoMian\Github_Releases_批量下载 xray\Xray-core\v26.6.1\Xray-macos-64.zip            | LOCAL=2636b49efed01ed4fae07d3988241819d89d880c46a353f6526a2e5195c14d06 REMOTE=2636b49efed01ed4fae07d3988241819d89d880c46a353f6526a2e5195c14d06
[3520/3625] Checking is OK   | E:\01.userData\ZhuoMian\Github_Releases_批量下载 xray\Xray-core\v26.6.1\Xray-macos-arm64-v8a.zip     | LOCAL=b0c13d8215eea03929c773056dce21e903fe6e7543348f46bb42184190fb5e50 REMOTE=b0c13d8215eea03929c773056dce21e903fe6e7543348f46bb42184190fb5e50
[3521/3625] Checking is OK   | E:\01.userData\ZhuoMian\Github_Releases_批量下载 xray\Xray-core\v26.6.1\Xray-openbsd-32.zip          | LOCAL=1b100cb6e4ca2a002c559d252068fc3b76f268782c005deb35f251cdd92164ba REMOTE=1b100cb6e4ca2a002c559d252068fc3b76f268782c005deb35f251cdd92164ba
[3522/3625] Checking is OK   | E:\01.userData\ZhuoMian\Github_Releases_批量下载 xray\Xray-core\v26.6.1\Xray-openbsd-64.zip          | LOCAL=5b7ac255c2460fe137aa7cae93905415168a55c18ce8070a09f990cce61b7a97 REMOTE=5b7ac255c2460fe137aa7cae93905415168a55c18ce8070a09f990cce61b7a97
[3523/3625] Checking is OK   | E:\01.userData\ZhuoMian\Github_Releases_批量下载 xray\Xray-core\v26.6.1\Xray-openbsd-arm32-v7a.zip   | LOCAL=cb216118d0bb9b4123961e7e9f472e7ad1771b36a41064e0a969cc3a48b79085 REMOTE=cb216118d0bb9b4123961e7e9f472e7ad1771b36a41064e0a969cc3a48b79085
[3524/3625] Checking is OK   | E:\01.userData\ZhuoMian\Github_Releases_批量下载 xray\Xray-core\v26.6.1\Xray-openbsd-arm64-v8a.zip   | LOCAL=fc2b1bf0384f57a2b4c5752688e23fc0995da62a33724f5cb64636ebf4bd7b1f REMOTE=fc2b1bf0384f57a2b4c5752688e23fc0995da62a33724f5cb64636ebf4bd7b1f
[3525/3625] Checking is OK   | E:\01.userData\ZhuoMian\Github_Releases_批量下载 xray\Xray-core\v26.6.1\Xray-win7-32.zip             | LOCAL=d4ed91d243421accc5e9e4e4d42369e29e48ff522117dc231cdaa0c75235825e REMOTE=d4ed91d243421accc5e9e4e4d42369e29e48ff522117dc231cdaa0c75235825e
[3526/3625] Checking is OK   | E:\01.userData\ZhuoMian\Github_Releases_批量下载 xray\Xray-core\v26.6.1\Xray-win7-64.zip             | LOCAL=f8cf884f287c48b3e2735e4667cae686032d3873648ef0431dbe51e7aad1b5f2 REMOTE=f8cf884f287c48b3e2735e4667cae686032d3873648ef0431dbe51e7aad1b5f2
[3527/3625] Checking is OK   | E:\01.userData\ZhuoMian\Github_Releases_批量下载 xray\Xray-core\v26.6.1\Xray-windows-32.zip          | LOCAL=0cdf1046e1c951a993727d46b7337311331bb874489478831eea3aa43be1ea0e REMOTE=0cdf1046e1c951a993727d46b7337311331bb874489478831eea3aa43be1ea0e
[3528/3625] Checking is OK   | E:\01.userData\ZhuoMian\Github_Releases_批量下载 xray\Xray-core\v26.6.1\Xray-windows-64.zip          | LOCAL=0a1ee8c8a45e11e865c725db195429c79b52ee960407065089c5be586f343248 REMOTE=0a1ee8c8a45e11e865c725db195429c79b52ee960407065089c5be586f343248
[3529/3625] Checking is OK   | E:\01.userData\ZhuoMian\Github_Releases_批量下载 xray\Xray-core\v26.6.1\Xray-windows-arm64-v8a.zip   | LOCAL=b990d739e635c0c3f6fe0ac6d33ebae16d27576816c0bd469706af4f0f5a58b2 REMOTE=b990d739e635c0c3f6fe0ac6d33ebae16d27576816c0bd469706af4f0f5a58b2
[3530/3625] Checking is OK   | E:\01.userData\ZhuoMian\Github_Releases_批量下载 xray\Xray-core\v26.6.22\Xray-android-amd64.zip      | LOCAL=f6a31a3e901049923ba33acabe9300187e39fe07d02859e61a291627cc496f75 REMOTE=f6a31a3e901049923ba33acabe9300187e39fe07d02859e61a291627cc496f75
[3531/3625] Checking is OK   | E:\01.userData\ZhuoMian\Github_Releases_批量下载 xray\Xray-core\v26.6.22\Xray-android-arm64-v8a.zip  | LOCAL=3fa264c21f3f955187484332b3fb05df4b14a450685a862fe577a9262f7820f1 REMOTE=3fa264c21f3f955187484332b3fb05df4b14a450685a862fe577a9262f7820f1
[3532/3625] Checking is OK   | E:\01.userData\ZhuoMian\Github_Releases_批量下载 xray\Xray-core\v26.6.22\Xray-freebsd-32.zip         | LOCAL=1863c1a4eb710eaf22bb7677a9b70dc96418047f0c74e7f5b8566a1abe4b7fe5 REMOTE=1863c1a4eb710eaf22bb7677a9b70dc96418047f0c74e7f5b8566a1abe4b7fe5
[3533/3625] Checking is OK   | E:\01.userData\ZhuoMian\Github_Releases_批量下载 xray\Xray-core\v26.6.22\Xray-freebsd-64.zip         | LOCAL=4c2da1f342ddbc8b0c866cf552b7576284669783c3b8c84c6a625f5e1ee07c4e REMOTE=4c2da1f342ddbc8b0c866cf552b7576284669783c3b8c84c6a625f5e1ee07c4e
[3534/3625] Checking is OK   | E:\01.userData\ZhuoMian\Github_Releases_批量下载 xray\Xray-core\v26.6.22\Xray-freebsd-arm32-v7a.zip  | LOCAL=b338f3745bbdc10cad90d453c1bc98981dad8c3da6fe9beed012148880f825fd REMOTE=b338f3745bbdc10cad90d453c1bc98981dad8c3da6fe9beed012148880f825fd
[3535/3625] Checking is OK   | E:\01.userData\ZhuoMian\Github_Releases_批量下载 xray\Xray-core\v26.6.22\Xray-freebsd-arm64-v8a.zip  | LOCAL=d0e2037ec50e7cd16fe6463102044b6da83eea4bfb4d9a4b59041fb2f9700b85 REMOTE=d0e2037ec50e7cd16fe6463102044b6da83eea4bfb4d9a4b59041fb2f9700b85
[3536/3625] Checking is OK   | E:\01.userData\ZhuoMian\Github_Releases_批量下载 xray\Xray-core\v26.6.22\Xray-linux-32.zip           | LOCAL=5ea18f4e34adf4c96556622a34b6f20b98d74e1f198b74c7f0145d6a00fb03dc REMOTE=5ea18f4e34adf4c96556622a34b6f20b98d74e1f198b74c7f0145d6a00fb03dc
[3537/3625] Checking is OK   | E:\01.userData\ZhuoMian\Github_Releases_批量下载 xray\Xray-core\v26.6.22\Xray-linux-64.zip           | LOCAL=562bdeb85fb65ac114193fc21826030ef21cb3c83d1bcd64078ee4e0d4e78ef3 REMOTE=562bdeb85fb65ac114193fc21826030ef21cb3c83d1bcd64078ee4e0d4e78ef3
[3538/3625] Checking is OK   | E:\01.userData\ZhuoMian\Github_Releases_批量下载 xray\Xray-core\v26.6.22\Xray-linux-arm32-v5.zip     | LOCAL=669e630ebe24260811f09c3c7f3b58b20ca5b820a91f0a6e2bb68cb8e722ec4b REMOTE=669e630ebe24260811f09c3c7f3b58b20ca5b820a91f0a6e2bb68cb8e722ec4b
[3539/3625] Checking is OK   | E:\01.userData\ZhuoMian\Github_Releases_批量下载 xray\Xray-core\v26.6.22\Xray-linux-arm32-v6.zip     | LOCAL=b02d73726eacbdd5957eca7f218ca50fff29564fda7b6d1773bf3909e343ed07 REMOTE=b02d73726eacbdd5957eca7f218ca50fff29564fda7b6d1773bf3909e343ed07
[3540/3625] Checking is OK   | E:\01.userData\ZhuoMian\Github_Releases_批量下载 xray\Xray-core\v26.6.22\Xray-linux-arm32-v7a.zip    | LOCAL=607ac99565456cb4390237e0a1942839a4f046c5d916516edb92ddd233ad8799 REMOTE=607ac99565456cb4390237e0a1942839a4f046c5d916516edb92ddd233ad8799
[3541/3625] Checking is OK   | E:\01.userData\ZhuoMian\Github_Releases_批量下载 xray\Xray-core\v26.6.22\Xray-linux-arm64-v8a.zip    | LOCAL=257bffc9d66f5823fcc67ebc114e487ac53a3554d38cf40eaf7be265c9d8a23c REMOTE=257bffc9d66f5823fcc67ebc114e487ac53a3554d38cf40eaf7be265c9d8a23c
[3542/3625] Checking is OK   | E:\01.userData\ZhuoMian\Github_Releases_批量下载 xray\Xray-core\v26.6.22\Xray-linux-loong64.zip      | LOCAL=ae8abd1367c65f4891e4e7b58fdfad02accc73ce2f35eda70d6dc7bd1efc4ee9 REMOTE=ae8abd1367c65f4891e4e7b58fdfad02accc73ce2f35eda70d6dc7bd1efc4ee9
[3543/3625] Checking is OK   | E:\01.userData\ZhuoMian\Github_Releases_批量下载 xray\Xray-core\v26.6.22\Xray-linux-mips32.zip       | LOCAL=4c8595123ada84ec5628b9abb7666c3ba248c4b5fd038ce0f52eae17dddf9c12 REMOTE=4c8595123ada84ec5628b9abb7666c3ba248c4b5fd038ce0f52eae17dddf9c12
[3544/3625] Checking is OK   | E:\01.userData\ZhuoMian\Github_Releases_批量下载 xray\Xray-core\v26.6.22\Xray-linux-mips32le.zip     | LOCAL=51363fb7327ba38b2d761f0393cef652c33072cb6154ddbab1730d43c677a7bd REMOTE=51363fb7327ba38b2d761f0393cef652c33072cb6154ddbab1730d43c677a7bd
[3545/3625] Checking is OK   | E:\01.userData\ZhuoMian\Github_Releases_批量下载 xray\Xray-core\v26.6.22\Xray-linux-mips64.zip       | LOCAL=9d333c2238e1b613bfab67ec803fdfd93a0287e2c1e229bd8fc9b9b67a15fca2 REMOTE=9d333c2238e1b613bfab67ec803fdfd93a0287e2c1e229bd8fc9b9b67a15fca2
[3546/3625] Checking is OK   | E:\01.userData\ZhuoMian\Github_Releases_批量下载 xray\Xray-core\v26.6.22\Xray-linux-mips64le.zip     | LOCAL=792ed349595380e61fb86a5b2af0e0c77df06fc030779ff0950b125d78e273ba REMOTE=792ed349595380e61fb86a5b2af0e0c77df06fc030779ff0950b125d78e273ba
[3547/3625] Checking is OK   | E:\01.userData\ZhuoMian\Github_Releases_批量下载 xray\Xray-core\v26.6.22\Xray-linux-ppc64.zip        | LOCAL=095c28592d3a6659af0f9807315ad8303eac6813171d81caf8c0b49085d40dd2 REMOTE=095c28592d3a6659af0f9807315ad8303eac6813171d81caf8c0b49085d40dd2
[3548/3625] Checking is OK   | E:\01.userData\ZhuoMian\Github_Releases_批量下载 xray\Xray-core\v26.6.22\Xray-linux-ppc64le.zip      | LOCAL=d0f2567f31e6872e423f3039c646b6a7d4201050b94b3a034c1ce8b2a360bacf REMOTE=d0f2567f31e6872e423f3039c646b6a7d4201050b94b3a034c1ce8b2a360bacf
[3549/3625] Checking is OK   | E:\01.userData\ZhuoMian\Github_Releases_批量下载 xray\Xray-core\v26.6.22\Xray-linux-riscv64.zip      | LOCAL=b742217250c3a6eb68433a03b8813af7f78149618e24525e3550774ae78745fc REMOTE=b742217250c3a6eb68433a03b8813af7f78149618e24525e3550774ae78745fc
[3550/3625] Checking is OK   | E:\01.userData\ZhuoMian\Github_Releases_批量下载 xray\Xray-core\v26.6.22\Xray-linux-s390x.zip        | LOCAL=999a5333e243e3cfaa908293659995f86df6e5a6634a76a9a1a22933dafde26d REMOTE=999a5333e243e3cfaa908293659995f86df6e5a6634a76a9a1a22933dafde26d
[3551/3625] Checking is OK   | E:\01.userData\ZhuoMian\Github_Releases_批量下载 xray\Xray-core\v26.6.22\Xray-macos-64.zip           | LOCAL=dff448e06f72d94a126aaa7d32b19d75476e1392f7255f8856b2be9fb9e31630 REMOTE=dff448e06f72d94a126aaa7d32b19d75476e1392f7255f8856b2be9fb9e31630
[3552/3625] Checking is OK   | E:\01.userData\ZhuoMian\Github_Releases_批量下载 xray\Xray-core\v26.6.22\Xray-macos-arm64-v8a.zip    | LOCAL=426e2e832b55aa2c58988c31287d0a341360708959ec73698cc0212d1c0b9517 REMOTE=426e2e832b55aa2c58988c31287d0a341360708959ec73698cc0212d1c0b9517
[3553/3625] Checking is OK   | E:\01.userData\ZhuoMian\Github_Releases_批量下载 xray\Xray-core\v26.6.22\Xray-openbsd-32.zip         | LOCAL=642ebcb5bf82dcd1c64bc369d8a203d05bf04f0440f6240e0c1470c1c8367507 REMOTE=642ebcb5bf82dcd1c64bc369d8a203d05bf04f0440f6240e0c1470c1c8367507
[3554/3625] Checking is OK   | E:\01.userData\ZhuoMian\Github_Releases_批量下载 xray\Xray-core\v26.6.22\Xray-openbsd-64.zip         | LOCAL=82a28b2913e0afbf8057f3a551375e2586f4fc6ea052eacbdac409490cc21876 REMOTE=82a28b2913e0afbf8057f3a551375e2586f4fc6ea052eacbdac409490cc21876
[3555/3625] Checking is OK   | E:\01.userData\ZhuoMian\Github_Releases_批量下载 xray\Xray-core\v26.6.22\Xray-openbsd-arm32-v7a.zip  | LOCAL=f7ff94b8cffdc19b9a8dd32166272cb26f2ad484eeb6ab4c57c2e9b5973ac76e REMOTE=f7ff94b8cffdc19b9a8dd32166272cb26f2ad484eeb6ab4c57c2e9b5973ac76e
[3556/3625] Checking is OK   | E:\01.userData\ZhuoMian\Github_Releases_批量下载 xray\Xray-core\v26.6.22\Xray-openbsd-arm64-v8a.zip  | LOCAL=f069aa0bcc5dee5b73886a6f16395dad1ff1e76a0fd1645e68a4d50715a4d785 REMOTE=f069aa0bcc5dee5b73886a6f16395dad1ff1e76a0fd1645e68a4d50715a4d785
[3557/3625] Checking is OK   | E:\01.userData\ZhuoMian\Github_Releases_批量下载 xray\Xray-core\v26.6.22\Xray-win7-32.zip            | LOCAL=07234e17f78ad49972c98495f7c07c49ff2a1a92649de0cc1ab3cff7f91ceedd REMOTE=07234e17f78ad49972c98495f7c07c49ff2a1a92649de0cc1ab3cff7f91ceedd
[3558/3625] Checking is OK   | E:\01.userData\ZhuoMian\Github_Releases_批量下载 xray\Xray-core\v26.6.22\Xray-win7-64.zip            | LOCAL=f4284c091fe4a67ed550b43341eb80b855972d11e258986c67a3581cf47e0448 REMOTE=f4284c091fe4a67ed550b43341eb80b855972d11e258986c67a3581cf47e0448
[3559/3625] Checking is OK   | E:\01.userData\ZhuoMian\Github_Releases_批量下载 xray\Xray-core\v26.6.22\Xray-windows-32.zip         | LOCAL=006da32f89345c7cbf48aaf6e0057a7ec0aabe09b80785a7da7a929d971e544c REMOTE=006da32f89345c7cbf48aaf6e0057a7ec0aabe09b80785a7da7a929d971e544c
[3560/3625] Checking is OK   | E:\01.userData\ZhuoMian\Github_Releases_批量下载 xray\Xray-core\v26.6.22\Xray-windows-64.zip         | LOCAL=da8629b945a70dd7e967ecc007d08154705c011568885935a7a0ac9688107488 REMOTE=da8629b945a70dd7e967ecc007d08154705c011568885935a7a0ac9688107488
[3561/3625] Checking is OK   | E:\01.userData\ZhuoMian\Github_Releases_批量下载 xray\Xray-core\v26.6.22\Xray-windows-arm64-v8a.zip  | LOCAL=49a51cd57b747dab3cbd26ba997ac882a5ba51825eae173379e73f1bd00af33a REMOTE=49a51cd57b747dab3cbd26ba997ac882a5ba51825eae173379e73f1bd00af33a
[3562/3625] Checking is OK   | E:\01.userData\ZhuoMian\Github_Releases_批量下载 xray\Xray-core\v26.6.27\Xray-android-amd64.zip      | LOCAL=7dbbab7e39042840ad8fd0ca07914fa333dfbeb6dfd11c5b36fc7c83896faebd REMOTE=7dbbab7e39042840ad8fd0ca07914fa333dfbeb6dfd11c5b36fc7c83896faebd
[3563/3625] Checking is OK   | E:\01.userData\ZhuoMian\Github_Releases_批量下载 xray\Xray-core\v26.6.27\Xray-android-arm64-v8a.zip  | LOCAL=9621d72c2f706f47d7bc3c79b5326c12aa29d29013beada1c60df84ff8fe3a0f REMOTE=9621d72c2f706f47d7bc3c79b5326c12aa29d29013beada1c60df84ff8fe3a0f
[3564/3625] Checking is OK   | E:\01.userData\ZhuoMian\Github_Releases_批量下载 xray\Xray-core\v26.6.27\Xray-freebsd-32.zip         | LOCAL=092de7a816f53baf8f979e993e10d54629df00902ee049f65a69e4561a57c097 REMOTE=092de7a816f53baf8f979e993e10d54629df00902ee049f65a69e4561a57c097
[3565/3625] Checking is OK   | E:\01.userData\ZhuoMian\Github_Releases_批量下载 xray\Xray-core\v26.6.27\Xray-freebsd-64.zip         | LOCAL=5a718d02f7e7439d7246dc613fd7c5bfd8a8a2c9915840978194df9ebf14594d REMOTE=5a718d02f7e7439d7246dc613fd7c5bfd8a8a2c9915840978194df9ebf14594d
[3566/3625] Checking is OK   | E:\01.userData\ZhuoMian\Github_Releases_批量下载 xray\Xray-core\v26.6.27\Xray-freebsd-arm32-v7a.zip  | LOCAL=87b8cd8ef737e4be7d2f121804c4b5dc6ad46ec28e204532d3ccfd441b75d80b REMOTE=87b8cd8ef737e4be7d2f121804c4b5dc6ad46ec28e204532d3ccfd441b75d80b
[3567/3625] Checking is OK   | E:\01.userData\ZhuoMian\Github_Releases_批量下载 xray\Xray-core\v26.6.27\Xray-freebsd-arm64-v8a.zip  | LOCAL=4a50a7e4e44a82123aa3ae8c198ac073216e420d3438324d05b3666f45a423e6 REMOTE=4a50a7e4e44a82123aa3ae8c198ac073216e420d3438324d05b3666f45a423e6
[3568/3625] Checking is OK   | E:\01.userData\ZhuoMian\Github_Releases_批量下载 xray\Xray-core\v26.6.27\Xray-linux-32.zip           | LOCAL=a30a7bc601ca4be80675ab862cbeae4cadb0bc3242ffb687fb6865b67b8c4e8f REMOTE=a30a7bc601ca4be80675ab862cbeae4cadb0bc3242ffb687fb6865b67b8c4e8f
[3569/3625] Checking is OK   | E:\01.userData\ZhuoMian\Github_Releases_批量下载 xray\Xray-core\v26.6.27\Xray-linux-64.zip           | LOCAL=b3e5902d06d6282fe53cfa2fc426058b9aeaa429b2c812e20887cd47f26d08bf REMOTE=b3e5902d06d6282fe53cfa2fc426058b9aeaa429b2c812e20887cd47f26d08bf
[3570/3625] Checking is OK   | E:\01.userData\ZhuoMian\Github_Releases_批量下载 xray\Xray-core\v26.6.27\Xray-linux-arm32-v5.zip     | LOCAL=cec3aad9095bba4fdfcbff6dedaa11bc98f945e35186a1f228efaaa28e99c8b2 REMOTE=cec3aad9095bba4fdfcbff6dedaa11bc98f945e35186a1f228efaaa28e99c8b2
[3571/3625] Checking is OK   | E:\01.userData\ZhuoMian\Github_Releases_批量下载 xray\Xray-core\v26.6.27\Xray-linux-arm32-v6.zip     | LOCAL=d6a48164f73281e5213a27ee46cac4078df786acf15014c3bad1cb49d1bc1ec6 REMOTE=d6a48164f73281e5213a27ee46cac4078df786acf15014c3bad1cb49d1bc1ec6
[3572/3625] Checking is OK   | E:\01.userData\ZhuoMian\Github_Releases_批量下载 xray\Xray-core\v26.6.27\Xray-linux-arm32-v7a.zip    | LOCAL=c77245cf9bfd6b8ae0fa8247cd65a3478f1951e9712fcde0f0dda4a31e2ac26c REMOTE=c77245cf9bfd6b8ae0fa8247cd65a3478f1951e9712fcde0f0dda4a31e2ac26c
[3573/3625] Checking is OK   | E:\01.userData\ZhuoMian\Github_Releases_批量下载 xray\Xray-core\v26.6.27\Xray-linux-arm64-v8a.zip    | LOCAL=13a251379bea366c2cf10363ad71e75734193d401f26f518bf0c25e5c8f8c931 REMOTE=13a251379bea366c2cf10363ad71e75734193d401f26f518bf0c25e5c8f8c931
[3574/3625] Checking is OK   | E:\01.userData\ZhuoMian\Github_Releases_批量下载 xray\Xray-core\v26.6.27\Xray-linux-loong64.zip      | LOCAL=52bcba94777ff5c7c58ef63212a4375a0da088836daaf621e0a5ae7829431b4e REMOTE=52bcba94777ff5c7c58ef63212a4375a0da088836daaf621e0a5ae7829431b4e
[3575/3625] Checking is OK   | E:\01.userData\ZhuoMian\Github_Releases_批量下载 xray\Xray-core\v26.6.27\Xray-linux-mips32.zip       | LOCAL=9f78ed13743630a2a69882715a07cfa50623e58feb48192b1d3858982bffbfa7 REMOTE=9f78ed13743630a2a69882715a07cfa50623e58feb48192b1d3858982bffbfa7
[3576/3625] Checking is OK   | E:\01.userData\ZhuoMian\Github_Releases_批量下载 xray\Xray-core\v26.6.27\Xray-linux-mips32le.zip     | LOCAL=48569b62fdda2a03d2d3890968da982cb73fe05001514470388eb63d5f0218de REMOTE=48569b62fdda2a03d2d3890968da982cb73fe05001514470388eb63d5f0218de
[3577/3625] Checking is OK   | E:\01.userData\ZhuoMian\Github_Releases_批量下载 xray\Xray-core\v26.6.27\Xray-linux-mips64.zip       | LOCAL=82079509a70f3d61f57ce23aad8e887b5533d525c56c26083653c8152e6d5b1a REMOTE=82079509a70f3d61f57ce23aad8e887b5533d525c56c26083653c8152e6d5b1a
[3578/3625] Checking is OK   | E:\01.userData\ZhuoMian\Github_Releases_批量下载 xray\Xray-core\v26.6.27\Xray-linux-mips64le.zip     | LOCAL=b96ed2c321d1b70cfca87223faa31511e74f776acbf4bf3011f9e660c77ade38 REMOTE=b96ed2c321d1b70cfca87223faa31511e74f776acbf4bf3011f9e660c77ade38
[3579/3625] Checking is OK   | E:\01.userData\ZhuoMian\Github_Releases_批量下载 xray\Xray-core\v26.6.27\Xray-linux-ppc64.zip        | LOCAL=a77c2fad956956a6ffc8e48599b74ea481734abc3a40439238f779edb18a4a28 REMOTE=a77c2fad956956a6ffc8e48599b74ea481734abc3a40439238f779edb18a4a28
[3580/3625] Checking is OK   | E:\01.userData\ZhuoMian\Github_Releases_批量下载 xray\Xray-core\v26.6.27\Xray-linux-ppc64le.zip      | LOCAL=90cf42cc588d717b88d3dc3813eccbe164a164898065e02f2c0d0ed1f33da03c REMOTE=90cf42cc588d717b88d3dc3813eccbe164a164898065e02f2c0d0ed1f33da03c
[3581/3625] Checking is OK   | E:\01.userData\ZhuoMian\Github_Releases_批量下载 xray\Xray-core\v26.6.27\Xray-linux-riscv64.zip      | LOCAL=0ca12dd07344e3bf6889a00744ae8abc0e41ef6efc8952343179def99e4652de REMOTE=0ca12dd07344e3bf6889a00744ae8abc0e41ef6efc8952343179def99e4652de
[3582/3625] Checking is OK   | E:\01.userData\ZhuoMian\Github_Releases_批量下载 xray\Xray-core\v26.6.27\Xray-linux-s390x.zip        | LOCAL=be883d2b998b238421838fe29e8dd7b4b731e23def7712c3bbdac04e16319524 REMOTE=be883d2b998b238421838fe29e8dd7b4b731e23def7712c3bbdac04e16319524
[3583/3625] Checking is OK   | E:\01.userData\ZhuoMian\Github_Releases_批量下载 xray\Xray-core\v26.6.27\Xray-macos-64.zip           | LOCAL=e917da78383b631d2bc7f8d9412f619e648fc3cd73a5a0f62f031425e5330ff1 REMOTE=e917da78383b631d2bc7f8d9412f619e648fc3cd73a5a0f62f031425e5330ff1
[3584/3625] Checking is OK   | E:\01.userData\ZhuoMian\Github_Releases_批量下载 xray\Xray-core\v26.6.27\Xray-macos-arm64-v8a.zip    | LOCAL=5b63cf477b4281dc0d9d3af4d7b87391ab868a842b430e9ce8957ea0b60ecab7 REMOTE=5b63cf477b4281dc0d9d3af4d7b87391ab868a842b430e9ce8957ea0b60ecab7
[3585/3625] Checking is OK   | E:\01.userData\ZhuoMian\Github_Releases_批量下载 xray\Xray-core\v26.6.27\Xray-openbsd-32.zip         | LOCAL=48c6e15fcdf76799dc43005e63733b911f59a79c81036a089d58b43063d8ba06 REMOTE=48c6e15fcdf76799dc43005e63733b911f59a79c81036a089d58b43063d8ba06
[3586/3625] Checking is OK   | E:\01.userData\ZhuoMian\Github_Releases_批量下载 xray\Xray-core\v26.6.27\Xray-openbsd-64.zip         | LOCAL=d071c0eac42dd87de1f7e09374b0ddf6bcf20ec0315c442d7cd7a511aa7accef REMOTE=d071c0eac42dd87de1f7e09374b0ddf6bcf20ec0315c442d7cd7a511aa7accef
[3587/3625] Checking is OK   | E:\01.userData\ZhuoMian\Github_Releases_批量下载 xray\Xray-core\v26.6.27\Xray-openbsd-arm32-v7a.zip  | LOCAL=39e72cbac2953f2889a921d1f5da498fb63586b81ee88336daf38b69e3e5c042 REMOTE=39e72cbac2953f2889a921d1f5da498fb63586b81ee88336daf38b69e3e5c042
[3588/3625] Checking is OK   | E:\01.userData\ZhuoMian\Github_Releases_批量下载 xray\Xray-core\v26.6.27\Xray-openbsd-arm64-v8a.zip  | LOCAL=aaee888d7939c241e710dad2b66706e8637f39fafa581e34aef09194c6db7ddb REMOTE=aaee888d7939c241e710dad2b66706e8637f39fafa581e34aef09194c6db7ddb
[3589/3625] Checking is OK   | E:\01.userData\ZhuoMian\Github_Releases_批量下载 xray\Xray-core\v26.6.27\Xray-win7-32.zip            | LOCAL=4111a45172b79eeacd45f4db9303f78c836bfa093e908a29237ddead16854a3f REMOTE=4111a45172b79eeacd45f4db9303f78c836bfa093e908a29237ddead16854a3f
[3590/3625] Checking is OK   | E:\01.userData\ZhuoMian\Github_Releases_批量下载 xray\Xray-core\v26.6.27\Xray-win7-64.zip            | LOCAL=3205e6416105ddfe7ce7638c60d40285aa5708f109ceba08a00353b40e015e45 REMOTE=3205e6416105ddfe7ce7638c60d40285aa5708f109ceba08a00353b40e015e45
[3591/3625] Checking is OK   | E:\01.userData\ZhuoMian\Github_Releases_批量下载 xray\Xray-core\v26.6.27\Xray-windows-32.zip         | LOCAL=99dc061d92790eef737821f221c3698b0b15367d17dce205a71f96c439c62293 REMOTE=99dc061d92790eef737821f221c3698b0b15367d17dce205a71f96c439c62293
[3592/3625] Checking is OK   | E:\01.userData\ZhuoMian\Github_Releases_批量下载 xray\Xray-core\v26.6.27\Xray-windows-64.zip         | LOCAL=97f16a0701dbf931c9c4375399f8188e31615fdd5c863be5c612f946acd4dd01 REMOTE=97f16a0701dbf931c9c4375399f8188e31615fdd5c863be5c612f946acd4dd01
[3593/3625] Checking is OK   | E:\01.userData\ZhuoMian\Github_Releases_批量下载 xray\Xray-core\v26.6.27\Xray-windows-arm64-v8a.zip  | LOCAL=e9dbd1b54ebcd272691fc67535297315eda642905cf5a5076b495d857c480ecb REMOTE=e9dbd1b54ebcd272691fc67535297315eda642905cf5a5076b495d857c480ecb
[3594/3625] Checking is OK   | E:\01.userData\ZhuoMian\Github_Releases_批量下载 xray\Xray-core\v26.7.11\Xray-android-amd64.zip      | LOCAL=1b9def87ccc1c3c6b39cb92caaa6901e85f136418e738846c6819467db6865c1 REMOTE=1b9def87ccc1c3c6b39cb92caaa6901e85f136418e738846c6819467db6865c1
[3595/3625] Checking is OK   | E:\01.userData\ZhuoMian\Github_Releases_批量下载 xray\Xray-core\v26.7.11\Xray-android-arm64-v8a.zip  | LOCAL=4b9cd6a4d6cbb2abcb4cc410a03ebbebc17b7b405df0467a5f615617744b681e REMOTE=4b9cd6a4d6cbb2abcb4cc410a03ebbebc17b7b405df0467a5f615617744b681e
[3596/3625] Checking is OK   | E:\01.userData\ZhuoMian\Github_Releases_批量下载 xray\Xray-core\v26.7.11\Xray-freebsd-32.zip         | LOCAL=9ebd6e3f085b7b7f0a5ae8ebb495f71cbc9452f805fad0b0c11feaa20d168153 REMOTE=9ebd6e3f085b7b7f0a5ae8ebb495f71cbc9452f805fad0b0c11feaa20d168153
[3597/3625] Checking is OK   | E:\01.userData\ZhuoMian\Github_Releases_批量下载 xray\Xray-core\v26.7.11\Xray-freebsd-64.zip         | LOCAL=683fa02fb9d40af0e56a021762366a2a3e2afd936386a2a6d4e161b362bca46d REMOTE=683fa02fb9d40af0e56a021762366a2a3e2afd936386a2a6d4e161b362bca46d
[3598/3625] Checking is OK   | E:\01.userData\ZhuoMian\Github_Releases_批量下载 xray\Xray-core\v26.7.11\Xray-freebsd-arm32-v7a.zip  | LOCAL=0619cf850cdd445d940a145f4c4d1c0d59770d86e3da9de7e2561772c1b6d0b3 REMOTE=0619cf850cdd445d940a145f4c4d1c0d59770d86e3da9de7e2561772c1b6d0b3
[3599/3625] Checking is OK   | E:\01.userData\ZhuoMian\Github_Releases_批量下载 xray\Xray-core\v26.7.11\Xray-freebsd-arm64-v8a.zip  | LOCAL=0feca8782517505d8c057fcaade001dc7f51d01b30144ba7c199834bccbe685b REMOTE=0feca8782517505d8c057fcaade001dc7f51d01b30144ba7c199834bccbe685b
[3600/3625] Checking is OK   | E:\01.userData\ZhuoMian\Github_Releases_批量下载 xray\Xray-core\v26.7.11\Xray-linux-32.zip           | LOCAL=d4fac336c5b1999c8eeb5c8d2f5a41f40564429b012ff2a2daf1a737972d56a7 REMOTE=d4fac336c5b1999c8eeb5c8d2f5a41f40564429b012ff2a2daf1a737972d56a7
[3601/3625] Checking is OK   | E:\01.userData\ZhuoMian\Github_Releases_批量下载 xray\Xray-core\v26.7.11\Xray-linux-64.zip           | LOCAL=aa11c3685c71da0ffc71e511db50404609e7e963bb914b048f59a6a00af8930e REMOTE=aa11c3685c71da0ffc71e511db50404609e7e963bb914b048f59a6a00af8930e
[3602/3625] Checking is OK   | E:\01.userData\ZhuoMian\Github_Releases_批量下载 xray\Xray-core\v26.7.11\Xray-linux-arm32-v5.zip     | LOCAL=d007a036a88f17f7953af06514b28c4a3b806b7b54a5db1a5c865f635c209bc5 REMOTE=d007a036a88f17f7953af06514b28c4a3b806b7b54a5db1a5c865f635c209bc5
[3603/3625] Checking is OK   | E:\01.userData\ZhuoMian\Github_Releases_批量下载 xray\Xray-core\v26.7.11\Xray-linux-arm32-v6.zip     | LOCAL=68b3089ab439daf31dcf9e182202936e1ad0a6e9dad7dcdc2a1db97fd0cfcb83 REMOTE=68b3089ab439daf31dcf9e182202936e1ad0a6e9dad7dcdc2a1db97fd0cfcb83
[3604/3625] Checking is OK   | E:\01.userData\ZhuoMian\Github_Releases_批量下载 xray\Xray-core\v26.7.11\Xray-linux-arm32-v7a.zip    | LOCAL=c623b8d08d02d7a20be697619fde11c6745efb08ac5cb332ab0ff15fe567aad6 REMOTE=c623b8d08d02d7a20be697619fde11c6745efb08ac5cb332ab0ff15fe567aad6
[3605/3625] Checking is OK   | E:\01.userData\ZhuoMian\Github_Releases_批量下载 xray\Xray-core\v26.7.11\Xray-linux-arm64-v8a.zip    | LOCAL=89cfe01674d7c9f6847b7dd9389537be9acb3b9dc3c6cb9fdeba87a3e4e57fc1 REMOTE=89cfe01674d7c9f6847b7dd9389537be9acb3b9dc3c6cb9fdeba87a3e4e57fc1
[3606/3625] Checking is OK   | E:\01.userData\ZhuoMian\Github_Releases_批量下载 xray\Xray-core\v26.7.11\Xray-linux-loong64.zip      | LOCAL=588ac2d9ee0bd7a21cbcc124f3ca0079abe7df187ec4419b8fbf3faac28af932 REMOTE=588ac2d9ee0bd7a21cbcc124f3ca0079abe7df187ec4419b8fbf3faac28af932
[3607/3625] Checking is OK   | E:\01.userData\ZhuoMian\Github_Releases_批量下载 xray\Xray-core\v26.7.11\Xray-linux-mips32.zip       | LOCAL=ab444eb02d95948ef11dd8369ac04197c73f9d5d90208d7b015a1a2494c31474 REMOTE=ab444eb02d95948ef11dd8369ac04197c73f9d5d90208d7b015a1a2494c31474
[3608/3625] Checking is OK   | E:\01.userData\ZhuoMian\Github_Releases_批量下载 xray\Xray-core\v26.7.11\Xray-linux-mips32le.zip     | LOCAL=39564b010eaae23af8c84e8ee4f0911c23301dfdd07ec75408809dbe1e71960f REMOTE=39564b010eaae23af8c84e8ee4f0911c23301dfdd07ec75408809dbe1e71960f
[3609/3625] Checking is OK   | E:\01.userData\ZhuoMian\Github_Releases_批量下载 xray\Xray-core\v26.7.11\Xray-linux-mips64.zip       | LOCAL=0d8b731a34ad468afec4c30e41180e9b743cf212fbfab192a725882968bb9b39 REMOTE=0d8b731a34ad468afec4c30e41180e9b743cf212fbfab192a725882968bb9b39
[3610/3625] Checking is OK   | E:\01.userData\ZhuoMian\Github_Releases_批量下载 xray\Xray-core\v26.7.11\Xray-linux-mips64le.zip     | LOCAL=14e8d84c6190ad36e0c2fe1dedfa9bf0630fc48a8caa18d83ededcf58354968c REMOTE=14e8d84c6190ad36e0c2fe1dedfa9bf0630fc48a8caa18d83ededcf58354968c
[3611/3625] Checking is OK   | E:\01.userData\ZhuoMian\Github_Releases_批量下载 xray\Xray-core\v26.7.11\Xray-linux-ppc64.zip        | LOCAL=1941516d855185e8206ade1b1aa9bc452cab31b4ecd296739944162270d8ca60 REMOTE=1941516d855185e8206ade1b1aa9bc452cab31b4ecd296739944162270d8ca60
[3612/3625] Checking is OK   | E:\01.userData\ZhuoMian\Github_Releases_批量下载 xray\Xray-core\v26.7.11\Xray-linux-ppc64le.zip      | LOCAL=91bbde43ef643589bf6deac0568243d5b548e9fe28cfeb5d494de17f5727daa9 REMOTE=91bbde43ef643589bf6deac0568243d5b548e9fe28cfeb5d494de17f5727daa9
[3613/3625] Checking is OK   | E:\01.userData\ZhuoMian\Github_Releases_批量下载 xray\Xray-core\v26.7.11\Xray-linux-riscv64.zip      | LOCAL=07449bf8732f385ca86a6df0c104d6501865529bde7a7f93153d5f5cf48ef6fb REMOTE=07449bf8732f385ca86a6df0c104d6501865529bde7a7f93153d5f5cf48ef6fb
[3614/3625] Checking is OK   | E:\01.userData\ZhuoMian\Github_Releases_批量下载 xray\Xray-core\v26.7.11\Xray-linux-s390x.zip        | LOCAL=d57c59ba49beb8c773bc74f711a1a55c11aa8ade78bf8b20e381b5fd1a43ea48 REMOTE=d57c59ba49beb8c773bc74f711a1a55c11aa8ade78bf8b20e381b5fd1a43ea48
[3615/3625] Checking is OK   | E:\01.userData\ZhuoMian\Github_Releases_批量下载 xray\Xray-core\v26.7.11\Xray-macos-64.zip           | LOCAL=d8c116756d3a88a38a833a94bdf8bc801f69243ee888befcb56df8b4f1ec4878 REMOTE=d8c116756d3a88a38a833a94bdf8bc801f69243ee888befcb56df8b4f1ec4878
[3616/3625] Checking is OK   | E:\01.userData\ZhuoMian\Github_Releases_批量下载 xray\Xray-core\v26.7.11\Xray-macos-arm64-v8a.zip    | LOCAL=61f8f74d099098af710fa43613d9934d97b901dee909801d34f496cd463956d1 REMOTE=61f8f74d099098af710fa43613d9934d97b901dee909801d34f496cd463956d1
[3617/3625] Checking is OK   | E:\01.userData\ZhuoMian\Github_Releases_批量下载 xray\Xray-core\v26.7.11\Xray-openbsd-32.zip         | LOCAL=40de7fd0d2ed86122b0b874fafc5540beaacd7e456a5fefe7dc16112ab0771f3 REMOTE=40de7fd0d2ed86122b0b874fafc5540beaacd7e456a5fefe7dc16112ab0771f3
[3618/3625] Checking is OK   | E:\01.userData\ZhuoMian\Github_Releases_批量下载 xray\Xray-core\v26.7.11\Xray-openbsd-64.zip         | LOCAL=e443f4774f0fe7ecaa8c7e22f40001674c2daab8bcfdd4ed948de3d62ce3c127 REMOTE=e443f4774f0fe7ecaa8c7e22f40001674c2daab8bcfdd4ed948de3d62ce3c127
[3619/3625] Checking is OK   | E:\01.userData\ZhuoMian\Github_Releases_批量下载 xray\Xray-core\v26.7.11\Xray-openbsd-arm32-v7a.zip  | LOCAL=908503dd01b9c2bac8699714e116d2eaf45c70d0d16204df7e0ad09e08aa0a5e REMOTE=908503dd01b9c2bac8699714e116d2eaf45c70d0d16204df7e0ad09e08aa0a5e
[3620/3625] Checking is OK   | E:\01.userData\ZhuoMian\Github_Releases_批量下载 xray\Xray-core\v26.7.11\Xray-openbsd-arm64-v8a.zip  | LOCAL=ca6c76d25a0ac4f28a6cf6856d1fb06419e3f4332a66cc152ed98ba55647b219 REMOTE=ca6c76d25a0ac4f28a6cf6856d1fb06419e3f4332a66cc152ed98ba55647b219
[3621/3625] Checking is OK   | E:\01.userData\ZhuoMian\Github_Releases_批量下载 xray\Xray-core\v26.7.11\Xray-win7-32.zip            | LOCAL=f4aefb50942c07c1f14f60317968af787ce1a404b729ec39385d484cb7784b0e REMOTE=f4aefb50942c07c1f14f60317968af787ce1a404b729ec39385d484cb7784b0e
[3622/3625] Checking is OK   | E:\01.userData\ZhuoMian\Github_Releases_批量下载 xray\Xray-core\v26.7.11\Xray-win7-64.zip            | LOCAL=1fc81e44d8b04f589e4d1491c2abd4478549aef31cae2c67275b13823654b87b REMOTE=1fc81e44d8b04f589e4d1491c2abd4478549aef31cae2c67275b13823654b87b
[3623/3625] Checking is OK   | E:\01.userData\ZhuoMian\Github_Releases_批量下载 xray\Xray-core\v26.7.11\Xray-windows-32.zip         | LOCAL=ce078af56255a9bae12c494660566c198d142e34c33bb70174ef1f2eb1635ba3 REMOTE=ce078af56255a9bae12c494660566c198d142e34c33bb70174ef1f2eb1635ba3
[3624/3625] Checking is OK   | E:\01.userData\ZhuoMian\Github_Releases_批量下载 xray\Xray-core\v26.7.11\Xray-windows-64.zip         | LOCAL=af801b62c4d41d248d3db8016d4c6e2a7ccfb7ed443e3738aeb6f9e062321512 REMOTE=af801b62c4d41d248d3db8016d4c6e2a7ccfb7ed443e3738aeb6f9e062321512
[3625/3625] Checking is OK   | E:\01.userData\ZhuoMian\Github_Releases_批量下载 xray\Xray-core\v26.7.11\Xray-windows-arm64-v8a.zip  | LOCAL=c4868e84cbedc9fcc3e636968804a8b3891101eedefe4305aa87d3d05ee1d1b1 REMOTE=c4868e84cbedc9fcc3e636968804a8b3891101eedefe4305aa87d3d05ee1d1b1
