[   1/3625] Checking is LOST | E:\01.userData\ZhuoMian\Github_Releases_批量下载 xray\Xray-core\v1.0.0\Xray-dragonfly-64.zip         | LOCAL=e48b902a6399b75bffc6ffa9dd42d716630db0fd33e9b2c77cb26f96530362d8 REMOTE=LOST
[   2/3625] Checking is LOST | E:\01.userData\ZhuoMian\Github_Releases_批量下载 xray\Xray-core\v1.0.0\Xray-freebsd-32.zip           | LOCAL=974fb6b1c038a824606b071e6a69d2e850c6f84ce75650429c12f970bcbaf26c REMOTE=LOST
[   3/3625] Checking is LOST | E:\01.userData\ZhuoMian\Github_Releases_批量下载 xray\Xray-core\v1.0.0\Xray-freebsd-64.zip           | LOCAL=58f234559734d58d00fb156ad426c5e003fbe794734f94fa577c9c14ac71272b REMOTE=LOST
[   4/3625] Checking is LOST | E:\01.userData\ZhuoMian\Github_Releases_批量下载 xray\Xray-core\v1.0.0\Xray-linux-32.zip             | LOCAL=0a734f1e78ba0c03c5622169b46782826b2f9950aa3b1be6b61e6a1f2ea23837 REMOTE=LOST
[   5/3625] Checking is LOST | E:\01.userData\ZhuoMian\Github_Releases_批量下载 xray\Xray-core\v1.0.0\Xray-linux-64.zip             | LOCAL=f0c72a758395c208fb9298ee877e868d5030c35ca7a249fe4b983925083ec28d REMOTE=LOST
[   6/3625] Checking is LOST | E:\01.userData\ZhuoMian\Github_Releases_批量下载 xray\Xray-core\v1.0.0\Xray-linux-arm32-v5.zip       | LOCAL=7b44af74a73bb202ec84d86d9a792acd2bd1ef3ddf742f982a90470cf16c4e60 REMOTE=LOST
[   7/3625] Checking is LOST | E:\01.userData\ZhuoMian\Github_Releases_批量下载 xray\Xray-core\v1.0.0\Xray-linux-arm32-v6.zip       | LOCAL=214953ae9cb395034e73a538aaefd9be8622b292a65e06b840768180d5fe14ab REMOTE=LOST
[   8/3625] Checking is LOST | E:\01.userData\ZhuoMian\Github_Releases_批量下载 xray\Xray-core\v1.0.0\Xray-linux-arm32-v7a.zip      | LOCAL=475c34b7eab60bdd4d1f856e8546ee806ec583b90d4f3b8411d5a4f82fa23cef REMOTE=LOST
[   9/3625] Checking is LOST | E:\01.userData\ZhuoMian\Github_Releases_批量下载 xray\Xray-core\v1.0.0\Xray-linux-arm64-v8a.zip      | LOCAL=60d3d39cb6e1e61bddf5139135f05bf2704075ecc7235b6bfda9d7b19db869be REMOTE=LOST
[  10/3625] Checking is LOST | E:\01.userData\ZhuoMian\Github_Releases_批量下载 xray\Xray-core\v1.0.0\Xray-linux-mips32.zip         | LOCAL=e10a937066f09b59e3935afb4f6ad5878f916a6c4e820c3893a1eff007029ca9 REMOTE=LOST
[  11/3625] Checking is LOST | E:\01.userData\ZhuoMian\Github_Releases_批量下载 xray\Xray-core\v1.0.0\Xray-linux-mips32le.zip       | LOCAL=ed99749725db1c5076f6dcef48907982944fdc5f236eb247187dbfe3f20d6a0d REMOTE=LOST
[  12/3625] Checking is LOST | E:\01.userData\ZhuoMian\Github_Releases_批量下载 xray\Xray-core\v1.0.0\Xray-linux-mips64.zip         | LOCAL=3eda2f80df85683f1aded27e04391ccf2f7f3e9cca60527c4c0cae06b3ec4084 REMOTE=LOST
[  13/3625] Checking is LOST | E:\01.userData\ZhuoMian\Github_Releases_批量下载 xray\Xray-core\v1.0.0\Xray-linux-mips64le.zip       | LOCAL=2c25bfabafd5ad305745cbb9d2fff0ecc730a8d808bb487484956c32fa3e5f3d REMOTE=LOST
[  14/3625] Checking is LOST | E:\01.userData\ZhuoMian\Github_Releases_批量下载 xray\Xray-core\v1.0.0\Xray-linux-ppc64.zip          | LOCAL=505e3cbc76b69bd6b61b8dfc02afa1d2b08f5ce012544f4ae491f8df53b2549e REMOTE=LOST
[  15/3625] Checking is LOST | E:\01.userData\ZhuoMian\Github_Releases_批量下载 xray\Xray-core\v1.0.0\Xray-linux-ppc64le.zip        | LOCAL=5fa8d40ef6bbaed99ab63064d0d0dceed74740e0d7538bb268fbc27be992e3a0 REMOTE=LOST
[  16/3625] Checking is LOST | E:\01.userData\ZhuoMian\Github_Releases_批量下载 xray\Xray-core\v1.0.0\Xray-linux-riscv64.zip        | LOCAL=0c56e1e4d4155160efb9e23e1d85a96ae93566f701dca3dd27067c279b53261f REMOTE=LOST
[  17/3625] Checking is LOST | E:\01.userData\ZhuoMian\Github_Releases_批量下载 xray\Xray-core\v1.0.0\Xray-linux-s390x.zip          | LOCAL=2d99687003e81a38afe2d239da8da09b0373fffdd3539c19ea280c467dca0bcc REMOTE=LOST
[  18/3625] Checking is LOST | E:\01.userData\ZhuoMian\Github_Releases_批量下载 xray\Xray-core\v1.0.0\Xray-macos-64.zip             | LOCAL=9dc6a1080c119a43005b6d5f4df6074c29b3e5b75dad889fc71a6cf319693d95 REMOTE=LOST
[  19/3625] Checking is LOST | E:\01.userData\ZhuoMian\Github_Releases_批量下载 xray\Xray-core\v1.0.0\Xray-openbsd-32.zip           | LOCAL=722ae5b9aceb87f05a1bbbff29101793199335b6f0ab7013fb40eba690c1c3d0 REMOTE=LOST
[  20/3625] Checking is LOST | E:\01.userData\ZhuoMian\Github_Releases_批量下载 xray\Xray-core\v1.0.0\Xray-openbsd-64.zip           | LOCAL=3b4fdbaa825d2041bc3e205a49eaa042654acbe79a4e029f733e2206e833009f REMOTE=LOST
[  21/3625] Checking is LOST | E:\01.userData\ZhuoMian\Github_Releases_批量下载 xray\Xray-core\v1.0.0\Xray-windows-32.zip           | LOCAL=18e099e12b9dceaae546d840c2beee00a3bb2d47eb390b347cf33e3372e2f9b6 REMOTE=LOST
[  22/3625] Checking is LOST | E:\01.userData\ZhuoMian\Github_Releases_批量下载 xray\Xray-core\v1.0.0\Xray-windows-64.zip           | LOCAL=9b525f9945aac08a0752055cfd3efa7779a8d86dc2d4bc1edfa49b6300593cd1 REMOTE=LOST
[  23/3625] Checking is LOST | E:\01.userData\ZhuoMian\Github_Releases_批量下载 xray\Xray-core\v1.0.0\Xray-windows-arm32-v7a.zip    | LOCAL=0c2681fe3c8e8ca113758874ed4b1b3b8640f19c17836c086921fdf3adaaca77 REMOTE=LOST
[  24/3625] Checking is LOST | E:\01.userData\ZhuoMian\Github_Releases_批量下载 xray\Xray-core\v1.1.2\Xray-android-arm64-v8a.zip    | LOCAL=036302fa1df076990b92d258bfcde15e9b9a3bada3861856788beccef09cd09b REMOTE=LOST
[  25/3625] Checking is LOST | E:\01.userData\ZhuoMian\Github_Releases_批量下载 xray\Xray-core\v1.1.2\Xray-dragonfly-64.zip         | LOCAL=3c4a9a52cd8d97a6ce03e741bfa3002a3ea94b1ed8780b15b87cc20a581a53d7 REMOTE=LOST
[  26/3625] Checking is LOST | E:\01.userData\ZhuoMian\Github_Releases_批量下载 xray\Xray-core\v1.1.2\Xray-freebsd-32.zip           | LOCAL=3517cfa6e8e51236d662527680245d7aa55571f3ae4939d0c8650ead4195ff5e REMOTE=LOST
[  27/3625] Checking is LOST | E:\01.userData\ZhuoMian\Github_Releases_批量下载 xray\Xray-core\v1.1.2\Xray-freebsd-64.zip           | LOCAL=7ed97562c36d20988648b9a42ed7f4412059d74c5186f514f240c51cebdd21c6 REMOTE=LOST
[  28/3625] Checking is LOST | E:\01.userData\ZhuoMian\Github_Releases_批量下载 xray\Xray-core\v1.1.2\Xray-linux-32.zip             | LOCAL=b4392035b2e4816520a1b12c9a4558dbe4a7e20e50357e28eb086e82b2a4982d REMOTE=LOST
[  29/3625] Checking is LOST | E:\01.userData\ZhuoMian\Github_Releases_批量下载 xray\Xray-core\v1.1.2\Xray-linux-64.zip             | LOCAL=2aec19c39b6f6385e78922d017fdb32ac67764da7ca595e9da27b7ccef0708b9 REMOTE=LOST
[  30/3625] Checking is LOST | E:\01.userData\ZhuoMian\Github_Releases_批量下载 xray\Xray-core\v1.1.2\Xray-linux-arm32-v5.zip       | LOCAL=495dd6839a83655c1aca9776d9689cc3ece5c7826d701e4255d8cc8e184e8471 REMOTE=LOST
[  31/3625] Checking is LOST | E:\01.userData\ZhuoMian\Github_Releases_批量下载 xray\Xray-core\v1.1.2\Xray-linux-arm32-v6.zip       | LOCAL=a03111c5c9236af9cf3ef42824caeaeafa09789cc5521ea630e5d3dc9935cd0b REMOTE=LOST
[  32/3625] Checking is LOST | E:\01.userData\ZhuoMian\Github_Releases_批量下载 xray\Xray-core\v1.1.2\Xray-linux-arm32-v7a.zip      | LOCAL=59b8af06836946ccd13f79f207b62cbac0c0a8d84cb122c63ffea309326ea683 REMOTE=LOST
[  33/3625] Checking is LOST | E:\01.userData\ZhuoMian\Github_Releases_批量下载 xray\Xray-core\v1.1.2\Xray-linux-arm64-v8a.zip      | LOCAL=3fdbab66317504d1c8e9a909782d6c9528394ab81c24286dd41aa8fce24e4ebc REMOTE=LOST
[  34/3625] Checking is LOST | E:\01.userData\ZhuoMian\Github_Releases_批量下载 xray\Xray-core\v1.1.2\Xray-linux-mips32.zip         | LOCAL=2e727c613b4980d1add44830d411295f1c42046a4bf446a016df83a43980f14b REMOTE=LOST
[  35/3625] Checking is LOST | E:\01.userData\ZhuoMian\Github_Releases_批量下载 xray\Xray-core\v1.1.2\Xray-linux-mips32le.zip       | LOCAL=7053c9190d8b8e749d510901c569283be9c7130c164bc172707d1ab179bcc36b REMOTE=LOST
[  36/3625] Checking is LOST | E:\01.userData\ZhuoMian\Github_Releases_批量下载 xray\Xray-core\v1.1.2\Xray-linux-mips64.zip         | LOCAL=984a7f5fa6c84666c1a34c5891236b6d0d4bb3fa9e2836508d8b191c6dfb3b25 REMOTE=LOST
[  37/3625] Checking is LOST | E:\01.userData\ZhuoMian\Github_Releases_批量下载 xray\Xray-core\v1.1.2\Xray-linux-mips64le.zip       | LOCAL=35d2c5ad8f5aab164e0be298e4b69f82cd9b08b7bf7aee7a453cb7445c05ceec REMOTE=LOST
[  38/3625] Checking is LOST | E:\01.userData\ZhuoMian\Github_Releases_批量下载 xray\Xray-core\v1.1.2\Xray-linux-ppc64.zip          | LOCAL=82e404ab86d785cfd972a4f3b14804d11e5a7f9d6e7095400076394dbeedb7bf REMOTE=LOST
[  39/3625] Checking is LOST | E:\01.userData\ZhuoMian\Github_Releases_批量下载 xray\Xray-core\v1.1.2\Xray-linux-ppc64le.zip        | LOCAL=34f90953f45f2944b0326e91fac999a75f1be32efe2299655c2768308c2be7b3 REMOTE=LOST
[  40/3625] Checking is LOST | E:\01.userData\ZhuoMian\Github_Releases_批量下载 xray\Xray-core\v1.1.2\Xray-linux-riscv64.zip        | LOCAL=d7b99fdb3f0ced1c5c02ad2855e18d3db514b6a764287bd29ef5cb8972f340a7 REMOTE=LOST
[  41/3625] Checking is LOST | E:\01.userData\ZhuoMian\Github_Releases_批量下载 xray\Xray-core\v1.1.2\Xray-linux-s390x.zip          | LOCAL=cec524b5badcbe9552f60dd2ce5d743f285d3499110aa0ecfc5a2ff118309963 REMOTE=LOST
[  42/3625] Checking is LOST | E:\01.userData\ZhuoMian\Github_Releases_批量下载 xray\Xray-core\v1.1.2\Xray-macos-64.zip             | LOCAL=0fafbdd431ce09dec05faf085b064d6a456eb61cc4d3d19856abb080c6bf2f1e REMOTE=LOST
[  43/3625] Checking is LOST | E:\01.userData\ZhuoMian\Github_Releases_批量下载 xray\Xray-core\v1.1.2\Xray-openbsd-32.zip           | LOCAL=2829e245e209509c95040d690c5e4b3ae465a414e4c56b380a9705dc15b2ad17 REMOTE=LOST
[  44/3625] Checking is LOST | E:\01.userData\ZhuoMian\Github_Releases_批量下载 xray\Xray-core\v1.1.2\Xray-openbsd-64.zip           | LOCAL=d8acc84f038f00e5747eaf29ad364bc649a424293bbccb53cd35eee3aa6a144a REMOTE=LOST
[  45/3625] Checking is LOST | E:\01.userData\ZhuoMian\Github_Releases_批量下载 xray\Xray-core\v1.1.2\Xray-windows-32.zip           | LOCAL=ef7fc43aac7087da51e8ae60773937de998a3196f31b9a975b4eda706f886ca8 REMOTE=LOST
[  46/3625] Checking is LOST | E:\01.userData\ZhuoMian\Github_Releases_批量下载 xray\Xray-core\v1.1.2\Xray-windows-64.zip           | LOCAL=27b05f4600787aa95c9784b0da5a8c6d4aae63b43943c575672d265f43ca5ef4 REMOTE=LOST
[  47/3625] Checking is LOST | E:\01.userData\ZhuoMian\Github_Releases_批量下载 xray\Xray-core\v1.1.2\Xray-windows-arm32-v7a.zip    | LOCAL=dd0dfd1f71b10a58ca9168bcd488385f2e3e6d7ced9d0c88c0011681b69f2986 REMOTE=LOST
[  48/3625] Checking is LOST | E:\01.userData\ZhuoMian\Github_Releases_批量下载 xray\Xray-core\v1.1.3\Xray-android-arm64-v8a.zip    | LOCAL=4ed1646463aff41c290b4b1c3bf548bfcb288f26a894d6b89f7f69af0e18cbce REMOTE=LOST
[  49/3625] Checking is LOST | E:\01.userData\ZhuoMian\Github_Releases_批量下载 xray\Xray-core\v1.1.3\Xray-dragonfly-64.zip         | LOCAL=2abf98a888717496860f5905224de89b5e8f6e36b755ccbcc72ee25facbf8d82 REMOTE=LOST
[  50/3625] Checking is LOST | E:\01.userData\ZhuoMian\Github_Releases_批量下载 xray\Xray-core\v1.1.3\Xray-freebsd-32.zip           | LOCAL=3ce3d83097f6bf55bcb9fa20c9a57ec319eb581560c64e22158e153ba953f4e5 REMOTE=LOST
[  51/3625] Checking is LOST | E:\01.userData\ZhuoMian\Github_Releases_批量下载 xray\Xray-core\v1.1.3\Xray-freebsd-64.zip           | LOCAL=dac509deab5f5919cf2d2916a27983986f432ea1012d2045b56a3752216606cd REMOTE=LOST
[  52/3625] Checking is LOST | E:\01.userData\ZhuoMian\Github_Releases_批量下载 xray\Xray-core\v1.1.3\Xray-linux-32.zip             | LOCAL=908629df553fb29e65ae4e496b9dab9a6af3d973334091dce4055daab6098b96 REMOTE=LOST
[  53/3625] Checking is LOST | E:\01.userData\ZhuoMian\Github_Releases_批量下载 xray\Xray-core\v1.1.3\Xray-linux-64.zip             | LOCAL=1b416e56714dd182a644be35237aad78a256450ed4423dbbbc71399c286bbf34 REMOTE=LOST
[  54/3625] Checking is LOST | E:\01.userData\ZhuoMian\Github_Releases_批量下载 xray\Xray-core\v1.1.3\Xray-linux-arm32-v5.zip       | LOCAL=14a2c38222200ca147e362a111a85e4eafccbc8d6549b97a2d604d2307f6c25d REMOTE=LOST
[  55/3625] Checking is LOST | E:\01.userData\ZhuoMian\Github_Releases_批量下载 xray\Xray-core\v1.1.3\Xray-linux-arm32-v6.zip       | LOCAL=f12dbe561007422b15b5649bcc0a266e74a7646d58f4cf8e439ecc532df82c79 REMOTE=LOST
[  56/3625] Checking is LOST | E:\01.userData\ZhuoMian\Github_Releases_批量下载 xray\Xray-core\v1.1.3\Xray-linux-arm32-v7a.zip      | LOCAL=eebfa11f4474015c3461d8ab09c6ed44e3bda08be00d390c5295e45e0bd64ba4 REMOTE=LOST
[  57/3625] Checking is LOST | E:\01.userData\ZhuoMian\Github_Releases_批量下载 xray\Xray-core\v1.1.3\Xray-linux-arm64-v8a.zip      | LOCAL=0093dfa8732e56a6e725cf66fb4e0598ca396656083307156f524605504e1b52 REMOTE=LOST
[  58/3625] Checking is LOST | E:\01.userData\ZhuoMian\Github_Releases_批量下载 xray\Xray-core\v1.1.3\Xray-linux-mips32.zip         | LOCAL=25f8a0a0d0a580f63c7dbbd9aa1c36ebe4c4bf1d0b768edcc8725fe808119ab8 REMOTE=LOST
[  59/3625] Checking is LOST | E:\01.userData\ZhuoMian\Github_Releases_批量下载 xray\Xray-core\v1.1.3\Xray-linux-mips32le.zip       | LOCAL=1acfa9cb1f9bcda06f8b960e1d2ffd0adfe71644c303d60ea662b4998ce8462c REMOTE=LOST
[  60/3625] Checking is LOST | E:\01.userData\ZhuoMian\Github_Releases_批量下载 xray\Xray-core\v1.1.3\Xray-linux-mips64.zip         | LOCAL=6d492190da41b9cc8a4a680ddddf56082f36f94dfa4ad24bf59a7669dc44b22e REMOTE=LOST
[  61/3625] Checking is LOST | E:\01.userData\ZhuoMian\Github_Releases_批量下载 xray\Xray-core\v1.1.3\Xray-linux-mips64le.zip       | LOCAL=9637a7fddf03fd9dbd0ba9e70fd3593c4ecbcf258b8b4ce8e5ff503e7f35f9f4 REMOTE=LOST
[  62/3625] Checking is LOST | E:\01.userData\ZhuoMian\Github_Releases_批量下载 xray\Xray-core\v1.1.3\Xray-linux-ppc64.zip          | LOCAL=0822ed1728e69ccf3639138fe5c478c3bf486390781eb63ad52578e1b9d10290 REMOTE=LOST
[  63/3625] Checking is LOST | E:\01.userData\ZhuoMian\Github_Releases_批量下载 xray\Xray-core\v1.1.3\Xray-linux-ppc64le.zip        | LOCAL=dfe25d128293ea3d89151d2d037cd1498a6265b5156dff7e65a4783bcf1bc671 REMOTE=LOST
[  64/3625] Checking is LOST | E:\01.userData\ZhuoMian\Github_Releases_批量下载 xray\Xray-core\v1.1.3\Xray-linux-riscv64.zip        | LOCAL=7b964828dd975b1d250e66bfd93446fdf23b931e777dab55154fbb8a008b91e7 REMOTE=LOST
[  65/3625] Checking is LOST | E:\01.userData\ZhuoMian\Github_Releases_批量下载 xray\Xray-core\v1.1.3\Xray-linux-s390x.zip          | LOCAL=57b89f52259039f9fd899d319471d667e9d7b8a2e94d67e0803ba863966bcb17 REMOTE=LOST
[  66/3625] Checking is LOST | E:\01.userData\ZhuoMian\Github_Releases_批量下载 xray\Xray-core\v1.1.3\Xray-macos-64.zip             | LOCAL=e1191b32d33798965a3dfb4c34ee09c778e3bafafa0e55f6f2d46e8bd6f748b9 REMOTE=LOST
[  67/3625] Checking is LOST | E:\01.userData\ZhuoMian\Github_Releases_批量下载 xray\Xray-core\v1.1.3\Xray-openbsd-32.zip           | LOCAL=250379284be7cc335a765b87b16a245792bb4e94a73ad694865acbd02ba5b1cc REMOTE=LOST
[  68/3625] Checking is LOST | E:\01.userData\ZhuoMian\Github_Releases_批量下载 xray\Xray-core\v1.1.3\Xray-openbsd-64.zip           | LOCAL=d89618ba82a705cd68cd84e1654ff0260f83e7638ddac6623ea58f4096261770 REMOTE=LOST
[  69/3625] Checking is LOST | E:\01.userData\ZhuoMian\Github_Releases_批量下载 xray\Xray-core\v1.1.3\Xray-windows-32.zip           | LOCAL=7b0ec6a782f7d1a2b191ebfbbace7a2522b5ca66f11f3a70445e8d3ae85efc7c REMOTE=LOST
[  70/3625] Checking is LOST | E:\01.userData\ZhuoMian\Github_Releases_批量下载 xray\Xray-core\v1.1.3\Xray-windows-64.zip           | LOCAL=afba378c8d78fcb3fcdfeeef800495dd17214d47446ecb86713aa97635475dc7 REMOTE=LOST
[  71/3625] Checking is LOST | E:\01.userData\ZhuoMian\Github_Releases_批量下载 xray\Xray-core\v1.1.3\Xray-windows-arm32-v7a.zip    | LOCAL=ba10bffc8c94c6c31fb2f747920c66cb06e73c328b5b929837245343b3fb5ca9 REMOTE=LOST
[  72/3625] Checking is LOST | E:\01.userData\ZhuoMian\Github_Releases_批量下载 xray\Xray-core\v1.1.4\Xray-android-arm64-v8a.zip    | LOCAL=9af072b0885466cb98869230e9b41aab7453b7d5544e7d3a9cf340511e796b4a REMOTE=LOST
[  73/3625] Checking is LOST | E:\01.userData\ZhuoMian\Github_Releases_批量下载 xray\Xray-core\v1.1.4\Xray-dragonfly-64.zip         | LOCAL=e5d9ded1846b0399bc353b1db7eba7d67f87f0e054cb9b5ca64ed4a1b92e2ccf REMOTE=LOST
[  74/3625] Checking is LOST | E:\01.userData\ZhuoMian\Github_Releases_批量下载 xray\Xray-core\v1.1.4\Xray-freebsd-32.zip           | LOCAL=0406c11df005340d3e8c3dfea8b7bc6630ff2835fcdc5bdb09ffa051ed2b4346 REMOTE=LOST
[  75/3625] Checking is LOST | E:\01.userData\ZhuoMian\Github_Releases_批量下载 xray\Xray-core\v1.1.4\Xray-freebsd-64.zip           | LOCAL=edec12afa3c6f0485e3564072a9a08d2737c1ebaf82d1407ac39ea748210da04 REMOTE=LOST
[  76/3625] Checking is LOST | E:\01.userData\ZhuoMian\Github_Releases_批量下载 xray\Xray-core\v1.1.4\Xray-linux-32.zip             | LOCAL=d950aec99d97445f7f9559db85179b5b9bf4a7c4dc751a1614f55ade7943125e REMOTE=LOST
[  77/3625] Checking is LOST | E:\01.userData\ZhuoMian\Github_Releases_批量下载 xray\Xray-core\v1.1.4\Xray-linux-64.zip             | LOCAL=77a1629c55414353d94bd0beb9974337f5eb8aaf3630c8081e1e4ac0f3a58493 REMOTE=LOST
[  78/3625] Checking is LOST | E:\01.userData\ZhuoMian\Github_Releases_批量下载 xray\Xray-core\v1.1.4\Xray-linux-arm32-v5.zip       | LOCAL=6ebd5903d43f44f90b4ed87d21597dc175b73b1b90cd273b4b08c62391f94677 REMOTE=LOST
[  79/3625] Checking is LOST | E:\01.userData\ZhuoMian\Github_Releases_批量下载 xray\Xray-core\v1.1.4\Xray-linux-arm32-v6.zip       | LOCAL=05a11b328795157edff16edd7e36e0f8a02e8b9611748f7e5c3396d6a175b81b REMOTE=LOST
[  80/3625] Checking is LOST | E:\01.userData\ZhuoMian\Github_Releases_批量下载 xray\Xray-core\v1.1.4\Xray-linux-arm32-v7a.zip      | LOCAL=35516b8bc6f0d4cf34e1ef2aa0feab8dc68e0ef7c42620ea8fdfdb4d4890ce93 REMOTE=LOST
[  81/3625] Checking is LOST | E:\01.userData\ZhuoMian\Github_Releases_批量下载 xray\Xray-core\v1.1.4\Xray-linux-arm64-v8a.zip      | LOCAL=b05e0ac1846ecd2ade564196636b1fb5e36834930516c72d65c6296323ff22fd REMOTE=LOST
[  82/3625] Checking is LOST | E:\01.userData\ZhuoMian\Github_Releases_批量下载 xray\Xray-core\v1.1.4\Xray-linux-mips32.zip         | LOCAL=09e7146be868321bf916666ea0b808dda360564826a0748b2936c2007170e17c REMOTE=LOST
[  83/3625] Checking is LOST | E:\01.userData\ZhuoMian\Github_Releases_批量下载 xray\Xray-core\v1.1.4\Xray-linux-mips32le.zip       | LOCAL=84f98df1b19324ac924b3b2d4e4ca8f9fa2df3d9438e8dba24a00c0a3e1e5b01 REMOTE=LOST
[  84/3625] Checking is LOST | E:\01.userData\ZhuoMian\Github_Releases_批量下载 xray\Xray-core\v1.1.4\Xray-linux-mips64.zip         | LOCAL=79a65f829aae5db0807f27939e03f4e4a64bcafbf334a5dd7260334d831b3faa REMOTE=LOST
[  85/3625] Checking is LOST | E:\01.userData\ZhuoMian\Github_Releases_批量下载 xray\Xray-core\v1.1.4\Xray-linux-mips64le.zip       | LOCAL=3ebbfbfe5d23ae4fd284cbe61a570259a58310a589de36c8e233275d13c4784b REMOTE=LOST
[  86/3625] Checking is LOST | E:\01.userData\ZhuoMian\Github_Releases_批量下载 xray\Xray-core\v1.1.4\Xray-linux-ppc64.zip          | LOCAL=581123e2c5f8bcf2fa622e4fa37dbe3aa37fcc00932c2f860dbf4cc751abd503 REMOTE=LOST
[  87/3625] Checking is LOST | E:\01.userData\ZhuoMian\Github_Releases_批量下载 xray\Xray-core\v1.1.4\Xray-linux-ppc64le.zip        | LOCAL=d3f7db051a42f339cd279e6bf5c2cc2581b774e14dd7d4d89fe479121802d183 REMOTE=LOST
[  88/3625] Checking is LOST | E:\01.userData\ZhuoMian\Github_Releases_批量下载 xray\Xray-core\v1.1.4\Xray-linux-riscv64.zip        | LOCAL=f7d731a78e16368602f2b32e2fc251fce9f3e47ade6d85afb999f8fff3defd16 REMOTE=LOST
[  89/3625] Checking is LOST | E:\01.userData\ZhuoMian\Github_Releases_批量下载 xray\Xray-core\v1.1.4\Xray-linux-s390x.zip          | LOCAL=54da91a76309842552bd8815d30baa724186b0a17dca3842832b55927972ad53 REMOTE=LOST
[  90/3625] Checking is LOST | E:\01.userData\ZhuoMian\Github_Releases_批量下载 xray\Xray-core\v1.1.4\Xray-macos-64.zip             | LOCAL=9e12f4b7a18d124ce118167761152e31aca4e51dccc509a7858b780c468c8b37 REMOTE=LOST
[  91/3625] Checking is LOST | E:\01.userData\ZhuoMian\Github_Releases_批量下载 xray\Xray-core\v1.1.4\Xray-openbsd-32.zip           | LOCAL=ffd909ab3ed45ba0db72bdc6a007101aa43a08edc6dc07d4311527b88c16fc31 REMOTE=LOST
[  92/3625] Checking is LOST | E:\01.userData\ZhuoMian\Github_Releases_批量下载 xray\Xray-core\v1.1.4\Xray-openbsd-64.zip           | LOCAL=edbaf028c02bde29747c34ec952d897a6d50abddc0bd76c36ac0167ce536c78e REMOTE=LOST
[  93/3625] Checking is LOST | E:\01.userData\ZhuoMian\Github_Releases_批量下载 xray\Xray-core\v1.1.4\Xray-windows-32.zip           | LOCAL=22c12828a3477f42b7581aacfae3d166c0f59463faa404dac2fe1f4c6f70cb74 REMOTE=LOST
[  94/3625] Checking is LOST | E:\01.userData\ZhuoMian\Github_Releases_批量下载 xray\Xray-core\v1.1.4\Xray-windows-64.zip           | LOCAL=e47d6dec9e66ad9c17140977fbd7081f00dd61ba1606630b5a273f4b7ed7452a REMOTE=LOST
[  95/3625] Checking is LOST | E:\01.userData\ZhuoMian\Github_Releases_批量下载 xray\Xray-core\v1.1.4\Xray-windows-arm32-v7a.zip    | LOCAL=842721ecbf813fa538646536bb5a0b39350b36708b9bac9c59b8f760b71f97c6 REMOTE=LOST
[  96/3625] Checking is LOST | E:\01.userData\ZhuoMian\Github_Releases_批量下载 xray\Xray-core\v1.1.5\Xray-android-arm64-v8a.zip    | LOCAL=ea4a6545fa78c037ba35102a2733069e56b3d7d75adc57a5bd2191d9b21f7d8b REMOTE=LOST
[  97/3625] Checking is LOST | E:\01.userData\ZhuoMian\Github_Releases_批量下载 xray\Xray-core\v1.1.5\Xray-dragonfly-64.zip         | LOCAL=7e85bddc46284b38780a5b9001647d5e70990dd4046c281b6c1fbab1b4014a61 REMOTE=LOST
[  98/3625] Checking is LOST | E:\01.userData\ZhuoMian\Github_Releases_批量下载 xray\Xray-core\v1.1.5\Xray-freebsd-32.zip           | LOCAL=a273d3a6a137d2b519b34c6136aa4bf605a747adc53c2f1368bd22a1718d5823 REMOTE=LOST
[  99/3625] Checking is LOST | E:\01.userData\ZhuoMian\Github_Releases_批量下载 xray\Xray-core\v1.1.5\Xray-freebsd-64.zip           | LOCAL=65bbb9595f4990c873c28429bfaab78bfe80cd8ea4f1e23a35b034b3d396c9a4 REMOTE=LOST
[ 100/3625] Checking is LOST | E:\01.userData\ZhuoMian\Github_Releases_批量下载 xray\Xray-core\v1.1.5\Xray-linux-32.zip             | LOCAL=bc4088d198c0bc49bcc4645b5ed194f5e4c0f8541efaf719646c43f6ee88ba0a REMOTE=LOST
[ 101/3625] Checking is LOST | E:\01.userData\ZhuoMian\Github_Releases_批量下载 xray\Xray-core\v1.1.5\Xray-linux-64.zip             | LOCAL=873518bf704b0ec15c9abdc74dc2ad4b58f12989e28da32d0e5ba9278a1a9bc4 REMOTE=LOST
[ 102/3625] Checking is LOST | E:\01.userData\ZhuoMian\Github_Releases_批量下载 xray\Xray-core\v1.1.5\Xray-linux-arm32-v5.zip       | LOCAL=17a564a2d93dffd5fef0ff929619beb63a306ffc06c1e7d217b25b98c441145c REMOTE=LOST
[ 103/3625] Checking is LOST | E:\01.userData\ZhuoMian\Github_Releases_批量下载 xray\Xray-core\v1.1.5\Xray-linux-arm32-v6.zip       | LOCAL=262d0d32a72c03eb254c8a92400b15a551b17836dd119708d33b1da35b7fbf0d REMOTE=LOST
[ 104/3625] Checking is LOST | E:\01.userData\ZhuoMian\Github_Releases_批量下载 xray\Xray-core\v1.1.5\Xray-linux-arm32-v7a.zip      | LOCAL=96bbb906bf56d0684c49c5f4bd714572ce2330ef7e3d38029546228f50007aa4 REMOTE=LOST
[ 105/3625] Checking is LOST | E:\01.userData\ZhuoMian\Github_Releases_批量下载 xray\Xray-core\v1.1.5\Xray-linux-arm64-v8a.zip      | LOCAL=ccb6578c4eed1afb96e1a4cfb588a6d96441eb0b3cab5fa0f4d22e68c6a39938 REMOTE=LOST
[ 106/3625] Checking is LOST | E:\01.userData\ZhuoMian\Github_Releases_批量下载 xray\Xray-core\v1.1.5\Xray-linux-mips32.zip         | LOCAL=06b11a000d5e8e7820a96a91e03070dd3b1387eab6536c693bd0c7242480ab5f REMOTE=LOST
[ 107/3625] Checking is LOST | E:\01.userData\ZhuoMian\Github_Releases_批量下载 xray\Xray-core\v1.1.5\Xray-linux-mips32le.zip       | LOCAL=ba055376900ecb57bf0fdd10f745cc9880766563de6de5f22121aaede3016927 REMOTE=LOST
[ 108/3625] Checking is LOST | E:\01.userData\ZhuoMian\Github_Releases_批量下载 xray\Xray-core\v1.1.5\Xray-linux-mips64.zip         | LOCAL=215f5b1437ff36211202d0e3389225463454db43f9545f2cc95bcef64c2ab590 REMOTE=LOST
[ 109/3625] Checking is LOST | E:\01.userData\ZhuoMian\Github_Releases_批量下载 xray\Xray-core\v1.1.5\Xray-linux-mips64le.zip       | LOCAL=4d246ea14e2349fe3c3152d0e7e9ef2192c0650d1eea28ff2abe770d977da5f0 REMOTE=LOST
[ 110/3625] Checking is LOST | E:\01.userData\ZhuoMian\Github_Releases_批量下载 xray\Xray-core\v1.1.5\Xray-linux-ppc64.zip          | LOCAL=f0a3ee32e5b1d0c5d4ab7b001b53076712e570415905061627f0c3ceddd0a2d2 REMOTE=LOST
[ 111/3625] Checking is LOST | E:\01.userData\ZhuoMian\Github_Releases_批量下载 xray\Xray-core\v1.1.5\Xray-linux-ppc64le.zip        | LOCAL=16274e7450ac8088e60b16a2a6b1d838a4ed7f554a384c2c6073176fa881bd6c REMOTE=LOST
[ 112/3625] Checking is LOST | E:\01.userData\ZhuoMian\Github_Releases_批量下载 xray\Xray-core\v1.1.5\Xray-linux-riscv64.zip        | LOCAL=dab7fc08517bc3a175d29c3644542fd6e97961596b8cbc6ecd9e93bd03fb9640 REMOTE=LOST
[ 113/3625] Checking is LOST | E:\01.userData\ZhuoMian\Github_Releases_批量下载 xray\Xray-core\v1.1.5\Xray-linux-s390x.zip          | LOCAL=b9319531f6a0cdac5f3d060e6c13d6ec6be30fb0df7a13620a9d92ba559f12b0 REMOTE=LOST
[ 114/3625] Checking is LOST | E:\01.userData\ZhuoMian\Github_Releases_批量下载 xray\Xray-core\v1.1.5\Xray-macos-64.zip             | LOCAL=01e3479bbc63a0478e3a1c53214c721688c241b8a0ca05308f5daee16db277b3 REMOTE=LOST
[ 115/3625] Checking is LOST | E:\01.userData\ZhuoMian\Github_Releases_批量下载 xray\Xray-core\v1.1.5\Xray-openbsd-32.zip           | LOCAL=61b1184dd3fd987c6724ddb37eee76f35477a3c0d161dccf780822bff6434e47 REMOTE=LOST
[ 116/3625] Checking is LOST | E:\01.userData\ZhuoMian\Github_Releases_批量下载 xray\Xray-core\v1.1.5\Xray-openbsd-64.zip           | LOCAL=4f37c84fbdcb54cfc67e4a68d3958e21e0bc2c95d3b5f5e68d69da644796b782 REMOTE=LOST
[ 117/3625] Checking is LOST | E:\01.userData\ZhuoMian\Github_Releases_批量下载 xray\Xray-core\v1.1.5\Xray-windows-32.zip           | LOCAL=b7d108116554ce167a1437195130188a2ea46fa65122568f45acb9db89b88df0 REMOTE=LOST
[ 118/3625] Checking is LOST | E:\01.userData\ZhuoMian\Github_Releases_批量下载 xray\Xray-core\v1.1.5\Xray-windows-64.zip           | LOCAL=78e936fc8310cd9b5da498fccf6b61bfc9d491695000a5e0d4392e50c7bb3590 REMOTE=LOST
[ 119/3625] Checking is LOST | E:\01.userData\ZhuoMian\Github_Releases_批量下载 xray\Xray-core\v1.1.5\Xray-windows-arm32-v7a.zip    | LOCAL=1b41d3eae6c48cc998acab3bc9e7bb594be68bab2dcbabd6aca6ff0406adbbdc REMOTE=LOST
[ 120/3625] Checking is LOST | E:\01.userData\ZhuoMian\Github_Releases_批量下载 xray\Xray-core\v1.2.0\Xray-android-arm64-v8a.zip    | LOCAL=068733f94497c45d3b3e623b4d564a0e3710c6d6415b13f88f6455feeb49a257 REMOTE=LOST
[ 121/3625] Checking is LOST | E:\01.userData\ZhuoMian\Github_Releases_批量下载 xray\Xray-core\v1.2.0\Xray-dragonfly-64.zip         | LOCAL=57ec01ced479c6d02a7b6f507d6938bda6eb9dd16ffcde8b9e35a1555a5044fb REMOTE=LOST
[ 122/3625] Checking is LOST | E:\01.userData\ZhuoMian\Github_Releases_批量下载 xray\Xray-core\v1.2.0\Xray-freebsd-32.zip           | LOCAL=cfada533968327da83d30556a4117351b251c5cc4e4724536509b10f50e6d63d REMOTE=LOST
[ 123/3625] Checking is LOST | E:\01.userData\ZhuoMian\Github_Releases_批量下载 xray\Xray-core\v1.2.0\Xray-freebsd-64.zip           | LOCAL=d858a611cbc4386584572562a6d426403b988d9b6bcd098d506bcb6d255fbd43 REMOTE=LOST
[ 124/3625] Checking is LOST | E:\01.userData\ZhuoMian\Github_Releases_批量下载 xray\Xray-core\v1.2.0\Xray-linux-32.zip             | LOCAL=0cdf28156253afb415fc1b1be8f12f347634dda9058e38034be8262f69df95e0 REMOTE=LOST
[ 125/3625] Checking is LOST | E:\01.userData\ZhuoMian\Github_Releases_批量下载 xray\Xray-core\v1.2.0\Xray-linux-64.zip             | LOCAL=a4ffcd4163356ed8a9c8368681078ad0e9f969e602905249057d62712febe3be REMOTE=LOST
[ 126/3625] Checking is LOST | E:\01.userData\ZhuoMian\Github_Releases_批量下载 xray\Xray-core\v1.2.0\Xray-linux-arm32-v5.zip       | LOCAL=6a2b0a81c3e91a5bfef048301bdbae868ea070719d95aa97e7e3630d8781c2a9 REMOTE=LOST
[ 127/3625] Checking is LOST | E:\01.userData\ZhuoMian\Github_Releases_批量下载 xray\Xray-core\v1.2.0\Xray-linux-arm32-v6.zip       | LOCAL=a657c794e1002c173e2743640f5be72cf1f4db51ce646adf107d093b3ff16e8e REMOTE=LOST
[ 128/3625] Checking is LOST | E:\01.userData\ZhuoMian\Github_Releases_批量下载 xray\Xray-core\v1.2.0\Xray-linux-arm32-v7a.zip      | LOCAL=f56448474ea72722de1e23daa522c7945d077eb22f9ed292ea9b612f9611cbd5 REMOTE=LOST
[ 129/3625] Checking is LOST | E:\01.userData\ZhuoMian\Github_Releases_批量下载 xray\Xray-core\v1.2.0\Xray-linux-arm64-v8a.zip      | LOCAL=a0afc259c047f220d27faab006fddb1d697d0ce3674935bb46ee8f1f6423f88e REMOTE=LOST
[ 130/3625] Checking is LOST | E:\01.userData\ZhuoMian\Github_Releases_批量下载 xray\Xray-core\v1.2.0\Xray-linux-mips32.zip         | LOCAL=47bbdf9835a5ed136509dcec7cb93ea519f273add6aee55e4b5338b3eed7fc7f REMOTE=LOST
[ 131/3625] Checking is LOST | E:\01.userData\ZhuoMian\Github_Releases_批量下载 xray\Xray-core\v1.2.0\Xray-linux-mips32le.zip       | LOCAL=46e278f80fcdf09dcb4661423e77f9ce76bb6f35d4c503560949a2b782ca686a REMOTE=LOST
[ 132/3625] Checking is LOST | E:\01.userData\ZhuoMian\Github_Releases_批量下载 xray\Xray-core\v1.2.0\Xray-linux-mips64.zip         | LOCAL=8a722709f2b80e4f76b9a1dbc71dfc127e2d3f7166a63930a36b7c25b269467b REMOTE=LOST
[ 133/3625] Checking is LOST | E:\01.userData\ZhuoMian\Github_Releases_批量下载 xray\Xray-core\v1.2.0\Xray-linux-mips64le.zip       | LOCAL=7abb02524c9919479d0f99c89ff7fce4691de2ffd86cdc2a385213396bfad9e0 REMOTE=LOST
[ 134/3625] Checking is LOST | E:\01.userData\ZhuoMian\Github_Releases_批量下载 xray\Xray-core\v1.2.0\Xray-linux-ppc64.zip          | LOCAL=c4e537b7918ee031aeda86c23f851748cf325b07b2948d4f50280b7782d2ca94 REMOTE=LOST
[ 135/3625] Checking is LOST | E:\01.userData\ZhuoMian\Github_Releases_批量下载 xray\Xray-core\v1.2.0\Xray-linux-ppc64le.zip        | LOCAL=c7ff460d972477fbae6b915ce8f688832620238de9be2c76339e01f9ff2650df REMOTE=LOST
[ 136/3625] Checking is LOST | E:\01.userData\ZhuoMian\Github_Releases_批量下载 xray\Xray-core\v1.2.0\Xray-linux-riscv64.zip        | LOCAL=9a0885829eb9b99d246da13e3accaab2cad4e3ef892e566aae7c0e6ad9a366f8 REMOTE=LOST
[ 137/3625] Checking is LOST | E:\01.userData\ZhuoMian\Github_Releases_批量下载 xray\Xray-core\v1.2.0\Xray-linux-s390x.zip          | LOCAL=d3f296051b57e7cf6ce1186e12565d5950b75209315e91995601359cc9e3ecc8 REMOTE=LOST
[ 138/3625] Checking is LOST | E:\01.userData\ZhuoMian\Github_Releases_批量下载 xray\Xray-core\v1.2.0\Xray-macos-64.zip             | LOCAL=0aa5570d917c22e77deef67c5a70dd3d8630c3e992be5c1528250bb57ab16797 REMOTE=LOST
[ 139/3625] Checking is LOST | E:\01.userData\ZhuoMian\Github_Releases_批量下载 xray\Xray-core\v1.2.0\Xray-openbsd-32.zip           | LOCAL=4b4dabbb66706f2c3c3c14fd8d46e248a2643a21dfad771a101ea972d683403b REMOTE=LOST
[ 140/3625] Checking is LOST | E:\01.userData\ZhuoMian\Github_Releases_批量下载 xray\Xray-core\v1.2.0\Xray-openbsd-64.zip           | LOCAL=0fff195743d706b383261b0e8d264dddb313655713a8bf6ce0a2334e4ccaaa3b REMOTE=LOST
[ 141/3625] Checking is LOST | E:\01.userData\ZhuoMian\Github_Releases_批量下载 xray\Xray-core\v1.2.0\Xray-windows-32.zip           | LOCAL=aca1dbbf45fef0b5a1995daf81fea52790bf8f42691fbd0ddc9d662276133b88 REMOTE=LOST
[ 142/3625] Checking is LOST | E:\01.userData\ZhuoMian\Github_Releases_批量下载 xray\Xray-core\v1.2.0\Xray-windows-64.zip           | LOCAL=1ac6e7851b55bb1d04f1881d234495fe429efc0bfa4055780505a99954741f15 REMOTE=LOST
[ 143/3625] Checking is LOST | E:\01.userData\ZhuoMian\Github_Releases_批量下载 xray\Xray-core\v1.2.0\Xray-windows-arm32-v7a.zip    | LOCAL=90ca42620e897e104fa2bb22fd6aee5b8ef8cc9fe1b5c1321b7239df1f95a46b REMOTE=LOST
[ 144/3625] Checking is LOST | E:\01.userData\ZhuoMian\Github_Releases_批量下载 xray\Xray-core\v1.2.1\Xray-android-arm64-v8a.zip    | LOCAL=77b88296dba2491b4adb279c45450bc4cc39a67a8a184973677f08292b13d1d4 REMOTE=LOST
[ 145/3625] Checking is LOST | E:\01.userData\ZhuoMian\Github_Releases_批量下载 xray\Xray-core\v1.2.1\Xray-dragonfly-64.zip         | LOCAL=569930d4db69dbbb47f7b1469ceb98b79caab8f0602107fd69cba939551bea33 REMOTE=LOST
[ 146/3625] Checking is LOST | E:\01.userData\ZhuoMian\Github_Releases_批量下载 xray\Xray-core\v1.2.1\Xray-freebsd-32.zip           | LOCAL=a9415416cdcba17fe9012c7a352fc2bbef62f9a473e43746ade5956111a8b653 REMOTE=LOST
[ 147/3625] Checking is LOST | E:\01.userData\ZhuoMian\Github_Releases_批量下载 xray\Xray-core\v1.2.1\Xray-freebsd-64.zip           | LOCAL=8482a0f94decf7629b2d4e171335054c786d52412d9dbb3a036626cc54d3962e REMOTE=LOST
[ 148/3625] Checking is LOST | E:\01.userData\ZhuoMian\Github_Releases_批量下载 xray\Xray-core\v1.2.1\Xray-linux-32.zip             | LOCAL=a88e46c94504e3ff54bd076fb907d7357737cdb962a170cbcc09102a45c30f46 REMOTE=LOST
[ 149/3625] Checking is LOST | E:\01.userData\ZhuoMian\Github_Releases_批量下载 xray\Xray-core\v1.2.1\Xray-linux-64.zip             | LOCAL=3498f375feeb942d7a6349f38df63e6570a1c0f6960c975772b4b4c3f79d2407 REMOTE=LOST
[ 150/3625] Checking is LOST | E:\01.userData\ZhuoMian\Github_Releases_批量下载 xray\Xray-core\v1.2.1\Xray-linux-arm32-v5.zip       | LOCAL=56a6ceb73cafe4262f61d34bd69f678e617e996e813c6b4611898dab457669dd REMOTE=LOST
[ 151/3625] Checking is LOST | E:\01.userData\ZhuoMian\Github_Releases_批量下载 xray\Xray-core\v1.2.1\Xray-linux-arm32-v6.zip       | LOCAL=740551021e39d43de73b3033dab06b200d78493a01af72ecde1d929a50127faf REMOTE=LOST
[ 152/3625] Checking is LOST | E:\01.userData\ZhuoMian\Github_Releases_批量下载 xray\Xray-core\v1.2.1\Xray-linux-arm32-v7a.zip      | LOCAL=8d2fbe4307668217fd1379f9f3257453411d44a53639744c7ad7d4ee3d48164c REMOTE=LOST
[ 153/3625] Checking is LOST | E:\01.userData\ZhuoMian\Github_Releases_批量下载 xray\Xray-core\v1.2.1\Xray-linux-arm64-v8a.zip      | LOCAL=a093c4e3d7a0a4783626ae471d7bf9cd591b8726428f85abcccdb76b8ae022a8 REMOTE=LOST
[ 154/3625] Checking is LOST | E:\01.userData\ZhuoMian\Github_Releases_批量下载 xray\Xray-core\v1.2.1\Xray-linux-mips32.zip         | LOCAL=04060fe60a9d2ffa0d2a78caaeab8f32630e7b2d1af768544dd844ab23393939 REMOTE=LOST
[ 155/3625] Checking is LOST | E:\01.userData\ZhuoMian\Github_Releases_批量下载 xray\Xray-core\v1.2.1\Xray-linux-mips32le.zip       | LOCAL=7e8b13264d5a690cd8d8f53134f28c2e23cce7d5a1cbb25e1466d6160383eaa3 REMOTE=LOST
[ 156/3625] Checking is LOST | E:\01.userData\ZhuoMian\Github_Releases_批量下载 xray\Xray-core\v1.2.1\Xray-linux-mips64.zip         | LOCAL=8c0d8db73062369b415d4b9027749c101dab994541339e34e8f565f72ff3672e REMOTE=LOST
[ 157/3625] Checking is LOST | E:\01.userData\ZhuoMian\Github_Releases_批量下载 xray\Xray-core\v1.2.1\Xray-linux-mips64le.zip       | LOCAL=408228f65f6993a3a0473210503b32b781d0e67f814101d889764446606ce726 REMOTE=LOST
[ 158/3625] Checking is LOST | E:\01.userData\ZhuoMian\Github_Releases_批量下载 xray\Xray-core\v1.2.1\Xray-linux-ppc64.zip          | LOCAL=f72163d3f018b4a029ccc36f9ad59769d09d22f55e2c5769e947056ad21ff780 REMOTE=LOST
[ 159/3625] Checking is LOST | E:\01.userData\ZhuoMian\Github_Releases_批量下载 xray\Xray-core\v1.2.1\Xray-linux-ppc64le.zip        | LOCAL=682a46a6492c174c525f2dd724441ea9f1fcfcc2d092624e7138a319063e780b REMOTE=LOST
[ 160/3625] Checking is LOST | E:\01.userData\ZhuoMian\Github_Releases_批量下载 xray\Xray-core\v1.2.1\Xray-linux-riscv64.zip        | LOCAL=606db1af30959836c67ca73e14347efccd5097875978f62832366e864fc4c85b REMOTE=LOST
[ 161/3625] Checking is LOST | E:\01.userData\ZhuoMian\Github_Releases_批量下载 xray\Xray-core\v1.2.1\Xray-linux-s390x.zip          | LOCAL=1342cd6daaa1d6a5552e607d860a6ef48d64a68481e1fffaa8986f0e5a83834e REMOTE=LOST
[ 162/3625] Checking is LOST | E:\01.userData\ZhuoMian\Github_Releases_批量下载 xray\Xray-core\v1.2.1\Xray-macos-64.zip             | LOCAL=fb55d1ac6c295394d7b67c94e8405c2ff0193166bd347b0dea007d7206036b7e REMOTE=LOST
[ 163/3625] Checking is LOST | E:\01.userData\ZhuoMian\Github_Releases_批量下载 xray\Xray-core\v1.2.1\Xray-openbsd-32.zip           | LOCAL=00f38ad5030d2078a215dc2057ce2ae8edca3a1250cced65d31da75ffd9eb8cc REMOTE=LOST
[ 164/3625] Checking is LOST | E:\01.userData\ZhuoMian\Github_Releases_批量下载 xray\Xray-core\v1.2.1\Xray-openbsd-64.zip           | LOCAL=9d2757a3b97a11568b11c5f37265aae63277283d36dc841421ec87a58a9cb3c5 REMOTE=LOST
[ 165/3625] Checking is LOST | E:\01.userData\ZhuoMian\Github_Releases_批量下载 xray\Xray-core\v1.2.1\Xray-windows-32.zip           | LOCAL=e7437d0ebac77c042929b213a532f087da2243a01aa95c514a608fcdbd4e9ae5 REMOTE=LOST
[ 166/3625] Checking is LOST | E:\01.userData\ZhuoMian\Github_Releases_批量下载 xray\Xray-core\v1.2.1\Xray-windows-64.zip           | LOCAL=bc0c45e503d90c5107c714f0d58206957745ca05a4c55d885e0fa772a0e2df01 REMOTE=LOST
[ 167/3625] Checking is LOST | E:\01.userData\ZhuoMian\Github_Releases_批量下载 xray\Xray-core\v1.2.1\Xray-windows-arm32-v7a.zip    | LOCAL=c1199d28b2a4652a70415ed05e7d1f476a51e5b7bbda5a561c9bc1fe22330a79 REMOTE=LOST
[ 168/3625] Checking is LOST | E:\01.userData\ZhuoMian\Github_Releases_批量下载 xray\Xray-core\v1.2.2\Xray-android-arm64-v8a.zip    | LOCAL=62fe72dfca5fc2ab1fd1f5770498cb90be6706361e500f04d2c1edce92a40c74 REMOTE=LOST
[ 169/3625] Checking is LOST | E:\01.userData\ZhuoMian\Github_Releases_批量下载 xray\Xray-core\v1.2.2\Xray-dragonfly-64.zip         | LOCAL=c939b036320fb9dbe9ba98f6ebab1aaa6a2df9c7fdcb512a7ee485e928d16f79 REMOTE=LOST
[ 170/3625] Checking is LOST | E:\01.userData\ZhuoMian\Github_Releases_批量下载 xray\Xray-core\v1.2.2\Xray-freebsd-32.zip           | LOCAL=b8581495e242250e579e76630937544337455b789e53e5347cd91cf7092eef23 REMOTE=LOST
[ 171/3625] Checking is LOST | E:\01.userData\ZhuoMian\Github_Releases_批量下载 xray\Xray-core\v1.2.2\Xray-freebsd-64.zip           | LOCAL=b67448533df1c504366b2bcec199fba13003f0df5be007ea4e4b97eec7cb7e07 REMOTE=LOST
[ 172/3625] Checking is LOST | E:\01.userData\ZhuoMian\Github_Releases_批量下载 xray\Xray-core\v1.2.2\Xray-linux-32.zip             | LOCAL=2e3ab2cb6959f2f6e3cc9e2fabacca93367170091e198cacd85da509d6650a78 REMOTE=LOST
[ 173/3625] Checking is LOST | E:\01.userData\ZhuoMian\Github_Releases_批量下载 xray\Xray-core\v1.2.2\Xray-linux-64.zip             | LOCAL=d1ffbd7e100e5d6265a96b68b043349cd46d296f395896099961756eaed7028b REMOTE=LOST
[ 174/3625] Checking is LOST | E:\01.userData\ZhuoMian\Github_Releases_批量下载 xray\Xray-core\v1.2.2\Xray-linux-arm32-v5.zip       | LOCAL=abd1dea0769cebfdc53f8520ab6c8a7b4403451e303fd7e4ffcb2f1c765da66b REMOTE=LOST
[ 175/3625] Checking is LOST | E:\01.userData\ZhuoMian\Github_Releases_批量下载 xray\Xray-core\v1.2.2\Xray-linux-arm32-v6.zip       | LOCAL=af9f7faf622f07b9cd3dbab4d0b31deab9c3b4ea85d24ce573979e8b54579d13 REMOTE=LOST
[ 176/3625] Checking is LOST | E:\01.userData\ZhuoMian\Github_Releases_批量下载 xray\Xray-core\v1.2.2\Xray-linux-arm32-v7a.zip      | LOCAL=8869195de211061f6b864347afb1713c2346cff1f6a42501a830c48f2cf161ad REMOTE=LOST
[ 177/3625] Checking is LOST | E:\01.userData\ZhuoMian\Github_Releases_批量下载 xray\Xray-core\v1.2.2\Xray-linux-arm64-v8a.zip      | LOCAL=c10f83331bf38d8ee94b8af72e0f4fca37b8d92bdf1516c8146b5af89db95865 REMOTE=LOST
[ 178/3625] Checking is LOST | E:\01.userData\ZhuoMian\Github_Releases_批量下载 xray\Xray-core\v1.2.2\Xray-linux-mips32.zip         | LOCAL=e8247f38641017ad9408b37439ddeaac699bfa6691c0881e825fd94eccbb3cc5 REMOTE=LOST
[ 179/3625] Checking is LOST | E:\01.userData\ZhuoMian\Github_Releases_批量下载 xray\Xray-core\v1.2.2\Xray-linux-mips32le.zip       | LOCAL=3e785f958b1dfd94068ef06fe1b6ac8f7338d3dfea80626bcc6ba2b1eee3104c REMOTE=LOST
[ 180/3625] Checking is LOST | E:\01.userData\ZhuoMian\Github_Releases_批量下载 xray\Xray-core\v1.2.2\Xray-linux-mips64.zip         | LOCAL=89de51b5de97b36dc8e9ae30dad03b3f95fd30d933520389f7b42692518ce98a REMOTE=LOST
[ 181/3625] Checking is LOST | E:\01.userData\ZhuoMian\Github_Releases_批量下载 xray\Xray-core\v1.2.2\Xray-linux-mips64le.zip       | LOCAL=e2428a1bea586ec4acdd943bfbf4572b9468efd3abbc3f42d35ae8a391bef5bb REMOTE=LOST
[ 182/3625] Checking is LOST | E:\01.userData\ZhuoMian\Github_Releases_批量下载 xray\Xray-core\v1.2.2\Xray-linux-ppc64.zip          | LOCAL=d3a831c7a44fbb0e6f43b08e6663af563a61d1320bb913cbcb34718360a714e1 REMOTE=LOST
[ 183/3625] Checking is LOST | E:\01.userData\ZhuoMian\Github_Releases_批量下载 xray\Xray-core\v1.2.2\Xray-linux-ppc64le.zip        | LOCAL=cd0faa9dd7cba13371a1646b5eba64ff35a9c1ede2061311ea8dc76760998bdc REMOTE=LOST
[ 184/3625] Checking is LOST | E:\01.userData\ZhuoMian\Github_Releases_批量下载 xray\Xray-core\v1.2.2\Xray-linux-riscv64.zip        | LOCAL=bf906b380a2b493c63f3ae1de34ea93d074bfb708b19b4b22c1bcfa2387c3c02 REMOTE=LOST
[ 185/3625] Checking is LOST | E:\01.userData\ZhuoMian\Github_Releases_批量下载 xray\Xray-core\v1.2.2\Xray-linux-s390x.zip          | LOCAL=4c4dc2ddf7a957103a04eba5ee65df0ebde86caf1a85ac4d1509071d4b8d1095 REMOTE=LOST
[ 186/3625] Checking is LOST | E:\01.userData\ZhuoMian\Github_Releases_批量下载 xray\Xray-core\v1.2.2\Xray-macos-64.zip             | LOCAL=d2e5b591b5078469ead7f2d022d25d41c7f82fd72c1d0085e37de6517bc70819 REMOTE=LOST
[ 187/3625] Checking is LOST | E:\01.userData\ZhuoMian\Github_Releases_批量下载 xray\Xray-core\v1.2.2\Xray-macos-arm64-v8a.zip      | LOCAL=8a905dd91ee9f8247e821d404d99ebb7b169c4f04486988dcac772be961e256c REMOTE=LOST
[ 188/3625] Checking is LOST | E:\01.userData\ZhuoMian\Github_Releases_批量下载 xray\Xray-core\v1.2.2\Xray-openbsd-32.zip           | LOCAL=bff3b834c1d343e13373420a97619453d78ca32a080ba9d74d0d1591cfffdd04 REMOTE=LOST
[ 189/3625] Checking is LOST | E:\01.userData\ZhuoMian\Github_Releases_批量下载 xray\Xray-core\v1.2.2\Xray-openbsd-64.zip           | LOCAL=5f2aa17e559a822f15247870285688c37062a7b738556475afb399bdefaadaff REMOTE=LOST
[ 190/3625] Checking is LOST | E:\01.userData\ZhuoMian\Github_Releases_批量下载 xray\Xray-core\v1.2.2\Xray-windows-32.zip           | LOCAL=f2923015f54725479d3f0d913e1ec3734d72d134637418c6ea673c9b3f15a245 REMOTE=LOST
[ 191/3625] Checking is LOST | E:\01.userData\ZhuoMian\Github_Releases_批量下载 xray\Xray-core\v1.2.2\Xray-windows-64.zip           | LOCAL=24daf0a707fcad15bea0bf7f7733b40b374c85d91be5d1a9a6b22ac6c86e8380 REMOTE=LOST
[ 192/3625] Checking is LOST | E:\01.userData\ZhuoMian\Github_Releases_批量下载 xray\Xray-core\v1.2.2\Xray-windows-arm32-v7a.zip    | LOCAL=04bdfc952f850e14343275aa6eb9820292626b3fff3cad91b42800290e21cfb6 REMOTE=LOST
[ 193/3625] Checking is LOST | E:\01.userData\ZhuoMian\Github_Releases_批量下载 xray\Xray-core\v1.2.3\Xray-android-arm64-v8a.zip    | LOCAL=13d9fe178ebcbe6e355d22be62d42e436aa6c366b6cfdffc879b8732d3c4bde8 REMOTE=LOST
[ 194/3625] Checking is LOST | E:\01.userData\ZhuoMian\Github_Releases_批量下载 xray\Xray-core\v1.2.3\Xray-dragonfly-64.zip         | LOCAL=77e4482540d71ff57f7502a4905575348ce6ddcc2ce2ff98af74a5b3175b5e73 REMOTE=LOST
[ 195/3625] Checking is LOST | E:\01.userData\ZhuoMian\Github_Releases_批量下载 xray\Xray-core\v1.2.3\Xray-freebsd-32.zip           | LOCAL=6cbdb7b86272f3ec0747e3c06a7c8ff5e4f7bf2dd0728a7c2066828860117980 REMOTE=LOST
[ 196/3625] Checking is LOST | E:\01.userData\ZhuoMian\Github_Releases_批量下载 xray\Xray-core\v1.2.3\Xray-freebsd-64.zip           | LOCAL=d83ad419245bf483d89943a9f89c2284e06d2e8f5bb22e8d76f843f59278f141 REMOTE=LOST
[ 197/3625] Checking is LOST | E:\01.userData\ZhuoMian\Github_Releases_批量下载 xray\Xray-core\v1.2.3\Xray-linux-32.zip             | LOCAL=6170c9de6edd0b3a9de39eada48fcb43d1ba10b7ef420fc9ef993de34fcc1fed REMOTE=LOST
[ 198/3625] Checking is LOST | E:\01.userData\ZhuoMian\Github_Releases_批量下载 xray\Xray-core\v1.2.3\Xray-linux-64.zip             | LOCAL=a120d148523403543bbc326c4841830beaa8139718b9e11ef4bc52ed63cb71e3 REMOTE=LOST
[ 199/3625] Checking is LOST | E:\01.userData\ZhuoMian\Github_Releases_批量下载 xray\Xray-core\v1.2.3\Xray-linux-arm32-v5.zip       | LOCAL=2bb59aab01bb9b5239d8b15c8e73c37a3a232a0475eb0a3c5cd9f15926b57d9c REMOTE=LOST
[ 200/3625] Checking is LOST | E:\01.userData\ZhuoMian\Github_Releases_批量下载 xray\Xray-core\v1.2.3\Xray-linux-arm32-v6.zip       | LOCAL=c007ec04517212c4550fd92d51e2e0663d818ac637a79e73a7faa115fad3550f REMOTE=LOST
[ 201/3625] Checking is LOST | E:\01.userData\ZhuoMian\Github_Releases_批量下载 xray\Xray-core\v1.2.3\Xray-linux-arm32-v7a.zip      | LOCAL=f51ffef515235ee3d5c8c95c3bec711a5141457ef5c10c08b62c882ed1062c61 REMOTE=LOST
[ 202/3625] Checking is LOST | E:\01.userData\ZhuoMian\Github_Releases_批量下载 xray\Xray-core\v1.2.3\Xray-linux-arm64-v8a.zip      | LOCAL=fbb32c2b529b047163298185f6a28af19969ebd661e7b43584e3e364860f894f REMOTE=LOST
[ 203/3625] Checking is LOST | E:\01.userData\ZhuoMian\Github_Releases_批量下载 xray\Xray-core\v1.2.3\Xray-linux-mips32.zip         | LOCAL=58ca9b36de6b59ebd965b6b2ed91180f1f067ad4ade4c631b3480eadaab71311 REMOTE=LOST
[ 204/3625] Checking is LOST | E:\01.userData\ZhuoMian\Github_Releases_批量下载 xray\Xray-core\v1.2.3\Xray-linux-mips32le.zip       | LOCAL=6857955911d8790bfcb9de25e8d0f7d6c905322ccbe4f906803fcd5eef6c45ef REMOTE=LOST
[ 205/3625] Checking is LOST | E:\01.userData\ZhuoMian\Github_Releases_批量下载 xray\Xray-core\v1.2.3\Xray-linux-mips64.zip         | LOCAL=393a61cbdbe1d1dd48736cdd41ef3bf7eac520ea229025d80fcc8138dfee7dfd REMOTE=LOST
[ 206/3625] Checking is LOST | E:\01.userData\ZhuoMian\Github_Releases_批量下载 xray\Xray-core\v1.2.3\Xray-linux-mips64le.zip       | LOCAL=7524e6bfc7d5dfafe49cfb4d3d38a37c8ac6c03f26918b819aae95d6748fccbc REMOTE=LOST
[ 207/3625] Checking is LOST | E:\01.userData\ZhuoMian\Github_Releases_批量下载 xray\Xray-core\v1.2.3\Xray-linux-ppc64.zip          | LOCAL=6cd0b15949e8d85831164de79079c958b9048c5c81b06801e080e8df491e8a39 REMOTE=LOST
[ 208/3625] Checking is LOST | E:\01.userData\ZhuoMian\Github_Releases_批量下载 xray\Xray-core\v1.2.3\Xray-linux-ppc64le.zip        | LOCAL=95e575512cc479e5af30d59d65425f6fa473c0967e122a45f4b3a6a162f020c5 REMOTE=LOST
[ 209/3625] Checking is LOST | E:\01.userData\ZhuoMian\Github_Releases_批量下载 xray\Xray-core\v1.2.3\Xray-linux-riscv64.zip        | LOCAL=82df6a81b3207b855c5185c8ee3ef6ae1db8b2bf3728ab145cc6d1380495c895 REMOTE=LOST
[ 210/3625] Checking is LOST | E:\01.userData\ZhuoMian\Github_Releases_批量下载 xray\Xray-core\v1.2.3\Xray-linux-s390x.zip          | LOCAL=d2364757699af7c80a258e4c27c4d7187114e37af1f7d00b3a37b3a73be8e243 REMOTE=LOST
[ 211/3625] Checking is LOST | E:\01.userData\ZhuoMian\Github_Releases_批量下载 xray\Xray-core\v1.2.3\Xray-macos-64.zip             | LOCAL=247a5a84c3aecd5b880108c1f7879d7795ad3dedb14eb9fd171dfa9637ba739c REMOTE=LOST
[ 212/3625] Checking is LOST | E:\01.userData\ZhuoMian\Github_Releases_批量下载 xray\Xray-core\v1.2.3\Xray-macos-arm64-v8a.zip      | LOCAL=9eed5620751d8c6fc864c5fbabbfb4699263c515496839fa9741c0d3cc9630e9 REMOTE=LOST
[ 213/3625] Checking is LOST | E:\01.userData\ZhuoMian\Github_Releases_批量下载 xray\Xray-core\v1.2.3\Xray-openbsd-32.zip           | LOCAL=dbba6ad35e29a6ed3a8cd68360eb77fd22a025192d8a9b537575d46d3a969ba2 REMOTE=LOST
[ 214/3625] Checking is LOST | E:\01.userData\ZhuoMian\Github_Releases_批量下载 xray\Xray-core\v1.2.3\Xray-openbsd-64.zip           | LOCAL=c0aa028cdd3222b374a0ce84fe74e49e9494bf2b072af831859688da8f2cf9b2 REMOTE=LOST
[ 215/3625] Checking is LOST | E:\01.userData\ZhuoMian\Github_Releases_批量下载 xray\Xray-core\v1.2.3\Xray-windows-32.zip           | LOCAL=85b52e5fc42870bbb0c4ca6e24fad73c1172f24771be37892c8a92b981ed60f8 REMOTE=LOST
[ 216/3625] Checking is LOST | E:\01.userData\ZhuoMian\Github_Releases_批量下载 xray\Xray-core\v1.2.3\Xray-windows-64.zip           | LOCAL=cf39e196e2dc37ad5b6502db765a51c27336ec040cab3ab878c7eab21bdfc7d8 REMOTE=LOST
[ 217/3625] Checking is LOST | E:\01.userData\ZhuoMian\Github_Releases_批量下载 xray\Xray-core\v1.2.3\Xray-windows-arm32-v7a.zip    | LOCAL=6cdd7a3e40657c2df597c3421d5c0fdffff72197269844eb870a797eb242085e REMOTE=LOST
[ 218/3625] Checking is LOST | E:\01.userData\ZhuoMian\Github_Releases_批量下载 xray\Xray-core\v1.2.4\Xray-android-arm64-v8a.zip    | LOCAL=97881dfa63c6384a125bdd57a1b1fd2c78512a5770d0c6d244f592e7510ad6f8 REMOTE=LOST
[ 219/3625] Checking is LOST | E:\01.userData\ZhuoMian\Github_Releases_批量下载 xray\Xray-core\v1.2.4\Xray-dragonfly-64.zip         | LOCAL=1b8afdb77ce202a46e7525eecd588482ce248f7b71ffcae937756ef99cc43b9a REMOTE=LOST
[ 220/3625] Checking is LOST | E:\01.userData\ZhuoMian\Github_Releases_批量下载 xray\Xray-core\v1.2.4\Xray-freebsd-32.zip           | LOCAL=732b6e79f4beeefeed224e7efd4f6a923d66b79c100bc562d48d7b232fd51d24 REMOTE=LOST
[ 221/3625] Checking is LOST | E:\01.userData\ZhuoMian\Github_Releases_批量下载 xray\Xray-core\v1.2.4\Xray-freebsd-64.zip           | LOCAL=d06c2ee2e6f2c442f7f65d970f6db6fd488a839c45e509274e712680c2415f1e REMOTE=LOST
[ 222/3625] Checking is LOST | E:\01.userData\ZhuoMian\Github_Releases_批量下载 xray\Xray-core\v1.2.4\Xray-linux-32.zip             | LOCAL=da49545c0200c05ce0a38fa87ddb96785b79dba76cbd2991d3d344423ad70e8b REMOTE=LOST
[ 223/3625] Checking is LOST | E:\01.userData\ZhuoMian\Github_Releases_批量下载 xray\Xray-core\v1.2.4\Xray-linux-64.zip             | LOCAL=ce82329550770701680033c062f191c9870c0c8b9aaa03f69dab67ca630f85d2 REMOTE=LOST
[ 224/3625] Checking is LOST | E:\01.userData\ZhuoMian\Github_Releases_批量下载 xray\Xray-core\v1.2.4\Xray-linux-arm32-v5.zip       | LOCAL=7a94242a1015927cc3a18c9c6e0ba016d2e6f1a1ea95ba64b3525a61f0ae17ae REMOTE=LOST
[ 225/3625] Checking is LOST | E:\01.userData\ZhuoMian\Github_Releases_批量下载 xray\Xray-core\v1.2.4\Xray-linux-arm32-v6.zip       | LOCAL=6a54efbf6c65648a1d14560bc799275109a4cfb90917da10a5e536725a1ccdd4 REMOTE=LOST
[ 226/3625] Checking is LOST | E:\01.userData\ZhuoMian\Github_Releases_批量下载 xray\Xray-core\v1.2.4\Xray-linux-arm32-v7a.zip      | LOCAL=6bc8d512b393835854b58c38e0d4b3e6ea10a8d9695268010733359c6dea5125 REMOTE=LOST
[ 227/3625] Checking is LOST | E:\01.userData\ZhuoMian\Github_Releases_批量下载 xray\Xray-core\v1.2.4\Xray-linux-arm64-v8a.zip      | LOCAL=acf375cf9509e4d4727a63f6ba127106347e757fd4dc843a4de4dde1a0d6cc25 REMOTE=LOST
[ 228/3625] Checking is LOST | E:\01.userData\ZhuoMian\Github_Releases_批量下载 xray\Xray-core\v1.2.4\Xray-linux-mips32.zip         | LOCAL=61ede7cf9e7ca15c3f0905dc9885b6caf2cc048e1319bebc77ff211fe84b53b9 REMOTE=LOST
[ 229/3625] Checking is LOST | E:\01.userData\ZhuoMian\Github_Releases_批量下载 xray\Xray-core\v1.2.4\Xray-linux-mips32le.zip       | LOCAL=f35defaeb7cbcd43bbe35d274641aea4263a8417052ad8b9775303093ecee009 REMOTE=LOST
[ 230/3625] Checking is LOST | E:\01.userData\ZhuoMian\Github_Releases_批量下载 xray\Xray-core\v1.2.4\Xray-linux-mips64.zip         | LOCAL=20a7d150657b68d0fd425c23d2d9f7954b9711902a49d4cff62166eedd810228 REMOTE=LOST
[ 231/3625] Checking is LOST | E:\01.userData\ZhuoMian\Github_Releases_批量下载 xray\Xray-core\v1.2.4\Xray-linux-mips64le.zip       | LOCAL=da4cd6a88cf16b61e54f4868b00d04f30b5d4baa0c73effb7ecf23e72c911c35 REMOTE=LOST
[ 232/3625] Checking is LOST | E:\01.userData\ZhuoMian\Github_Releases_批量下载 xray\Xray-core\v1.2.4\Xray-linux-ppc64.zip          | LOCAL=aa68ea5b641d0fb69d85aab0aa06673d4a09aa3d662e3fcc95b43d10ebebfe84 REMOTE=LOST
[ 233/3625] Checking is LOST | E:\01.userData\ZhuoMian\Github_Releases_批量下载 xray\Xray-core\v1.2.4\Xray-linux-ppc64le.zip        | LOCAL=2acea323fe109ae68eb1a7ca5d2dbffbc6f3c15e46c2ec0fbb35e3ca7ceaf5a3 REMOTE=LOST
[ 234/3625] Checking is LOST | E:\01.userData\ZhuoMian\Github_Releases_批量下载 xray\Xray-core\v1.2.4\Xray-linux-riscv64.zip        | LOCAL=d06502b61b94287efb4312ab17814103ffc3c92184cd20e84a86099f97977dae REMOTE=LOST
[ 235/3625] Checking is LOST | E:\01.userData\ZhuoMian\Github_Releases_批量下载 xray\Xray-core\v1.2.4\Xray-linux-s390x.zip          | LOCAL=d2b604fe47f08af617295891d60429073868ba524517229c462a385104c50563 REMOTE=LOST
[ 236/3625] Checking is LOST | E:\01.userData\ZhuoMian\Github_Releases_批量下载 xray\Xray-core\v1.2.4\Xray-macos-64.zip             | LOCAL=938c2d12734d2b0289a08e476df9fe913c806e28204c8645da727eb29e7a534e REMOTE=LOST
[ 237/3625] Checking is LOST | E:\01.userData\ZhuoMian\Github_Releases_批量下载 xray\Xray-core\v1.2.4\Xray-macos-arm64-v8a.zip      | LOCAL=d55ebec9e17247ea2e0e32d68a7d7f98e71886ef768fc36873f32e1960c93625 REMOTE=LOST
[ 238/3625] Checking is LOST | E:\01.userData\ZhuoMian\Github_Releases_批量下载 xray\Xray-core\v1.2.4\Xray-openbsd-32.zip           | LOCAL=96ba00fc9b580288b946aa646030401b3c6df2164fd2e32be536952b7a4fb9ee REMOTE=LOST
[ 239/3625] Checking is LOST | E:\01.userData\ZhuoMian\Github_Releases_批量下载 xray\Xray-core\v1.2.4\Xray-openbsd-64.zip           | LOCAL=00dbf2a64633accb8377843c6fbdbd646727cbfa5676929bd4c01cc6bb0c3045 REMOTE=LOST
[ 240/3625] Checking is LOST | E:\01.userData\ZhuoMian\Github_Releases_批量下载 xray\Xray-core\v1.2.4\Xray-windows-32.zip           | LOCAL=9389bd242607074447caa69270ba8bd0eecaf9e538ae2775ddce46e1b91bd5d7 REMOTE=LOST
[ 241/3625] Checking is LOST | E:\01.userData\ZhuoMian\Github_Releases_批量下载 xray\Xray-core\v1.2.4\Xray-windows-64.zip           | LOCAL=8797c1e67892cba8be41a8db869f47309f2212a673c8c260121906c94791db28 REMOTE=LOST
[ 242/3625] Checking is LOST | E:\01.userData\ZhuoMian\Github_Releases_批量下载 xray\Xray-core\v1.2.4\Xray-windows-arm32-v7a.zip    | LOCAL=17031c233347656025f56845b7eb722da6816848c67312508e733d3790de5e65 REMOTE=LOST
[ 243/3625] Checking is LOST | E:\01.userData\ZhuoMian\Github_Releases_批量下载 xray\Xray-core\v1.3.0\Xray-android-arm64-v8a.zip    | LOCAL=0655da4df4dca02722d17c4690d91acea93f2566b7f25572b58eafee14e448c4 REMOTE=LOST
[ 244/3625] Checking is LOST | E:\01.userData\ZhuoMian\Github_Releases_批量下载 xray\Xray-core\v1.3.0\Xray-dragonfly-64.zip         | LOCAL=2e373e56c217779ad91d99686ec3e7be9bc81213f4ee9c34cb51b3797cda37d9 REMOTE=LOST
[ 245/3625] Checking is LOST | E:\01.userData\ZhuoMian\Github_Releases_批量下载 xray\Xray-core\v1.3.0\Xray-freebsd-32.zip           | LOCAL=573be0d8e41edbd5db875fe7ea7915627e996109322bf297429d4a6d593f2aa6 REMOTE=LOST
[ 246/3625] Checking is LOST | E:\01.userData\ZhuoMian\Github_Releases_批量下载 xray\Xray-core\v1.3.0\Xray-freebsd-64.zip           | LOCAL=1e45f35fdd04a1f09e8cdce12a621b1b7de8e86bd1b92a9b028414302b586dc1 REMOTE=LOST
[ 247/3625] Checking is LOST | E:\01.userData\ZhuoMian\Github_Releases_批量下载 xray\Xray-core\v1.3.0\Xray-linux-32.zip             | LOCAL=03c4143e9e6cb1de7d2788bbd1cbec0570007d8f5aea36aeecb88114bfa0b628 REMOTE=LOST
[ 248/3625] Checking is LOST | E:\01.userData\ZhuoMian\Github_Releases_批量下载 xray\Xray-core\v1.3.0\Xray-linux-64.zip             | LOCAL=95fdb6e1353f1123dcc396e0d932e4b28d6afeaa74a17b8fee7634b735b842af REMOTE=LOST
[ 249/3625] Checking is LOST | E:\01.userData\ZhuoMian\Github_Releases_批量下载 xray\Xray-core\v1.3.0\Xray-linux-arm32-v5.zip       | LOCAL=ff81107bf7d178b340890f0bffe359db3529edaa18c82766cdf9551880bd3868 REMOTE=LOST
[ 250/3625] Checking is LOST | E:\01.userData\ZhuoMian\Github_Releases_批量下载 xray\Xray-core\v1.3.0\Xray-linux-arm32-v6.zip       | LOCAL=f533680e12b791c07dc26eabbaf5b283cbfe64c0e26d7a5b2a8406424ef99a42 REMOTE=LOST
[ 251/3625] Checking is LOST | E:\01.userData\ZhuoMian\Github_Releases_批量下载 xray\Xray-core\v1.3.0\Xray-linux-arm32-v7a.zip      | LOCAL=a4660de1aee3d623cde0fb1c6e4ce554fd57397a63540cf0aaed5524b33549c8 REMOTE=LOST
[ 252/3625] Checking is LOST | E:\01.userData\ZhuoMian\Github_Releases_批量下载 xray\Xray-core\v1.3.0\Xray-linux-arm64-v8a.zip      | LOCAL=8f09d7c7537955ea1f90fd21d9d776feeee15649425e6121f7257d985a120cae REMOTE=LOST
[ 253/3625] Checking is LOST | E:\01.userData\ZhuoMian\Github_Releases_批量下载 xray\Xray-core\v1.3.0\Xray-linux-mips32.zip         | LOCAL=caa6c4a26b3e8e2295951635eebb93b9d9cfe8626aa646e69553524285bbf7f9 REMOTE=LOST
[ 254/3625] Checking is LOST | E:\01.userData\ZhuoMian\Github_Releases_批量下载 xray\Xray-core\v1.3.0\Xray-linux-mips32le.zip       | LOCAL=6d72b2e0af1bfcad7a9c83b057d53e63e0e4ab742627e7142e256f93a5e3a7e7 REMOTE=LOST
[ 255/3625] Checking is LOST | E:\01.userData\ZhuoMian\Github_Releases_批量下载 xray\Xray-core\v1.3.0\Xray-linux-mips64.zip         | LOCAL=aa5de28cd8523ea1af505f7c75a8af07e023feee05200874638af8dd4cfd804f REMOTE=LOST
[ 256/3625] Checking is LOST | E:\01.userData\ZhuoMian\Github_Releases_批量下载 xray\Xray-core\v1.3.0\Xray-linux-mips64le.zip       | LOCAL=d5a1971443aad763c8c0799570d295d29d858d604a2c7cb1121c513107bc4cd4 REMOTE=LOST
[ 257/3625] Checking is LOST | E:\01.userData\ZhuoMian\Github_Releases_批量下载 xray\Xray-core\v1.3.0\Xray-linux-ppc64.zip          | LOCAL=8a6aef9a7ad1b167ea367bf583415749630e361536d3620a31c1b755db90582d REMOTE=LOST
[ 258/3625] Checking is LOST | E:\01.userData\ZhuoMian\Github_Releases_批量下载 xray\Xray-core\v1.3.0\Xray-linux-ppc64le.zip        | LOCAL=091927852b426754c938b3acc465978b0dd6c0b871771cbf889d748b3feb0b2a REMOTE=LOST
[ 259/3625] Checking is LOST | E:\01.userData\ZhuoMian\Github_Releases_批量下载 xray\Xray-core\v1.3.0\Xray-linux-riscv64.zip        | LOCAL=98f6f0f00efbe635a423668957f2212bc8da61c3b75720463dbb5072cb2b8971 REMOTE=LOST
[ 260/3625] Checking is LOST | E:\01.userData\ZhuoMian\Github_Releases_批量下载 xray\Xray-core\v1.3.0\Xray-linux-s390x.zip          | LOCAL=74789c5fbd6f03f22eac21e07cdb8e4d1c4917e763086b269d82dd1c9876c05e REMOTE=LOST
[ 261/3625] Checking is LOST | E:\01.userData\ZhuoMian\Github_Releases_批量下载 xray\Xray-core\v1.3.0\Xray-macos-64.zip             | LOCAL=a4ab73dd37b2a5fbf2dffdb9fe87e2616a79d8ce75aa6aced6b1211e31adac0b REMOTE=LOST
[ 262/3625] Checking is LOST | E:\01.userData\ZhuoMian\Github_Releases_批量下载 xray\Xray-core\v1.3.0\Xray-macos-arm64-v8a.zip      | LOCAL=179b72d33101658caff9506341b5aa8a8535df97abf58b944e7588e5a5aac01f REMOTE=LOST
[ 263/3625] Checking is LOST | E:\01.userData\ZhuoMian\Github_Releases_批量下载 xray\Xray-core\v1.3.0\Xray-openbsd-32.zip           | LOCAL=6c26d5f31fd8f0bbfe2c23327553d36b84870d486b3edd0a5f1a72cf132466b7 REMOTE=LOST
[ 264/3625] Checking is LOST | E:\01.userData\ZhuoMian\Github_Releases_批量下载 xray\Xray-core\v1.3.0\Xray-openbsd-64.zip           | LOCAL=e1fca3311973698a084d12153dd78c184752798595a902afd9fa3f9a958913d8 REMOTE=LOST
[ 265/3625] Checking is LOST | E:\01.userData\ZhuoMian\Github_Releases_批量下载 xray\Xray-core\v1.3.0\Xray-windows-32.zip           | LOCAL=2d401050b61a667860eb8ef1e355934256da33f5b405396c307331905331d705 REMOTE=LOST
[ 266/3625] Checking is LOST | E:\01.userData\ZhuoMian\Github_Releases_批量下载 xray\Xray-core\v1.3.0\Xray-windows-64.zip           | LOCAL=05bd9ce92bbe031a26cec12a1b2f3548d2b9aa271adb1275a16b07da8a5aa3c2 REMOTE=LOST
[ 267/3625] Checking is LOST | E:\01.userData\ZhuoMian\Github_Releases_批量下载 xray\Xray-core\v1.3.0\Xray-windows-arm32-v7a.zip    | LOCAL=31f84ccd11503bda47c535edae8b308f290ec55013852415fb09b5c3ad4d9556 REMOTE=LOST
[ 268/3625] Checking is LOST | E:\01.userData\ZhuoMian\Github_Releases_批量下载 xray\Xray-core\v1.3.1\Xray-android-arm64-v8a.zip    | LOCAL=127a916e17650628684e56874f1ea08a02b287297d18767c314bbc239950a326 REMOTE=LOST
[ 269/3625] Checking is LOST | E:\01.userData\ZhuoMian\Github_Releases_批量下载 xray\Xray-core\v1.3.1\Xray-dragonfly-64.zip         | LOCAL=ca89832918d954dbb564cab9aa870eee7ac6c46474a73d07bd6d46f73955299b REMOTE=LOST
[ 270/3625] Checking is LOST | E:\01.userData\ZhuoMian\Github_Releases_批量下载 xray\Xray-core\v1.3.1\Xray-freebsd-32.zip           | LOCAL=77727d47886f812a9cabf59548b48b96d723dc67d408bb993c36b4ae3a38be2d REMOTE=LOST
[ 271/3625] Checking is LOST | E:\01.userData\ZhuoMian\Github_Releases_批量下载 xray\Xray-core\v1.3.1\Xray-freebsd-64.zip           | LOCAL=56ff3de89c92631dd6b24ea24c7bba8fd67656e391a7c70e4a3cbe659396d7d6 REMOTE=LOST
[ 272/3625] Checking is LOST | E:\01.userData\ZhuoMian\Github_Releases_批量下载 xray\Xray-core\v1.3.1\Xray-freebsd-arm32-v7a.zip    | LOCAL=3f8712308262e37fa67a1f10b82acf0c8a294409956325842e4c8228f12011d1 REMOTE=LOST
[ 273/3625] Checking is LOST | E:\01.userData\ZhuoMian\Github_Releases_批量下载 xray\Xray-core\v1.3.1\Xray-freebsd-arm64-v8a.zip    | LOCAL=52c1554467565de6ec364ed56d051b7a5d617863fd82d84bb42d62c38cba526c REMOTE=LOST
[ 274/3625] Checking is LOST | E:\01.userData\ZhuoMian\Github_Releases_批量下载 xray\Xray-core\v1.3.1\Xray-linux-32.zip             | LOCAL=20bfb758811b0af82a0a7d63b8a6ecb90fa3bbcc14968d6f6e8106ba849d36dc REMOTE=LOST
[ 275/3625] Checking is LOST | E:\01.userData\ZhuoMian\Github_Releases_批量下载 xray\Xray-core\v1.3.1\Xray-linux-64.zip             | LOCAL=b47cd3370e2a1ff9a4b1d002a618d17d3abc9222fc838c1e8f87e1b8e6079265 REMOTE=LOST
[ 276/3625] Checking is LOST | E:\01.userData\ZhuoMian\Github_Releases_批量下载 xray\Xray-core\v1.3.1\Xray-linux-arm32-v5.zip       | LOCAL=c58c65dc50858f6e4640dc5d7f6fb63bdc5afc63a8be4262b340930cc17c5b70 REMOTE=LOST
[ 277/3625] Checking is LOST | E:\01.userData\ZhuoMian\Github_Releases_批量下载 xray\Xray-core\v1.3.1\Xray-linux-arm32-v6.zip       | LOCAL=93c715fea4df601fb5ef88c8f2708381d319884e4d5d54aa1a794b02969d1a58 REMOTE=LOST
[ 278/3625] Checking is LOST | E:\01.userData\ZhuoMian\Github_Releases_批量下载 xray\Xray-core\v1.3.1\Xray-linux-arm32-v7a.zip      | LOCAL=7147e6ab1b2bacaf20e07acdbb0e024f3fd2ddb0e43b6674785902281b3bac36 REMOTE=LOST
[ 279/3625] Checking is LOST | E:\01.userData\ZhuoMian\Github_Releases_批量下载 xray\Xray-core\v1.3.1\Xray-linux-arm64-v8a.zip      | LOCAL=9fd271c58c8ec10c82d72bc63be5f76a0f91eb1024b28f73757295b456edb694 REMOTE=LOST
[ 280/3625] Checking is LOST | E:\01.userData\ZhuoMian\Github_Releases_批量下载 xray\Xray-core\v1.3.1\Xray-linux-mips32.zip         | LOCAL=834e14c7ca934034e472f17e861a0f8314204bbd66bc6ab782b4a202d18fda0e REMOTE=LOST
[ 281/3625] Checking is LOST | E:\01.userData\ZhuoMian\Github_Releases_批量下载 xray\Xray-core\v1.3.1\Xray-linux-mips32le.zip       | LOCAL=75b68e65ff41de432f244ab38357f5c2e153a0bf3b20f98311f43cb3fb2044c9 REMOTE=LOST
[ 282/3625] Checking is LOST | E:\01.userData\ZhuoMian\Github_Releases_批量下载 xray\Xray-core\v1.3.1\Xray-linux-mips64.zip         | LOCAL=cb7f2ac6db408011727b3df4080c452d968ba060d3c7c41f2ca5160050e69bcf REMOTE=LOST
[ 283/3625] Checking is LOST | E:\01.userData\ZhuoMian\Github_Releases_批量下载 xray\Xray-core\v1.3.1\Xray-linux-mips64le.zip       | LOCAL=d2f96807077fe838e33397b59275edc4ab9eb9cc86ee09edc659705957cbf603 REMOTE=LOST
[ 284/3625] Checking is LOST | E:\01.userData\ZhuoMian\Github_Releases_批量下载 xray\Xray-core\v1.3.1\Xray-linux-ppc64.zip          | LOCAL=9e7f7dcdfbac8d4ba645b2511f55709f9a815748dee7678d20ec4dbb723372e6 REMOTE=LOST
[ 285/3625] Checking is LOST | E:\01.userData\ZhuoMian\Github_Releases_批量下载 xray\Xray-core\v1.3.1\Xray-linux-riscv64.zip        | LOCAL=b9f30739ad407759a8c7111c7b63a4e58f1d70c18ef0d84a295de5cb9ff49f35 REMOTE=LOST
[ 286/3625] Checking is LOST | E:\01.userData\ZhuoMian\Github_Releases_批量下载 xray\Xray-core\v1.3.1\Xray-linux-rppc64le.zip       | LOCAL=f776f496390a4acbbc850b6d7e53ed933b8cbaa99d4a28837b20e25d0ee84f37 REMOTE=LOST
[ 287/3625] Checking is LOST | E:\01.userData\ZhuoMian\Github_Releases_批量下载 xray\Xray-core\v1.3.1\Xray-linux-s390x.zip          | LOCAL=548394ee864376ad7e89da68fd02e9ce701964f1a942dfc920d02328a89f2739 REMOTE=LOST
[ 288/3625] Checking is LOST | E:\01.userData\ZhuoMian\Github_Releases_批量下载 xray\Xray-core\v1.3.1\Xray-macos-64.zip             | LOCAL=0f31c36d7c2b5ea49e56acae116f47796e46b29111d6678062b43eb595c7776e REMOTE=LOST
[ 289/3625] Checking is LOST | E:\01.userData\ZhuoMian\Github_Releases_批量下载 xray\Xray-core\v1.3.1\Xray-macos-arm64-v8a.zip      | LOCAL=0bb7c60ac3ba00b49be2aced01029587f9d925cd8f7d03d58dfac50257586da4 REMOTE=LOST
[ 290/3625] Checking is LOST | E:\01.userData\ZhuoMian\Github_Releases_批量下载 xray\Xray-core\v1.3.1\Xray-openbsd-32.zip           | LOCAL=8b23d9049422ecbed00391e78e67f6dfe6506a748dfca92af68c6429ca18c6e4 REMOTE=LOST
[ 291/3625] Checking is LOST | E:\01.userData\ZhuoMian\Github_Releases_批量下载 xray\Xray-core\v1.3.1\Xray-openbsd-64.zip           | LOCAL=ecdf36b329a5fbfff9e0a2c3510411d49dcca8f74e2c2001613241cf8f215cc1 REMOTE=LOST
[ 292/3625] Checking is LOST | E:\01.userData\ZhuoMian\Github_Releases_批量下载 xray\Xray-core\v1.3.1\Xray-openbsd-arm32-v7a.zip    | LOCAL=3e9fdf53289b572a531f1077171d910d0bfc6e0fa0b24be7361aeafdd95a5c2f REMOTE=LOST
[ 293/3625] Checking is LOST | E:\01.userData\ZhuoMian\Github_Releases_批量下载 xray\Xray-core\v1.3.1\Xray-openbsd-arm64-v8a.zip    | LOCAL=e11b1a6f3422c913ebd4318111e80aa383eb75919f956fb656ca7823bfb4e4bc REMOTE=LOST
[ 294/3625] Checking is LOST | E:\01.userData\ZhuoMian\Github_Releases_批量下载 xray\Xray-core\v1.3.1\Xray-windows-32.zip           | LOCAL=7763dfafecb569de47ce3d3fa39a72874399ee8b8cefaf6e978860d95c83ae43 REMOTE=LOST
[ 295/3625] Checking is LOST | E:\01.userData\ZhuoMian\Github_Releases_批量下载 xray\Xray-core\v1.3.1\Xray-windows-64.zip           | LOCAL=d784f5033cfe919757fb42b1c4439cf61edd8b7f0824527c64e73ea6eddc0859 REMOTE=LOST
[ 296/3625] Checking is LOST | E:\01.userData\ZhuoMian\Github_Releases_批量下载 xray\Xray-core\v1.3.1\Xray-windows-arm32-v7a.zip    | LOCAL=c472cfc5cfb1b6c598f70e0e0e6a2ddbcb8b7f7addf3bbe0faa2e15aa9bd5ad5 REMOTE=LOST
[ 297/3625] Checking is LOST | E:\01.userData\ZhuoMian\Github_Releases_批量下载 xray\Xray-core\v1.4.0\Xray-android-arm64-v8a.zip    | LOCAL=908377e44359691d11dcd981de8ce51f9151f6eca6361c78cdf743ed74c529b9 REMOTE=LOST
[ 298/3625] Checking is LOST | E:\01.userData\ZhuoMian\Github_Releases_批量下载 xray\Xray-core\v1.4.0\Xray-dragonfly-64.zip         | LOCAL=c86abdae5001426ac7e5553e73d6bce6cfd8c866ef7804a50cdcfba1d2ca7e64 REMOTE=LOST
[ 299/3625] Checking is LOST | E:\01.userData\ZhuoMian\Github_Releases_批量下载 xray\Xray-core\v1.4.0\Xray-freebsd-32.zip           | LOCAL=862d52e6252650813d304e8efb7ec51542f33c8b85d95e9862c68b3986d6ff70 REMOTE=LOST
[ 300/3625] Checking is LOST | E:\01.userData\ZhuoMian\Github_Releases_批量下载 xray\Xray-core\v1.4.0\Xray-freebsd-64.zip           | LOCAL=1f704d3c346306d6ccf688c84ea1f9fc02f956b4f48bc3834e6282f19a603544 REMOTE=LOST
[ 301/3625] Checking is LOST | E:\01.userData\ZhuoMian\Github_Releases_批量下载 xray\Xray-core\v1.4.0\Xray-freebsd-arm32-v7a.zip    | LOCAL=68fc55baa7cf71dd41904d150e21e2fb1fe8c38c754b16c73dc1abbcf8131d5c REMOTE=LOST
[ 302/3625] Checking is LOST | E:\01.userData\ZhuoMian\Github_Releases_批量下载 xray\Xray-core\v1.4.0\Xray-freebsd-arm64-v8a.zip    | LOCAL=37af3ba8f271c5d95da0e50232c849f7b2ea63c04a336cdbde4dc07bb3e6e1a6 REMOTE=LOST
[ 303/3625] Checking is LOST | E:\01.userData\ZhuoMian\Github_Releases_批量下载 xray\Xray-core\v1.4.0\Xray-linux-32.zip             | LOCAL=d69eceb0d1430c6e281540dca68857ac6c87a69436ee1e0cb4cfd5150422b435 REMOTE=LOST
[ 304/3625] Checking is LOST | E:\01.userData\ZhuoMian\Github_Releases_批量下载 xray\Xray-core\v1.4.0\Xray-linux-64.zip             | LOCAL=0a6fb6bea559b74d3c511994d3633bd0621b89a45118627d85d6bf0615b3a98a REMOTE=LOST
[ 305/3625] Checking is LOST | E:\01.userData\ZhuoMian\Github_Releases_批量下载 xray\Xray-core\v1.4.0\Xray-linux-arm32-v5.zip       | LOCAL=3f293a0bf24e58eaf158a6a89021ce1cd92dd4071e7540796135c337966f81c5 REMOTE=LOST
[ 306/3625] Checking is LOST | E:\01.userData\ZhuoMian\Github_Releases_批量下载 xray\Xray-core\v1.4.0\Xray-linux-arm32-v6.zip       | LOCAL=8e9c1f1b66f7d7795d02a700c79905cfbaf8c7437c92bca3678734310ef86768 REMOTE=LOST
[ 307/3625] Checking is LOST | E:\01.userData\ZhuoMian\Github_Releases_批量下载 xray\Xray-core\v1.4.0\Xray-linux-arm32-v7a.zip      | LOCAL=507aad7fa2e451108adf68398caa78af672b41833dead85eb1ec8d2f1e960dd0 REMOTE=LOST
[ 308/3625] Checking is LOST | E:\01.userData\ZhuoMian\Github_Releases_批量下载 xray\Xray-core\v1.4.0\Xray-linux-arm64-v8a.zip      | LOCAL=5f62ab81a95fee9db189f8607e6baba34b32900c48d06d974286abd993d6c510 REMOTE=LOST
[ 309/3625] Checking is LOST | E:\01.userData\ZhuoMian\Github_Releases_批量下载 xray\Xray-core\v1.4.0\Xray-linux-mips32.zip         | LOCAL=7be97cd0f67dc2509ff3c728b9d1ef677be0d79e4f157ba67ca7cc0cf3781cd3 REMOTE=LOST
[ 310/3625] Checking is LOST | E:\01.userData\ZhuoMian\Github_Releases_批量下载 xray\Xray-core\v1.4.0\Xray-linux-mips32le.zip       | LOCAL=5f2f8879db2d363f1cccd0340fc309350e001bb5db7c5798ff6613d3e24609e0 REMOTE=LOST
[ 311/3625] Checking is LOST | E:\01.userData\ZhuoMian\Github_Releases_批量下载 xray\Xray-core\v1.4.0\Xray-linux-mips64.zip         | LOCAL=652f15ac5e6dca6af3eed4cbd48464b3eb02673fb622c004d8a98f84b570484b REMOTE=LOST
[ 312/3625] Checking is LOST | E:\01.userData\ZhuoMian\Github_Releases_批量下载 xray\Xray-core\v1.4.0\Xray-linux-mips64le.zip       | LOCAL=61082a5854fdb0b0eea70227a7c027008315bf0751eb250425e8ca6658f0bff9 REMOTE=LOST
[ 313/3625] Checking is LOST | E:\01.userData\ZhuoMian\Github_Releases_批量下载 xray\Xray-core\v1.4.0\Xray-linux-ppc64.zip          | LOCAL=3f5b3bbb4397b8adcb1c63a48ccfdcf999ca9352f7589bb94effb5706dcb3a36 REMOTE=LOST
[ 314/3625] Checking is LOST | E:\01.userData\ZhuoMian\Github_Releases_批量下载 xray\Xray-core\v1.4.0\Xray-linux-ppc64le.zip        | LOCAL=c8147d9659a1a3dc58077772d0fb3bc1fcc680dd66badb8d16b56a09e71ffc79 REMOTE=LOST
[ 315/3625] Checking is LOST | E:\01.userData\ZhuoMian\Github_Releases_批量下载 xray\Xray-core\v1.4.0\Xray-linux-riscv64.zip        | LOCAL=f043e1373702462d349dd216e7736063b93c31606d03ccea6fd7baeec7357b1a REMOTE=LOST
[ 316/3625] Checking is LOST | E:\01.userData\ZhuoMian\Github_Releases_批量下载 xray\Xray-core\v1.4.0\Xray-linux-s390x.zip          | LOCAL=23e222b541478ed78bd0ff41659e3a29e30cde83f971f0fba5dcdc0a05b954ec REMOTE=LOST
[ 317/3625] Checking is LOST | E:\01.userData\ZhuoMian\Github_Releases_批量下载 xray\Xray-core\v1.4.0\Xray-macos-64.zip             | LOCAL=59cd13f719162a558e2cd90292977f014089a09bcccc02459568e23c8ff31a6d REMOTE=LOST
[ 318/3625] Checking is LOST | E:\01.userData\ZhuoMian\Github_Releases_批量下载 xray\Xray-core\v1.4.0\Xray-macos-arm64-v8a.zip      | LOCAL=2132f9c6b9f66c2a1b7a92dd98ba54222ad77f5a73eda038a532bd808aa142dc REMOTE=LOST
[ 319/3625] Checking is LOST | E:\01.userData\ZhuoMian\Github_Releases_批量下载 xray\Xray-core\v1.4.0\Xray-openbsd-32.zip           | LOCAL=11af6462db571d5dc487a016ceee9645b0872a5ddda155e9c91cb7f5c49761ac REMOTE=LOST
[ 320/3625] Checking is LOST | E:\01.userData\ZhuoMian\Github_Releases_批量下载 xray\Xray-core\v1.4.0\Xray-openbsd-64.zip           | LOCAL=76ba8ae34298b10444a94dd80234e95adcf46b2d19131bcf71808eed4447d5b6 REMOTE=LOST
[ 321/3625] Checking is LOST | E:\01.userData\ZhuoMian\Github_Releases_批量下载 xray\Xray-core\v1.4.0\Xray-openbsd-arm32-v7a.zip    | LOCAL=6d5d706f516579c0718e329764d5c731f523bdc5fa26718379b6e0394a55c1eb REMOTE=LOST
[ 322/3625] Checking is LOST | E:\01.userData\ZhuoMian\Github_Releases_批量下载 xray\Xray-core\v1.4.0\Xray-openbsd-arm64-v8a.zip    | LOCAL=439857fa29edccc232914e66e7f18225fd3eed1c94137e864d685d3c295ea3a1 REMOTE=LOST
[ 323/3625] Checking is LOST | E:\01.userData\ZhuoMian\Github_Releases_批量下载 xray\Xray-core\v1.4.0\Xray-windows-32.zip           | LOCAL=4b5170652d23094a9e9c451f2a5c5692b522c6a9d8f4124c378808d625eed801 REMOTE=LOST
[ 324/3625] Checking is LOST | E:\01.userData\ZhuoMian\Github_Releases_批量下载 xray\Xray-core\v1.4.0\Xray-windows-64.zip           | LOCAL=7b766d3dccecd0589c1dc15a7f461994a604909723de0ed72df8bcd5a2191416 REMOTE=LOST
[ 325/3625] Checking is LOST | E:\01.userData\ZhuoMian\Github_Releases_批量下载 xray\Xray-core\v1.4.0\Xray-windows-arm32-v7a.zip    | LOCAL=26af767a3a9c30e44da9ef8d8b7d50b400a72747ebc5b493853b30132a90bc0a REMOTE=LOST
[ 326/3625] Checking is LOST | E:\01.userData\ZhuoMian\Github_Releases_批量下载 xray\Xray-core\v1.4.2\Xray-android-arm64-v8a.zip    | LOCAL=a6b9edea9f74a7a7ce671b333c8f875e481baf5d64d3d0aa8d45141c05ce497c REMOTE=LOST
[ 327/3625] Checking is LOST | E:\01.userData\ZhuoMian\Github_Releases_批量下载 xray\Xray-core\v1.4.2\Xray-dragonfly-64.zip         | LOCAL=3cf237463dae7e9e932790a5b590345ca9bd72d15f71b0c74eadc6072b6c4d06 REMOTE=LOST
[ 328/3625] Checking is LOST | E:\01.userData\ZhuoMian\Github_Releases_批量下载 xray\Xray-core\v1.4.2\Xray-freebsd-32.zip           | LOCAL=7472e6a8b1d2122f656ca27fe636f7ec26fd2e70d9a035c1025470010461a788 REMOTE=LOST
[ 329/3625] Checking is LOST | E:\01.userData\ZhuoMian\Github_Releases_批量下载 xray\Xray-core\v1.4.2\Xray-freebsd-64.zip           | LOCAL=ed867df7552e628f72b68c098ac32a85637e91d8647add65eb68bd9a22ac7f5d REMOTE=LOST
[ 330/3625] Checking is LOST | E:\01.userData\ZhuoMian\Github_Releases_批量下载 xray\Xray-core\v1.4.2\Xray-freebsd-arm32-v7a.zip    | LOCAL=c64edfd3173bf8afe087e7904e7ea507544b65dd0061e862398b81f737788f5e REMOTE=LOST
[ 331/3625] Checking is LOST | E:\01.userData\ZhuoMian\Github_Releases_批量下载 xray\Xray-core\v1.4.2\Xray-freebsd-arm64-v8a.zip    | LOCAL=a4cddc65b95531207a163f3a2b81572bafd5bba79662b6fef35a80b9db5102d3 REMOTE=LOST
[ 332/3625] Checking is LOST | E:\01.userData\ZhuoMian\Github_Releases_批量下载 xray\Xray-core\v1.4.2\Xray-linux-32.zip             | LOCAL=7daa08065225461de58240631d24551cc7ff29d872c9948284f94424d6ff2289 REMOTE=LOST
[ 333/3625] Checking is LOST | E:\01.userData\ZhuoMian\Github_Releases_批量下载 xray\Xray-core\v1.4.2\Xray-linux-64.zip             | LOCAL=46ac5e708ccb01df75661ca5da1f0d8343fbafbd2c0734957b5b1635903f7c88 REMOTE=LOST
[ 334/3625] Checking is LOST | E:\01.userData\ZhuoMian\Github_Releases_批量下载 xray\Xray-core\v1.4.2\Xray-linux-arm32-v5.zip       | LOCAL=122946e765390920cfe81239e3befcf4eb33d1dbbc6a1175b9a99157ceff0c45 REMOTE=LOST
[ 335/3625] Checking is LOST | E:\01.userData\ZhuoMian\Github_Releases_批量下载 xray\Xray-core\v1.4.2\Xray-linux-arm32-v6.zip       | LOCAL=b89fbe700c2f5798a5c0dd591d32b3ab81237a43cec33a39a065f550441511d8 REMOTE=LOST
[ 336/3625] Checking is LOST | E:\01.userData\ZhuoMian\Github_Releases_批量下载 xray\Xray-core\v1.4.2\Xray-linux-arm32-v7a.zip      | LOCAL=e0768175ab801dc23dc01b78ca9db43adbdeb8dd86022b1274dea4475d6f3ad2 REMOTE=LOST
[ 337/3625] Checking is LOST | E:\01.userData\ZhuoMian\Github_Releases_批量下载 xray\Xray-core\v1.4.2\Xray-linux-arm64-v8a.zip      | LOCAL=3d105a6a7644265e7d4bb764e1fae015319d3825408af30f8fee5be883302a0c REMOTE=LOST
[ 338/3625] Checking is LOST | E:\01.userData\ZhuoMian\Github_Releases_批量下载 xray\Xray-core\v1.4.2\Xray-linux-mips32.zip         | LOCAL=be94693270e2e92e7ca3a30a9b17e327275ee71c9e993975cedcf00749e7e4b4 REMOTE=LOST
[ 339/3625] Checking is LOST | E:\01.userData\ZhuoMian\Github_Releases_批量下载 xray\Xray-core\v1.4.2\Xray-linux-mips32le.zip       | LOCAL=6eb7fa41ac2199fab646a335551657e1538dfc38ed058935fbf9c24a4973645a REMOTE=LOST
[ 340/3625] Checking is LOST | E:\01.userData\ZhuoMian\Github_Releases_批量下载 xray\Xray-core\v1.4.2\Xray-linux-mips64.zip         | LOCAL=906bbf93b7cf82eb796c896b2f03b0bc84e6e37f9c9d6cced967586246af89ee REMOTE=LOST
[ 341/3625] Checking is LOST | E:\01.userData\ZhuoMian\Github_Releases_批量下载 xray\Xray-core\v1.4.2\Xray-linux-mips64le.zip       | LOCAL=efd0b454a575594dcd9f4c092c559147b2e1550bde8b7d69ebda004f6692eb7c REMOTE=LOST
[ 342/3625] Checking is LOST | E:\01.userData\ZhuoMian\Github_Releases_批量下载 xray\Xray-core\v1.4.2\Xray-linux-ppc64.zip          | LOCAL=0f3af1bdb9bff1d000701dc7a28943c6601db84be1ca76e30f9d97adab177c52 REMOTE=LOST
[ 343/3625] Checking is LOST | E:\01.userData\ZhuoMian\Github_Releases_批量下载 xray\Xray-core\v1.4.2\Xray-linux-ppc64le.zip        | LOCAL=9f4b600d3a9ecbfee7e89b06c5079884b5b8b64b735fb3457d2a3a313f4b67c1 REMOTE=LOST
[ 344/3625] Checking is LOST | E:\01.userData\ZhuoMian\Github_Releases_批量下载 xray\Xray-core\v1.4.2\Xray-linux-riscv64.zip        | LOCAL=d19801a8a4886e4080ddf65eebbb84cd4fbb07debc947c7b6ad5e4e479639270 REMOTE=LOST
[ 345/3625] Checking is LOST | E:\01.userData\ZhuoMian\Github_Releases_批量下载 xray\Xray-core\v1.4.2\Xray-linux-s390x.zip          | LOCAL=0be43bdf6284544ccf8bbffcc1767c06b22d9f638ed85a63d91e26f9eb1bf4de REMOTE=LOST
[ 346/3625] Checking is LOST | E:\01.userData\ZhuoMian\Github_Releases_批量下载 xray\Xray-core\v1.4.2\Xray-macos-64.zip             | LOCAL=7228402b6700b6313587458f37094b7d2d8db3da41f3cfb2612b3cc469498116 REMOTE=LOST
[ 347/3625] Checking is LOST | E:\01.userData\ZhuoMian\Github_Releases_批量下载 xray\Xray-core\v1.4.2\Xray-macos-arm64-v8a.zip      | LOCAL=08f1fdf2bf740aefaaf049d1305c6206ef827b5fedbf738f97dcf01318638331 REMOTE=LOST
[ 348/3625] Checking is LOST | E:\01.userData\ZhuoMian\Github_Releases_批量下载 xray\Xray-core\v1.4.2\Xray-openbsd-32.zip           | LOCAL=17e807064483ae8ee2c84e4f483e91b1d33002f326e8f6c4b5608b72f8edf777 REMOTE=LOST
[ 349/3625] Checking is LOST | E:\01.userData\ZhuoMian\Github_Releases_批量下载 xray\Xray-core\v1.4.2\Xray-openbsd-64.zip           | LOCAL=77c39e15d91e1c70206a878c07b6762a54a263efe453bc211e452ef3a6a189d6 REMOTE=LOST
[ 350/3625] Checking is LOST | E:\01.userData\ZhuoMian\Github_Releases_批量下载 xray\Xray-core\v1.4.2\Xray-openbsd-arm32-v7a.zip    | LOCAL=d9304b1abc01704970512519e79f5491beb04324b202d14b1697274dea3c2cdc REMOTE=LOST
[ 351/3625] Checking is LOST | E:\01.userData\ZhuoMian\Github_Releases_批量下载 xray\Xray-core\v1.4.2\Xray-openbsd-arm64-v8a.zip    | LOCAL=c3c22a382b57748cf21c71e1c14ce48f27ad5792b943b71a82bb7459da4fa87d REMOTE=LOST
[ 352/3625] Checking is LOST | E:\01.userData\ZhuoMian\Github_Releases_批量下载 xray\Xray-core\v1.4.2\Xray-windows-32.zip           | LOCAL=26228d6e75c9ba49578838e0b933bcda20a8f766534516b23dc03dc8a185685b REMOTE=LOST
[ 353/3625] Checking is LOST | E:\01.userData\ZhuoMian\Github_Releases_批量下载 xray\Xray-core\v1.4.2\Xray-windows-64.zip           | LOCAL=24d9b41c20d6e8db64aa5db5de234bbbc07fd42c185f5ec18c39d4ba386cd276 REMOTE=LOST
[ 354/3625] Checking is LOST | E:\01.userData\ZhuoMian\Github_Releases_批量下载 xray\Xray-core\v1.4.2\Xray-windows-arm32-v7a.zip    | LOCAL=dbe36c2899c421a13191b8ea015112fb9aa646e56a7db82f649b31dcc585befe REMOTE=LOST
[ 355/3625] Checking is LOST | E:\01.userData\ZhuoMian\Github_Releases_批量下载 xray\Xray-core\v1.4.3\Xray-android-arm64-v8a.zip    | LOCAL=1599a5e03af236e4c76a102565c719baa4fef9834760b88252a3d2497e056519 REMOTE=LOST
[ 356/3625] Checking is LOST | E:\01.userData\ZhuoMian\Github_Releases_批量下载 xray\Xray-core\v1.4.3\Xray-dragonfly-64.zip         | LOCAL=5731ab858b6dead7e3b9e33f85983461f754cd0d50144c85e09a2cdcb3e915bf REMOTE=LOST
[ 357/3625] Checking is LOST | E:\01.userData\ZhuoMian\Github_Releases_批量下载 xray\Xray-core\v1.4.3\Xray-freebsd-32.zip           | LOCAL=48c1f58f79ba157a3b4790f4fbdc84c56dfb47b4ee11c584e84133960642655a REMOTE=LOST
[ 358/3625] Checking is LOST | E:\01.userData\ZhuoMian\Github_Releases_批量下载 xray\Xray-core\v1.4.3\Xray-freebsd-64.zip           | LOCAL=928d1c6c144ff141791d5e40fb509a73cb9fbc1ca6a01ff514b8d13f1a2e35cd REMOTE=LOST
[ 359/3625] Checking is LOST | E:\01.userData\ZhuoMian\Github_Releases_批量下载 xray\Xray-core\v1.4.3\Xray-freebsd-arm32-v7a.zip    | LOCAL=eafc8d26165dfc0502cfebe2305707872e24202abaebc0da27cb1d4d98a75da8 REMOTE=LOST
[ 360/3625] Checking is LOST | E:\01.userData\ZhuoMian\Github_Releases_批量下载 xray\Xray-core\v1.4.3\Xray-freebsd-arm64-v8a.zip    | LOCAL=5500140798da1c6c92538c84cc32da70772672502100d7b609e4d2df6aa7e8d9 REMOTE=LOST
[ 361/3625] Checking is LOST | E:\01.userData\ZhuoMian\Github_Releases_批量下载 xray\Xray-core\v1.4.3\Xray-linux-32.zip             | LOCAL=548789078bee421f11872cce4727730250ca415d535a8a02dd00507c38afaeb0 REMOTE=LOST
[ 362/3625] Checking is LOST | E:\01.userData\ZhuoMian\Github_Releases_批量下载 xray\Xray-core\v1.4.3\Xray-linux-64.zip             | LOCAL=bf2eb7ce6024ad5a6e8aaa1550acf82f76101614b9095cfacf55c90cbb9bafe7 REMOTE=LOST
[ 363/3625] Checking is LOST | E:\01.userData\ZhuoMian\Github_Releases_批量下载 xray\Xray-core\v1.4.3\Xray-linux-arm32-v5.zip       | LOCAL=4201c298e659cc4045cb3813f328347ecf9e5e07e5bb1db453c4f499c8e625ee REMOTE=LOST
[ 364/3625] Checking is LOST | E:\01.userData\ZhuoMian\Github_Releases_批量下载 xray\Xray-core\v1.4.3\Xray-linux-arm32-v6.zip       | LOCAL=5ef73a8c3ba816d6bfff7ed26892e2308419702b6185bf33eec055a470fd2c96 REMOTE=LOST
[ 365/3625] Checking is LOST | E:\01.userData\ZhuoMian\Github_Releases_批量下载 xray\Xray-core\v1.4.3\Xray-linux-arm32-v7a.zip      | LOCAL=9c332dcb3614574259b82c78903026ced653426dcd36fcfa6b937f7110e85e08 REMOTE=LOST
[ 366/3625] Checking is LOST | E:\01.userData\ZhuoMian\Github_Releases_批量下载 xray\Xray-core\v1.4.3\Xray-linux-arm64-v8a.zip      | LOCAL=87545101ecfe77e144d863a55cc809db8a95d142d0ddab1631f2b6f5a148ce7e REMOTE=LOST
[ 367/3625] Checking is LOST | E:\01.userData\ZhuoMian\Github_Releases_批量下载 xray\Xray-core\v1.4.3\Xray-linux-mips32.zip         | LOCAL=e6cf25df0584720a9b33f05d5a4972bd68c881676329244f6e840292948c9fc9 REMOTE=LOST
[ 368/3625] Checking is LOST | E:\01.userData\ZhuoMian\Github_Releases_批量下载 xray\Xray-core\v1.4.3\Xray-linux-mips32le.zip       | LOCAL=d39f2ac134bc1a7ce96698b894a4356ee946dd0e33d53168a59293e78b6da78b REMOTE=LOST
[ 369/3625] Checking is LOST | E:\01.userData\ZhuoMian\Github_Releases_批量下载 xray\Xray-core\v1.4.3\Xray-linux-mips64.zip         | LOCAL=3f17a4e47a0560659cbcfab6f6a359b0be14cb6c30bf69d13e649bc752220a83 REMOTE=LOST
[ 370/3625] Checking is LOST | E:\01.userData\ZhuoMian\Github_Releases_批量下载 xray\Xray-core\v1.4.3\Xray-linux-mips64le.zip       | LOCAL=08896b7e839d91e744a21821032efdee20544f94027d156bd885a85bb2492d40 REMOTE=LOST
[ 371/3625] Checking is LOST | E:\01.userData\ZhuoMian\Github_Releases_批量下载 xray\Xray-core\v1.4.3\Xray-linux-ppc64.zip          | LOCAL=c3ebfb3f6b79cf80b1ea6f14cc26353fcf66c561efa9203d72e722dc54b895af REMOTE=LOST
[ 372/3625] Checking is LOST | E:\01.userData\ZhuoMian\Github_Releases_批量下载 xray\Xray-core\v1.4.3\Xray-linux-ppc64le.zip        | LOCAL=2ab58263be5f09201dad22a440582c2f59b210dca0d0dc6d0ce9c695f2f6b3c3 REMOTE=LOST
[ 373/3625] Checking is LOST | E:\01.userData\ZhuoMian\Github_Releases_批量下载 xray\Xray-core\v1.4.3\Xray-linux-riscv64.zip        | LOCAL=cf1ea89c5ddcd656fbd11e70c57c884a8980a7482e942fe8f6d517a237bf225c REMOTE=LOST
[ 374/3625] Checking is LOST | E:\01.userData\ZhuoMian\Github_Releases_批量下载 xray\Xray-core\v1.4.3\Xray-linux-s390x.zip          | LOCAL=fb8ecc70f75c4f42c20d9369e21f6cdeb59c7dc83a8b80f67993b92db24fd8c2 REMOTE=LOST
[ 375/3625] Checking is LOST | E:\01.userData\ZhuoMian\Github_Releases_批量下载 xray\Xray-core\v1.4.3\Xray-macos-64.zip             | LOCAL=2912b02df3cc502677b5facb947b5219961a2620194d1c4d6d8303a5e5264f70 REMOTE=LOST
[ 376/3625] Checking is LOST | E:\01.userData\ZhuoMian\Github_Releases_批量下载 xray\Xray-core\v1.4.3\Xray-macos-arm64-v8a.zip      | LOCAL=17d007ba67be2ef1630762b105f89bc1ea08e6709a877bb618cc1523cca51e70 REMOTE=LOST
[ 377/3625] Checking is LOST | E:\01.userData\ZhuoMian\Github_Releases_批量下载 xray\Xray-core\v1.4.3\Xray-openbsd-32.zip           | LOCAL=0af810714c3de1bc72790508379a419fad4c6503e24bc5f9a33f89e5bfaba600 REMOTE=LOST
[ 378/3625] Checking is LOST | E:\01.userData\ZhuoMian\Github_Releases_批量下载 xray\Xray-core\v1.4.3\Xray-openbsd-64.zip           | LOCAL=424a3ff4696b228148f3d99b19bb97479a2a2dce4f6481d56919e0c38faba48a REMOTE=LOST
[ 379/3625] Checking is LOST | E:\01.userData\ZhuoMian\Github_Releases_批量下载 xray\Xray-core\v1.4.3\Xray-openbsd-arm32-v7a.zip    | LOCAL=e5e4f94a422f4c8b74f1233f0a00dfda4537ab0bda20b5dfab4ddbf6e7d7c115 REMOTE=LOST
[ 380/3625] Checking is LOST | E:\01.userData\ZhuoMian\Github_Releases_批量下载 xray\Xray-core\v1.4.3\Xray-openbsd-arm64-v8a.zip    | LOCAL=dd9b5feb41b89ede6edc43d30de7bfa45559b4ee2070bfb078148161c4e12859 REMOTE=LOST
[ 381/3625] Checking is LOST | E:\01.userData\ZhuoMian\Github_Releases_批量下载 xray\Xray-core\v1.4.3\Xray-windows-32.zip           | LOCAL=783f1f0dac8fa5d30e463c145743d47aeb948065b8bfd404c1d59a2403c49d95 REMOTE=LOST
[ 382/3625] Checking is LOST | E:\01.userData\ZhuoMian\Github_Releases_批量下载 xray\Xray-core\v1.4.3\Xray-windows-64.zip           | LOCAL=77ef50d5a22c89a616e8f698584d074656e615184ff7be96d060b4626d3ee68c REMOTE=LOST
[ 383/3625] Checking is LOST | E:\01.userData\ZhuoMian\Github_Releases_批量下载 xray\Xray-core\v1.4.3\Xray-windows-arm32-v7a.zip    | LOCAL=d04cc018a7848e09bafa7b4b7e573e01c148ac29f71b91db3d3572f96b449fc9 REMOTE=LOST
[ 384/3625] Checking is LOST | E:\01.userData\ZhuoMian\Github_Releases_批量下载 xray\Xray-core\v1.4.5\Xray-android-arm64-v8a.zip    | LOCAL=1bc5d24d83c896860e478c79f18f0ce755141fdc96e21cc4167e56dd758eb5a9 REMOTE=LOST
[ 385/3625] Checking is LOST | E:\01.userData\ZhuoMian\Github_Releases_批量下载 xray\Xray-core\v1.4.5\Xray-dragonfly-64.zip         | LOCAL=e7bc69441daa0c35f57bf1111e546ee21ac19649911c91f8acb5c8df7204f246 REMOTE=LOST
[ 386/3625] Checking is LOST | E:\01.userData\ZhuoMian\Github_Releases_批量下载 xray\Xray-core\v1.4.5\Xray-freebsd-32.zip           | LOCAL=f543da0464f9f76a3dcd6de966fb151ee1062a50a53f00b2a68cee698b0850fe REMOTE=LOST
[ 387/3625] Checking is LOST | E:\01.userData\ZhuoMian\Github_Releases_批量下载 xray\Xray-core\v1.4.5\Xray-freebsd-64.zip           | LOCAL=85ac4b77b05f2c0a4cd0e79af11c9484a60efb83f65a6dab9390c92cfbc9d47e REMOTE=LOST
[ 388/3625] Checking is LOST | E:\01.userData\ZhuoMian\Github_Releases_批量下载 xray\Xray-core\v1.4.5\Xray-freebsd-arm32-v7a.zip    | LOCAL=698049e00f87508a81557e82d3bef5338b5cc0b13293cc6abfa92c7c80fd4c65 REMOTE=LOST
[ 389/3625] Checking is LOST | E:\01.userData\ZhuoMian\Github_Releases_批量下载 xray\Xray-core\v1.4.5\Xray-freebsd-arm64-v8a.zip    | LOCAL=359590200df6a91651cf9416176b7fd608230c3b87c445fe5ab45e1d44e122c4 REMOTE=LOST
[ 390/3625] Checking is LOST | E:\01.userData\ZhuoMian\Github_Releases_批量下载 xray\Xray-core\v1.4.5\Xray-linux-32.zip             | LOCAL=8758ad2cda8d65c0aca92bb4f2765dc1818e83868cde3e14b69c55e58a4713d4 REMOTE=LOST
[ 391/3625] Checking is LOST | E:\01.userData\ZhuoMian\Github_Releases_批量下载 xray\Xray-core\v1.4.5\Xray-linux-64.zip             | LOCAL=82283c8a7e84c27a34bc71ab43f4f4ba3f3ca143972050bd6a4d15ef22995864 REMOTE=LOST
[ 392/3625] Checking is LOST | E:\01.userData\ZhuoMian\Github_Releases_批量下载 xray\Xray-core\v1.4.5\Xray-linux-arm32-v5.zip       | LOCAL=1cda9d20e29a802c028bb4ec2f88aa60ac0aa4e056df8f2efb8aba41a7f2de3e REMOTE=LOST
[ 393/3625] Checking is LOST | E:\01.userData\ZhuoMian\Github_Releases_批量下载 xray\Xray-core\v1.4.5\Xray-linux-arm32-v6.zip       | LOCAL=3ff10a94de17e1f74df511869463f5cb7a9f1cfe5c2d2872c58640ffabb06217 REMOTE=LOST
[ 394/3625] Checking is LOST | E:\01.userData\ZhuoMian\Github_Releases_批量下载 xray\Xray-core\v1.4.5\Xray-linux-arm32-v7a.zip      | LOCAL=9994aad6cb57a0495af4df976ab04486a44b85c72d7d0347252237805b09e9c1 REMOTE=LOST
[ 395/3625] Checking is LOST | E:\01.userData\ZhuoMian\Github_Releases_批量下载 xray\Xray-core\v1.4.5\Xray-linux-arm64-v8a.zip      | LOCAL=ebcd6ffcf0e780b4b17d2c945b6e7d283ef7b4bda37eb2558440f3e53b49afe5 REMOTE=LOST
[ 396/3625] Checking is LOST | E:\01.userData\ZhuoMian\Github_Releases_批量下载 xray\Xray-core\v1.4.5\Xray-linux-mips32.zip         | LOCAL=eb73c2c53fe3fb986036c78b04c384b926a857d883497292e935446b0274939f REMOTE=LOST
[ 397/3625] Checking is LOST | E:\01.userData\ZhuoMian\Github_Releases_批量下载 xray\Xray-core\v1.4.5\Xray-linux-mips32le.zip       | LOCAL=95d719b2cb3555c74a282b49d92bc682e0bfe6851ad852b879459a05366e44fc REMOTE=LOST
[ 398/3625] Checking is LOST | E:\01.userData\ZhuoMian\Github_Releases_批量下载 xray\Xray-core\v1.4.5\Xray-linux-mips64.zip         | LOCAL=69173dd8a841f232781d7eba79893f189f29c0ebadefd25d1767d2a0d1edcd49 REMOTE=LOST
[ 399/3625] Checking is LOST | E:\01.userData\ZhuoMian\Github_Releases_批量下载 xray\Xray-core\v1.4.5\Xray-linux-mips64le.zip       | LOCAL=85e1ad73faaba364138ef673f9d75c138762432c42101fcb6fb9e0dc89c55176 REMOTE=LOST
[ 400/3625] Checking is LOST | E:\01.userData\ZhuoMian\Github_Releases_批量下载 xray\Xray-core\v1.4.5\Xray-linux-ppc64.zip          | LOCAL=396ce076e5884ee12f51758277b62f78a5c8bd4cf74edbfa83ac6e651178087b REMOTE=LOST
[ 401/3625] Checking is LOST | E:\01.userData\ZhuoMian\Github_Releases_批量下载 xray\Xray-core\v1.4.5\Xray-linux-ppc64le.zip        | LOCAL=11891a0adaa0c015a210059b950ee8fe6fe36ce3724879990b32fb7928a725c3 REMOTE=LOST
[ 402/3625] Checking is LOST | E:\01.userData\ZhuoMian\Github_Releases_批量下载 xray\Xray-core\v1.4.5\Xray-linux-riscv64.zip        | LOCAL=a48265963e97d21a5b3b32271b555873c1addbe1f6fe47af35afd0770c174f93 REMOTE=LOST
[ 403/3625] Checking is LOST | E:\01.userData\ZhuoMian\Github_Releases_批量下载 xray\Xray-core\v1.4.5\Xray-linux-s390x.zip          | LOCAL=39d877bd0fe948fe0c05517a46d0b8742710123bb5755c7b9fa4e90a37c990d1 REMOTE=LOST
[ 404/3625] Checking is LOST | E:\01.userData\ZhuoMian\Github_Releases_批量下载 xray\Xray-core\v1.4.5\Xray-macos-64.zip             | LOCAL=9ee1074559ae4e8b54d22c4dfab502982482b0915d5f73b5bda9c201c1d127b3 REMOTE=LOST
[ 405/3625] Checking is LOST | E:\01.userData\ZhuoMian\Github_Releases_批量下载 xray\Xray-core\v1.4.5\Xray-macos-arm64-v8a.zip      | LOCAL=e9464eca14fad3c728d474fd890f1fb8b45a52fac4e4e01cfc6bf0a56a77251f REMOTE=LOST
[ 406/3625] Checking is LOST | E:\01.userData\ZhuoMian\Github_Releases_批量下载 xray\Xray-core\v1.4.5\Xray-openbsd-32.zip           | LOCAL=2c228ff640d708ad35e31431073dbc8ca53866ab47b224ab8198fec199b5c808 REMOTE=LOST
[ 407/3625] Checking is LOST | E:\01.userData\ZhuoMian\Github_Releases_批量下载 xray\Xray-core\v1.4.5\Xray-openbsd-64.zip           | LOCAL=9807b2ac74b599a285a6c22de781e51c9db0745e135516f0b0f1462e4776da35 REMOTE=LOST
[ 408/3625] Checking is LOST | E:\01.userData\ZhuoMian\Github_Releases_批量下载 xray\Xray-core\v1.4.5\Xray-openbsd-arm32-v7a.zip    | LOCAL=4542f43088290683e7ec982ba3aaec7686ed64d402729c8c726b3bcf5475d724 REMOTE=LOST
[ 409/3625] Checking is LOST | E:\01.userData\ZhuoMian\Github_Releases_批量下载 xray\Xray-core\v1.4.5\Xray-openbsd-arm64-v8a.zip    | LOCAL=6d51d2c2b5cd072b54caeb2a90cddd685600793d2c710465d9bc4cb393bff15d REMOTE=LOST
[ 410/3625] Checking is LOST | E:\01.userData\ZhuoMian\Github_Releases_批量下载 xray\Xray-core\v1.4.5\Xray-windows-32.zip           | LOCAL=2c5f37c67a8e1ffb1f0b1afa7b638daf03ac23fe0a11bcc43c0bf386a92b1c2b REMOTE=LOST
[ 411/3625] Checking is LOST | E:\01.userData\ZhuoMian\Github_Releases_批量下载 xray\Xray-core\v1.4.5\Xray-windows-64.zip           | LOCAL=dac09a3095136da479124bfa6f6ab68542f90f6f8c14904e6ba8d2e44df49dd9 REMOTE=LOST
[ 412/3625] Checking is LOST | E:\01.userData\ZhuoMian\Github_Releases_批量下载 xray\Xray-core\v1.4.5\Xray-windows-arm32-v7a.zip    | LOCAL=f12109b9595e74995ecbfaa0246b6d943b2f15b823fac4ed2e8cea1f61b1a2a7 REMOTE=LOST
[ 413/3625] Checking is LOST | E:\01.userData\ZhuoMian\Github_Releases_批量下载 xray\Xray-core\v1.5.0\Xray-android-arm64-v8a.zip    | LOCAL=438693defb5fe1a7a7b80ab1e4941343f3983bc185661ec281b7b2361ead1c85 REMOTE=LOST
[ 414/3625] Checking is LOST | E:\01.userData\ZhuoMian\Github_Releases_批量下载 xray\Xray-core\v1.5.0\Xray-dragonfly-64.zip         | LOCAL=9c9d3ff6cd735baf6f33acef25b231b279c4003401b862f12c132aee0c11e1f5 REMOTE=LOST
[ 415/3625] Checking is LOST | E:\01.userData\ZhuoMian\Github_Releases_批量下载 xray\Xray-core\v1.5.0\Xray-freebsd-32.zip           | LOCAL=63eccf8c3b0cd453568e358965a1a1df3bf05f3a611040c9cb12e2dcbd19dd28 REMOTE=LOST
[ 416/3625] Checking is LOST | E:\01.userData\ZhuoMian\Github_Releases_批量下载 xray\Xray-core\v1.5.0\Xray-freebsd-64.zip           | LOCAL=b8d9e10fa7ae00358048a602c636f779c1c006a327787eae3efd3b98dfad0ec5 REMOTE=LOST
[ 417/3625] Checking is LOST | E:\01.userData\ZhuoMian\Github_Releases_批量下载 xray\Xray-core\v1.5.0\Xray-freebsd-arm32-v7a.zip    | LOCAL=a7b230241a5ffe35290ba0ebf90b1311bdad3c7c776b17c40d1655d910e632fb REMOTE=LOST
[ 418/3625] Checking is LOST | E:\01.userData\ZhuoMian\Github_Releases_批量下载 xray\Xray-core\v1.5.0\Xray-freebsd-arm64-v8a.zip    | LOCAL=4676232e6cc574c334acab89db1edae7edfbd9f84efff622c11030d40c66e030 REMOTE=LOST
[ 419/3625] Checking is LOST | E:\01.userData\ZhuoMian\Github_Releases_批量下载 xray\Xray-core\v1.5.0\Xray-linux-32.zip             | LOCAL=c4a9a72a3bc078886da74725c4747acf1e83f2bdbfffe851d9d092732923374f REMOTE=LOST
[ 420/3625] Checking is LOST | E:\01.userData\ZhuoMian\Github_Releases_批量下载 xray\Xray-core\v1.5.0\Xray-linux-64.zip             | LOCAL=db85e64e5b7df678dd974926888c320405d3b4b03f3b99895802dc3ff2028fbe REMOTE=LOST
[ 421/3625] Checking is LOST | E:\01.userData\ZhuoMian\Github_Releases_批量下载 xray\Xray-core\v1.5.0\Xray-linux-arm32-v5.zip       | LOCAL=91e5ad12f5710f41500a3dde96c701014cca3354a335a845cac7b254ac890159 REMOTE=LOST
[ 422/3625] Checking is LOST | E:\01.userData\ZhuoMian\Github_Releases_批量下载 xray\Xray-core\v1.5.0\Xray-linux-arm32-v6.zip       | LOCAL=16b8a88ff7ed9dec08fc70db4ea0a43a041ce86c41bd6235562bc30094535703 REMOTE=LOST
[ 423/3625] Checking is LOST | E:\01.userData\ZhuoMian\Github_Releases_批量下载 xray\Xray-core\v1.5.0\Xray-linux-arm32-v7a.zip      | LOCAL=b76458183af207f00c3b4540d81b2ddad3241f61bf4c22c131ca57413fba47f0 REMOTE=LOST
[ 424/3625] Checking is LOST | E:\01.userData\ZhuoMian\Github_Releases_批量下载 xray\Xray-core\v1.5.0\Xray-linux-arm64-v8a.zip      | LOCAL=c8442cc65106b82581c641c63f7a9c41785bbb516c631cbaa622cf845c7ec519 REMOTE=LOST
[ 425/3625] Checking is LOST | E:\01.userData\ZhuoMian\Github_Releases_批量下载 xray\Xray-core\v1.5.0\Xray-linux-mips32.zip         | LOCAL=caa6714e6d37830f4c289cdc5aef7ef06248ed8c18c85ac09b027cd318af7d62 REMOTE=LOST
[ 426/3625] Checking is LOST | E:\01.userData\ZhuoMian\Github_Releases_批量下载 xray\Xray-core\v1.5.0\Xray-linux-mips32le.zip       | LOCAL=e42ac870fcd9469ebdc6644c082349cef97283e502df256d44f849e7d3947037 REMOTE=LOST
[ 427/3625] Checking is LOST | E:\01.userData\ZhuoMian\Github_Releases_批量下载 xray\Xray-core\v1.5.0\Xray-linux-mips64.zip         | LOCAL=5d3246ef6c27142c3a8c21d07e1c07827509beecf3270bd52654522e2a7525db REMOTE=LOST
[ 428/3625] Checking is LOST | E:\01.userData\ZhuoMian\Github_Releases_批量下载 xray\Xray-core\v1.5.0\Xray-linux-mips64le.zip       | LOCAL=5186e2d61f7e2eb1a0d54121cedbeac78d8ed613df4143c5c988f19e479dc011 REMOTE=LOST
[ 429/3625] Checking is LOST | E:\01.userData\ZhuoMian\Github_Releases_批量下载 xray\Xray-core\v1.5.0\Xray-linux-ppc64.zip          | LOCAL=dae6bf7f16693db042cff0d8bc31fd5d65adea84252ee350fdd27322a35882cb REMOTE=LOST
[ 430/3625] Checking is LOST | E:\01.userData\ZhuoMian\Github_Releases_批量下载 xray\Xray-core\v1.5.0\Xray-linux-ppc64le.zip        | LOCAL=7ce35fbffb4dcb6010719ed68519591a62051051b5e64a72551ac016caf6a370 REMOTE=LOST
[ 431/3625] Checking is LOST | E:\01.userData\ZhuoMian\Github_Releases_批量下载 xray\Xray-core\v1.5.0\Xray-linux-riscv64.zip        | LOCAL=e1a304f2e182964e7743623e9b4416bd9f77c03d25e772442bae841a449ff031 REMOTE=LOST
[ 432/3625] Checking is LOST | E:\01.userData\ZhuoMian\Github_Releases_批量下载 xray\Xray-core\v1.5.0\Xray-linux-s390x.zip          | LOCAL=4f831e7ec353eb3310e0a55260a97ba6e9a60b1a494adb04729701fe1018ecf0 REMOTE=LOST
[ 433/3625] Checking is LOST | E:\01.userData\ZhuoMian\Github_Releases_批量下载 xray\Xray-core\v1.5.0\Xray-macos-64.zip             | LOCAL=7ac3df222b6f00a31db8a30c86dd73e1ffbff968f9668bc81d217baaf7512cd6 REMOTE=LOST
[ 434/3625] Checking is LOST | E:\01.userData\ZhuoMian\Github_Releases_批量下载 xray\Xray-core\v1.5.0\Xray-macos-arm64-v8a.zip      | LOCAL=9e46336a002d60a604f67fb5e7e706d89660df2d3ce8d974fc68808cbed6cf7f REMOTE=LOST
[ 435/3625] Checking is LOST | E:\01.userData\ZhuoMian\Github_Releases_批量下载 xray\Xray-core\v1.5.0\Xray-openbsd-32.zip           | LOCAL=9acd2db65f4c5eadb62ee5d28b4fe4bdb18555a83aea4a122385d139125b09be REMOTE=LOST
[ 436/3625] Checking is LOST | E:\01.userData\ZhuoMian\Github_Releases_批量下载 xray\Xray-core\v1.5.0\Xray-openbsd-64.zip           | LOCAL=59ec18f0ce054ef3b87325564c3001993b1c99c2df0909fdd5d89ea336fea76a REMOTE=LOST
[ 437/3625] Checking is LOST | E:\01.userData\ZhuoMian\Github_Releases_批量下载 xray\Xray-core\v1.5.0\Xray-openbsd-arm32-v7a.zip    | LOCAL=96d0a69f05101b265a7c63190707546742579d238cdb6a5f72567e7a613a98a9 REMOTE=LOST
[ 438/3625] Checking is LOST | E:\01.userData\ZhuoMian\Github_Releases_批量下载 xray\Xray-core\v1.5.0\Xray-openbsd-arm64-v8a.zip    | LOCAL=26a9f9e40fb1ee31b2b9e4ce932f05d5212b2f7e5959db1741ca615b46cac693 REMOTE=LOST
[ 439/3625] Checking is LOST | E:\01.userData\ZhuoMian\Github_Releases_批量下载 xray\Xray-core\v1.5.0\Xray-windows-32.zip           | LOCAL=ec8ef645e216f28e2d1ed976d6c85189042034e5bb4cf0c8e630841e3f454721 REMOTE=LOST
[ 440/3625] Checking is LOST | E:\01.userData\ZhuoMian\Github_Releases_批量下载 xray\Xray-core\v1.5.0\Xray-windows-64.zip           | LOCAL=e853db777680b6f5388170cefae3c0769f40e5fbb199433dc7124295eb2e4ab8 REMOTE=LOST
[ 441/3625] Checking is LOST | E:\01.userData\ZhuoMian\Github_Releases_批量下载 xray\Xray-core\v1.5.0\Xray-windows-arm32-v7a.zip    | LOCAL=17e4f8bf4a74c32482d53c9597b0d47fc4641a2b4345f2b10ef9ba7690e8d252 REMOTE=LOST
[ 442/3625] Checking is LOST | E:\01.userData\ZhuoMian\Github_Releases_批量下载 xray\Xray-core\v1.5.0\Xray-windows-arm64-v8a.zip    | LOCAL=091c388f34d2bad41b0526a9df809565fdd1b7ea589a04b87d1c67314e55348c REMOTE=LOST
[ 443/3625] Checking is LOST | E:\01.userData\ZhuoMian\Github_Releases_批量下载 xray\Xray-core\v1.5.1\Xray-android-arm64-v8a.zip    | LOCAL=7695758629d330780c5dda57f316918310bcd8b4f801f1240c5145f3ff5b9269 REMOTE=LOST
[ 444/3625] Checking is LOST | E:\01.userData\ZhuoMian\Github_Releases_批量下载 xray\Xray-core\v1.5.1\Xray-dragonfly-64.zip         | LOCAL=16325226b42bbc793cb8e0153af67157ee48eb8a4b186e14b7d0c41b96c37639 REMOTE=LOST
[ 445/3625] Checking is LOST | E:\01.userData\ZhuoMian\Github_Releases_批量下载 xray\Xray-core\v1.5.1\Xray-freebsd-32.zip           | LOCAL=b9a249023765398c7b42c6ff929bc2074700e319fb2bd9ef189d5f4e9f44239c REMOTE=LOST
[ 446/3625] Checking is LOST | E:\01.userData\ZhuoMian\Github_Releases_批量下载 xray\Xray-core\v1.5.1\Xray-freebsd-64.zip           | LOCAL=02389610f17fa9aa1c50703cb17333815d4f68878d8b5ec5cc2a286ddeefb768 REMOTE=LOST
[ 447/3625] Checking is LOST | E:\01.userData\ZhuoMian\Github_Releases_批量下载 xray\Xray-core\v1.5.1\Xray-freebsd-arm32-v7a.zip    | LOCAL=817acbb8c508033def101e9de4d0b085d595044bf8e8df9233f52d5228471f13 REMOTE=LOST
[ 448/3625] Checking is LOST | E:\01.userData\ZhuoMian\Github_Releases_批量下载 xray\Xray-core\v1.5.1\Xray-freebsd-arm64-v8a.zip    | LOCAL=d95186f2460118949a98d8abe790f5516d9d454846d41bfe3e36771fcd1422a5 REMOTE=LOST
[ 449/3625] Checking is LOST | E:\01.userData\ZhuoMian\Github_Releases_批量下载 xray\Xray-core\v1.5.1\Xray-linux-32.zip             | LOCAL=9758e939855a214fd1a396566c288f63e6e87c10a651e6f0e8f5142ed23d3114 REMOTE=LOST
[ 450/3625] Checking is LOST | E:\01.userData\ZhuoMian\Github_Releases_批量下载 xray\Xray-core\v1.5.1\Xray-linux-64.zip             | LOCAL=b5710e24187e922e474163c3fab30b111189a673b98397d48ae14cb593f19ebf REMOTE=LOST
[ 451/3625] Checking is LOST | E:\01.userData\ZhuoMian\Github_Releases_批量下载 xray\Xray-core\v1.5.1\Xray-linux-arm32-v5.zip       | LOCAL=8b898e3da321330ce4cfde280712ec8dc3979d135d7062f6aa9cf9ab992d6345 REMOTE=LOST
[ 452/3625] Checking is LOST | E:\01.userData\ZhuoMian\Github_Releases_批量下载 xray\Xray-core\v1.5.1\Xray-linux-arm32-v6.zip       | LOCAL=dc7b8c646a6e2268052004f34c33b61d7668ba2bb059d3d6c21ac6af3b9c8529 REMOTE=LOST
[ 453/3625] Checking is LOST | E:\01.userData\ZhuoMian\Github_Releases_批量下载 xray\Xray-core\v1.5.1\Xray-linux-arm32-v7a.zip      | LOCAL=39815d4c5ea30a72ed007d2ac416cc651d9faa6db9d78764b60ba38f38c928fd REMOTE=LOST
[ 454/3625] Checking is LOST | E:\01.userData\ZhuoMian\Github_Releases_批量下载 xray\Xray-core\v1.5.1\Xray-linux-arm64-v8a.zip      | LOCAL=5833ee4499751a7060f466934bde55261af4ad3b1bb23cb8dd9506bc33fe61cf REMOTE=LOST
[ 455/3625] Checking is LOST | E:\01.userData\ZhuoMian\Github_Releases_批量下载 xray\Xray-core\v1.5.1\Xray-linux-mips32.zip         | LOCAL=3c240e1ec2820ac8c48e3783445b8ecb3e07799ff59c5031d13357020151cb68 REMOTE=LOST
[ 456/3625] Checking is LOST | E:\01.userData\ZhuoMian\Github_Releases_批量下载 xray\Xray-core\v1.5.1\Xray-linux-mips32le.zip       | LOCAL=6ea6f80cff025d63b8e0f8495be2f7323df90652c9c8384d6f43c6145c3ff342 REMOTE=LOST
[ 457/3625] Checking is LOST | E:\01.userData\ZhuoMian\Github_Releases_批量下载 xray\Xray-core\v1.5.1\Xray-linux-mips64.zip         | LOCAL=8d89abd901dea1e49dcd5d4a941b46ba0fbda31530479b3c0de0cee534c758cf REMOTE=LOST
[ 458/3625] Checking is LOST | E:\01.userData\ZhuoMian\Github_Releases_批量下载 xray\Xray-core\v1.5.1\Xray-linux-mips64le.zip       | LOCAL=fac368caaba919df5984d602f949dbf37d7ab2fe76542ba83e47ab5e3241952a REMOTE=LOST
[ 459/3625] Checking is LOST | E:\01.userData\ZhuoMian\Github_Releases_批量下载 xray\Xray-core\v1.5.1\Xray-linux-ppc64.zip          | LOCAL=edae9b13eca6d7577d18f4a809f669aed59c9f71852305653ee62b6c044fe590 REMOTE=LOST
[ 460/3625] Checking is LOST | E:\01.userData\ZhuoMian\Github_Releases_批量下载 xray\Xray-core\v1.5.1\Xray-linux-ppc64le.zip        | LOCAL=dfe59b9b8b5346a41f66fdf1f6e9784989ba63c1740524d8cedce127f0ebf965 REMOTE=LOST
[ 461/3625] Checking is LOST | E:\01.userData\ZhuoMian\Github_Releases_批量下载 xray\Xray-core\v1.5.1\Xray-linux-riscv64.zip        | LOCAL=6a544ede263eaa894f2b85302deb622d71297eeb3c44276d0b902a6765feebb7 REMOTE=LOST
[ 462/3625] Checking is LOST | E:\01.userData\ZhuoMian\Github_Releases_批量下载 xray\Xray-core\v1.5.1\Xray-linux-s390x.zip          | LOCAL=721de4654c3f82022c9bcd53da2fb4c7821775cb4c88ef037aea654c20b5d768 REMOTE=LOST
[ 463/3625] Checking is LOST | E:\01.userData\ZhuoMian\Github_Releases_批量下载 xray\Xray-core\v1.5.1\Xray-macos-64.zip             | LOCAL=4889b13929c9b7680af6936fd8d2bb00270183b17bc189d8f21554c716b67abc REMOTE=LOST
[ 464/3625] Checking is LOST | E:\01.userData\ZhuoMian\Github_Releases_批量下载 xray\Xray-core\v1.5.1\Xray-macos-arm64-v8a.zip      | LOCAL=2759bb546c86799ade615696d6042b857679ac67f53a4c89d4683c59bfac8a42 REMOTE=LOST
[ 465/3625] Checking is LOST | E:\01.userData\ZhuoMian\Github_Releases_批量下载 xray\Xray-core\v1.5.1\Xray-openbsd-32.zip           | LOCAL=283add7d357dc90544cdfd1bf4f6ae203f8bb3838f8e0d29872758093b530ef3 REMOTE=LOST
[ 466/3625] Checking is LOST | E:\01.userData\ZhuoMian\Github_Releases_批量下载 xray\Xray-core\v1.5.1\Xray-openbsd-64.zip           | LOCAL=007682e3af444d03ab65e5660e363624da648d105d1471fe08ff69a7054d92ab REMOTE=LOST
[ 467/3625] Checking is LOST | E:\01.userData\ZhuoMian\Github_Releases_批量下载 xray\Xray-core\v1.5.1\Xray-openbsd-arm32-v7a.zip    | LOCAL=ab925e682a818e66c742b16c569d2113c2c904eb9ab5e126388c4269b02807c4 REMOTE=LOST
[ 468/3625] Checking is LOST | E:\01.userData\ZhuoMian\Github_Releases_批量下载 xray\Xray-core\v1.5.1\Xray-openbsd-arm64-v8a.zip    | LOCAL=81a345c49570a169d411e6acee102cb63ad3361170e58a7625b289597a4bc11e REMOTE=LOST
[ 469/3625] Checking is LOST | E:\01.userData\ZhuoMian\Github_Releases_批量下载 xray\Xray-core\v1.5.1\Xray-windows-32.zip           | LOCAL=f5f849bd56ce3d1c1a84a847421969f11bfbab91e08aa7df252a93faf977daa7 REMOTE=LOST
[ 470/3625] Checking is LOST | E:\01.userData\ZhuoMian\Github_Releases_批量下载 xray\Xray-core\v1.5.1\Xray-windows-64.zip           | LOCAL=156a8741bdd0ebb5262bcd082276de97653bbc3b7398f149da8c71472f49b4ff REMOTE=LOST
[ 471/3625] Checking is LOST | E:\01.userData\ZhuoMian\Github_Releases_批量下载 xray\Xray-core\v1.5.1\Xray-windows-arm32-v7a.zip    | LOCAL=7d78d98a4bdae213ba34d76c197054f125e6eb4fd7d56f0994e42e45580d7e19 REMOTE=LOST
[ 472/3625] Checking is LOST | E:\01.userData\ZhuoMian\Github_Releases_批量下载 xray\Xray-core\v1.5.1\Xray-windows-arm64-v8a.zip    | LOCAL=8342667a2dbb80becf731caf993d1e69485f7af8d1b0f47a080678c2935b55bf REMOTE=LOST
[ 473/3625] Checking is LOST | E:\01.userData\ZhuoMian\Github_Releases_批量下载 xray\Xray-core\v1.5.10\Xray-android-arm64-v8a.zip   | LOCAL=351fd78030cd9dd431f9a2253006a98eefbacef257d11be989e0e9949ef14496 REMOTE=LOST
[ 474/3625] Checking is LOST | E:\01.userData\ZhuoMian\Github_Releases_批量下载 xray\Xray-core\v1.5.10\Xray-dragonfly-64.zip        | LOCAL=b6e4576c57dc26317c76133e20da46017eeedb854ce70b8eec427ee0a30b7047 REMOTE=LOST
[ 475/3625] Checking is LOST | E:\01.userData\ZhuoMian\Github_Releases_批量下载 xray\Xray-core\v1.5.10\Xray-freebsd-32.zip          | LOCAL=e622170b0de4e1564d5a2b81d4a339f5814a9df9bb6bea1827834e33c5c64677 REMOTE=LOST
[ 476/3625] Checking is LOST | E:\01.userData\ZhuoMian\Github_Releases_批量下载 xray\Xray-core\v1.5.10\Xray-freebsd-64.zip          | LOCAL=28bdea53d1525e230c773f208126247686fe49ac64207d4dff317718b8bf7bbd REMOTE=LOST
[ 477/3625] Checking is LOST | E:\01.userData\ZhuoMian\Github_Releases_批量下载 xray\Xray-core\v1.5.10\Xray-freebsd-arm32-v7a.zip   | LOCAL=8ef0fba89b020235223a0e9ff71ecd0e628f7ab38ceabdb6906f887e00847a0d REMOTE=LOST
[ 478/3625] Checking is LOST | E:\01.userData\ZhuoMian\Github_Releases_批量下载 xray\Xray-core\v1.5.10\Xray-freebsd-arm64-v8a.zip   | LOCAL=dc74b1abe2f1161653f007bcb6bf80de3e07d3d51ab208095f451010b6fe3ee7 REMOTE=LOST
[ 479/3625] Checking is LOST | E:\01.userData\ZhuoMian\Github_Releases_批量下载 xray\Xray-core\v1.5.10\Xray-linux-32.zip            | LOCAL=a33fcb1081522e1a020fce077dea174aa0ee0a672a1eab18b79dd994d4f063ab REMOTE=LOST
[ 480/3625] Checking is LOST | E:\01.userData\ZhuoMian\Github_Releases_批量下载 xray\Xray-core\v1.5.10\Xray-linux-64.zip            | LOCAL=794bd65f225e07e7c3bb62c86fd16dd073930cb319af98db79f299b61405ec56 REMOTE=LOST
[ 481/3625] Checking is LOST | E:\01.userData\ZhuoMian\Github_Releases_批量下载 xray\Xray-core\v1.5.10\Xray-linux-arm32-v5.zip      | LOCAL=0dca0f57c5abf648bdc6fa84a8f48cb5a0ead0efa1ad9035581c1c21387ab995 REMOTE=LOST
[ 482/3625] Checking is LOST | E:\01.userData\ZhuoMian\Github_Releases_批量下载 xray\Xray-core\v1.5.10\Xray-linux-arm32-v6.zip      | LOCAL=21bf8cf929eac93fc525f7cd3c87478c27bd8fb57cb7fc51cf6a3340916ca38e REMOTE=LOST
[ 483/3625] Checking is LOST | E:\01.userData\ZhuoMian\Github_Releases_批量下载 xray\Xray-core\v1.5.10\Xray-linux-arm32-v7a.zip     | LOCAL=c96be228c720713fdb4fa361e267d5d49857479671d0f915b5e28d5d8472e40e REMOTE=LOST
[ 484/3625] Checking is LOST | E:\01.userData\ZhuoMian\Github_Releases_批量下载 xray\Xray-core\v1.5.10\Xray-linux-arm64-v8a.zip     | LOCAL=d16eb8258de3f342cf02d44c67d3aa9e5f7fdb55bda6875cd148d88438797533 REMOTE=LOST
[ 485/3625] Checking is LOST | E:\01.userData\ZhuoMian\Github_Releases_批量下载 xray\Xray-core\v1.5.10\Xray-linux-mips32.zip        | LOCAL=ca74e7fea94d3a76cc71be9f7e08ea08c10a48a5abc537fdc1b9bd724c1e5fbb REMOTE=LOST
[ 486/3625] Checking is LOST | E:\01.userData\ZhuoMian\Github_Releases_批量下载 xray\Xray-core\v1.5.10\Xray-linux-mips32le.zip      | LOCAL=ba8400edadca8975581132b2f01e00a166b53293abbf5746dfd1c543456dbfae REMOTE=LOST
[ 487/3625] Checking is LOST | E:\01.userData\ZhuoMian\Github_Releases_批量下载 xray\Xray-core\v1.5.10\Xray-linux-mips64.zip        | LOCAL=9b8f26b120da782bd1346e16166e59e30f85b5d9e4f4d64ae73f7105b67e277a REMOTE=LOST
[ 488/3625] Checking is LOST | E:\01.userData\ZhuoMian\Github_Releases_批量下载 xray\Xray-core\v1.5.10\Xray-linux-mips64le.zip      | LOCAL=baa3a1c2ef44d5c872eaee796cfc162a310b66d5481d56faf3efd93ceade5f8a REMOTE=LOST
[ 489/3625] Checking is LOST | E:\01.userData\ZhuoMian\Github_Releases_批量下载 xray\Xray-core\v1.5.10\Xray-linux-ppc64.zip         | LOCAL=92ec90f0da74bfe9342f57803292b93f694fe380e35413549e9bf2b7b8afc5cc REMOTE=LOST
[ 490/3625] Checking is LOST | E:\01.userData\ZhuoMian\Github_Releases_批量下载 xray\Xray-core\v1.5.10\Xray-linux-ppc64le.zip       | LOCAL=444034b56b919da2b4929521dd2183c75be51e7d58d344d855869852e52a0b14 REMOTE=LOST
[ 491/3625] Checking is LOST | E:\01.userData\ZhuoMian\Github_Releases_批量下载 xray\Xray-core\v1.5.10\Xray-linux-riscv64.zip       | LOCAL=1de0737b81268719e5142ccbd73e3c8d998e9ee42229de21086544dc3891f7e3 REMOTE=LOST
[ 492/3625] Checking is LOST | E:\01.userData\ZhuoMian\Github_Releases_批量下载 xray\Xray-core\v1.5.10\Xray-linux-s390x.zip         | LOCAL=6cecd7d816ac3c40e7dad6870e6be5a32c2de53078f9689ad96a171125c92d4c REMOTE=LOST
[ 493/3625] Checking is LOST | E:\01.userData\ZhuoMian\Github_Releases_批量下载 xray\Xray-core\v1.5.10\Xray-macos-64.zip            | LOCAL=c7bd13d7b16869477e5f78fda2a6ad3dda29196382f41dddc1dd5a670aa64d30 REMOTE=LOST
[ 494/3625] Checking is LOST | E:\01.userData\ZhuoMian\Github_Releases_批量下载 xray\Xray-core\v1.5.10\Xray-macos-arm64-v8a.zip     | LOCAL=9808e588a557f478237c9b34b238fc1832f132fbf69532534d06507820441b35 REMOTE=LOST
[ 495/3625] Checking is LOST | E:\01.userData\ZhuoMian\Github_Releases_批量下载 xray\Xray-core\v1.5.10\Xray-openbsd-32.zip          | LOCAL=58a02b4bdb803501f7785400c4a996019f237435361906dc7435fd5e35ee2bed REMOTE=LOST
[ 496/3625] Checking is LOST | E:\01.userData\ZhuoMian\Github_Releases_批量下载 xray\Xray-core\v1.5.10\Xray-openbsd-64.zip          | LOCAL=2bb2c02850621ad4c25aa287dad25d77f7d968b1d3345b0d7c9fec801a707245 REMOTE=LOST
[ 497/3625] Checking is LOST | E:\01.userData\ZhuoMian\Github_Releases_批量下载 xray\Xray-core\v1.5.10\Xray-openbsd-arm32-v7a.zip   | LOCAL=45dd9cbc05089119b4d52a069f19825397fbb7e74c3e27c694f1366a14b89ddc REMOTE=LOST
[ 498/3625] Checking is LOST | E:\01.userData\ZhuoMian\Github_Releases_批量下载 xray\Xray-core\v1.5.10\Xray-openbsd-arm64-v8a.zip   | LOCAL=bc2a7a19c4e7de40b13b893f599f86f1311dd5c36fb88ff64deaa46fa9fd1fa2 REMOTE=LOST
[ 499/3625] Checking is LOST | E:\01.userData\ZhuoMian\Github_Releases_批量下载 xray\Xray-core\v1.5.10\Xray-windows-32.zip          | LOCAL=0471bee618d75828c82a24aeadfc14d9a89f5a0d23df2ca63571381a98b6b441 REMOTE=LOST
[ 500/3625] Checking is LOST | E:\01.userData\ZhuoMian\Github_Releases_批量下载 xray\Xray-core\v1.5.10\Xray-windows-64.zip          | LOCAL=de9704d8bc67f331950b657036ffc02c8298db8f8fb50406c5fbcd47e556f426 REMOTE=LOST
[ 501/3625] Checking is LOST | E:\01.userData\ZhuoMian\Github_Releases_批量下载 xray\Xray-core\v1.5.10\Xray-windows-arm32-v7a.zip   | LOCAL=b78d453e62b1410bbdc88793d0295d6344692c194c03e4e034ae5b7b81db2982 REMOTE=LOST
[ 502/3625] Checking is LOST | E:\01.userData\ZhuoMian\Github_Releases_批量下载 xray\Xray-core\v1.5.10\Xray-windows-arm64-v8a.zip   | LOCAL=3a641a596877319c82c8f12f73b1fc03b0a2d80eedfa8dc4c719f5c120b02bd7 REMOTE=LOST
[ 503/3625] Checking is LOST | E:\01.userData\ZhuoMian\Github_Releases_批量下载 xray\Xray-core\v1.5.2\Xray-android-arm64-v8a.zip    | LOCAL=52f0900e830ec7eb68dfcc11bc06327e7739590ae36f63c95ba7ef9743757bb8 REMOTE=LOST
[ 504/3625] Checking is LOST | E:\01.userData\ZhuoMian\Github_Releases_批量下载 xray\Xray-core\v1.5.2\Xray-dragonfly-64.zip         | LOCAL=c9bbf3b267835a43402cd18ecd0fbec6a632f3697a8c71e50e59f481858e782b REMOTE=LOST
[ 505/3625] Checking is LOST | E:\01.userData\ZhuoMian\Github_Releases_批量下载 xray\Xray-core\v1.5.2\Xray-freebsd-32.zip           | LOCAL=9b3997d861e783b1ee7b871bfd148c712873012610026fa257e0e7def2555231 REMOTE=LOST
[ 506/3625] Checking is LOST | E:\01.userData\ZhuoMian\Github_Releases_批量下载 xray\Xray-core\v1.5.2\Xray-freebsd-64.zip           | LOCAL=68c3c516edaf963936530f91f95d1045b78557c43c5d2ca9369dc89b76cdc22f REMOTE=LOST
[ 507/3625] Checking is LOST | E:\01.userData\ZhuoMian\Github_Releases_批量下载 xray\Xray-core\v1.5.2\Xray-freebsd-arm32-v7a.zip    | LOCAL=1bfd7235e9d0be2f077f1e974266c46bd167765240a43d7cbd20e2f600aeff36 REMOTE=LOST
[ 508/3625] Checking is LOST | E:\01.userData\ZhuoMian\Github_Releases_批量下载 xray\Xray-core\v1.5.2\Xray-freebsd-arm64-v8a.zip    | LOCAL=e94dbcf44ed7ce76e71e804fdbd0e9b7e177b8ab7ec3f61ab0c30246b407cc9a REMOTE=LOST
[ 509/3625] Checking is LOST | E:\01.userData\ZhuoMian\Github_Releases_批量下载 xray\Xray-core\v1.5.2\Xray-linux-32.zip             | LOCAL=3fab304be561907fc016ac9d038184ed5f7864f7082a991aa9d53bca3b781f2e REMOTE=LOST
[ 510/3625] Checking is LOST | E:\01.userData\ZhuoMian\Github_Releases_批量下载 xray\Xray-core\v1.5.2\Xray-linux-64.zip             | LOCAL=1510786e6dc19037b05baec839ede60c2f3b8d6e79833312431a8f274c963ee2 REMOTE=LOST
[ 511/3625] Checking is LOST | E:\01.userData\ZhuoMian\Github_Releases_批量下载 xray\Xray-core\v1.5.2\Xray-linux-arm32-v5.zip       | LOCAL=c8c59c5924e134195d202a1325a18c1d550e60e9fabab8ca3047d27f5f4c2ce4 REMOTE=LOST
[ 512/3625] Checking is LOST | E:\01.userData\ZhuoMian\Github_Releases_批量下载 xray\Xray-core\v1.5.2\Xray-linux-arm32-v6.zip       | LOCAL=7de4921bfdc0cfaddb9a98aaeff928417cc6edaacdca77339162059d11d7d0c2 REMOTE=LOST
[ 513/3625] Checking is LOST | E:\01.userData\ZhuoMian\Github_Releases_批量下载 xray\Xray-core\v1.5.2\Xray-linux-arm32-v7a.zip      | LOCAL=bcf3a1a5cf35e5623cc1fd78ac15e06041d7d358c6e7bd31698abaa9d2bd4b99 REMOTE=LOST
[ 514/3625] Checking is LOST | E:\01.userData\ZhuoMian\Github_Releases_批量下载 xray\Xray-core\v1.5.2\Xray-linux-arm64-v8a.zip      | LOCAL=99285f12212b82623390b622a9f8cf5ad7e0d51e889a600a75791f25ec813224 REMOTE=LOST
[ 515/3625] Checking is LOST | E:\01.userData\ZhuoMian\Github_Releases_批量下载 xray\Xray-core\v1.5.2\Xray-linux-mips32.zip         | LOCAL=33392b0133d6ac2ace097705c3013dcc20a9f8a830c3e9de8cf94d49db388caf REMOTE=LOST
[ 516/3625] Checking is LOST | E:\01.userData\ZhuoMian\Github_Releases_批量下载 xray\Xray-core\v1.5.2\Xray-linux-mips32le.zip       | LOCAL=f31a09701795ddaac62de21f2c92b0a32a053b88221fe605f33bffcf38a064e0 REMOTE=LOST
[ 517/3625] Checking is LOST | E:\01.userData\ZhuoMian\Github_Releases_批量下载 xray\Xray-core\v1.5.2\Xray-linux-mips64.zip         | LOCAL=632b3d262b81f8c4771e40f97eef8e2eda51c8ed237e6f58652b1cc76c536ac2 REMOTE=LOST
[ 518/3625] Checking is LOST | E:\01.userData\ZhuoMian\Github_Releases_批量下载 xray\Xray-core\v1.5.2\Xray-linux-mips64le.zip       | LOCAL=fab077b0313c2e83570f84b666522081a24414c66bb5c426e8134c1e9c6e10bb REMOTE=LOST
[ 519/3625] Checking is LOST | E:\01.userData\ZhuoMian\Github_Releases_批量下载 xray\Xray-core\v1.5.2\Xray-linux-ppc64.zip          | LOCAL=e416563ed9c200eff603d0b43c811795121e8703cac27fc994891ce90c3364e3 REMOTE=LOST
[ 520/3625] Checking is LOST | E:\01.userData\ZhuoMian\Github_Releases_批量下载 xray\Xray-core\v1.5.2\Xray-linux-ppc64le.zip        | LOCAL=d9aaaf5b8ad2999ebd163e4203a3b0e4e8f8ea5f9f4fdc343f38bef390920af3 REMOTE=LOST
[ 521/3625] Checking is LOST | E:\01.userData\ZhuoMian\Github_Releases_批量下载 xray\Xray-core\v1.5.2\Xray-linux-riscv64.zip        | LOCAL=3ac7484023a51e37dba9332d436bee5dc33c97ce16e6bab5d3a681fbed7c288f REMOTE=LOST
[ 522/3625] Checking is LOST | E:\01.userData\ZhuoMian\Github_Releases_批量下载 xray\Xray-core\v1.5.2\Xray-linux-s390x.zip          | LOCAL=a1e55b34ce2084a58658986525ba435a2957b8606da5dfb836bb0a17f066dc06 REMOTE=LOST
[ 523/3625] Checking is LOST | E:\01.userData\ZhuoMian\Github_Releases_批量下载 xray\Xray-core\v1.5.2\Xray-macos-64.zip             | LOCAL=eec78715d5b706134dbdd10baad97d6cf5f8ba6e1f3a1c0789d1cd3821228a14 REMOTE=LOST
[ 524/3625] Checking is LOST | E:\01.userData\ZhuoMian\Github_Releases_批量下载 xray\Xray-core\v1.5.2\Xray-macos-arm64-v8a.zip      | LOCAL=93d37228a22f315031cdb515a2dc8669446fcad2d6b6c1affeba0a14f2f6117e REMOTE=LOST
[ 525/3625] Checking is LOST | E:\01.userData\ZhuoMian\Github_Releases_批量下载 xray\Xray-core\v1.5.2\Xray-openbsd-32.zip           | LOCAL=1c398f3c6dc8b160a829499201ddb86d9a72f0605baea9a8fb9357ebae216aaa REMOTE=LOST
[ 526/3625] Checking is LOST | E:\01.userData\ZhuoMian\Github_Releases_批量下载 xray\Xray-core\v1.5.2\Xray-openbsd-64.zip           | LOCAL=5735fc532707331fbbc235a061cf7a204e1d311aadec9d5f94d88cbabdee8969 REMOTE=LOST
[ 527/3625] Checking is LOST | E:\01.userData\ZhuoMian\Github_Releases_批量下载 xray\Xray-core\v1.5.2\Xray-openbsd-arm32-v7a.zip    | LOCAL=8e0f2f2ae00f908a15b67856259551c21c8e4e8a9f7800082f5c72b3c7679fb2 REMOTE=LOST
[ 528/3625] Checking is LOST | E:\01.userData\ZhuoMian\Github_Releases_批量下载 xray\Xray-core\v1.5.2\Xray-openbsd-arm64-v8a.zip    | LOCAL=245338041bda8ae6a2a226c1b64b4b66a2ae6a2ba69f93f4e8a45be9d44ceff9 REMOTE=LOST
[ 529/3625] Checking is LOST | E:\01.userData\ZhuoMian\Github_Releases_批量下载 xray\Xray-core\v1.5.2\Xray-windows-32.zip           | LOCAL=433c78f9b2ffda2b5578fb262e3e6aa0cbd87fc4c5c0b738006d4c623cd117ca REMOTE=LOST
[ 530/3625] Checking is LOST | E:\01.userData\ZhuoMian\Github_Releases_批量下载 xray\Xray-core\v1.5.2\Xray-windows-64.zip           | LOCAL=8497836e93cadded5af9fe31c2b9df5487b97236b9a2955f826d7e82fe96a26b REMOTE=LOST
[ 531/3625] Checking is LOST | E:\01.userData\ZhuoMian\Github_Releases_批量下载 xray\Xray-core\v1.5.2\Xray-windows-arm32-v7a.zip    | LOCAL=c7c3640ea7daeb03cea1edbdb53bdfb82bf1f92ac8079310b3eaed87d3853428 REMOTE=LOST
[ 532/3625] Checking is LOST | E:\01.userData\ZhuoMian\Github_Releases_批量下载 xray\Xray-core\v1.5.2\Xray-windows-arm64-v8a.zip    | LOCAL=606522c745e73f0466d6ea1fa1468ba3947a7f0fb3e15f5c9b0b64fb048e83a3 REMOTE=LOST
[ 533/3625] Checking is LOST | E:\01.userData\ZhuoMian\Github_Releases_批量下载 xray\Xray-core\v1.5.3\Xray-android-arm64-v8a.zip    | LOCAL=dd454167c9a71d9a071a5c54d623d6b202962fcae4768a8a923dab9fd9ec6353 REMOTE=LOST
[ 534/3625] Checking is LOST | E:\01.userData\ZhuoMian\Github_Releases_批量下载 xray\Xray-core\v1.5.3\Xray-dragonfly-64.zip         | LOCAL=8d538b851c4c755f2a1162d59970bbb891c00b52959e451c0aeed15e8cac2225 REMOTE=LOST
[ 535/3625] Checking is LOST | E:\01.userData\ZhuoMian\Github_Releases_批量下载 xray\Xray-core\v1.5.3\Xray-freebsd-32.zip           | LOCAL=bbfbc577bd56f3ab1241ceca4fd5c5269d4f34f47a4ec89638af4c3b0d54f4d4 REMOTE=LOST
[ 536/3625] Checking is LOST | E:\01.userData\ZhuoMian\Github_Releases_批量下载 xray\Xray-core\v1.5.3\Xray-freebsd-64.zip           | LOCAL=61f9834fbe95043d892d90dc47022ea608ea9287e4266e480f4d7a459aad7b35 REMOTE=LOST
[ 537/3625] Checking is LOST | E:\01.userData\ZhuoMian\Github_Releases_批量下载 xray\Xray-core\v1.5.3\Xray-freebsd-arm32-v7a.zip    | LOCAL=bcaadcd38e8cde3ba6ebc880f93d2ee77e502c3b4532ae3c5a1d224f3e18fdb0 REMOTE=LOST
[ 538/3625] Checking is LOST | E:\01.userData\ZhuoMian\Github_Releases_批量下载 xray\Xray-core\v1.5.3\Xray-freebsd-arm64-v8a.zip    | LOCAL=7b66952685ec85238ae3d14ea99e9b8910a30e978e4bb1b86db4b00ed68fd439 REMOTE=LOST
[ 539/3625] Checking is LOST | E:\01.userData\ZhuoMian\Github_Releases_批量下载 xray\Xray-core\v1.5.3\Xray-linux-32.zip             | LOCAL=98b515750eafae6b2c81d7f4d3cd86711bb17609df0fc84ccc30473e2dad8247 REMOTE=LOST
[ 540/3625] Checking is LOST | E:\01.userData\ZhuoMian\Github_Releases_批量下载 xray\Xray-core\v1.5.3\Xray-linux-64.zip             | LOCAL=c4d99e37b3bc09fd720449b564a20526d8df3aa556a0d8362bc0bb4b59b574a7 REMOTE=LOST
[ 541/3625] Checking is LOST | E:\01.userData\ZhuoMian\Github_Releases_批量下载 xray\Xray-core\v1.5.3\Xray-linux-arm32-v5.zip       | LOCAL=0718c629d670ca8c349f485609a5b1eba88ab5288b9b4e13f21d2d85c493564c REMOTE=LOST
[ 542/3625] Checking is LOST | E:\01.userData\ZhuoMian\Github_Releases_批量下载 xray\Xray-core\v1.5.3\Xray-linux-arm32-v6.zip       | LOCAL=f3b46245c29f8f5dfcf98975dfd677d30091bbf15b99b22ac2942cc82d7db2e9 REMOTE=LOST
[ 543/3625] Checking is LOST | E:\01.userData\ZhuoMian\Github_Releases_批量下载 xray\Xray-core\v1.5.3\Xray-linux-arm32-v7a.zip      | LOCAL=b101ac099b6918ede18ffc730c7b2cf1bb80cd4fcefb0e1b8c8be596595bd97d REMOTE=LOST
[ 544/3625] Checking is LOST | E:\01.userData\ZhuoMian\Github_Releases_批量下载 xray\Xray-core\v1.5.3\Xray-linux-arm64-v8a.zip      | LOCAL=9550e8b317c63d00b4a8e87e366367ab0c3f5a060c3e34ce8fd388d75dd4244d REMOTE=LOST
[ 545/3625] Checking is LOST | E:\01.userData\ZhuoMian\Github_Releases_批量下载 xray\Xray-core\v1.5.3\Xray-linux-mips32.zip         | LOCAL=c73867ab597e7811486049a0e9f96e0b46f78f53ddafd6bc20a52e0b2a1f62e3 REMOTE=LOST
[ 546/3625] Checking is LOST | E:\01.userData\ZhuoMian\Github_Releases_批量下载 xray\Xray-core\v1.5.3\Xray-linux-mips32le.zip       | LOCAL=1a890f1d0146420e62aea4982c5d5b658b47d9138b86fa582ad621a9fc544b98 REMOTE=LOST
[ 547/3625] Checking is LOST | E:\01.userData\ZhuoMian\Github_Releases_批量下载 xray\Xray-core\v1.5.3\Xray-linux-mips64.zip         | LOCAL=69ce6a24b9fc5493da9b7bea52cafe36755b2072d4e9ee15dc8292fc74707a48 REMOTE=LOST
[ 548/3625] Checking is LOST | E:\01.userData\ZhuoMian\Github_Releases_批量下载 xray\Xray-core\v1.5.3\Xray-linux-mips64le.zip       | LOCAL=1283085cf6ff091aeb882aa23a18f0a9dfaf60335f12df30ec3243087745cd5c REMOTE=LOST
[ 549/3625] Checking is LOST | E:\01.userData\ZhuoMian\Github_Releases_批量下载 xray\Xray-core\v1.5.3\Xray-linux-ppc64.zip          | LOCAL=f21eab887b7626b3aedb3bdbec950016a945bb4c3a54d5cea1cf9235ebb1eb11 REMOTE=LOST
[ 550/3625] Checking is LOST | E:\01.userData\ZhuoMian\Github_Releases_批量下载 xray\Xray-core\v1.5.3\Xray-linux-ppc64le.zip        | LOCAL=7f1f3cfffbd28a54f3de0192d1fb43a2e5737758ff8ac695efa255ff8a50a7f3 REMOTE=LOST
[ 551/3625] Checking is LOST | E:\01.userData\ZhuoMian\Github_Releases_批量下载 xray\Xray-core\v1.5.3\Xray-linux-riscv64.zip        | LOCAL=c8ecb57ce028236d7b698e5b334ef6c0362a92db4cfa0f9799d17f52efc03dcf REMOTE=LOST
[ 552/3625] Checking is LOST | E:\01.userData\ZhuoMian\Github_Releases_批量下载 xray\Xray-core\v1.5.3\Xray-linux-s390x.zip          | LOCAL=d411d1b7e9afbe77f40d76508989940fb630af79747f92b956db3c093587619b REMOTE=LOST
[ 553/3625] Checking is LOST | E:\01.userData\ZhuoMian\Github_Releases_批量下载 xray\Xray-core\v1.5.3\Xray-macos-64.zip             | LOCAL=16f5e4ac0c6d9c34478300a7ba80a196f2ab3f75a3cd3c68cd3c5fac67a652a0 REMOTE=LOST
[ 554/3625] Checking is LOST | E:\01.userData\ZhuoMian\Github_Releases_批量下载 xray\Xray-core\v1.5.3\Xray-macos-arm64-v8a.zip      | LOCAL=acd4e716b635e57dc43d13f98a08d08cf5fb39708b473457d7c401fd6b156631 REMOTE=LOST
[ 555/3625] Checking is LOST | E:\01.userData\ZhuoMian\Github_Releases_批量下载 xray\Xray-core\v1.5.3\Xray-openbsd-32.zip           | LOCAL=206b9c1a5ee35ebe65141cdc19862fc0e8ab9ea9ff0d35bc5cd981a9fce2cc96 REMOTE=LOST
[ 556/3625] Checking is LOST | E:\01.userData\ZhuoMian\Github_Releases_批量下载 xray\Xray-core\v1.5.3\Xray-openbsd-64.zip           | LOCAL=bf242c0076cb86ad5b9d89783cb29da6546d707ccdf782695ff30fd912a2e9c8 REMOTE=LOST
[ 557/3625] Checking is LOST | E:\01.userData\ZhuoMian\Github_Releases_批量下载 xray\Xray-core\v1.5.3\Xray-openbsd-arm32-v7a.zip    | LOCAL=9181e3dd9ecc1cb3a2da588adae7f44b943c30f855a2b17652f9f0e014895a29 REMOTE=LOST
[ 558/3625] Checking is LOST | E:\01.userData\ZhuoMian\Github_Releases_批量下载 xray\Xray-core\v1.5.3\Xray-openbsd-arm64-v8a.zip    | LOCAL=774aa3a7748ad814655254bd3a66132240022e3e503b8abdf210af2866c2c3aa REMOTE=LOST
[ 559/3625] Checking is LOST | E:\01.userData\ZhuoMian\Github_Releases_批量下载 xray\Xray-core\v1.5.3\Xray-windows-32.zip           | LOCAL=80a14110c0d4dcbd493829af29f0755b84f0240c1c4033bc4e01fe19e571a178 REMOTE=LOST
[ 560/3625] Checking is LOST | E:\01.userData\ZhuoMian\Github_Releases_批量下载 xray\Xray-core\v1.5.3\Xray-windows-64.zip           | LOCAL=69e729ef4ec7765a8ed77ba5257090fe0c06e97caece836ea40608849a242488 REMOTE=LOST
[ 561/3625] Checking is LOST | E:\01.userData\ZhuoMian\Github_Releases_批量下载 xray\Xray-core\v1.5.3\Xray-windows-arm32-v7a.zip    | LOCAL=41d37c77a20bcffb4904134438f63466a08e6620375ad1cfafa095268a226ce2 REMOTE=LOST
[ 562/3625] Checking is LOST | E:\01.userData\ZhuoMian\Github_Releases_批量下载 xray\Xray-core\v1.5.3\Xray-windows-arm64-v8a.zip    | LOCAL=d369e750a32ad88c527800ddf0798383b86f37d0eec1fcb8a05733c1eab2e68b REMOTE=LOST
[ 563/3625] Checking is LOST | E:\01.userData\ZhuoMian\Github_Releases_批量下载 xray\Xray-core\v1.5.4\Xray-android-arm64-v8a.zip    | LOCAL=939176b768fec68f37fa98f7426716cc7bd87ff2985245087af80011c03d691d REMOTE=LOST
[ 564/3625] Checking is LOST | E:\01.userData\ZhuoMian\Github_Releases_批量下载 xray\Xray-core\v1.5.4\Xray-dragonfly-64.zip         | LOCAL=c9db5618ae32ef6aa1121b02286b6a6dc910eabd354dbea97def78b14ea4712a REMOTE=LOST
[ 565/3625] Checking is LOST | E:\01.userData\ZhuoMian\Github_Releases_批量下载 xray\Xray-core\v1.5.4\Xray-freebsd-32.zip           | LOCAL=bf89aa16e3005ac85cfd5b0a9c0fd10c4d60474f8db8afef1085c91f03abcc81 REMOTE=LOST
[ 566/3625] Checking is LOST | E:\01.userData\ZhuoMian\Github_Releases_批量下载 xray\Xray-core\v1.5.4\Xray-freebsd-64.zip           | LOCAL=999ae81abcaae6074c11949330051973790a009fe34bba3fe5b01c6805b05c6d REMOTE=LOST
[ 567/3625] Checking is LOST | E:\01.userData\ZhuoMian\Github_Releases_批量下载 xray\Xray-core\v1.5.4\Xray-freebsd-arm32-v7a.zip    | LOCAL=3ff07263a144eb056785475d26e5c2fee974192cc7363a96e9f1ab1426dc5ba2 REMOTE=LOST
[ 568/3625] Checking is LOST | E:\01.userData\ZhuoMian\Github_Releases_批量下载 xray\Xray-core\v1.5.4\Xray-freebsd-arm64-v8a.zip    | LOCAL=0dfe87c5dbf0176f479d95f9412964d0e923fef2ffcb467ddd50dc8bbf710779 REMOTE=LOST
[ 569/3625] Checking is LOST | E:\01.userData\ZhuoMian\Github_Releases_批量下载 xray\Xray-core\v1.5.4\Xray-linux-32.zip             | LOCAL=132b1bfda30c2328f8a97efcf3aa4401b83fc50c04273a27198aaa45ca4c23ee REMOTE=LOST
[ 570/3625] Checking is LOST | E:\01.userData\ZhuoMian\Github_Releases_批量下载 xray\Xray-core\v1.5.4\Xray-linux-64.zip             | LOCAL=9338ca8a938b33152098aab5611afa81a4b40cbc5dbe0d1499a768e41267e5bb REMOTE=LOST
[ 571/3625] Checking is LOST | E:\01.userData\ZhuoMian\Github_Releases_批量下载 xray\Xray-core\v1.5.4\Xray-linux-arm32-v5.zip       | LOCAL=bc8764934c6e816d5aeb0948dd10645cf3bb82c52a20ca6697fb45b3193f3aa7 REMOTE=LOST
[ 572/3625] Checking is LOST | E:\01.userData\ZhuoMian\Github_Releases_批量下载 xray\Xray-core\v1.5.4\Xray-linux-arm32-v6.zip       | LOCAL=f2c4bb05bcfee2d3bf016a8a5cc671c5fe98ac4c450dddaac499d432a93a5770 REMOTE=LOST
[ 573/3625] Checking is LOST | E:\01.userData\ZhuoMian\Github_Releases_批量下载 xray\Xray-core\v1.5.4\Xray-linux-arm32-v7a.zip      | LOCAL=22b4efbf8a3963f70f2aa481207a15be7cbd10c35b9389838aed73e9eda00363 REMOTE=LOST
[ 574/3625] Checking is LOST | E:\01.userData\ZhuoMian\Github_Releases_批量下载 xray\Xray-core\v1.5.4\Xray-linux-arm64-v8a.zip      | LOCAL=2386426e6cb399df94adef764c8e92e67c9eb00572ce4539402d3be0ea4deecb REMOTE=LOST
[ 575/3625] Checking is LOST | E:\01.userData\ZhuoMian\Github_Releases_批量下载 xray\Xray-core\v1.5.4\Xray-linux-mips32.zip         | LOCAL=7f0470364bbcca2b9357ff36a9405b7d8a1034b2d2a2a6a0caadaf08250ab566 REMOTE=LOST
[ 576/3625] Checking is LOST | E:\01.userData\ZhuoMian\Github_Releases_批量下载 xray\Xray-core\v1.5.4\Xray-linux-mips32le.zip       | LOCAL=06de7e1e6dc920ca624ea4a992e449a13224fe484d43b8e9a93a16548d026cc8 REMOTE=LOST
[ 577/3625] Checking is LOST | E:\01.userData\ZhuoMian\Github_Releases_批量下载 xray\Xray-core\v1.5.4\Xray-linux-mips64.zip         | LOCAL=7046ab968a8ac3cca46ed834b881f2b3e6a636ad4e2058ab88c4b601d2f8d387 REMOTE=LOST
[ 578/3625] Checking is LOST | E:\01.userData\ZhuoMian\Github_Releases_批量下载 xray\Xray-core\v1.5.4\Xray-linux-mips64le.zip       | LOCAL=7f7147d758abd9c95e9e79f7ff3899e47734980a47b5935799a30d1faf8b021f REMOTE=LOST
[ 579/3625] Checking is LOST | E:\01.userData\ZhuoMian\Github_Releases_批量下载 xray\Xray-core\v1.5.4\Xray-linux-ppc64.zip          | LOCAL=f3fadde3361d3016e617e5c01f00d2ee59926c2b904a696952faaf513d1f9d81 REMOTE=LOST
[ 580/3625] Checking is LOST | E:\01.userData\ZhuoMian\Github_Releases_批量下载 xray\Xray-core\v1.5.4\Xray-linux-ppc64le.zip        | LOCAL=eb9dcf7d9ff99f04f005af4dd889eae27b67e5a34474383b9686a4777ffbf6fc REMOTE=LOST
[ 581/3625] Checking is LOST | E:\01.userData\ZhuoMian\Github_Releases_批量下载 xray\Xray-core\v1.5.4\Xray-linux-riscv64.zip        | LOCAL=cf4f0b340a4adcfe5284bfccfc5bb331d7ea122132407355d356e53c672d867b REMOTE=LOST
[ 582/3625] Checking is LOST | E:\01.userData\ZhuoMian\Github_Releases_批量下载 xray\Xray-core\v1.5.4\Xray-linux-s390x.zip          | LOCAL=e0dab8df84bcf5cfcd6d846cb93ea499367673fa584d997b035799b1e4489563 REMOTE=LOST
[ 583/3625] Checking is LOST | E:\01.userData\ZhuoMian\Github_Releases_批量下载 xray\Xray-core\v1.5.4\Xray-macos-64.zip             | LOCAL=40f71455a37dc1e9abf188daeb1480b1ef593c821e9c48c1e737cd61991d7c23 REMOTE=LOST
[ 584/3625] Checking is LOST | E:\01.userData\ZhuoMian\Github_Releases_批量下载 xray\Xray-core\v1.5.4\Xray-macos-arm64-v8a.zip      | LOCAL=32b7a2e3934fe727fee8bb86d21cf239a2f416ddb67424e36c0bf98acdd24024 REMOTE=LOST
[ 585/3625] Checking is LOST | E:\01.userData\ZhuoMian\Github_Releases_批量下载 xray\Xray-core\v1.5.4\Xray-openbsd-32.zip           | LOCAL=f251b9b70a309b448afab1a7933ab5cd01f159f49f0324785034a08c18ab5793 REMOTE=LOST
[ 586/3625] Checking is LOST | E:\01.userData\ZhuoMian\Github_Releases_批量下载 xray\Xray-core\v1.5.4\Xray-openbsd-64.zip           | LOCAL=104a537b94cabc919056456ede537bbe35fbfec4d061df6bb71dfb9598a84420 REMOTE=LOST
[ 587/3625] Checking is LOST | E:\01.userData\ZhuoMian\Github_Releases_批量下载 xray\Xray-core\v1.5.4\Xray-openbsd-arm32-v7a.zip    | LOCAL=136c53d6206ae13e315118edb1270e55d2d6b38f85bc4c53923b53dc17e56660 REMOTE=LOST
[ 588/3625] Checking is LOST | E:\01.userData\ZhuoMian\Github_Releases_批量下载 xray\Xray-core\v1.5.4\Xray-openbsd-arm64-v8a.zip    | LOCAL=dbeec850a36c97624f2aa49000a29299c26f6fae07a138026976f5a1956301b4 REMOTE=LOST
[ 589/3625] Checking is LOST | E:\01.userData\ZhuoMian\Github_Releases_批量下载 xray\Xray-core\v1.5.4\Xray-windows-32.zip           | LOCAL=2c82242bdf5f29d7b5e5d28339e6b659523264555c8dec7ed03a970878c538ac REMOTE=LOST
[ 590/3625] Checking is LOST | E:\01.userData\ZhuoMian\Github_Releases_批量下载 xray\Xray-core\v1.5.4\Xray-windows-64.zip           | LOCAL=50a42f929ecba8b1c54981be24333517320ef7f7f19a7aaab7a3ae4945d2be2d REMOTE=LOST
[ 591/3625] Checking is LOST | E:\01.userData\ZhuoMian\Github_Releases_批量下载 xray\Xray-core\v1.5.4\Xray-windows-arm32-v7a.zip    | LOCAL=45407f8c396d6b26d8c801ef07901deda89aabb49a2da452127dbb5ca90bcbd4 REMOTE=LOST
[ 592/3625] Checking is LOST | E:\01.userData\ZhuoMian\Github_Releases_批量下载 xray\Xray-core\v1.5.4\Xray-windows-arm64-v8a.zip    | LOCAL=d659d6bf6ef5877626a7170bd5a5b31ba63730f26d8ae612610e980a81065ea4 REMOTE=LOST
[ 593/3625] Checking is LOST | E:\01.userData\ZhuoMian\Github_Releases_批量下载 xray\Xray-core\v1.5.5\Xray-android-arm64-v8a.zip    | LOCAL=8e8792d95dbf3d2798b032b549c346b734814125aa1a8f20a8ec2de6de7d7885 REMOTE=LOST
[ 594/3625] Checking is LOST | E:\01.userData\ZhuoMian\Github_Releases_批量下载 xray\Xray-core\v1.5.5\Xray-dragonfly-64.zip         | LOCAL=f71b371add024f26a28e8bf63e7bc997e1862e03f976b61ee587ff4fa0c1b980 REMOTE=LOST
[ 595/3625] Checking is LOST | E:\01.userData\ZhuoMian\Github_Releases_批量下载 xray\Xray-core\v1.5.5\Xray-freebsd-32.zip           | LOCAL=500f480c90150933e4abb8ad683149e33b2d202e0155104a865b0cfd1ad014cb REMOTE=LOST
[ 596/3625] Checking is LOST | E:\01.userData\ZhuoMian\Github_Releases_批量下载 xray\Xray-core\v1.5.5\Xray-freebsd-64.zip           | LOCAL=6d7e66dd58cb7814531b990bcbcd86b469fbbe03941695c315b7a3c02337ed5c REMOTE=LOST
[ 597/3625] Checking is LOST | E:\01.userData\ZhuoMian\Github_Releases_批量下载 xray\Xray-core\v1.5.5\Xray-freebsd-arm32-v7a.zip    | LOCAL=1170e6f4f8bb8a2599e9e37fcae2af5f24074f7622b78c13b9395915add687e9 REMOTE=LOST
[ 598/3625] Checking is LOST | E:\01.userData\ZhuoMian\Github_Releases_批量下载 xray\Xray-core\v1.5.5\Xray-freebsd-arm64-v8a.zip    | LOCAL=d5227f81684d7295f9f6299a734ba9fdf1c64005b464abda6eff45039b77fc1e REMOTE=LOST
[ 599/3625] Checking is LOST | E:\01.userData\ZhuoMian\Github_Releases_批量下载 xray\Xray-core\v1.5.5\Xray-linux-32.zip             | LOCAL=84dcc47e024aa14f0855d16721d34186ea031b9c871b9f6235aff8a9d8c6f3b8 REMOTE=LOST
[ 600/3625] Checking is LOST | E:\01.userData\ZhuoMian\Github_Releases_批量下载 xray\Xray-core\v1.5.5\Xray-linux-64.zip             | LOCAL=0535248cb937a8cd6bf6d59b683c03f9b765b756bc7f4606e898f057088fb6c4 REMOTE=LOST
[ 601/3625] Checking is LOST | E:\01.userData\ZhuoMian\Github_Releases_批量下载 xray\Xray-core\v1.5.5\Xray-linux-arm32-v5.zip       | LOCAL=45dbd679e33145fb5fdf6004536f1629b4a10811deda7ab6be8e9b131a9876ab REMOTE=LOST
[ 602/3625] Checking is LOST | E:\01.userData\ZhuoMian\Github_Releases_批量下载 xray\Xray-core\v1.5.5\Xray-linux-arm32-v6.zip       | LOCAL=61090021edd0cb49bf4005e85faf243bdddefb99a19356a04985f92e09172d94 REMOTE=LOST
[ 603/3625] Checking is LOST | E:\01.userData\ZhuoMian\Github_Releases_批量下载 xray\Xray-core\v1.5.5\Xray-linux-arm32-v7a.zip      | LOCAL=07643fe4430410797cf4edc30abc0a68ee528e02763cee8ed28770f123956102 REMOTE=LOST
[ 604/3625] Checking is LOST | E:\01.userData\ZhuoMian\Github_Releases_批量下载 xray\Xray-core\v1.5.5\Xray-linux-arm64-v8a.zip      | LOCAL=817f7fd1db4d78706b0e513a6acf9d9190674f50a3e5f737b46e9371ac239916 REMOTE=LOST
[ 605/3625] Checking is LOST | E:\01.userData\ZhuoMian\Github_Releases_批量下载 xray\Xray-core\v1.5.5\Xray-linux-mips32.zip         | LOCAL=5e4502d1e6f746d7507fd99ddc515d8ba35554256bcdda16a5745a2989b95dba REMOTE=LOST
[ 606/3625] Checking is LOST | E:\01.userData\ZhuoMian\Github_Releases_批量下载 xray\Xray-core\v1.5.5\Xray-linux-mips32le.zip       | LOCAL=fd82df4fd193556be00b00c6529aaf03ce71169b35c31f007ad7c4923e30abf0 REMOTE=LOST
[ 607/3625] Checking is LOST | E:\01.userData\ZhuoMian\Github_Releases_批量下载 xray\Xray-core\v1.5.5\Xray-linux-mips64.zip         | LOCAL=efae52b7cb9659b99ab0595fd2a669130883cac791af6e98b3a8d0d74d92ac44 REMOTE=LOST
[ 608/3625] Checking is LOST | E:\01.userData\ZhuoMian\Github_Releases_批量下载 xray\Xray-core\v1.5.5\Xray-linux-mips64le.zip       | LOCAL=0914fa396a93e83069e215f5154e15de4287acc0bbafba50f20bff35fd00c04b REMOTE=LOST
[ 609/3625] Checking is LOST | E:\01.userData\ZhuoMian\Github_Releases_批量下载 xray\Xray-core\v1.5.5\Xray-linux-ppc64.zip          | LOCAL=372a19809388e5a9b4569394143c6ac4606f01f3815c03b7e45b2ee553888e85 REMOTE=LOST
[ 610/3625] Checking is LOST | E:\01.userData\ZhuoMian\Github_Releases_批量下载 xray\Xray-core\v1.5.5\Xray-linux-ppc64le.zip        | LOCAL=30fc83516a030b13dab0bc249d47d045e0f48eb01900a35d85b173d9c72d6abe REMOTE=LOST
[ 611/3625] Checking is LOST | E:\01.userData\ZhuoMian\Github_Releases_批量下载 xray\Xray-core\v1.5.5\Xray-linux-riscv64.zip        | LOCAL=deefeb92b2bc2d31825fd31fe6df22971e2615110c9bfbdb4cc9ffc355128b53 REMOTE=LOST
[ 612/3625] Checking is LOST | E:\01.userData\ZhuoMian\Github_Releases_批量下载 xray\Xray-core\v1.5.5\Xray-linux-s390x.zip          | LOCAL=19650083513dde53c6e0e0417f704a20392627f22eb02040b9187328072cac9f REMOTE=LOST
[ 613/3625] Checking is LOST | E:\01.userData\ZhuoMian\Github_Releases_批量下载 xray\Xray-core\v1.5.5\Xray-macos-64.zip             | LOCAL=029d1820338e42374b74046970e11088c29a962e1f24903f018485d5aaa1e5ae REMOTE=LOST
[ 614/3625] Checking is LOST | E:\01.userData\ZhuoMian\Github_Releases_批量下载 xray\Xray-core\v1.5.5\Xray-macos-arm64-v8a.zip      | LOCAL=450f5671886c9b5a14e76deb89406eadc4a87203541ef8610f6fca15edbffe72 REMOTE=LOST
[ 615/3625] Checking is LOST | E:\01.userData\ZhuoMian\Github_Releases_批量下载 xray\Xray-core\v1.5.5\Xray-openbsd-32.zip           | LOCAL=cfe5d43dd57e1b3d13b778c99271e11226eaee7c907139ead83a2f912632b5fc REMOTE=LOST
[ 616/3625] Checking is LOST | E:\01.userData\ZhuoMian\Github_Releases_批量下载 xray\Xray-core\v1.5.5\Xray-openbsd-64.zip           | LOCAL=dead7a96bf95d5db5f498d3605e8d54a0b7b6026eb8db9694cf93711531f62f4 REMOTE=LOST
[ 617/3625] Checking is LOST | E:\01.userData\ZhuoMian\Github_Releases_批量下载 xray\Xray-core\v1.5.5\Xray-openbsd-arm32-v7a.zip    | LOCAL=5d63a13fb6a29142caa2c68636d5d8f60b8f65c7d67311e276aeb69e0efb6b6f REMOTE=LOST
[ 618/3625] Checking is LOST | E:\01.userData\ZhuoMian\Github_Releases_批量下载 xray\Xray-core\v1.5.5\Xray-openbsd-arm64-v8a.zip    | LOCAL=4763e226e7f19b16ec5dbbd257f2aa8947df61da14a9f22a8f25ba295d4e6d73 REMOTE=LOST
[ 619/3625] Checking is LOST | E:\01.userData\ZhuoMian\Github_Releases_批量下载 xray\Xray-core\v1.5.5\Xray-windows-32.zip           | LOCAL=528db5fdc8de2eba2205c2cfae52d835a7dd2b8127650722295cbfe35e984035 REMOTE=LOST
[ 620/3625] Checking is LOST | E:\01.userData\ZhuoMian\Github_Releases_批量下载 xray\Xray-core\v1.5.5\Xray-windows-64.zip           | LOCAL=efce268d134f4acabd47334cf6b9842b59c3529bc618b37acd4a0830291fafc6 REMOTE=LOST
[ 621/3625] Checking is LOST | E:\01.userData\ZhuoMian\Github_Releases_批量下载 xray\Xray-core\v1.5.5\Xray-windows-arm32-v7a.zip    | LOCAL=fd9fb1bb46beef13cf979eac219fd187520ef8afcba97335689dfd0af2440d44 REMOTE=LOST
[ 622/3625] Checking is LOST | E:\01.userData\ZhuoMian\Github_Releases_批量下载 xray\Xray-core\v1.5.5\Xray-windows-arm64-v8a.zip    | LOCAL=6d649bf9923c22590bd0fe0fcd37fd09683058d37464bb3d142a4669b43717b4 REMOTE=LOST
[ 623/3625] Checking is LOST | E:\01.userData\ZhuoMian\Github_Releases_批量下载 xray\Xray-core\v1.5.6\Xray-android-arm64-v8a.zip    | LOCAL=31a2c560d5e15765ddbe115cd3ae4e5b423de6568da3c21200ab3a877789297b REMOTE=LOST
[ 624/3625] Checking is LOST | E:\01.userData\ZhuoMian\Github_Releases_批量下载 xray\Xray-core\v1.5.6\Xray-dragonfly-64.zip         | LOCAL=f99daeb0999b6f180373b64f000f0a9cf97bf5a4a945cad606f26cf749ca7c2b REMOTE=LOST
[ 625/3625] Checking is LOST | E:\01.userData\ZhuoMian\Github_Releases_批量下载 xray\Xray-core\v1.5.6\Xray-freebsd-32.zip           | LOCAL=7ec1f373d1d185d037a6e2b348d3f902516a40bb250eb39b1f816f266748395f REMOTE=LOST
[ 626/3625] Checking is LOST | E:\01.userData\ZhuoMian\Github_Releases_批量下载 xray\Xray-core\v1.5.6\Xray-freebsd-64.zip           | LOCAL=961d2779993d1b95d47f69aaffde59a2e47f9af14fa16cefa65b5cc938e02cdd REMOTE=LOST
[ 627/3625] Checking is LOST | E:\01.userData\ZhuoMian\Github_Releases_批量下载 xray\Xray-core\v1.5.6\Xray-freebsd-arm32-v7a.zip    | LOCAL=7a91e9990fe00b41f9165cd870d674ae8007070a64e073a09775f1fc9450dcfc REMOTE=LOST
[ 628/3625] Checking is LOST | E:\01.userData\ZhuoMian\Github_Releases_批量下载 xray\Xray-core\v1.5.6\Xray-freebsd-arm64-v8a.zip    | LOCAL=93fcd8d649a5dd5db340a87495b6791127973a08de07a4a6e5ceafd4b442fb62 REMOTE=LOST
[ 629/3625] Checking is LOST | E:\01.userData\ZhuoMian\Github_Releases_批量下载 xray\Xray-core\v1.5.6\Xray-linux-32.zip             | LOCAL=9076072700c4426ba92a4d5bb3a926dc1a6cc512882fe03705fe2a78cfecc537 REMOTE=LOST
[ 630/3625] Checking is LOST | E:\01.userData\ZhuoMian\Github_Releases_批量下载 xray\Xray-core\v1.5.6\Xray-linux-64.zip             | LOCAL=4fcb33115cc00d2b4890190ec6f4f8fc2afefedee9d0b06fe849e4152063b691 REMOTE=LOST
[ 631/3625] Checking is LOST | E:\01.userData\ZhuoMian\Github_Releases_批量下载 xray\Xray-core\v1.5.6\Xray-linux-arm32-v5.zip       | LOCAL=22d7070c10eb89fa125cce1ec0f25e51ceef3287f0911c01bd4c556f47507766 REMOTE=LOST
[ 632/3625] Checking is LOST | E:\01.userData\ZhuoMian\Github_Releases_批量下载 xray\Xray-core\v1.5.6\Xray-linux-arm32-v6.zip       | LOCAL=5b967d340f03a1b09f42e033ff358eb5116714be7a603af5d142cc31a8b5c7e6 REMOTE=LOST
[ 633/3625] Checking is LOST | E:\01.userData\ZhuoMian\Github_Releases_批量下载 xray\Xray-core\v1.5.6\Xray-linux-arm32-v7a.zip      | LOCAL=a557e27d1346085c979d55e28eb0d19c93685529d1fffcc8974b876ebf6ebf44 REMOTE=LOST
[ 634/3625] Checking is LOST | E:\01.userData\ZhuoMian\Github_Releases_批量下载 xray\Xray-core\v1.5.6\Xray-linux-arm64-v8a.zip      | LOCAL=a2398b9843f6fc9302732a2ea3d928ff1dec62562e432350bc788544a6668645 REMOTE=LOST
[ 635/3625] Checking is LOST | E:\01.userData\ZhuoMian\Github_Releases_批量下载 xray\Xray-core\v1.5.6\Xray-linux-mips32.zip         | LOCAL=3e72b24dd9d255c77a15760fa1dea1d873609d9870075de906173c18ddef14a3 REMOTE=LOST
[ 636/3625] Checking is LOST | E:\01.userData\ZhuoMian\Github_Releases_批量下载 xray\Xray-core\v1.5.6\Xray-linux-mips32le.zip       | LOCAL=e341f11a4bf81b41c154bb720f841bdb133861edb50725edca3a82d1c5928f24 REMOTE=LOST
[ 637/3625] Checking is LOST | E:\01.userData\ZhuoMian\Github_Releases_批量下载 xray\Xray-core\v1.5.6\Xray-linux-mips64.zip         | LOCAL=e7fbe3ed7ee04b528a7cd9a6c2eed6e250b23be6ae933454e6740f5d48fe6d69 REMOTE=LOST
[ 638/3625] Checking is LOST | E:\01.userData\ZhuoMian\Github_Releases_批量下载 xray\Xray-core\v1.5.6\Xray-linux-mips64le.zip       | LOCAL=626aba883da3a04d726a97c1ff71a3e49966e7689758a87346d429096accaf19 REMOTE=LOST
[ 639/3625] Checking is LOST | E:\01.userData\ZhuoMian\Github_Releases_批量下载 xray\Xray-core\v1.5.6\Xray-linux-ppc64.zip          | LOCAL=720b276c5f6508c066550f2be5a9cb06b7b5cab8a0d3897b4d3d8350d192ad2f REMOTE=LOST
[ 640/3625] Checking is LOST | E:\01.userData\ZhuoMian\Github_Releases_批量下载 xray\Xray-core\v1.5.6\Xray-linux-ppc64le.zip        | LOCAL=c7d0ba0ebca7ca79b3629d69cd5dbfa49f28593c54ec83f793d6a90b892025c1 REMOTE=LOST
[ 641/3625] Checking is LOST | E:\01.userData\ZhuoMian\Github_Releases_批量下载 xray\Xray-core\v1.5.6\Xray-linux-riscv64.zip        | LOCAL=b06ddf8bcf5d082f275db373cb57c76bf4cd9d5a86d4431886f650b4db2c4cad REMOTE=LOST
[ 642/3625] Checking is LOST | E:\01.userData\ZhuoMian\Github_Releases_批量下载 xray\Xray-core\v1.5.6\Xray-linux-s390x.zip          | LOCAL=78cffc5f10b7118661ed0fc1fc0baf14f4042316c1ca524f889ee0222516a606 REMOTE=LOST
[ 643/3625] Checking is LOST | E:\01.userData\ZhuoMian\Github_Releases_批量下载 xray\Xray-core\v1.5.6\Xray-macos-64.zip             | LOCAL=afb917d4c873aa434e64a287123d628772a42658a999a01ddbfa0f2de81e9a7b REMOTE=LOST
[ 644/3625] Checking is LOST | E:\01.userData\ZhuoMian\Github_Releases_批量下载 xray\Xray-core\v1.5.6\Xray-macos-arm64-v8a.zip      | LOCAL=391c3d8766573c8bd8080638e46fa8e8ba5af9130d3bdbe34cf0212b36f169c5 REMOTE=LOST
[ 645/3625] Checking is LOST | E:\01.userData\ZhuoMian\Github_Releases_批量下载 xray\Xray-core\v1.5.6\Xray-openbsd-32.zip           | LOCAL=57d9077bc657ca94eae7b203446ffc7d06751f72d40034b49511c625a91295b5 REMOTE=LOST
[ 646/3625] Checking is LOST | E:\01.userData\ZhuoMian\Github_Releases_批量下载 xray\Xray-core\v1.5.6\Xray-openbsd-64.zip           | LOCAL=de4fdc343c0c6dd2a0a8ce1bcd254a7570eca2b62dff95319f70d170fb65fd0d REMOTE=LOST
[ 647/3625] Checking is LOST | E:\01.userData\ZhuoMian\Github_Releases_批量下载 xray\Xray-core\v1.5.6\Xray-openbsd-arm32-v7a.zip    | LOCAL=eba53af322d6aa2f7f8a57535657b79ee99eb887da5ba5735072f743bf878643 REMOTE=LOST
[ 648/3625] Checking is LOST | E:\01.userData\ZhuoMian\Github_Releases_批量下载 xray\Xray-core\v1.5.6\Xray-openbsd-arm64-v8a.zip    | LOCAL=61a73e5ddcbbf15ed3bec922e034163007341495681c1ea2801a3234ec2be528 REMOTE=LOST
[ 649/3625] Checking is LOST | E:\01.userData\ZhuoMian\Github_Releases_批量下载 xray\Xray-core\v1.5.6\Xray-windows-32.zip           | LOCAL=7c06d6caa07d39b1aaebe8276330f8267a0cc2b4be297c067a95e41ad0761f3b REMOTE=LOST
[ 650/3625] Checking is LOST | E:\01.userData\ZhuoMian\Github_Releases_批量下载 xray\Xray-core\v1.5.6\Xray-windows-64.zip           | LOCAL=5565c00be95dfe708c70352f03955f3a427f631e54ff267745130ef7c52ead20 REMOTE=LOST
[ 651/3625] Checking is LOST | E:\01.userData\ZhuoMian\Github_Releases_批量下载 xray\Xray-core\v1.5.6\Xray-windows-arm32-v7a.zip    | LOCAL=cbcdae16f924c65c58bfcf20ef7c6b8f9efa77f522d4cff230a6eea9c4246c3e REMOTE=LOST
[ 652/3625] Checking is LOST | E:\01.userData\ZhuoMian\Github_Releases_批量下载 xray\Xray-core\v1.5.6\Xray-windows-arm64-v8a.zip    | LOCAL=a6aba6309c76e635aab2db0973dd78e09c84592f8b5c916e5273b941f41f0971 REMOTE=LOST
[ 653/3625] Checking is LOST | E:\01.userData\ZhuoMian\Github_Releases_批量下载 xray\Xray-core\v1.5.7\Xray-android-arm64-v8a.zip    | LOCAL=95f9bd93bd527d0f60804fbf1d8c7b0413aeba9b9ef1dbff620ad5da18fb8235 REMOTE=LOST
[ 654/3625] Checking is LOST | E:\01.userData\ZhuoMian\Github_Releases_批量下载 xray\Xray-core\v1.5.7\Xray-dragonfly-64.zip         | LOCAL=c6b3ba51623e7061ea5e8eb1350cc56f82f56461fdc7b1d449de13988dc0e59c REMOTE=LOST
[ 655/3625] Checking is LOST | E:\01.userData\ZhuoMian\Github_Releases_批量下载 xray\Xray-core\v1.5.7\Xray-freebsd-32.zip           | LOCAL=d2e6b082ba8f98c15639de4db61abe8e4dd4ae183931aec1801ac9a6036eb1e5 REMOTE=LOST
[ 656/3625] Checking is LOST | E:\01.userData\ZhuoMian\Github_Releases_批量下载 xray\Xray-core\v1.5.7\Xray-freebsd-64.zip           | LOCAL=2b8a2cf4bc28e5d7d1a1804a66489b592821fe1ae716ebe7ca64694195743303 REMOTE=LOST
[ 657/3625] Checking is LOST | E:\01.userData\ZhuoMian\Github_Releases_批量下载 xray\Xray-core\v1.5.7\Xray-freebsd-arm32-v7a.zip    | LOCAL=5de1c4fff97c354b67351d8efd429e6af2166cfcda9714cbf703938496718383 REMOTE=LOST
[ 658/3625] Checking is LOST | E:\01.userData\ZhuoMian\Github_Releases_批量下载 xray\Xray-core\v1.5.7\Xray-freebsd-arm64-v8a.zip    | LOCAL=9392f3bc8e7b42bb8b64dbb0c1e97c426462d0ff165d25b7042f6af3fb750347 REMOTE=LOST
[ 659/3625] Checking is LOST | E:\01.userData\ZhuoMian\Github_Releases_批量下载 xray\Xray-core\v1.5.7\Xray-linux-32.zip             | LOCAL=4d9d7d4f3ef9f44b62cd3f87070c558dd8cf404d17934686b739ae1b84ce6aca REMOTE=LOST
[ 660/3625] Checking is LOST | E:\01.userData\ZhuoMian\Github_Releases_批量下载 xray\Xray-core\v1.5.7\Xray-linux-64.zip             | LOCAL=783057a1ffa984988ebde1a45ec22b93c9dc1967b12f4ce4b4915417a3e08a14 REMOTE=LOST
[ 661/3625] Checking is LOST | E:\01.userData\ZhuoMian\Github_Releases_批量下载 xray\Xray-core\v1.5.7\Xray-linux-arm32-v5.zip       | LOCAL=a4f9170bbf9e8e7d1348da0102860d1802b31b9e323207fff164d278597aa47c REMOTE=LOST
[ 662/3625] Checking is LOST | E:\01.userData\ZhuoMian\Github_Releases_批量下载 xray\Xray-core\v1.5.7\Xray-linux-arm32-v6.zip       | LOCAL=1d7c1d2e8160a74e22f878a06eec9c6bf73a68b6e01dcce426937470ec5022f1 REMOTE=LOST
[ 663/3625] Checking is LOST | E:\01.userData\ZhuoMian\Github_Releases_批量下载 xray\Xray-core\v1.5.7\Xray-linux-arm32-v7a.zip      | LOCAL=ba4df25eb58d5a5e0d07f2cbd707bcd5ee24c9bd2586a0b0f1ab1f131ad6cd2c REMOTE=LOST
[ 664/3625] Checking is LOST | E:\01.userData\ZhuoMian\Github_Releases_批量下载 xray\Xray-core\v1.5.7\Xray-linux-arm64-v8a.zip      | LOCAL=3ea01cb8e7a1002c3391f1e4c3e23c655c78fcaa0786db7fe5c04f4908479d10 REMOTE=LOST
[ 665/3625] Checking is LOST | E:\01.userData\ZhuoMian\Github_Releases_批量下载 xray\Xray-core\v1.5.7\Xray-linux-mips32.zip         | LOCAL=aeea2bd63ee402aba25e90f23665a46517f67611f19e888f55ec7f3ee6e8d44a REMOTE=LOST
[ 666/3625] Checking is LOST | E:\01.userData\ZhuoMian\Github_Releases_批量下载 xray\Xray-core\v1.5.7\Xray-linux-mips32le.zip       | LOCAL=b7acf8f0e93a779ea5ba3b02b8a93f0b4e033181ae7a31f56e77c02c623ac740 REMOTE=LOST
[ 667/3625] Checking is LOST | E:\01.userData\ZhuoMian\Github_Releases_批量下载 xray\Xray-core\v1.5.7\Xray-linux-mips64.zip         | LOCAL=947bdda91c61049b5ae9116ce9bbc907dd76ccdfb2d277f480bff31c272854be REMOTE=LOST
[ 668/3625] Checking is LOST | E:\01.userData\ZhuoMian\Github_Releases_批量下载 xray\Xray-core\v1.5.7\Xray-linux-mips64le.zip       | LOCAL=83584c44237d6a12097cebf269b96ade2bbaaa638402d4a093f22496f359c85a REMOTE=LOST
[ 669/3625] Checking is LOST | E:\01.userData\ZhuoMian\Github_Releases_批量下载 xray\Xray-core\v1.5.7\Xray-linux-ppc64.zip          | LOCAL=ec87d589d6dc8b7ba45e48526c3e3a5b75edafb5e98b951d46639afe13e013f8 REMOTE=LOST
[ 670/3625] Checking is LOST | E:\01.userData\ZhuoMian\Github_Releases_批量下载 xray\Xray-core\v1.5.7\Xray-linux-ppc64le.zip        | LOCAL=966198f43566c34f1faffd7e124fb6411f292e40fb1f83bd291f7a6b1a59e6d1 REMOTE=LOST
[ 671/3625] Checking is LOST | E:\01.userData\ZhuoMian\Github_Releases_批量下载 xray\Xray-core\v1.5.7\Xray-linux-riscv64.zip        | LOCAL=a4453464133d023a90c1fe7e4ec314da9ad1ee0444542aff12b2d9693494290f REMOTE=LOST
[ 672/3625] Checking is LOST | E:\01.userData\ZhuoMian\Github_Releases_批量下载 xray\Xray-core\v1.5.7\Xray-linux-s390x.zip          | LOCAL=d09de7fb4786678fffe914f83d843cfe5795dbb145c2e1d284f23e5df374022c REMOTE=LOST
[ 673/3625] Checking is LOST | E:\01.userData\ZhuoMian\Github_Releases_批量下载 xray\Xray-core\v1.5.7\Xray-macos-64.zip             | LOCAL=a8acc20e2c5d7650f37e8048bea0aa5e2b9e3cb16d47499fa89c7642c594cf79 REMOTE=LOST
[ 674/3625] Checking is LOST | E:\01.userData\ZhuoMian\Github_Releases_批量下载 xray\Xray-core\v1.5.7\Xray-macos-arm64-v8a.zip      | LOCAL=1ed5e190b75af05912d335ff6d807e5e378e3d480fb992b634d2b5ab6f488076 REMOTE=LOST
[ 675/3625] Checking is LOST | E:\01.userData\ZhuoMian\Github_Releases_批量下载 xray\Xray-core\v1.5.7\Xray-openbsd-32.zip           | LOCAL=1b519386ad76eb5ec0a9d868c164764729085046002061357dcbcf150addd7b0 REMOTE=LOST
[ 676/3625] Checking is LOST | E:\01.userData\ZhuoMian\Github_Releases_批量下载 xray\Xray-core\v1.5.7\Xray-openbsd-64.zip           | LOCAL=bac902ed840504025d8aa3909e20a10b2b120b19e21ba0fdc2ed7cc700a3e1e6 REMOTE=LOST
[ 677/3625] Checking is LOST | E:\01.userData\ZhuoMian\Github_Releases_批量下载 xray\Xray-core\v1.5.7\Xray-openbsd-arm32-v7a.zip    | LOCAL=4f721f2f416520a57a0473457686201c4d0f971b81913b79f79ece46095c56d6 REMOTE=LOST
[ 678/3625] Checking is LOST | E:\01.userData\ZhuoMian\Github_Releases_批量下载 xray\Xray-core\v1.5.7\Xray-openbsd-arm64-v8a.zip    | LOCAL=258c900d1d71ebf41f930f5cc78f3ee64f37c0b18e64db7d9ff89b0f1132e300 REMOTE=LOST
[ 679/3625] Checking is LOST | E:\01.userData\ZhuoMian\Github_Releases_批量下载 xray\Xray-core\v1.5.7\Xray-windows-32.zip           | LOCAL=3d64b73f19cf11f95f6337baa63c2c1861a12981165c0f203386ab31a988c977 REMOTE=LOST
[ 680/3625] Checking is LOST | E:\01.userData\ZhuoMian\Github_Releases_批量下载 xray\Xray-core\v1.5.7\Xray-windows-64.zip           | LOCAL=5ecddbd7fc51d693d103b6b78e41cbd7c3067f836ce28673d3b6c6ad8f2075d1 REMOTE=LOST
[ 681/3625] Checking is LOST | E:\01.userData\ZhuoMian\Github_Releases_批量下载 xray\Xray-core\v1.5.7\Xray-windows-arm32-v7a.zip    | LOCAL=1746288c7e1dcc6dbfee66c20ba4fbaec44fe5e096c4f75c4e2f56bf3fdf09c9 REMOTE=LOST
[ 682/3625] Checking is LOST | E:\01.userData\ZhuoMian\Github_Releases_批量下载 xray\Xray-core\v1.5.7\Xray-windows-arm64-v8a.zip    | LOCAL=20b0620329fe730ce067360674aa0ed1f3a49b4f9d6de425a14b071615c43d35 REMOTE=LOST
[ 683/3625] Checking is LOST | E:\01.userData\ZhuoMian\Github_Releases_批量下载 xray\Xray-core\v1.5.8\Xray-android-arm64-v8a.zip    | LOCAL=e3d85be494a3d344f3e121dd325a3a20ceccc0b93c2cccbf7b7a10a63a686cc1 REMOTE=LOST
[ 684/3625] Checking is LOST | E:\01.userData\ZhuoMian\Github_Releases_批量下载 xray\Xray-core\v1.5.8\Xray-dragonfly-64.zip         | LOCAL=772e1fd315609e74e99c006f1f788f039a38123d045f4ae10347c15040f0d57c REMOTE=LOST
[ 685/3625] Checking is LOST | E:\01.userData\ZhuoMian\Github_Releases_批量下载 xray\Xray-core\v1.5.8\Xray-freebsd-32.zip           | LOCAL=9a5f08ef440e26b36d935086527f8ed231b625ba26f1e198a3b3adcaaa947639 REMOTE=LOST
[ 686/3625] Checking is LOST | E:\01.userData\ZhuoMian\Github_Releases_批量下载 xray\Xray-core\v1.5.8\Xray-freebsd-64.zip           | LOCAL=343bd3625b8da0c23658e7786a5242602aebb1c7d292a816d8ca70ec05887d72 REMOTE=LOST
[ 687/3625] Checking is LOST | E:\01.userData\ZhuoMian\Github_Releases_批量下载 xray\Xray-core\v1.5.8\Xray-freebsd-arm32-v7a.zip    | LOCAL=a7d76c6159d315b870cfcb60540ee02384f2f5973ab349846bcfc0ab07a05f28 REMOTE=LOST
[ 688/3625] Checking is LOST | E:\01.userData\ZhuoMian\Github_Releases_批量下载 xray\Xray-core\v1.5.8\Xray-freebsd-arm64-v8a.zip    | LOCAL=4d2f179b709938263d32ecd05121f6b370e2df29fcf75cb92d793dff9aec1c22 REMOTE=LOST
[ 689/3625] Checking is LOST | E:\01.userData\ZhuoMian\Github_Releases_批量下载 xray\Xray-core\v1.5.8\Xray-linux-32.zip             | LOCAL=17a9749a35b35ba1d38090f2e3ad3a6eaca92938c7f6f991ff5416ca1f3dfcc7 REMOTE=LOST
[ 690/3625] Checking is LOST | E:\01.userData\ZhuoMian\Github_Releases_批量下载 xray\Xray-core\v1.5.8\Xray-linux-64.zip             | LOCAL=42d7b83aca0597043be5ed34fddeeda6d87a4e7bc9fc55db630473d60907915d REMOTE=LOST
[ 691/3625] Checking is LOST | E:\01.userData\ZhuoMian\Github_Releases_批量下载 xray\Xray-core\v1.5.8\Xray-linux-arm32-v5.zip       | LOCAL=9346ffa8d18f8a56fdc0b9c7442d5ad801de319e6e01f5a235b6d4452fdd8e18 REMOTE=LOST
[ 692/3625] Checking is LOST | E:\01.userData\ZhuoMian\Github_Releases_批量下载 xray\Xray-core\v1.5.8\Xray-linux-arm32-v6.zip       | LOCAL=2f6a2aa15dc38063d56fe2c86487201f4b67d2baaf3ca0cef1d6db06a30b0933 REMOTE=LOST
[ 693/3625] Checking is LOST | E:\01.userData\ZhuoMian\Github_Releases_批量下载 xray\Xray-core\v1.5.8\Xray-linux-arm32-v7a.zip      | LOCAL=0840b4e42ffd5df6de45a4529db88cba933962741f2f927c60f7f447ab5705ee REMOTE=LOST
[ 694/3625] Checking is LOST | E:\01.userData\ZhuoMian\Github_Releases_批量下载 xray\Xray-core\v1.5.8\Xray-linux-arm64-v8a.zip      | LOCAL=a90e818e516359424a10bcbc35406049edcef8da2bb1dec1011c7c2226c54472 REMOTE=LOST
[ 695/3625] Checking is LOST | E:\01.userData\ZhuoMian\Github_Releases_批量下载 xray\Xray-core\v1.5.8\Xray-linux-mips32.zip         | LOCAL=103de6fcb9ff07e4cad8912c89f55e84cd35e5a072504b335baa57410801a795 REMOTE=LOST
[ 696/3625] Checking is LOST | E:\01.userData\ZhuoMian\Github_Releases_批量下载 xray\Xray-core\v1.5.8\Xray-linux-mips32le.zip       | LOCAL=9aa92021a5144bc19632b7b94544a718c5174856914dc0db4acd72cf43c9c2bd REMOTE=LOST
[ 697/3625] Checking is LOST | E:\01.userData\ZhuoMian\Github_Releases_批量下载 xray\Xray-core\v1.5.8\Xray-linux-mips64.zip         | LOCAL=75224c14d269fd679339c7513578cf218ad370cfcdbee28d42ff41abe6fc70cc REMOTE=LOST
[ 698/3625] Checking is LOST | E:\01.userData\ZhuoMian\Github_Releases_批量下载 xray\Xray-core\v1.5.8\Xray-linux-mips64le.zip       | LOCAL=d364c050df28c619aedeadf7a55865d84028555fa806a4cc41cafb3315fd7844 REMOTE=LOST
[ 699/3625] Checking is LOST | E:\01.userData\ZhuoMian\Github_Releases_批量下载 xray\Xray-core\v1.5.8\Xray-linux-ppc64.zip          | LOCAL=0749bf3e681996c9221c2ad84a3e4efe2cb39e4a3b64241abfafebce0de8f1f1 REMOTE=LOST
[ 700/3625] Checking is LOST | E:\01.userData\ZhuoMian\Github_Releases_批量下载 xray\Xray-core\v1.5.8\Xray-linux-ppc64le.zip        | LOCAL=9bcf84bc657de42796d17f8615d62acefd9b9cc2358858f502100bbba470ead7 REMOTE=LOST
[ 701/3625] Checking is LOST | E:\01.userData\ZhuoMian\Github_Releases_批量下载 xray\Xray-core\v1.5.8\Xray-linux-riscv64.zip        | LOCAL=feda7efe08ed1f52d98fa3cd08258dccead1f3a800e1e4703ecb62d674376c36 REMOTE=LOST
[ 702/3625] Checking is LOST | E:\01.userData\ZhuoMian\Github_Releases_批量下载 xray\Xray-core\v1.5.8\Xray-linux-s390x.zip          | LOCAL=adebf7bf6fdc1b94405d3d1b583fa02934268d12acb487ac50e3fbc1cfd60a68 REMOTE=LOST
[ 703/3625] Checking is LOST | E:\01.userData\ZhuoMian\Github_Releases_批量下载 xray\Xray-core\v1.5.8\Xray-macos-64.zip             | LOCAL=58242cec8b597a3ad429239e835744d9ef4cb1b4a2bf1f595c3ecca998dbc202 REMOTE=LOST
[ 704/3625] Checking is LOST | E:\01.userData\ZhuoMian\Github_Releases_批量下载 xray\Xray-core\v1.5.8\Xray-macos-arm64-v8a.zip      | LOCAL=15c0ef0cf03ac0b5d3b09bb86c5c3f6e72dc7e2cc541893c9fb6e7ad78b15d2e REMOTE=LOST
[ 705/3625] Checking is LOST | E:\01.userData\ZhuoMian\Github_Releases_批量下载 xray\Xray-core\v1.5.8\Xray-openbsd-32.zip           | LOCAL=a96e8390409eecc1fa70b5b96554c32bb6a588d6671b932a2e8c8ee912ce0552 REMOTE=LOST
[ 706/3625] Checking is LOST | E:\01.userData\ZhuoMian\Github_Releases_批量下载 xray\Xray-core\v1.5.8\Xray-openbsd-64.zip           | LOCAL=ecbda85f6b1fd78407dff750bb9eb03a85840c28e6e9178a2036858aa21670d8 REMOTE=LOST
[ 707/3625] Checking is LOST | E:\01.userData\ZhuoMian\Github_Releases_批量下载 xray\Xray-core\v1.5.8\Xray-openbsd-arm32-v7a.zip    | LOCAL=71a51c005e730576ad0876db3319ab395465261ba6d3dedb646c76d39fe60397 REMOTE=LOST
[ 708/3625] Checking is LOST | E:\01.userData\ZhuoMian\Github_Releases_批量下载 xray\Xray-core\v1.5.8\Xray-openbsd-arm64-v8a.zip    | LOCAL=eab9bb4b0a41876f9db60acb9bdec0849a63d56a9ec3f775407ca81d1fc0ef61 REMOTE=LOST
[ 709/3625] Checking is LOST | E:\01.userData\ZhuoMian\Github_Releases_批量下载 xray\Xray-core\v1.5.8\Xray-windows-32.zip           | LOCAL=9c687ea88c28524efe901165f0d4b493127e086da107c463337b4c725223ea04 REMOTE=LOST
[ 710/3625] Checking is LOST | E:\01.userData\ZhuoMian\Github_Releases_批量下载 xray\Xray-core\v1.5.8\Xray-windows-64.zip           | LOCAL=e6e7afac0b356916c6a1b89f51279b1a8e9dacd034b66fcac945a314fc832be6 REMOTE=LOST
[ 711/3625] Checking is LOST | E:\01.userData\ZhuoMian\Github_Releases_批量下载 xray\Xray-core\v1.5.8\Xray-windows-arm32-v7a.zip    | LOCAL=95028d2f0075bee86c34b4c14165bbe33b1c0f155a5523f179d5357324aefcbe REMOTE=LOST
[ 712/3625] Checking is LOST | E:\01.userData\ZhuoMian\Github_Releases_批量下载 xray\Xray-core\v1.5.8\Xray-windows-arm64-v8a.zip    | LOCAL=d01d1681693fb01f53ff73588f3d2a903af072993c0f5748f43ff262af833576 REMOTE=LOST
[ 713/3625] Checking is LOST | E:\01.userData\ZhuoMian\Github_Releases_批量下载 xray\Xray-core\v1.5.9\Xray-android-arm64-v8a.zip    | LOCAL=dab9cb2cf94de8ac3ea7192d28c4e2964daa2adbda422a71e67bef8ab532863e REMOTE=LOST
[ 714/3625] Checking is LOST | E:\01.userData\ZhuoMian\Github_Releases_批量下载 xray\Xray-core\v1.5.9\Xray-dragonfly-64.zip         | LOCAL=b5cf9c18b8c164a69f7decee87b030cd5fd4ff19ad431f78d38dbd851110779d REMOTE=LOST
[ 715/3625] Checking is LOST | E:\01.userData\ZhuoMian\Github_Releases_批量下载 xray\Xray-core\v1.5.9\Xray-freebsd-32.zip           | LOCAL=164519cee09208cba06b0b7818fadf105ecbeea9d03486c1c3e656b4fdc5e089 REMOTE=LOST
[ 716/3625] Checking is LOST | E:\01.userData\ZhuoMian\Github_Releases_批量下载 xray\Xray-core\v1.5.9\Xray-freebsd-64.zip           | LOCAL=c95495a31a72f00d19d039637e37587ebf9f9ea3a729da85a9103bd143bdc848 REMOTE=LOST
[ 717/3625] Checking is LOST | E:\01.userData\ZhuoMian\Github_Releases_批量下载 xray\Xray-core\v1.5.9\Xray-freebsd-arm32-v7a.zip    | LOCAL=54019eba12b92179b4911285113994d4490bed70ee466dfa25d6006df4b77a42 REMOTE=LOST
[ 718/3625] Checking is LOST | E:\01.userData\ZhuoMian\Github_Releases_批量下载 xray\Xray-core\v1.5.9\Xray-freebsd-arm64-v8a.zip    | LOCAL=caee967c84886fc40e2d9f81bde5d3ad66660eb8730905d2d15a0138762b507b REMOTE=LOST
[ 719/3625] Checking is LOST | E:\01.userData\ZhuoMian\Github_Releases_批量下载 xray\Xray-core\v1.5.9\Xray-linux-32.zip             | LOCAL=a9d2ca5e424d3ea6d4f6fd00b21895aab8e580afc334e8c7d7d5a8a37c86012a REMOTE=LOST
[ 720/3625] Checking is LOST | E:\01.userData\ZhuoMian\Github_Releases_批量下载 xray\Xray-core\v1.5.9\Xray-linux-64.zip             | LOCAL=3a4f4250b64024144d8121ee8a84951bbbb58ce9722d495552c4aa8fdfbfaa65 REMOTE=LOST
[ 721/3625] Checking is LOST | E:\01.userData\ZhuoMian\Github_Releases_批量下载 xray\Xray-core\v1.5.9\Xray-linux-arm32-v5.zip       | LOCAL=e39976a246bcd632de8c143647ad9e91504331527b8792ef3f2020334874c82a REMOTE=LOST
[ 722/3625] Checking is LOST | E:\01.userData\ZhuoMian\Github_Releases_批量下载 xray\Xray-core\v1.5.9\Xray-linux-arm32-v6.zip       | LOCAL=5add9f043c12820ac2a5a548fd57835ef31d9f45bb9597ae754be9480027f6bc REMOTE=LOST
[ 723/3625] Checking is LOST | E:\01.userData\ZhuoMian\Github_Releases_批量下载 xray\Xray-core\v1.5.9\Xray-linux-arm32-v7a.zip      | LOCAL=7f1b34320d1da7b695fbd0562c2383bc47fad9e4acc816e860da1e64338d4c3d REMOTE=LOST
[ 724/3625] Checking is LOST | E:\01.userData\ZhuoMian\Github_Releases_批量下载 xray\Xray-core\v1.5.9\Xray-linux-arm64-v8a.zip      | LOCAL=e6c636d862ba933a3f70423b6b6b8a5696bcb661bb084d45232659126234fd8b REMOTE=LOST
[ 725/3625] Checking is LOST | E:\01.userData\ZhuoMian\Github_Releases_批量下载 xray\Xray-core\v1.5.9\Xray-linux-mips32.zip         | LOCAL=2cd66a23ea1e293565811c9020bb79cad8afe00ec5e32a01e8b20600a19e556e REMOTE=LOST
[ 726/3625] Checking is LOST | E:\01.userData\ZhuoMian\Github_Releases_批量下载 xray\Xray-core\v1.5.9\Xray-linux-mips32le.zip       | LOCAL=7f6742efdb99bc8307bf8af91736e27f3ed7f11dccdb68c166f0baece12d63c3 REMOTE=LOST
[ 727/3625] Checking is LOST | E:\01.userData\ZhuoMian\Github_Releases_批量下载 xray\Xray-core\v1.5.9\Xray-linux-mips64.zip         | LOCAL=46a9c1c773472d1b1637c08e1901678af385afdc2967c424bdae86332849bd5f REMOTE=LOST
[ 728/3625] Checking is LOST | E:\01.userData\ZhuoMian\Github_Releases_批量下载 xray\Xray-core\v1.5.9\Xray-linux-mips64le.zip       | LOCAL=039f7b73329fe42cdf600a411a9e0edc1d10f34e5a74338b47ea0383ca04cfb1 REMOTE=LOST
[ 729/3625] Checking is LOST | E:\01.userData\ZhuoMian\Github_Releases_批量下载 xray\Xray-core\v1.5.9\Xray-linux-ppc64.zip          | LOCAL=1d6c5bddd3aab2b13adb7a08dbccea2d3a029712f47aec1b253f142a2ecd565e REMOTE=LOST
[ 730/3625] Checking is LOST | E:\01.userData\ZhuoMian\Github_Releases_批量下载 xray\Xray-core\v1.5.9\Xray-linux-ppc64le.zip        | LOCAL=c54e15878b6f24c47d675c61beb197bae562cd8942ebe77056d3cfee6fddc86c REMOTE=LOST
[ 731/3625] Checking is LOST | E:\01.userData\ZhuoMian\Github_Releases_批量下载 xray\Xray-core\v1.5.9\Xray-linux-riscv64.zip        | LOCAL=0572337ac6fc5179ba5d4384ba24bb6ff2c59e0af069d6daf1fe9647c759f9b3 REMOTE=LOST
[ 732/3625] Checking is LOST | E:\01.userData\ZhuoMian\Github_Releases_批量下载 xray\Xray-core\v1.5.9\Xray-linux-s390x.zip          | LOCAL=76fc0e497143a289574b8d90787d02821cebde8a4ac2ce151bfb459d9393a6d6 REMOTE=LOST
[ 733/3625] Checking is LOST | E:\01.userData\ZhuoMian\Github_Releases_批量下载 xray\Xray-core\v1.5.9\Xray-macos-64.zip             | LOCAL=43427e869025235d1e81fca6ce21b920192772c9e51b7e76d33a4534a95e7460 REMOTE=LOST
[ 734/3625] Checking is LOST | E:\01.userData\ZhuoMian\Github_Releases_批量下载 xray\Xray-core\v1.5.9\Xray-macos-arm64-v8a.zip      | LOCAL=436e1620d5e4367359aa6d2f514aceeb8eb9d79cea3251934a8c3f6682704565 REMOTE=LOST
[ 735/3625] Checking is LOST | E:\01.userData\ZhuoMian\Github_Releases_批量下载 xray\Xray-core\v1.5.9\Xray-openbsd-32.zip           | LOCAL=e262dc59d85c86f5c5322af74f87d8e88c3655a42af2c34364d87d4d572019db REMOTE=LOST
[ 736/3625] Checking is LOST | E:\01.userData\ZhuoMian\Github_Releases_批量下载 xray\Xray-core\v1.5.9\Xray-openbsd-64.zip           | LOCAL=1e52f354b5ba30df50716e12aa0437199232c9582b220ca16b9e9eec34daa406 REMOTE=LOST
[ 737/3625] Checking is LOST | E:\01.userData\ZhuoMian\Github_Releases_批量下载 xray\Xray-core\v1.5.9\Xray-openbsd-arm32-v7a.zip    | LOCAL=6cf3fabe1619cbb690207552f5a7dd78297390042736d3f219d714e9a5f1a904 REMOTE=LOST
[ 738/3625] Checking is LOST | E:\01.userData\ZhuoMian\Github_Releases_批量下载 xray\Xray-core\v1.5.9\Xray-openbsd-arm64-v8a.zip    | LOCAL=fab48afa4e93e72418f8019320e8ed09782c38744c482ed8bdd88ea4d85633e7 REMOTE=LOST
[ 739/3625] Checking is LOST | E:\01.userData\ZhuoMian\Github_Releases_批量下载 xray\Xray-core\v1.5.9\Xray-windows-32.zip           | LOCAL=b18fcf219a81023bced1486af4d0888d3c8d4186e7675d72a6d25c6071296d60 REMOTE=LOST
[ 740/3625] Checking is LOST | E:\01.userData\ZhuoMian\Github_Releases_批量下载 xray\Xray-core\v1.5.9\Xray-windows-64.zip           | LOCAL=46012772b64e8125920e2c2fe585e3a33068b6a974ed0d5f3c470590114f3243 REMOTE=LOST
[ 741/3625] Checking is LOST | E:\01.userData\ZhuoMian\Github_Releases_批量下载 xray\Xray-core\v1.5.9\Xray-windows-arm32-v7a.zip    | LOCAL=4fa7458ac81754620ff2f378eb81268f74e77e74c25f6a0aae6ee8d35bfc9a7d REMOTE=LOST
[ 742/3625] Checking is LOST | E:\01.userData\ZhuoMian\Github_Releases_批量下载 xray\Xray-core\v1.5.9\Xray-windows-arm64-v8a.zip    | LOCAL=79944806ecb984a47e4835e841d304acaedbceaf31b837e71dd522c5108b5911 REMOTE=LOST
[ 743/3625] Checking is LOST | E:\01.userData\ZhuoMian\Github_Releases_批量下载 xray\Xray-core\v1.6.0\Xray-android-arm64-v8a.zip    | LOCAL=2a6a796429f581a5c89c48e7efae709ff309daa86346a16ed6a3bb8aff91322c REMOTE=LOST
[ 744/3625] Checking is LOST | E:\01.userData\ZhuoMian\Github_Releases_批量下载 xray\Xray-core\v1.6.0\Xray-dragonfly-64.zip         | LOCAL=5a6d0714f0fea38d8c51d15cf0ffa2437f6ccd7c76044894ceab8bac8574ade1 REMOTE=LOST
[ 745/3625] Checking is LOST | E:\01.userData\ZhuoMian\Github_Releases_批量下载 xray\Xray-core\v1.6.0\Xray-freebsd-32.zip           | LOCAL=2b6f6131756315b79276217075365212b6ddb3606e7a87e2e781fa291373878d REMOTE=LOST
[ 746/3625] Checking is LOST | E:\01.userData\ZhuoMian\Github_Releases_批量下载 xray\Xray-core\v1.6.0\Xray-freebsd-64.zip           | LOCAL=c7b98eb814e84adb6174accc7ee52d61e80dcf55bd8c0916e921c74ca0d33c82 REMOTE=LOST
[ 747/3625] Checking is LOST | E:\01.userData\ZhuoMian\Github_Releases_批量下载 xray\Xray-core\v1.6.0\Xray-freebsd-arm32-v7a.zip    | LOCAL=e6bacba06973eb827c7b49c90788b4c4e3291c9ac6b5ec4e4553e0315104c65d REMOTE=LOST
[ 748/3625] Checking is LOST | E:\01.userData\ZhuoMian\Github_Releases_批量下载 xray\Xray-core\v1.6.0\Xray-freebsd-arm64-v8a.zip    | LOCAL=09ea66da3daaf042d92444e2c5e2c0fd0416a5746c660353c89fc98cebbe95e1 REMOTE=LOST
[ 749/3625] Checking is LOST | E:\01.userData\ZhuoMian\Github_Releases_批量下载 xray\Xray-core\v1.6.0\Xray-linux-32.zip             | LOCAL=5a275b537d9c3787d36e70768e8cca9b007513205bbb0bc17ea79e7d0c2bfb3f REMOTE=LOST
[ 750/3625] Checking is LOST | E:\01.userData\ZhuoMian\Github_Releases_批量下载 xray\Xray-core\v1.6.0\Xray-linux-64.zip             | LOCAL=9afab7f2d483c4283ad228f6c5ae7771519d95b4e85d3fa770dc53094805ef12 REMOTE=LOST
[ 751/3625] Checking is LOST | E:\01.userData\ZhuoMian\Github_Releases_批量下载 xray\Xray-core\v1.6.0\Xray-linux-arm32-v5.zip       | LOCAL=bc9ecc6565e3e4731a2d583e518a49d29056c9ec9368a4725aa0e93275689e96 REMOTE=LOST
[ 752/3625] Checking is LOST | E:\01.userData\ZhuoMian\Github_Releases_批量下载 xray\Xray-core\v1.6.0\Xray-linux-arm32-v6.zip       | LOCAL=497003a500c596ef2aaa0a750b9b91044eeab545ed7e79cdf4cffe90cb24a2ec REMOTE=LOST
[ 753/3625] Checking is LOST | E:\01.userData\ZhuoMian\Github_Releases_批量下载 xray\Xray-core\v1.6.0\Xray-linux-arm32-v7a.zip      | LOCAL=ccd9819adfb32b7d32121a45a78d14055a9f5b70aa5d72287b2c75f38b3299af REMOTE=LOST
[ 754/3625] Checking is LOST | E:\01.userData\ZhuoMian\Github_Releases_批量下载 xray\Xray-core\v1.6.0\Xray-linux-arm64-v8a.zip      | LOCAL=f69b030831a181e76e1d3927fadaf28a7b3b38b0159fcb189e8d3b1a2b78b890 REMOTE=LOST
[ 755/3625] Checking is LOST | E:\01.userData\ZhuoMian\Github_Releases_批量下载 xray\Xray-core\v1.6.0\Xray-linux-mips32.zip         | LOCAL=276adf8747751944b5f097fb1ff6e9e34b80340e449cc823a25cbb5d5f5cfc26 REMOTE=LOST
[ 756/3625] Checking is LOST | E:\01.userData\ZhuoMian\Github_Releases_批量下载 xray\Xray-core\v1.6.0\Xray-linux-mips32le.zip       | LOCAL=33a6d3ac17e6016d6406b8fb56371c469ed7d0f87070906f0028d980d459b71d REMOTE=LOST
[ 757/3625] Checking is LOST | E:\01.userData\ZhuoMian\Github_Releases_批量下载 xray\Xray-core\v1.6.0\Xray-linux-mips64.zip         | LOCAL=9279651c1480517963bf2d7bd0dceb662a56ba23dbbd4808bd405dea3a2b0bcf REMOTE=LOST
[ 758/3625] Checking is LOST | E:\01.userData\ZhuoMian\Github_Releases_批量下载 xray\Xray-core\v1.6.0\Xray-linux-mips64le.zip       | LOCAL=e22e0e8df7810c0c2a653ce968692141b51e571275582d6d27b59d996a332067 REMOTE=LOST
[ 759/3625] Checking is LOST | E:\01.userData\ZhuoMian\Github_Releases_批量下载 xray\Xray-core\v1.6.0\Xray-linux-ppc64.zip          | LOCAL=06826c6970d65f4c586a4e441e636d088a2813cbd21f09c75c07cdaa04c1cdd5 REMOTE=LOST
[ 760/3625] Checking is LOST | E:\01.userData\ZhuoMian\Github_Releases_批量下载 xray\Xray-core\v1.6.0\Xray-linux-ppc64le.zip        | LOCAL=2eb9fd410b396557199cde294044a36321247246527ff9c343b13a1b67ce60b0 REMOTE=LOST
[ 761/3625] Checking is LOST | E:\01.userData\ZhuoMian\Github_Releases_批量下载 xray\Xray-core\v1.6.0\Xray-linux-riscv64.zip        | LOCAL=5217204342b53423a4cc2ec34f53f4439cf03cb7555d36b4d746f3d33181203f REMOTE=LOST
[ 762/3625] Checking is LOST | E:\01.userData\ZhuoMian\Github_Releases_批量下载 xray\Xray-core\v1.6.0\Xray-linux-s390x.zip          | LOCAL=7cb1926f9e5fb77521a47f012e68c16220db37e9e3b329a68633e4db5241f90c REMOTE=LOST
[ 763/3625] Checking is LOST | E:\01.userData\ZhuoMian\Github_Releases_批量下载 xray\Xray-core\v1.6.0\Xray-macos-64.zip             | LOCAL=aac2f5e30e8e6c6fc61a9f4b216268e7a0fa8892d9ceb0348241d4c1a2e24582 REMOTE=LOST
[ 764/3625] Checking is LOST | E:\01.userData\ZhuoMian\Github_Releases_批量下载 xray\Xray-core\v1.6.0\Xray-macos-arm64-v8a.zip      | LOCAL=c96ffb99e3799ca5a774108341bfa52ada7f50b6a475b0d99ee97e84857c3c3f REMOTE=LOST
[ 765/3625] Checking is LOST | E:\01.userData\ZhuoMian\Github_Releases_批量下载 xray\Xray-core\v1.6.0\Xray-openbsd-32.zip           | LOCAL=9d34d80c8249dd97cb04eaa77c70c85345db04ab49f0268b69a6848923d5d03a REMOTE=LOST
[ 766/3625] Checking is LOST | E:\01.userData\ZhuoMian\Github_Releases_批量下载 xray\Xray-core\v1.6.0\Xray-openbsd-64.zip           | LOCAL=68098dff5c25a55775695a5a1ef56cace0f8239b332b4014b2d59bbd482387c2 REMOTE=LOST
[ 767/3625] Checking is LOST | E:\01.userData\ZhuoMian\Github_Releases_批量下载 xray\Xray-core\v1.6.0\Xray-openbsd-arm32-v7a.zip    | LOCAL=d32799ec3f51a66a4280cff81cecbd16ccfe45d189e9034e3e9ebed1fe76c56c REMOTE=LOST
[ 768/3625] Checking is LOST | E:\01.userData\ZhuoMian\Github_Releases_批量下载 xray\Xray-core\v1.6.0\Xray-openbsd-arm64-v8a.zip    | LOCAL=a41b5ae80a45d3ec27933fc82d8d3d149aec30f65b85acaf8deb6e7d40a861a5 REMOTE=LOST
[ 769/3625] Checking is LOST | E:\01.userData\ZhuoMian\Github_Releases_批量下载 xray\Xray-core\v1.6.0\Xray-windows-32.zip           | LOCAL=bf4e9de6c7d6d4518ec35a12fee4726cea4a7a455cd32b3e732088547ac3059f REMOTE=LOST
[ 770/3625] Checking is LOST | E:\01.userData\ZhuoMian\Github_Releases_批量下载 xray\Xray-core\v1.6.0\Xray-windows-64.zip           | LOCAL=191d66a83ca2efdb793726d5928c3adb7f80506a3f2e00dcab901abfffdaf359 REMOTE=LOST
[ 771/3625] Checking is LOST | E:\01.userData\ZhuoMian\Github_Releases_批量下载 xray\Xray-core\v1.6.0\Xray-windows-arm32-v7a.zip    | LOCAL=069dffb42852be820effbc7d4e092c6044d0f31922c8dfd4a66e17d80968dd16 REMOTE=LOST
[ 772/3625] Checking is LOST | E:\01.userData\ZhuoMian\Github_Releases_批量下载 xray\Xray-core\v1.6.0\Xray-windows-arm64-v8a.zip    | LOCAL=adc2803195132c9ef9773100f1fd4a3bfaf4bb5f600e3d1e0501dcbd5812e821 REMOTE=LOST
[ 773/3625] Checking is LOST | E:\01.userData\ZhuoMian\Github_Releases_批量下载 xray\Xray-core\v1.6.1\Xray-android-arm64-v8a.zip    | LOCAL=e359f5e15638bf9f5ad73c390fea93295ae4fa2b8f55a41b2042639e077bc0c6 REMOTE=LOST
[ 774/3625] Checking is LOST | E:\01.userData\ZhuoMian\Github_Releases_批量下载 xray\Xray-core\v1.6.1\Xray-dragonfly-64.zip         | LOCAL=b29dade6d620286d07df9b9f85071e032182dc1f15cdebaeafb194e31ec89e9f REMOTE=LOST
[ 775/3625] Checking is LOST | E:\01.userData\ZhuoMian\Github_Releases_批量下载 xray\Xray-core\v1.6.1\Xray-freebsd-32.zip           | LOCAL=02dab8dfd6f2e723c155dd8ff4a3b83ef1b75c9e9cb6c9719ac9d2ae82509e73 REMOTE=LOST
[ 776/3625] Checking is LOST | E:\01.userData\ZhuoMian\Github_Releases_批量下载 xray\Xray-core\v1.6.1\Xray-freebsd-64.zip           | LOCAL=f5ac490a982fecbf408a4e38824745b0ab28359d36d88aa86fa1fa79d60457ea REMOTE=LOST
[ 777/3625] Checking is LOST | E:\01.userData\ZhuoMian\Github_Releases_批量下载 xray\Xray-core\v1.6.1\Xray-freebsd-arm32-v7a.zip    | LOCAL=dea66147192645b5242e8d05c100a85db1489157db6443dfff47b464eb8bb591 REMOTE=LOST
[ 778/3625] Checking is LOST | E:\01.userData\ZhuoMian\Github_Releases_批量下载 xray\Xray-core\v1.6.1\Xray-freebsd-arm64-v8a.zip    | LOCAL=cfb9e8e999ffd02b2c8f7d55b8a5dd1619dc1526143198175f9538f6b60597a3 REMOTE=LOST
[ 779/3625] Checking is LOST | E:\01.userData\ZhuoMian\Github_Releases_批量下载 xray\Xray-core\v1.6.1\Xray-linux-32.zip             | LOCAL=d7a09c1d6060dca3d670b358526c6289e1f7f07970881d678735630267a5ac2a REMOTE=LOST
[ 780/3625] Checking is LOST | E:\01.userData\ZhuoMian\Github_Releases_批量下载 xray\Xray-core\v1.6.1\Xray-linux-64.zip             | LOCAL=fa6517eea07f10f5f0a7e8768bb4b411266a217161b0a9d2794b48769f1ad541 REMOTE=LOST
[ 781/3625] Checking is LOST | E:\01.userData\ZhuoMian\Github_Releases_批量下载 xray\Xray-core\v1.6.1\Xray-linux-arm32-v5.zip       | LOCAL=0df1ac34018591b67e6ed0b200d92d0a6480555a91bb01fb4751960a2d86de9d REMOTE=LOST
[ 782/3625] Checking is LOST | E:\01.userData\ZhuoMian\Github_Releases_批量下载 xray\Xray-core\v1.6.1\Xray-linux-arm32-v6.zip       | LOCAL=a05357605d6169a7c85cc529e4667260612afa245128c1ff57a2130570c9da4c REMOTE=LOST
[ 783/3625] Checking is LOST | E:\01.userData\ZhuoMian\Github_Releases_批量下载 xray\Xray-core\v1.6.1\Xray-linux-arm32-v7a.zip      | LOCAL=a8fbe140e6683c3fe152eefcb28a7ff1277c886804ca144927f9990dae2718df REMOTE=LOST
[ 784/3625] Checking is LOST | E:\01.userData\ZhuoMian\Github_Releases_批量下载 xray\Xray-core\v1.6.1\Xray-linux-arm64-v8a.zip      | LOCAL=83ef5db995c374aca9e20a140d83815fe51f49403d08276367d05fd17e00dd38 REMOTE=LOST
[ 785/3625] Checking is LOST | E:\01.userData\ZhuoMian\Github_Releases_批量下载 xray\Xray-core\v1.6.1\Xray-linux-mips32.zip         | LOCAL=524b2a767e8cd662bf0bad2f01ab062f10290bd244de6ccdd3b164cff0722815 REMOTE=LOST
[ 786/3625] Checking is LOST | E:\01.userData\ZhuoMian\Github_Releases_批量下载 xray\Xray-core\v1.6.1\Xray-linux-mips32le.zip       | LOCAL=6dac1b25ca1d22ec2af64d21b36fe3d5cbee9991827d6c5b93a0b4d9121438a6 REMOTE=LOST
[ 787/3625] Checking is LOST | E:\01.userData\ZhuoMian\Github_Releases_批量下载 xray\Xray-core\v1.6.1\Xray-linux-mips64.zip         | LOCAL=bf0adcb94bb1710e53bf4a81304c9438dfbae1dd268e382a17dfe49d6a6998ae REMOTE=LOST
[ 788/3625] Checking is LOST | E:\01.userData\ZhuoMian\Github_Releases_批量下载 xray\Xray-core\v1.6.1\Xray-linux-mips64le.zip       | LOCAL=95c1fac84d3e04fce1c1a397ebabc1ba0d429cad247ed1a71debbdd1bc88d8e6 REMOTE=LOST
[ 789/3625] Checking is LOST | E:\01.userData\ZhuoMian\Github_Releases_批量下载 xray\Xray-core\v1.6.1\Xray-linux-ppc64.zip          | LOCAL=e11fdfdd727d7b151b8faacc5e16863ab16916a804498290d35e62e66f32a3f3 REMOTE=LOST
[ 790/3625] Checking is LOST | E:\01.userData\ZhuoMian\Github_Releases_批量下载 xray\Xray-core\v1.6.1\Xray-linux-ppc64le.zip        | LOCAL=cee8400d7afb443ebdc6bcf9191f11af50be093b203892f9b7ee4f8bc00b5639 REMOTE=LOST
[ 791/3625] Checking is LOST | E:\01.userData\ZhuoMian\Github_Releases_批量下载 xray\Xray-core\v1.6.1\Xray-linux-riscv64.zip        | LOCAL=927c295294b0105e8ebd094395a81e6921bf7d0dd0f345e394b5fd302ea13d38 REMOTE=LOST
[ 792/3625] Checking is LOST | E:\01.userData\ZhuoMian\Github_Releases_批量下载 xray\Xray-core\v1.6.1\Xray-linux-s390x.zip          | LOCAL=45b957c8dfdae6f8381a4a6c2fcc6202a457adff00b49cace43e895864a4fb31 REMOTE=LOST
[ 793/3625] Checking is LOST | E:\01.userData\ZhuoMian\Github_Releases_批量下载 xray\Xray-core\v1.6.1\Xray-macos-64.zip             | LOCAL=ebd64d19e28a657eb7741c8757339696e8c99d6b36980c416f532aa66ddc8088 REMOTE=LOST
[ 794/3625] Checking is LOST | E:\01.userData\ZhuoMian\Github_Releases_批量下载 xray\Xray-core\v1.6.1\Xray-macos-arm64-v8a.zip      | LOCAL=22365db24b0820afd1e9dee47199b578363ce9b067ee05bd4b2ecc915e9c8da2 REMOTE=LOST
[ 795/3625] Checking is LOST | E:\01.userData\ZhuoMian\Github_Releases_批量下载 xray\Xray-core\v1.6.1\Xray-openbsd-32.zip           | LOCAL=47d696d0a91e84c782b72b27d83b17f0c4a708a97ec005ef5f8e8c7cf2f5f591 REMOTE=LOST
[ 796/3625] Checking is LOST | E:\01.userData\ZhuoMian\Github_Releases_批量下载 xray\Xray-core\v1.6.1\Xray-openbsd-64.zip           | LOCAL=be4833d22905a7a884d02f146cf9a581c94c02c6782c6f7a85d60aca665ccffc REMOTE=LOST
[ 797/3625] Checking is LOST | E:\01.userData\ZhuoMian\Github_Releases_批量下载 xray\Xray-core\v1.6.1\Xray-openbsd-arm32-v7a.zip    | LOCAL=c8cb30844cb303d2e5ba08a1daf071481e67705812e82cd72448dc5a190088cd REMOTE=LOST
[ 798/3625] Checking is LOST | E:\01.userData\ZhuoMian\Github_Releases_批量下载 xray\Xray-core\v1.6.1\Xray-openbsd-arm64-v8a.zip    | LOCAL=624b0a8688789afbf713aa307c2ec907d2b5c476d0c8a1d88b34fd81df7643f1 REMOTE=LOST
[ 799/3625] Checking is LOST | E:\01.userData\ZhuoMian\Github_Releases_批量下载 xray\Xray-core\v1.6.1\Xray-windows-32.zip           | LOCAL=c566e32fcc823902fb9ad05e5dc81a96582b0e2e188234345c94ad1679be231c REMOTE=LOST
[ 800/3625] Checking is LOST | E:\01.userData\ZhuoMian\Github_Releases_批量下载 xray\Xray-core\v1.6.1\Xray-windows-64.zip           | LOCAL=5473c3b9a23764a0c71d5621ddc71e5ff16e71f7bea52a59c331e6655598c746 REMOTE=LOST
[ 801/3625] Checking is LOST | E:\01.userData\ZhuoMian\Github_Releases_批量下载 xray\Xray-core\v1.6.1\Xray-windows-arm32-v7a.zip    | LOCAL=d7c4d1465f4dc9cd62fad05832732554abd38d9a8ab0024027c37b1291e7c44a REMOTE=LOST
[ 802/3625] Checking is LOST | E:\01.userData\ZhuoMian\Github_Releases_批量下载 xray\Xray-core\v1.6.1\Xray-windows-arm64-v8a.zip    | LOCAL=7c1e82f6846818f7c3f0dfed2f3c870a7e8cf46696a7a8df5cecb2193aa5e6cc REMOTE=LOST
[ 803/3625] Checking is LOST | E:\01.userData\ZhuoMian\Github_Releases_批量下载 xray\Xray-core\v1.6.2\Xray-android-arm64-v8a.zip    | LOCAL=ae091af5a110785d6ba39cc0e2417092a7b7eadbbcf41ba67cb2efca4139f634 REMOTE=LOST
[ 804/3625] Checking is LOST | E:\01.userData\ZhuoMian\Github_Releases_批量下载 xray\Xray-core\v1.6.2\Xray-dragonfly-64.zip         | LOCAL=c799ef904933e70d726fb18b034c0c52cc23767ea5524e276d0a7e2adc3c6119 REMOTE=LOST
[ 805/3625] Checking is LOST | E:\01.userData\ZhuoMian\Github_Releases_批量下载 xray\Xray-core\v1.6.2\Xray-freebsd-32.zip           | LOCAL=8d4a523f4e54a7c76378e27ffa7961a0e10524d536c8fc9f432ca09fc0e1318c REMOTE=LOST
[ 806/3625] Checking is LOST | E:\01.userData\ZhuoMian\Github_Releases_批量下载 xray\Xray-core\v1.6.2\Xray-freebsd-64.zip           | LOCAL=376878e3afaef6df5572c687aa185ba1d2091dd01383b91025ac1c1f2cb18edc REMOTE=LOST
[ 807/3625] Checking is LOST | E:\01.userData\ZhuoMian\Github_Releases_批量下载 xray\Xray-core\v1.6.2\Xray-freebsd-arm32-v7a.zip    | LOCAL=b7c2c4f98cd42f6bdde3a644570737c3414e80f3c159951753c1bb64299cbee9 REMOTE=LOST
[ 808/3625] Checking is LOST | E:\01.userData\ZhuoMian\Github_Releases_批量下载 xray\Xray-core\v1.6.2\Xray-freebsd-arm64-v8a.zip    | LOCAL=ffbddccd0fd9ff5397736a2518d1b5736575f25f9f24897326dba64625e53468 REMOTE=LOST
[ 809/3625] Checking is LOST | E:\01.userData\ZhuoMian\Github_Releases_批量下载 xray\Xray-core\v1.6.2\Xray-linux-32.zip             | LOCAL=5dac148031384762ebf2199be9579f2bc1bf7525169c08f21648d9c4d0aa6393 REMOTE=LOST
[ 810/3625] Checking is LOST | E:\01.userData\ZhuoMian\Github_Releases_批量下载 xray\Xray-core\v1.6.2\Xray-linux-64.zip             | LOCAL=1e911e0039ca5207faeabd974bf8a9599ecaee313ac2ff0293da44c9243039a7 REMOTE=LOST
[ 811/3625] Checking is LOST | E:\01.userData\ZhuoMian\Github_Releases_批量下载 xray\Xray-core\v1.6.2\Xray-linux-arm32-v5.zip       | LOCAL=9d5a45e81b57665895f496f04a77be4b0c64aa63dc0ad70dedd73bb2c55f6334 REMOTE=LOST
[ 812/3625] Checking is LOST | E:\01.userData\ZhuoMian\Github_Releases_批量下载 xray\Xray-core\v1.6.2\Xray-linux-arm32-v6.zip       | LOCAL=327119e1c1790aa1fe9054ceb2d00c0de83c7bd80277fc9e5d23446566ea2013 REMOTE=LOST
[ 813/3625] Checking is LOST | E:\01.userData\ZhuoMian\Github_Releases_批量下载 xray\Xray-core\v1.6.2\Xray-linux-arm32-v7a.zip      | LOCAL=48d02f53c9c1b8cdc02a8ad7c2590020076b5d17f3bc5b166c9fa5fe4b8bf310 REMOTE=LOST
[ 814/3625] Checking is LOST | E:\01.userData\ZhuoMian\Github_Releases_批量下载 xray\Xray-core\v1.6.2\Xray-linux-arm64-v8a.zip      | LOCAL=bfa7dde225ff345b0fc79a84357159b64d55a4db11fc152919c23f82b4e9c065 REMOTE=LOST
[ 815/3625] Checking is LOST | E:\01.userData\ZhuoMian\Github_Releases_批量下载 xray\Xray-core\v1.6.2\Xray-linux-mips32.zip         | LOCAL=aca6d72c3f42759abb5e560a25f9f092fbe63357eb744d6e2adff6f256a9cb96 REMOTE=LOST
[ 816/3625] Checking is LOST | E:\01.userData\ZhuoMian\Github_Releases_批量下载 xray\Xray-core\v1.6.2\Xray-linux-mips32le.zip       | LOCAL=2bffad66d2a159836d75fb4d897054ff3b1af462f55fb4ae76b8823b1d5dc2a4 REMOTE=LOST
[ 817/3625] Checking is LOST | E:\01.userData\ZhuoMian\Github_Releases_批量下载 xray\Xray-core\v1.6.2\Xray-linux-mips64.zip         | LOCAL=151e911a1ca306f67d475c811baf8a7ee0859374522dccc3f804883f30722e52 REMOTE=LOST
[ 818/3625] Checking is LOST | E:\01.userData\ZhuoMian\Github_Releases_批量下载 xray\Xray-core\v1.6.2\Xray-linux-mips64le.zip       | LOCAL=3dd99eab594472b6d4f4997bb0edd78f73b1dad8e9bc2316e6fcd568b1363e21 REMOTE=LOST
[ 819/3625] Checking is LOST | E:\01.userData\ZhuoMian\Github_Releases_批量下载 xray\Xray-core\v1.6.2\Xray-linux-ppc64.zip          | LOCAL=e4bb76893dcd803d9e675e704450c9ce1e5455961a94a9ac348941b89494b436 REMOTE=LOST
[ 820/3625] Checking is LOST | E:\01.userData\ZhuoMian\Github_Releases_批量下载 xray\Xray-core\v1.6.2\Xray-linux-ppc64le.zip        | LOCAL=0d8bf73195d1a8cc841ae04d1c23b3f6a31e54cd453b80596704a594c5680e11 REMOTE=LOST
[ 821/3625] Checking is LOST | E:\01.userData\ZhuoMian\Github_Releases_批量下载 xray\Xray-core\v1.6.2\Xray-linux-riscv64.zip        | LOCAL=05930e752765ce2c0788f5ec84257a7991e71fc3d39a9c40be4f9ba9f4aada37 REMOTE=LOST
[ 822/3625] Checking is LOST | E:\01.userData\ZhuoMian\Github_Releases_批量下载 xray\Xray-core\v1.6.2\Xray-linux-s390x.zip          | LOCAL=bf6364d785e60970d1208e990618597c91950bfe471511a04ce64ae92cc8b806 REMOTE=LOST
[ 823/3625] Checking is LOST | E:\01.userData\ZhuoMian\Github_Releases_批量下载 xray\Xray-core\v1.6.2\Xray-macos-64.zip             | LOCAL=493c8d50e588938e209c7036d732a958a6f9969c1c51df65fff5ea317f81fd4c REMOTE=LOST
[ 824/3625] Checking is LOST | E:\01.userData\ZhuoMian\Github_Releases_批量下载 xray\Xray-core\v1.6.2\Xray-macos-arm64-v8a.zip      | LOCAL=3ff7f3f1144adb5d5dc448e7225792ed1c371b3121d7ffa985cd7e3aa0bc74f0 REMOTE=LOST
[ 825/3625] Checking is LOST | E:\01.userData\ZhuoMian\Github_Releases_批量下载 xray\Xray-core\v1.6.2\Xray-openbsd-32.zip           | LOCAL=5aaacc84385ea49a4998fe69341f9a938f8ea4adb3c6fb2434c5582b89861150 REMOTE=LOST
[ 826/3625] Checking is LOST | E:\01.userData\ZhuoMian\Github_Releases_批量下载 xray\Xray-core\v1.6.2\Xray-openbsd-64.zip           | LOCAL=48759e6a22e480c4dee474697b51cc9581dcd861ba770d278dbfefd0dfd48125 REMOTE=LOST
[ 827/3625] Checking is LOST | E:\01.userData\ZhuoMian\Github_Releases_批量下载 xray\Xray-core\v1.6.2\Xray-openbsd-arm32-v7a.zip    | LOCAL=1205fc7bf46c31927913d49ef9a2e0f5b8412bc24569a0902449d542d63cbb6e REMOTE=LOST
[ 828/3625] Checking is LOST | E:\01.userData\ZhuoMian\Github_Releases_批量下载 xray\Xray-core\v1.6.2\Xray-openbsd-arm64-v8a.zip    | LOCAL=f61774dd4f3bbd3e5ad7dac4c066af23a2e73116aabeffff887d73dea0250ef6 REMOTE=LOST
[ 829/3625] Checking is LOST | E:\01.userData\ZhuoMian\Github_Releases_批量下载 xray\Xray-core\v1.6.2\Xray-windows-32.zip           | LOCAL=3fbff390a861d589fd6d054311cb156a146bfe77d564474c6e373c4cc3bfb8e6 REMOTE=LOST
[ 830/3625] Checking is LOST | E:\01.userData\ZhuoMian\Github_Releases_批量下载 xray\Xray-core\v1.6.2\Xray-windows-64.zip           | LOCAL=5122d97c926296c651de8f353f0d37334e8257a13b2e49a90186f861aa2c459f REMOTE=LOST
[ 831/3625] Checking is LOST | E:\01.userData\ZhuoMian\Github_Releases_批量下载 xray\Xray-core\v1.6.2\Xray-windows-arm32-v7a.zip    | LOCAL=36eda255e9b5f6b45b0f7ce1ec50542702b667ca1093905b2383c3198546d728 REMOTE=LOST
[ 832/3625] Checking is LOST | E:\01.userData\ZhuoMian\Github_Releases_批量下载 xray\Xray-core\v1.6.2\Xray-windows-arm64-v8a.zip    | LOCAL=556c50f16a7524a54e06d1f746022ab862fdeb5e27f1f95ef81769e93a709207 REMOTE=LOST
[ 833/3625] Checking is LOST | E:\01.userData\ZhuoMian\Github_Releases_批量下载 xray\Xray-core\v1.6.3\Xray-android-arm64-v8a.zip    | LOCAL=3de643f69cab95817ec4700895938c885868ec41e32f43fa611b5a70e8e65dfe REMOTE=LOST
[ 834/3625] Checking is LOST | E:\01.userData\ZhuoMian\Github_Releases_批量下载 xray\Xray-core\v1.6.3\Xray-dragonfly-64.zip         | LOCAL=7904ec1a2623a17c7a127acba70caf88708342e348b6ccd6d822ac7c47d927bc REMOTE=LOST
[ 835/3625] Checking is LOST | E:\01.userData\ZhuoMian\Github_Releases_批量下载 xray\Xray-core\v1.6.3\Xray-freebsd-32.zip           | LOCAL=82becbf85d0da7a698031ce80ee55e608ab30abe54cede99757b1a8399aa4034 REMOTE=LOST
[ 836/3625] Checking is LOST | E:\01.userData\ZhuoMian\Github_Releases_批量下载 xray\Xray-core\v1.6.3\Xray-freebsd-64.zip           | LOCAL=51fc3649af41db1dc2d5a4681fb3b53a234dfaf4af1183d74bf7c871d63a1b14 REMOTE=LOST
[ 837/3625] Checking is LOST | E:\01.userData\ZhuoMian\Github_Releases_批量下载 xray\Xray-core\v1.6.3\Xray-freebsd-arm32-v7a.zip    | LOCAL=9424309ada864cbf954a324c24078f0735c59de3536c9184f89eed009e4579dd REMOTE=LOST
[ 838/3625] Checking is LOST | E:\01.userData\ZhuoMian\Github_Releases_批量下载 xray\Xray-core\v1.6.3\Xray-freebsd-arm64-v8a.zip    | LOCAL=a38d996871dce0c8df4c4aa8367f8ba0e3779ce4a14804871563e8c557d2dba5 REMOTE=LOST
[ 839/3625] Checking is LOST | E:\01.userData\ZhuoMian\Github_Releases_批量下载 xray\Xray-core\v1.6.3\Xray-linux-32.zip             | LOCAL=65a28965d5c26c844d9435a0f98d83f7b6e8407442a604b75487b3c1129924fb REMOTE=LOST
[ 840/3625] Checking is LOST | E:\01.userData\ZhuoMian\Github_Releases_批量下载 xray\Xray-core\v1.6.3\Xray-linux-64.zip             | LOCAL=6cf95f1207873632b17408d87f853470b163f7bb4d10995eec4b7ba1ad4da89f REMOTE=LOST
[ 841/3625] Checking is LOST | E:\01.userData\ZhuoMian\Github_Releases_批量下载 xray\Xray-core\v1.6.3\Xray-linux-arm32-v5.zip       | LOCAL=b6e0ca9a8a3f1644206dcecbd01272af0dab951f556f8f578d70b7f0a3069650 REMOTE=LOST
[ 842/3625] Checking is LOST | E:\01.userData\ZhuoMian\Github_Releases_批量下载 xray\Xray-core\v1.6.3\Xray-linux-arm32-v6.zip       | LOCAL=0140595ef7793412b12ea1bfc6c1bac3be828224076022c1bcb05659e95c6b3c REMOTE=LOST
[ 843/3625] Checking is LOST | E:\01.userData\ZhuoMian\Github_Releases_批量下载 xray\Xray-core\v1.6.3\Xray-linux-arm32-v7a.zip      | LOCAL=d92db00eabb6700a60797e78260fb870735e0c321542f3e8ddb1786de004ae96 REMOTE=LOST
[ 844/3625] Checking is LOST | E:\01.userData\ZhuoMian\Github_Releases_批量下载 xray\Xray-core\v1.6.3\Xray-linux-arm64-v8a.zip      | LOCAL=2c462fa62171653f5554a05f0c53e2446582444f8db1681574cef43e8e4f1620 REMOTE=LOST
[ 845/3625] Checking is LOST | E:\01.userData\ZhuoMian\Github_Releases_批量下载 xray\Xray-core\v1.6.3\Xray-linux-mips32.zip         | LOCAL=6fcb5eaa8e012b3d070dd89279042ae35217667285945d0570096459207f3644 REMOTE=LOST
[ 846/3625] Checking is LOST | E:\01.userData\ZhuoMian\Github_Releases_批量下载 xray\Xray-core\v1.6.3\Xray-linux-mips32le.zip       | LOCAL=9d4209ca75b9ba86f286b6d4b13258bc5f1322141ba02333bdab3ecde241bc5e REMOTE=LOST
[ 847/3625] Checking is LOST | E:\01.userData\ZhuoMian\Github_Releases_批量下载 xray\Xray-core\v1.6.3\Xray-linux-mips64.zip         | LOCAL=3a4ecf49a7d075e03c941715f32c9f0957bb71048aa42677e08b29af9637172b REMOTE=LOST
[ 848/3625] Checking is LOST | E:\01.userData\ZhuoMian\Github_Releases_批量下载 xray\Xray-core\v1.6.3\Xray-linux-mips64le.zip       | LOCAL=8b36febb9b0caf8d1f21adaf9b5123924161cedfd009dac0334f5efb7dff9c2d REMOTE=LOST
[ 849/3625] Checking is LOST | E:\01.userData\ZhuoMian\Github_Releases_批量下载 xray\Xray-core\v1.6.3\Xray-linux-ppc64.zip          | LOCAL=92c5f28f13c75830e3e6228262477e1416aa483d4be7cc993f9c13057dff18b1 REMOTE=LOST
[ 850/3625] Checking is LOST | E:\01.userData\ZhuoMian\Github_Releases_批量下载 xray\Xray-core\v1.6.3\Xray-linux-ppc64le.zip        | LOCAL=957a5efdc36158e118711e111102b9338041de4e561860d68008967f9d57da47 REMOTE=LOST
[ 851/3625] Checking is LOST | E:\01.userData\ZhuoMian\Github_Releases_批量下载 xray\Xray-core\v1.6.3\Xray-linux-riscv64.zip        | LOCAL=c673d60004df2ad5f71a79103e8e121d29e217d23cb87ce721f3434aae6c3c81 REMOTE=LOST
[ 852/3625] Checking is LOST | E:\01.userData\ZhuoMian\Github_Releases_批量下载 xray\Xray-core\v1.6.3\Xray-linux-s390x.zip          | LOCAL=3591ce99e82dc12107c1b463e3f2ae62c2edc36061986aa7fdb212ddb596e957 REMOTE=LOST
[ 853/3625] Checking is LOST | E:\01.userData\ZhuoMian\Github_Releases_批量下载 xray\Xray-core\v1.6.3\Xray-macos-64.zip             | LOCAL=74c0ac8b11c5ed12f267eaad969aa159c78fe5445c5972b8d8ef54750807fd23 REMOTE=LOST
[ 854/3625] Checking is LOST | E:\01.userData\ZhuoMian\Github_Releases_批量下载 xray\Xray-core\v1.6.3\Xray-macos-arm64-v8a.zip      | LOCAL=7adcd8b83a66d4c6655eab21910e1566538e619846f4f07ccfd043ef15b0e92c REMOTE=LOST
[ 855/3625] Checking is LOST | E:\01.userData\ZhuoMian\Github_Releases_批量下载 xray\Xray-core\v1.6.3\Xray-openbsd-32.zip           | LOCAL=04519892f8f1174620f4172d609a6ec9c3148090a8cc976a50b86032f8b95995 REMOTE=LOST
[ 856/3625] Checking is LOST | E:\01.userData\ZhuoMian\Github_Releases_批量下载 xray\Xray-core\v1.6.3\Xray-openbsd-64.zip           | LOCAL=b6960f8fbfcefa3f203934730e49a948d2b5b5e8d6f7819850565be1f62428e9 REMOTE=LOST
[ 857/3625] Checking is LOST | E:\01.userData\ZhuoMian\Github_Releases_批量下载 xray\Xray-core\v1.6.3\Xray-openbsd-arm32-v7a.zip    | LOCAL=5170608a06e4428b8379079cf95a610f179e1be05690b9675fb914c9fdeb803c REMOTE=LOST
[ 858/3625] Checking is LOST | E:\01.userData\ZhuoMian\Github_Releases_批量下载 xray\Xray-core\v1.6.3\Xray-openbsd-arm64-v8a.zip    | LOCAL=e05bf1e3c5eff8b73332a5f2884eb1846b09947e1cca569c5db93e141578288f REMOTE=LOST
[ 859/3625] Checking is LOST | E:\01.userData\ZhuoMian\Github_Releases_批量下载 xray\Xray-core\v1.6.3\Xray-windows-32.zip           | LOCAL=a2f71b063ecfc965f3b2353e31056c9aff8d8aba7ec8af5a8453876ad13e17bb REMOTE=LOST
[ 860/3625] Checking is LOST | E:\01.userData\ZhuoMian\Github_Releases_批量下载 xray\Xray-core\v1.6.3\Xray-windows-64.zip           | LOCAL=82508d4f4090cbaf175b236c048b21054633d4ec643390680db6c1c1345b2a98 REMOTE=LOST
[ 861/3625] Checking is LOST | E:\01.userData\ZhuoMian\Github_Releases_批量下载 xray\Xray-core\v1.6.3\Xray-windows-arm32-v7a.zip    | LOCAL=02f97a2ce8bf7de9921b9c1fc1d44986923fed91f0e4f328c77df54398fda53c REMOTE=LOST
[ 862/3625] Checking is LOST | E:\01.userData\ZhuoMian\Github_Releases_批量下载 xray\Xray-core\v1.6.3\Xray-windows-arm64-v8a.zip    | LOCAL=cbdb7e8d59a53e2aa961d173f5f60a9909c746b0e3d7d9c0e62bcce7797a99ff REMOTE=LOST
[ 863/3625] Checking is LOST | E:\01.userData\ZhuoMian\Github_Releases_批量下载 xray\Xray-core\v1.6.4\Xray-android-arm64-v8a.zip    | LOCAL=125b1e93b0303b3ba7840130fb8dd4f639f6ef5b57277e8bbc765d29edf89177 REMOTE=LOST
[ 864/3625] Checking is LOST | E:\01.userData\ZhuoMian\Github_Releases_批量下载 xray\Xray-core\v1.6.4\Xray-dragonfly-64.zip         | LOCAL=4ef2683f57bb75beeefc18a77f231816a30440d9cf94bb2f408c4d7a0a222974 REMOTE=LOST
[ 865/3625] Checking is LOST | E:\01.userData\ZhuoMian\Github_Releases_批量下载 xray\Xray-core\v1.6.4\Xray-freebsd-32.zip           | LOCAL=b5b02b4e4b85ce6d431dced5ebf25b52f88129743a565132d30fd4e1f7097c0f REMOTE=LOST
[ 866/3625] Checking is LOST | E:\01.userData\ZhuoMian\Github_Releases_批量下载 xray\Xray-core\v1.6.4\Xray-freebsd-64.zip           | LOCAL=0c5d9bc697b62d5e235bc7a96fa9d314f0c541894e14ee2b9adf27d159eeb499 REMOTE=LOST
[ 867/3625] Checking is LOST | E:\01.userData\ZhuoMian\Github_Releases_批量下载 xray\Xray-core\v1.6.4\Xray-freebsd-arm32-v7a.zip    | LOCAL=c6f8630bbe667983c50d528bbcd1658b7ff0331e0bbb1ebb3d31827bb577f1c6 REMOTE=LOST
[ 868/3625] Checking is LOST | E:\01.userData\ZhuoMian\Github_Releases_批量下载 xray\Xray-core\v1.6.4\Xray-freebsd-arm64-v8a.zip    | LOCAL=c5b1327e6d91f37b190ce8095202755171a7ae45c94c97423622f1bf16984fb4 REMOTE=LOST
[ 869/3625] Checking is LOST | E:\01.userData\ZhuoMian\Github_Releases_批量下载 xray\Xray-core\v1.6.4\Xray-linux-32.zip             | LOCAL=7fa09e68b14f349bd51fa9bd8897438526d560188500a1e932f0309ed876c5d2 REMOTE=LOST
[ 870/3625] Checking is LOST | E:\01.userData\ZhuoMian\Github_Releases_批量下载 xray\Xray-core\v1.6.4\Xray-linux-64.zip             | LOCAL=7be3e7291c0f8d3886c4db87cb142867031219352a099bc0fdd753c1bf78c586 REMOTE=LOST
[ 871/3625] Checking is LOST | E:\01.userData\ZhuoMian\Github_Releases_批量下载 xray\Xray-core\v1.6.4\Xray-linux-arm32-v5.zip       | LOCAL=4761f2d17317b0ef64b9040797408b7a440519845d8719aceba472201489d212 REMOTE=LOST
[ 872/3625] Checking is LOST | E:\01.userData\ZhuoMian\Github_Releases_批量下载 xray\Xray-core\v1.6.4\Xray-linux-arm32-v6.zip       | LOCAL=fd502219920d19c095286b666b5a870dd5e765b60fd467a8e0518f142747c40e REMOTE=LOST
[ 873/3625] Checking is LOST | E:\01.userData\ZhuoMian\Github_Releases_批量下载 xray\Xray-core\v1.6.4\Xray-linux-arm32-v7a.zip      | LOCAL=34e899c0130804d70932bbc332818088ff6895dec7f487ff53ebb2ab55b0a8ba REMOTE=LOST
[ 874/3625] Checking is LOST | E:\01.userData\ZhuoMian\Github_Releases_批量下载 xray\Xray-core\v1.6.4\Xray-linux-arm64-v8a.zip      | LOCAL=38a7b88ac85ad1ec97d3c60856ef1952fef00ebf3390e4adc30efd425439d61f REMOTE=LOST
[ 875/3625] Checking is LOST | E:\01.userData\ZhuoMian\Github_Releases_批量下载 xray\Xray-core\v1.6.4\Xray-linux-mips32.zip         | LOCAL=0bcb68fce7eb844f790256b5f774c504b6b24359c80f59f33a911bb70baf38d2 REMOTE=LOST
[ 876/3625] Checking is LOST | E:\01.userData\ZhuoMian\Github_Releases_批量下载 xray\Xray-core\v1.6.4\Xray-linux-mips32le.zip       | LOCAL=17b2bce5380c23322f8e78afaddeaa634e24f8ef4e65166b3409502444d296cd REMOTE=LOST
[ 877/3625] Checking is LOST | E:\01.userData\ZhuoMian\Github_Releases_批量下载 xray\Xray-core\v1.6.4\Xray-linux-mips64.zip         | LOCAL=7e44ed5c9f0cc4a8fa8de5fc688cb6911216b10f8218b2656692abb805b22b94 REMOTE=LOST
[ 878/3625] Checking is LOST | E:\01.userData\ZhuoMian\Github_Releases_批量下载 xray\Xray-core\v1.6.4\Xray-linux-mips64le.zip       | LOCAL=c9570fd817eb081bc402775b9203a9f34f2486e4d100ec0eab420f2b57ceb6ac REMOTE=LOST
[ 879/3625] Checking is LOST | E:\01.userData\ZhuoMian\Github_Releases_批量下载 xray\Xray-core\v1.6.4\Xray-linux-ppc64.zip          | LOCAL=78c84a4dd6b73fe3c0a49460e441b0bdcb2a6ff220d43418d30f879be4fa27c0 REMOTE=LOST
[ 880/3625] Checking is LOST | E:\01.userData\ZhuoMian\Github_Releases_批量下载 xray\Xray-core\v1.6.4\Xray-linux-ppc64le.zip        | LOCAL=0f7bfa90306f786fe942cb0ab3813cbcbd73d130716385dfa7f98b1ab82fa077 REMOTE=LOST
[ 881/3625] Checking is LOST | E:\01.userData\ZhuoMian\Github_Releases_批量下载 xray\Xray-core\v1.6.4\Xray-linux-riscv64.zip        | LOCAL=f16babb7f21b7c20eeb4e96cb471e77cd6a86969473239503a67f7e4dc2efa81 REMOTE=LOST
[ 882/3625] Checking is LOST | E:\01.userData\ZhuoMian\Github_Releases_批量下载 xray\Xray-core\v1.6.4\Xray-linux-s390x.zip          | LOCAL=71e82c73535de3146060ce2eb715bb1bb1a518a7f453218f413137cbcef5aa33 REMOTE=LOST
[ 883/3625] Checking is LOST | E:\01.userData\ZhuoMian\Github_Releases_批量下载 xray\Xray-core\v1.6.4\Xray-macos-64.zip             | LOCAL=b246a4105ae46566cd182890bbc71577f2e4cabff777051fef3d9ba6c91da64d REMOTE=LOST
[ 884/3625] Checking is LOST | E:\01.userData\ZhuoMian\Github_Releases_批量下载 xray\Xray-core\v1.6.4\Xray-macos-arm64-v8a.zip      | LOCAL=084a5cc571d4f8ab018b657c19b64856e083dd540ab549f49a1ac3e1a098e988 REMOTE=LOST
[ 885/3625] Checking is LOST | E:\01.userData\ZhuoMian\Github_Releases_批量下载 xray\Xray-core\v1.6.4\Xray-openbsd-32.zip           | LOCAL=1a596c7a59164fadf45a997f21efd7674364ac486bb94701a46a862e5bdd03df REMOTE=LOST
[ 886/3625] Checking is LOST | E:\01.userData\ZhuoMian\Github_Releases_批量下载 xray\Xray-core\v1.6.4\Xray-openbsd-64.zip           | LOCAL=f3ccc639b65414f5bf44bbfa5408e95cdf7df1460db2bf1ff5674406d141ea61 REMOTE=LOST
[ 887/3625] Checking is LOST | E:\01.userData\ZhuoMian\Github_Releases_批量下载 xray\Xray-core\v1.6.4\Xray-openbsd-arm32-v7a.zip    | LOCAL=9d183f7a5523641b5ca7e986ef6851eea3b9880ba96dddadb456ccece1af16e5 REMOTE=LOST
[ 888/3625] Checking is LOST | E:\01.userData\ZhuoMian\Github_Releases_批量下载 xray\Xray-core\v1.6.4\Xray-openbsd-arm64-v8a.zip    | LOCAL=348d6768e1723d08b3a79b0b68525fe7e779353fe71e3aff8e344f0ab8e63df8 REMOTE=LOST
[ 889/3625] Checking is LOST | E:\01.userData\ZhuoMian\Github_Releases_批量下载 xray\Xray-core\v1.6.4\Xray-windows-32.zip           | LOCAL=a8fb2b382736b6d5d8fc3fb2a0e5f09080a2b48071334f2b7a5e8d6ce2d2c34a REMOTE=LOST
[ 890/3625] Checking is LOST | E:\01.userData\ZhuoMian\Github_Releases_批量下载 xray\Xray-core\v1.6.4\Xray-windows-64.zip           | LOCAL=16a7c8be97687c596cd0674b6961cac262cbd42021d678c6ea7f0eb6430dcef2 REMOTE=LOST
[ 891/3625] Checking is LOST | E:\01.userData\ZhuoMian\Github_Releases_批量下载 xray\Xray-core\v1.6.4\Xray-windows-arm32-v7a.zip    | LOCAL=8179689b64417751c326586723accea7de25a29081b1887fc3395a55345130b9 REMOTE=LOST
[ 892/3625] Checking is LOST | E:\01.userData\ZhuoMian\Github_Releases_批量下载 xray\Xray-core\v1.6.4\Xray-windows-arm64-v8a.zip    | LOCAL=28984248977db2ec93f1fd43a538159d9c67b0eccf5d0caedcc360adc534371d REMOTE=LOST
[ 893/3625] Checking is LOST | E:\01.userData\ZhuoMian\Github_Releases_批量下载 xray\Xray-core\v1.6.5\Xray-android-arm64-v8a.zip    | LOCAL=17c668e59c9275082adb057ea11fe25b8e90e009127885a0ccb22d30150e6090 REMOTE=LOST
[ 894/3625] Checking is LOST | E:\01.userData\ZhuoMian\Github_Releases_批量下载 xray\Xray-core\v1.6.5\Xray-dragonfly-64.zip         | LOCAL=dd8ddcffec1833b8d22a6d15b9b2eb4641501779a3bffa168ef67bdcd1916b46 REMOTE=LOST
[ 895/3625] Checking is LOST | E:\01.userData\ZhuoMian\Github_Releases_批量下载 xray\Xray-core\v1.6.5\Xray-freebsd-32.zip           | LOCAL=d33242d63cadd72f0286f48c11b65695717cc69966e88e82419f2eed8581a49f REMOTE=LOST
[ 896/3625] Checking is LOST | E:\01.userData\ZhuoMian\Github_Releases_批量下载 xray\Xray-core\v1.6.5\Xray-freebsd-64.zip           | LOCAL=d9add9559bb5089f5b9f13977ce71318dc2b8091ea073165b1355b6283cd31ed REMOTE=LOST
[ 897/3625] Checking is LOST | E:\01.userData\ZhuoMian\Github_Releases_批量下载 xray\Xray-core\v1.6.5\Xray-freebsd-arm32-v7a.zip    | LOCAL=aa9e3a16e4851c75a4cde701b16657bf8c2b2a8242a45d2aaf845d5cf5d63837 REMOTE=LOST
[ 898/3625] Checking is LOST | E:\01.userData\ZhuoMian\Github_Releases_批量下载 xray\Xray-core\v1.6.5\Xray-freebsd-arm64-v8a.zip    | LOCAL=22d42b1a25e8c595fee8301723588a7e389b2029397a82fbf553b738021967ba REMOTE=LOST
[ 899/3625] Checking is LOST | E:\01.userData\ZhuoMian\Github_Releases_批量下载 xray\Xray-core\v1.6.5\Xray-linux-32.zip             | LOCAL=3f7d742d6ba407308ad7beb02fdbe7e4ca2690fc189048b59447758f47ba12a3 REMOTE=LOST
[ 900/3625] Checking is LOST | E:\01.userData\ZhuoMian\Github_Releases_批量下载 xray\Xray-core\v1.6.5\Xray-linux-64.zip             | LOCAL=af9c01f0e67d874cf238a61419e7e6e15cb6f41b4cf507bf237b1743963d930c REMOTE=LOST
[ 901/3625] Checking is LOST | E:\01.userData\ZhuoMian\Github_Releases_批量下载 xray\Xray-core\v1.6.5\Xray-linux-arm32-v5.zip       | LOCAL=d3ac7fc7dd722ee0483c319e5334a2dbbd7e0ee03543980878a3d27565859e11 REMOTE=LOST
[ 902/3625] Checking is LOST | E:\01.userData\ZhuoMian\Github_Releases_批量下载 xray\Xray-core\v1.6.5\Xray-linux-arm32-v6.zip       | LOCAL=2c0ac7b4c7a8f7dc93f062e99cd3d2a237bc68a6d4dd447c2627276c6fff1908 REMOTE=LOST
[ 903/3625] Checking is LOST | E:\01.userData\ZhuoMian\Github_Releases_批量下载 xray\Xray-core\v1.6.5\Xray-linux-arm32-v7a.zip      | LOCAL=62e721da34c5dbb6b8a503927e2f7cfc273c7eacf2a9a6d7675e8ba6c237dfa9 REMOTE=LOST
[ 904/3625] Checking is LOST | E:\01.userData\ZhuoMian\Github_Releases_批量下载 xray\Xray-core\v1.6.5\Xray-linux-arm64-v8a.zip      | LOCAL=e579c21363383376b0065ecc1d3cc14f8ab21da2b53bd144dd4e63fa20fb6dce REMOTE=LOST
[ 905/3625] Checking is LOST | E:\01.userData\ZhuoMian\Github_Releases_批量下载 xray\Xray-core\v1.6.5\Xray-linux-mips32.zip         | LOCAL=c7f0c09150a74fb26539ec2f3aedb7dd0f0883df6b40459540a6d66bcd8d4bf9 REMOTE=LOST
[ 906/3625] Checking is LOST | E:\01.userData\ZhuoMian\Github_Releases_批量下载 xray\Xray-core\v1.6.5\Xray-linux-mips32le.zip       | LOCAL=3b2363bdc41277a9ebbce5e251a32b447caacd2292f0bbd80f7f37c2bb65c346 REMOTE=LOST
[ 907/3625] Checking is LOST | E:\01.userData\ZhuoMian\Github_Releases_批量下载 xray\Xray-core\v1.6.5\Xray-linux-mips64.zip         | LOCAL=4eda31c6a8168e77fb09b708856a8fb776a464b4ef11c6ccf0bf10ee7918180b REMOTE=LOST
[ 908/3625] Checking is LOST | E:\01.userData\ZhuoMian\Github_Releases_批量下载 xray\Xray-core\v1.6.5\Xray-linux-mips64le.zip       | LOCAL=b5aea4e136ebae819b94924f325f9437bdd7e1d5e082875f286cacc4d1f35b15 REMOTE=LOST
[ 909/3625] Checking is LOST | E:\01.userData\ZhuoMian\Github_Releases_批量下载 xray\Xray-core\v1.6.5\Xray-linux-ppc64.zip          | LOCAL=63088a4b7033b0984b9fefffdfb773182308e346e3607571186bca76182010a0 REMOTE=LOST
[ 910/3625] Checking is LOST | E:\01.userData\ZhuoMian\Github_Releases_批量下载 xray\Xray-core\v1.6.5\Xray-linux-ppc64le.zip        | LOCAL=f187fd0d7cde5d624fe2896d4c7ed319e7b43d4987fd5000d52bd29be265644c REMOTE=LOST
[ 911/3625] Checking is LOST | E:\01.userData\ZhuoMian\Github_Releases_批量下载 xray\Xray-core\v1.6.5\Xray-linux-riscv64.zip        | LOCAL=e3aeb6cc0d52f32b7736feb314c5e2dd951f8163aaa3c48c36d43a18916d6f09 REMOTE=LOST
[ 912/3625] Checking is LOST | E:\01.userData\ZhuoMian\Github_Releases_批量下载 xray\Xray-core\v1.6.5\Xray-linux-s390x.zip          | LOCAL=ec786c75ab3fdc9a32a6ab54141ebc130f7a685a5b47d01ca2a45585929d3d20 REMOTE=LOST
[ 913/3625] Checking is LOST | E:\01.userData\ZhuoMian\Github_Releases_批量下载 xray\Xray-core\v1.6.5\Xray-macos-64.zip             | LOCAL=29a2ddccd62b0f8a1d2de90f20f9207af31e8657c591a7aaa53b5a5137194641 REMOTE=LOST
[ 914/3625] Checking is LOST | E:\01.userData\ZhuoMian\Github_Releases_批量下载 xray\Xray-core\v1.6.5\Xray-macos-arm64-v8a.zip      | LOCAL=0db42621dcc5687492f98c93f8c666882bb4ab269dd59df58e39402804e56a9c REMOTE=LOST
[ 915/3625] Checking is LOST | E:\01.userData\ZhuoMian\Github_Releases_批量下载 xray\Xray-core\v1.6.5\Xray-openbsd-32.zip           | LOCAL=bf442cab857dd8f8da6e87f5269ca72f9a8644dc43e6d1ee5a34b3154d64ac6a REMOTE=LOST
[ 916/3625] Checking is LOST | E:\01.userData\ZhuoMian\Github_Releases_批量下载 xray\Xray-core\v1.6.5\Xray-openbsd-64.zip           | LOCAL=c9fef211cbf810bc18ef839a443dfb799f6b75d7c2e454d55d7d3ec5451e0150 REMOTE=LOST
[ 917/3625] Checking is LOST | E:\01.userData\ZhuoMian\Github_Releases_批量下载 xray\Xray-core\v1.6.5\Xray-openbsd-arm32-v7a.zip    | LOCAL=27a2018fcd96ed00cad597c20cce61d28ea69181f9d2974b20dbd00afc1abafb REMOTE=LOST
[ 918/3625] Checking is LOST | E:\01.userData\ZhuoMian\Github_Releases_批量下载 xray\Xray-core\v1.6.5\Xray-openbsd-arm64-v8a.zip    | LOCAL=60f4682a1aeaed3c773c6da9ddd76af2ded487ba9fa7213a3c0d414a73269396 REMOTE=LOST
[ 919/3625] Checking is LOST | E:\01.userData\ZhuoMian\Github_Releases_批量下载 xray\Xray-core\v1.6.5\Xray-windows-32.zip           | LOCAL=d5adf9b7e681b4a54ab40892b40d10d3405463452067f84f68495a5c71e5739d REMOTE=LOST
[ 920/3625] Checking is LOST | E:\01.userData\ZhuoMian\Github_Releases_批量下载 xray\Xray-core\v1.6.5\Xray-windows-64.zip           | LOCAL=4f57de00d2f066adb6be2693c169125d051a701979863f4b0c3bb3550cc3976d REMOTE=LOST
[ 921/3625] Checking is LOST | E:\01.userData\ZhuoMian\Github_Releases_批量下载 xray\Xray-core\v1.6.5\Xray-windows-arm32-v7a.zip    | LOCAL=adaa4d025226731b3c73ae956b06f3cbba4ff52717b8a394741e7177bd593f88 REMOTE=LOST
[ 922/3625] Checking is LOST | E:\01.userData\ZhuoMian\Github_Releases_批量下载 xray\Xray-core\v1.6.5\Xray-windows-arm64-v8a.zip    | LOCAL=07ed6aaea65f4c9d765f0e80e68415a371a3356139a165af28a3ed31761a26f3 REMOTE=LOST
[ 923/3625] Checking is LOST | E:\01.userData\ZhuoMian\Github_Releases_批量下载 xray\Xray-core\v1.6.6-2\Xray-android-arm64-v8a.zip  | LOCAL=eecc468e2d85ef96cc369e65bf770adcf3d9391c456a67dda19002ab05a79dc9 REMOTE=LOST
[ 924/3625] Checking is LOST | E:\01.userData\ZhuoMian\Github_Releases_批量下载 xray\Xray-core\v1.6.6-2\Xray-dragonfly-64.zip       | LOCAL=3b8890ba471e8c1c7a38cef6fee09269f737ad92d7ee4692afe3bf85be2dbe39 REMOTE=LOST
[ 925/3625] Checking is LOST | E:\01.userData\ZhuoMian\Github_Releases_批量下载 xray\Xray-core\v1.6.6-2\Xray-freebsd-32.zip         | LOCAL=bdc91ebfa30c42d644d97f89d2db130b113222d14ff559ace51fdc7baca1bde1 REMOTE=LOST
[ 926/3625] Checking is LOST | E:\01.userData\ZhuoMian\Github_Releases_批量下载 xray\Xray-core\v1.6.6-2\Xray-freebsd-64.zip         | LOCAL=27c49cb53ef0d4cba4f24b1ed58c8c6c89a059faa818d75378de2fe4a8ebb97d REMOTE=LOST
[ 927/3625] Checking is LOST | E:\01.userData\ZhuoMian\Github_Releases_批量下载 xray\Xray-core\v1.6.6-2\Xray-freebsd-arm32-v7a.zip  | LOCAL=c5e0f6ae127c5c289a01b920729d9d0fac5497755f5ca99b34e86224de99e973 REMOTE=LOST
[ 928/3625] Checking is LOST | E:\01.userData\ZhuoMian\Github_Releases_批量下载 xray\Xray-core\v1.6.6-2\Xray-freebsd-arm64-v8a.zip  | LOCAL=ac8f6878bc35cb35ad006423ff6246b8da423229b01dfa40a8a2b5e89febef0c REMOTE=LOST
[ 929/3625] Checking is LOST | E:\01.userData\ZhuoMian\Github_Releases_批量下载 xray\Xray-core\v1.6.6-2\Xray-linux-32.zip           | LOCAL=1da86010678ef51c892a0afc60a0c5233889fb6f768c2b43619722a7fd87273f REMOTE=LOST
[ 930/3625] Checking is LOST | E:\01.userData\ZhuoMian\Github_Releases_批量下载 xray\Xray-core\v1.6.6-2\Xray-linux-64.zip           | LOCAL=3c6c4722f0ed88642e2b81d8f98dd036f6509d3c2832c20462cc13b58d162906 REMOTE=LOST
[ 931/3625] Checking is LOST | E:\01.userData\ZhuoMian\Github_Releases_批量下载 xray\Xray-core\v1.6.6-2\Xray-linux-arm32-v5.zip     | LOCAL=823da02b63deec85e4389b891d93a3a6f49797b8a172d7af73e75caba8cf92bc REMOTE=LOST
[ 932/3625] Checking is LOST | E:\01.userData\ZhuoMian\Github_Releases_批量下载 xray\Xray-core\v1.6.6-2\Xray-linux-arm32-v6.zip     | LOCAL=46e218356132d8176ea64eac74754a8d222b84fa80a5d95398e9364b645985a5 REMOTE=LOST
[ 933/3625] Checking is LOST | E:\01.userData\ZhuoMian\Github_Releases_批量下载 xray\Xray-core\v1.6.6-2\Xray-linux-arm32-v7a.zip    | LOCAL=c521b15ba68da2ecf546308a9bc3759e2fa3abb4939a08cc1d50fc04b9a747e9 REMOTE=LOST
[ 934/3625] Checking is LOST | E:\01.userData\ZhuoMian\Github_Releases_批量下载 xray\Xray-core\v1.6.6-2\Xray-linux-arm64-v8a.zip    | LOCAL=84c141478099b543f1d113f639fe78a53c1b8ce98841974014135d41ae9a8569 REMOTE=LOST
[ 935/3625] Checking is LOST | E:\01.userData\ZhuoMian\Github_Releases_批量下载 xray\Xray-core\v1.6.6-2\Xray-linux-mips32.zip       | LOCAL=30c8e39616a3597f0e672b913d6e1cc01252345692a7c6b008461986b30df32f REMOTE=LOST
[ 936/3625] Checking is LOST | E:\01.userData\ZhuoMian\Github_Releases_批量下载 xray\Xray-core\v1.6.6-2\Xray-linux-mips32le.zip     | LOCAL=c0a3b794d10edf9d2d17de4433c2b6b2b96a9bb0e4064fe247be9c7538a2bf8d REMOTE=LOST
[ 937/3625] Checking is LOST | E:\01.userData\ZhuoMian\Github_Releases_批量下载 xray\Xray-core\v1.6.6-2\Xray-linux-mips64.zip       | LOCAL=c2e5d3939705b36c61eaa1967e37d5628f5b10798b506a4499cddbbf2e8bffb8 REMOTE=LOST
[ 938/3625] Checking is LOST | E:\01.userData\ZhuoMian\Github_Releases_批量下载 xray\Xray-core\v1.6.6-2\Xray-linux-mips64le.zip     | LOCAL=e8380392e843f58300f1378e79d7941236c599cf3633daad09c85732db26b035 REMOTE=LOST
[ 939/3625] Checking is LOST | E:\01.userData\ZhuoMian\Github_Releases_批量下载 xray\Xray-core\v1.6.6-2\Xray-linux-ppc64.zip        | LOCAL=f19e0b617a4034bafec0a414d265a28b85627c7ab6f9afc76ba88c42e9d37bd4 REMOTE=LOST
[ 940/3625] Checking is LOST | E:\01.userData\ZhuoMian\Github_Releases_批量下载 xray\Xray-core\v1.6.6-2\Xray-linux-ppc64le.zip      | LOCAL=e493790c57b39f2f3bbfb21e8ef7c4bd67f987c8735312765644088391496528 REMOTE=LOST
[ 941/3625] Checking is LOST | E:\01.userData\ZhuoMian\Github_Releases_批量下载 xray\Xray-core\v1.6.6-2\Xray-linux-riscv64.zip      | LOCAL=49c63784aeff3636a2edb6a70d7573f9d6f3348e8bbef55c82b5da74b4eb4604 REMOTE=LOST
[ 942/3625] Checking is LOST | E:\01.userData\ZhuoMian\Github_Releases_批量下载 xray\Xray-core\v1.6.6-2\Xray-linux-s390x.zip        | LOCAL=8ebd16608166ff44aa79818fbada71d4a1c00f4cbf7f4d89f88dd826e8acbcee REMOTE=LOST
[ 943/3625] Checking is LOST | E:\01.userData\ZhuoMian\Github_Releases_批量下载 xray\Xray-core\v1.6.6-2\Xray-macos-64.zip           | LOCAL=307ff39a889211e695a0aaa2d5e1d42aa8052a1853b2da20b719163bacd6775d REMOTE=LOST
[ 944/3625] Checking is LOST | E:\01.userData\ZhuoMian\Github_Releases_批量下载 xray\Xray-core\v1.6.6-2\Xray-macos-arm64-v8a.zip    | LOCAL=547c5c72652fcf55819a419ab4b2e0838dd008c0c1eba58f5835a498f8ba57f7 REMOTE=LOST
[ 945/3625] Checking is LOST | E:\01.userData\ZhuoMian\Github_Releases_批量下载 xray\Xray-core\v1.6.6-2\Xray-openbsd-32.zip         | LOCAL=de27b028a0af2f75a988baaf7fb57fbfc1334be497e30fb758533345f4264d1c REMOTE=LOST
[ 946/3625] Checking is LOST | E:\01.userData\ZhuoMian\Github_Releases_批量下载 xray\Xray-core\v1.6.6-2\Xray-openbsd-64.zip         | LOCAL=ced9a2437f0971b75f6cef3bd8af1418346ef3e6c79c75b67730032d88d180d7 REMOTE=LOST
[ 947/3625] Checking is LOST | E:\01.userData\ZhuoMian\Github_Releases_批量下载 xray\Xray-core\v1.6.6-2\Xray-openbsd-arm32-v7a.zip  | LOCAL=5c5cd0b1b1b824ea2d381e50da5b191235791d7d98aa37077be4a6199cb1d109 REMOTE=LOST
[ 948/3625] Checking is LOST | E:\01.userData\ZhuoMian\Github_Releases_批量下载 xray\Xray-core\v1.6.6-2\Xray-openbsd-arm64-v8a.zip  | LOCAL=9db0faba6f4d8f20a0c996cc08659996cd11fb13070f171c7cab0d6c2700c290 REMOTE=LOST
[ 949/3625] Checking is LOST | E:\01.userData\ZhuoMian\Github_Releases_批量下载 xray\Xray-core\v1.6.6-2\Xray-windows-32.zip         | LOCAL=8f9a1cdb7666cdd9ac8d8f92dc3abed96886d062d1a65112f6593633eedb1f0c REMOTE=LOST
[ 950/3625] Checking is LOST | E:\01.userData\ZhuoMian\Github_Releases_批量下载 xray\Xray-core\v1.6.6-2\Xray-windows-64.zip         | LOCAL=e51f131fd0688a54c7ccad84f400b505cec51587b7f5b3ff119d3e10d7f2df17 REMOTE=LOST
[ 951/3625] Checking is LOST | E:\01.userData\ZhuoMian\Github_Releases_批量下载 xray\Xray-core\v1.6.6-2\Xray-windows-arm32-v7a.zip  | LOCAL=fb1c1e055e1d35c437e67cd6072d84030a4a27f1757d712e2eb4018defbcb519 REMOTE=LOST
[ 952/3625] Checking is LOST | E:\01.userData\ZhuoMian\Github_Releases_批量下载 xray\Xray-core\v1.6.6-2\Xray-windows-arm64-v8a.zip  | LOCAL=448afca0391d4f57af74377314d03398c72b295048dcf4854d718ef391461531 REMOTE=LOST
[ 953/3625] Checking is LOST | E:\01.userData\ZhuoMian\Github_Releases_批量下载 xray\Xray-core\v1.7.0\Xray-android-arm64-v8a.zip    | LOCAL=6bb3314d7d164526f3d0216ded721393395bc928da23d2bee5b8c801d186bcff REMOTE=LOST
[ 954/3625] Checking is LOST | E:\01.userData\ZhuoMian\Github_Releases_批量下载 xray\Xray-core\v1.7.0\Xray-dragonfly-64.zip         | LOCAL=fb803a8461f55dd3e2c31c288b64de0b3c7baca9d09f3800dde6a3db2249a859 REMOTE=LOST
[ 955/3625] Checking is LOST | E:\01.userData\ZhuoMian\Github_Releases_批量下载 xray\Xray-core\v1.7.0\Xray-freebsd-32.zip           | LOCAL=ee10a50b5f55caa2afc405877cd962051341a2b3117a7fa491696555a1bbdcd6 REMOTE=LOST
[ 956/3625] Checking is LOST | E:\01.userData\ZhuoMian\Github_Releases_批量下载 xray\Xray-core\v1.7.0\Xray-freebsd-64.zip           | LOCAL=d66dd9d5373f060ec0f4a38cb0336daeb9d05674fab36afb4ac3c6aaf5c1e376 REMOTE=LOST
[ 957/3625] Checking is LOST | E:\01.userData\ZhuoMian\Github_Releases_批量下载 xray\Xray-core\v1.7.0\Xray-freebsd-arm32-v7a.zip    | LOCAL=ff6831a33a1a000f6f4fdef97019bd78469d855146a70d4e47aa7bee562ec30d REMOTE=LOST
[ 958/3625] Checking is LOST | E:\01.userData\ZhuoMian\Github_Releases_批量下载 xray\Xray-core\v1.7.0\Xray-freebsd-arm64-v8a.zip    | LOCAL=733dde797eac5afa03cfcdd2500a234b12c282681dc46246136b2a851987c14c REMOTE=LOST
[ 959/3625] Checking is LOST | E:\01.userData\ZhuoMian\Github_Releases_批量下载 xray\Xray-core\v1.7.0\Xray-linux-32.zip             | LOCAL=380aec5e3423f78dc8df48e36bd1b13f3e1189f9116fae232031de983862ebdc REMOTE=LOST
[ 960/3625] Checking is LOST | E:\01.userData\ZhuoMian\Github_Releases_批量下载 xray\Xray-core\v1.7.0\Xray-linux-64.zip             | LOCAL=bb219818d31ebee8c206124233e789cb3ed70e07ea076f0fa23ad09f463dc6fb REMOTE=LOST
[ 961/3625] Checking is LOST | E:\01.userData\ZhuoMian\Github_Releases_批量下载 xray\Xray-core\v1.7.0\Xray-linux-arm32-v5.zip       | LOCAL=c8b124f7dafbf1ce6c69562fa50d501951bb59a1133c9f59401de64d14de5054 REMOTE=LOST
[ 962/3625] Checking is LOST | E:\01.userData\ZhuoMian\Github_Releases_批量下载 xray\Xray-core\v1.7.0\Xray-linux-arm32-v6.zip       | LOCAL=50d58ce4563e4d3e3d6b77f82c8a2861e0ee00aa92bd1728da484a634221f0af REMOTE=LOST
[ 963/3625] Checking is LOST | E:\01.userData\ZhuoMian\Github_Releases_批量下载 xray\Xray-core\v1.7.0\Xray-linux-arm32-v7a.zip      | LOCAL=eaf4909a0f2a6efe83966d43c73c88c4302b138becca45d4bdafde7fe7837a65 REMOTE=LOST
[ 964/3625] Checking is LOST | E:\01.userData\ZhuoMian\Github_Releases_批量下载 xray\Xray-core\v1.7.0\Xray-linux-arm64-v8a.zip      | LOCAL=b129948e083c01072038661d69ca4998104517f7b6f3673653b0a6986b556ded REMOTE=LOST
[ 965/3625] Checking is LOST | E:\01.userData\ZhuoMian\Github_Releases_批量下载 xray\Xray-core\v1.7.0\Xray-linux-mips32.zip         | LOCAL=91ee4437b125e687b31ca3457e86d95ea8c1b2d368d76649876d77c41bdbf402 REMOTE=LOST
[ 966/3625] Checking is LOST | E:\01.userData\ZhuoMian\Github_Releases_批量下载 xray\Xray-core\v1.7.0\Xray-linux-mips32le.zip       | LOCAL=5345105d9fffb71ec91c358686079a732a606e3c2b67270dfeb7fb9b8ecbce7b REMOTE=LOST
[ 967/3625] Checking is LOST | E:\01.userData\ZhuoMian\Github_Releases_批量下载 xray\Xray-core\v1.7.0\Xray-linux-mips64.zip         | LOCAL=ebe5524c695d9893a3c66139c37dbcc363d6dc9cbfa149bed80ecfc7ae7027cc REMOTE=LOST
[ 968/3625] Checking is LOST | E:\01.userData\ZhuoMian\Github_Releases_批量下载 xray\Xray-core\v1.7.0\Xray-linux-mips64le.zip       | LOCAL=4755fd9eaf2606ad96dc9350ae48f9ba0cf2708c368f60423083073f1d7b75e3 REMOTE=LOST
[ 969/3625] Checking is LOST | E:\01.userData\ZhuoMian\Github_Releases_批量下载 xray\Xray-core\v1.7.0\Xray-linux-ppc64.zip          | LOCAL=1b9351890db578717bf84fe54cf238b9a3b277cae50165cce0e88a0ebcbb6a78 REMOTE=LOST
[ 970/3625] Checking is LOST | E:\01.userData\ZhuoMian\Github_Releases_批量下载 xray\Xray-core\v1.7.0\Xray-linux-ppc64le.zip        | LOCAL=7a0ca706314a4334e7b2e0f320bff044e6ff931f0e8b6cb9de4da213b86bd3d9 REMOTE=LOST
[ 971/3625] Checking is LOST | E:\01.userData\ZhuoMian\Github_Releases_批量下载 xray\Xray-core\v1.7.0\Xray-linux-riscv64.zip        | LOCAL=4ee0cc7c7d80dd6388ec13e34f95421e0357cb1526c0d8107d25249d6b551a58 REMOTE=LOST
[ 972/3625] Checking is LOST | E:\01.userData\ZhuoMian\Github_Releases_批量下载 xray\Xray-core\v1.7.0\Xray-linux-s390x.zip          | LOCAL=0bba1ed2459693c7f98a6f47f9b706648aa3fd3ec29a6a74a406368aec60f0b7 REMOTE=LOST
[ 973/3625] Checking is LOST | E:\01.userData\ZhuoMian\Github_Releases_批量下载 xray\Xray-core\v1.7.0\Xray-macos-64.zip             | LOCAL=1e8e5de7e320e5f52bee8d22cd12d10ba71bb5c8c7348217b745b71afb812e11 REMOTE=LOST
[ 974/3625] Checking is LOST | E:\01.userData\ZhuoMian\Github_Releases_批量下载 xray\Xray-core\v1.7.0\Xray-macos-arm64-v8a.zip      | LOCAL=86515144d6c749de8c0ae07c096d848613a44326630767b2e3f115bb7402123e REMOTE=LOST
[ 975/3625] Checking is LOST | E:\01.userData\ZhuoMian\Github_Releases_批量下载 xray\Xray-core\v1.7.0\Xray-openbsd-32.zip           | LOCAL=3951688b9b4fa9b5ef1796aa3ea54cdfee1c20c926686c45925dc144b2202169 REMOTE=LOST
[ 976/3625] Checking is LOST | E:\01.userData\ZhuoMian\Github_Releases_批量下载 xray\Xray-core\v1.7.0\Xray-openbsd-64.zip           | LOCAL=bb214049f826bece48bf9e7a199dda2e7ec5930cb6a5ea43593ce0d60754512b REMOTE=LOST
[ 977/3625] Checking is LOST | E:\01.userData\ZhuoMian\Github_Releases_批量下载 xray\Xray-core\v1.7.0\Xray-openbsd-arm32-v7a.zip    | LOCAL=c52259e7c8b018c590e05032e5eddd56377c25f0911461bd73ac9e90ac8fbd76 REMOTE=LOST
[ 978/3625] Checking is LOST | E:\01.userData\ZhuoMian\Github_Releases_批量下载 xray\Xray-core\v1.7.0\Xray-openbsd-arm64-v8a.zip    | LOCAL=653c0152200725ecb83f307532de4ea1aa53e96fa5293a8c2ec211bc3051fc83 REMOTE=LOST
[ 979/3625] Checking is LOST | E:\01.userData\ZhuoMian\Github_Releases_批量下载 xray\Xray-core\v1.7.0\Xray-windows-32.zip           | LOCAL=6a7a07f69cb80768b1fcd5d4d093b84bc32d52f74543b6495fdbb536a5fd0b43 REMOTE=LOST
[ 980/3625] Checking is LOST | E:\01.userData\ZhuoMian\Github_Releases_批量下载 xray\Xray-core\v1.7.0\Xray-windows-64.zip           | LOCAL=fb27e2c9a60d69bd3763561be393f39424e8be9233e83b5a06177b5d6cc4aa38 REMOTE=LOST
[ 981/3625] Checking is LOST | E:\01.userData\ZhuoMian\Github_Releases_批量下载 xray\Xray-core\v1.7.0\Xray-windows-arm32-v7a.zip    | LOCAL=fe68e985f7ec09c07126af990a74cceebebc2c55d0cc368c95be54c4404d3fe0 REMOTE=LOST
[ 982/3625] Checking is LOST | E:\01.userData\ZhuoMian\Github_Releases_批量下载 xray\Xray-core\v1.7.0\Xray-windows-arm64-v8a.zip    | LOCAL=c31f242c5811bdcaf1a9a6370ba16d651f6c4e0ab882bce5cba72e4f2f174455 REMOTE=LOST
[ 983/3625] Checking is LOST | E:\01.userData\ZhuoMian\Github_Releases_批量下载 xray\Xray-core\v1.7.1\Xray-android-arm64-v8a.zip    | LOCAL=322c59101509ce06399551f2e65e0165a258a1362d799a197062540956fa5ba8 REMOTE=LOST
[ 984/3625] Checking is LOST | E:\01.userData\ZhuoMian\Github_Releases_批量下载 xray\Xray-core\v1.7.1\Xray-dragonfly-64.zip         | LOCAL=5c3a873e72f8410fc9e1b9f9116a51cc96f0ab18283a68481f93aafbf0396bec REMOTE=LOST
[ 985/3625] Checking is LOST | E:\01.userData\ZhuoMian\Github_Releases_批量下载 xray\Xray-core\v1.7.1\Xray-freebsd-32.zip           | LOCAL=8e8b4e0151440a91b3b4ab1c3356af8255fc00eeb43c261a682374e12b0a1bb1 REMOTE=LOST
[ 986/3625] Checking is LOST | E:\01.userData\ZhuoMian\Github_Releases_批量下载 xray\Xray-core\v1.7.1\Xray-freebsd-64.zip           | LOCAL=fc3c0dfafac3c3163bd5613c084320c8175fe13c509386a66559e9fa988ee407 REMOTE=LOST
[ 987/3625] Checking is LOST | E:\01.userData\ZhuoMian\Github_Releases_批量下载 xray\Xray-core\v1.7.1\Xray-freebsd-arm32-v7a.zip    | LOCAL=a7ddba462ee5e37f4d070e00cd56a624a628adb812f1f46fb06d4745468c8d8c REMOTE=LOST
[ 988/3625] Checking is LOST | E:\01.userData\ZhuoMian\Github_Releases_批量下载 xray\Xray-core\v1.7.1\Xray-freebsd-arm64-v8a.zip    | LOCAL=b50e84836f721ec6c6ad3bf5515deca01656e585db23d519758e9fb5d3f9ad00 REMOTE=LOST
[ 989/3625] Checking is LOST | E:\01.userData\ZhuoMian\Github_Releases_批量下载 xray\Xray-core\v1.7.1\Xray-linux-32.zip             | LOCAL=c77061f2efe88c6875995edda4652eed2ffac10ccafa600155c46f2061570d16 REMOTE=LOST
[ 990/3625] Checking is LOST | E:\01.userData\ZhuoMian\Github_Releases_批量下载 xray\Xray-core\v1.7.1\Xray-linux-64.zip             | LOCAL=d763bc8d67968032783287cd70932c892cf9029f20320abe34375d7605fc5799 REMOTE=LOST
[ 991/3625] Checking is LOST | E:\01.userData\ZhuoMian\Github_Releases_批量下载 xray\Xray-core\v1.7.1\Xray-linux-arm32-v5.zip       | LOCAL=b8d2d4ff94968c237d45982e6f055b8dffef7761d482cf987e2de721be92a8e4 REMOTE=LOST
[ 992/3625] Checking is LOST | E:\01.userData\ZhuoMian\Github_Releases_批量下载 xray\Xray-core\v1.7.1\Xray-linux-arm32-v6.zip       | LOCAL=f04b54a4424544b27925a2d24cc642d084e5dd984b319538ce5b818b222b1859 REMOTE=LOST
[ 993/3625] Checking is LOST | E:\01.userData\ZhuoMian\Github_Releases_批量下载 xray\Xray-core\v1.7.1\Xray-linux-arm32-v7a.zip      | LOCAL=91a5fb5dd71f5e76068b3b59543326f29755e072a1b462fde50727a257865a96 REMOTE=LOST
[ 994/3625] Checking is LOST | E:\01.userData\ZhuoMian\Github_Releases_批量下载 xray\Xray-core\v1.7.1\Xray-linux-arm64-v8a.zip      | LOCAL=b34ec174bdee9c72ff47599fac19dfd770a35937842b108d68d0435ed786a05e REMOTE=LOST
[ 995/3625] Checking is LOST | E:\01.userData\ZhuoMian\Github_Releases_批量下载 xray\Xray-core\v1.7.1\Xray-linux-mips32.zip         | LOCAL=9657dd17035440e9eb1a369a9bc14d24d1f2b4bc5e478d0a968c815075f14e88 REMOTE=LOST
[ 996/3625] Checking is LOST | E:\01.userData\ZhuoMian\Github_Releases_批量下载 xray\Xray-core\v1.7.1\Xray-linux-mips32le.zip       | LOCAL=549606c7e74cb061e32d9aadebb0efcb5e1998de8a73c15c703ba9d3a81653e5 REMOTE=LOST
[ 997/3625] Checking is LOST | E:\01.userData\ZhuoMian\Github_Releases_批量下载 xray\Xray-core\v1.7.1\Xray-linux-mips64.zip         | LOCAL=579ee08f46220b07b99c34e8f20ebef0e4ae780ed1e8824edec9205485a0583f REMOTE=LOST
[ 998/3625] Checking is LOST | E:\01.userData\ZhuoMian\Github_Releases_批量下载 xray\Xray-core\v1.7.1\Xray-linux-mips64le.zip       | LOCAL=e81a5f1b9794b9c65b69f5339a81a888a4b4c7044ee7823dbf5117f36f7d08f2 REMOTE=LOST
[ 999/3625] Checking is LOST | E:\01.userData\ZhuoMian\Github_Releases_批量下载 xray\Xray-core\v1.7.1\Xray-linux-ppc64.zip          | LOCAL=1d9f256abcf0e0f62c3cd80e1f03a74fa43208a078df84cc059c597fa12f57f4 REMOTE=LOST
[1000/3625] Checking is LOST | E:\01.userData\ZhuoMian\Github_Releases_批量下载 xray\Xray-core\v1.7.1\Xray-linux-ppc64le.zip        | LOCAL=db5e7f5abfe0c18810f4ad16917a11056db8c3b406c39ef6bc1e1f49dc2566e9 REMOTE=LOST
[1001/3625] Checking is LOST | E:\01.userData\ZhuoMian\Github_Releases_批量下载 xray\Xray-core\v1.7.1\Xray-linux-riscv64.zip        | LOCAL=15c3c42a783e89fd3090f92f540882b5994f8fad21daed4f559dbbb26c1e744a REMOTE=LOST
[1002/3625] Checking is LOST | E:\01.userData\ZhuoMian\Github_Releases_批量下载 xray\Xray-core\v1.7.1\Xray-linux-s390x.zip          | LOCAL=45302ef8e64d74dfc4f0949dd8deb00b8bd2cc9e2c0683b23bc747381a49ebc5 REMOTE=LOST
[1003/3625] Checking is LOST | E:\01.userData\ZhuoMian\Github_Releases_批量下载 xray\Xray-core\v1.7.1\Xray-macos-64.zip             | LOCAL=ca51bbad2e373f6e6d402d7364cb79678d96374bed4ad43be9bcb51c47735702 REMOTE=LOST
[1004/3625] Checking is LOST | E:\01.userData\ZhuoMian\Github_Releases_批量下载 xray\Xray-core\v1.7.1\Xray-macos-arm64-v8a.zip      | LOCAL=7213a921723cf699349e705a74cb55c34a6169171e6ecbd16556ac0196d871d3 REMOTE=LOST
[1005/3625] Checking is LOST | E:\01.userData\ZhuoMian\Github_Releases_批量下载 xray\Xray-core\v1.7.1\Xray-openbsd-32.zip           | LOCAL=5582f2f4fdbf09aae5f8e4dd5f588a6d97e91469a8d241a7935e80802bf2ca4f REMOTE=LOST
[1006/3625] Checking is LOST | E:\01.userData\ZhuoMian\Github_Releases_批量下载 xray\Xray-core\v1.7.1\Xray-openbsd-64.zip           | LOCAL=ffccdfeda874ebff9c3deb31cb873381915f23ab54731254693849a94722e23b REMOTE=LOST
[1007/3625] Checking is LOST | E:\01.userData\ZhuoMian\Github_Releases_批量下载 xray\Xray-core\v1.7.1\Xray-openbsd-arm32-v7a.zip    | LOCAL=e99545f5bfe4f829fe99f358dc28ecb5f3255c56de2935a2ce0c1d9bb32ef266 REMOTE=LOST
[1008/3625] Checking is LOST | E:\01.userData\ZhuoMian\Github_Releases_批量下载 xray\Xray-core\v1.7.1\Xray-openbsd-arm64-v8a.zip    | LOCAL=c80897160271cb58e60e7f6cb3e7c221e26bf8cb909bf8dac7cf5c61e7913ea2 REMOTE=LOST
[1009/3625] Checking is LOST | E:\01.userData\ZhuoMian\Github_Releases_批量下载 xray\Xray-core\v1.7.1\Xray-windows-32.zip           | LOCAL=d075ad53c20e31a7a860a67c3f666e12a707eda333f1fd243852376442c2a7e2 REMOTE=LOST
[1010/3625] Checking is LOST | E:\01.userData\ZhuoMian\Github_Releases_批量下载 xray\Xray-core\v1.7.1\Xray-windows-64.zip           | LOCAL=99ed69431f10b95137df94e8899cbe2fd90404d8e7b1eb3d5967d5232b75187f REMOTE=LOST
[1011/3625] Checking is LOST | E:\01.userData\ZhuoMian\Github_Releases_批量下载 xray\Xray-core\v1.7.1\Xray-windows-arm32-v7a.zip    | LOCAL=5ee6f67239a3e273973164d557ae91f54224968e3e914e0061a7621b080cd67d REMOTE=LOST
[1012/3625] Checking is LOST | E:\01.userData\ZhuoMian\Github_Releases_批量下载 xray\Xray-core\v1.7.1\Xray-windows-arm64-v8a.zip    | LOCAL=447c6723f1c72e7ed8c2ec170136e83c444025f6fbc5be7363590a583429fa3a REMOTE=LOST
[1013/3625] Checking is LOST | E:\01.userData\ZhuoMian\Github_Releases_批量下载 xray\Xray-core\v1.7.2\Xray-android-arm64-v8a.zip    | LOCAL=9710e5df11214bfe09cd26b5d0180da2bcf5c81ab7f8747f42f5f05ed46eee59 REMOTE=LOST
[1014/3625] Checking is LOST | E:\01.userData\ZhuoMian\Github_Releases_批量下载 xray\Xray-core\v1.7.2\Xray-dragonfly-64.zip         | LOCAL=3eace191628491442b6c79782774a52194854ef686596dc06e61d7fb82ca39b3 REMOTE=LOST
[1015/3625] Checking is LOST | E:\01.userData\ZhuoMian\Github_Releases_批量下载 xray\Xray-core\v1.7.2\Xray-freebsd-32.zip           | LOCAL=a9278b2621afdcbc300676ba4e441b88e59de6657669b01d822fb4de63b35e23 REMOTE=LOST
[1016/3625] Checking is LOST | E:\01.userData\ZhuoMian\Github_Releases_批量下载 xray\Xray-core\v1.7.2\Xray-freebsd-64.zip           | LOCAL=19b56800b80bf9f21ba00cfda759174c4a3b28fa51f34b4c044639fca4bf3471 REMOTE=LOST
[1017/3625] Checking is LOST | E:\01.userData\ZhuoMian\Github_Releases_批量下载 xray\Xray-core\v1.7.2\Xray-freebsd-arm32-v7a.zip    | LOCAL=14bb71e17480b715a7af48572745002c91cd1f19e72816522985d17f3fdaa423 REMOTE=LOST
[1018/3625] Checking is LOST | E:\01.userData\ZhuoMian\Github_Releases_批量下载 xray\Xray-core\v1.7.2\Xray-freebsd-arm64-v8a.zip    | LOCAL=96ad8d10250c21555f38a75a488103ebe9eafc8d81ff923a10652c5d993c5e22 REMOTE=LOST
[1019/3625] Checking is LOST | E:\01.userData\ZhuoMian\Github_Releases_批量下载 xray\Xray-core\v1.7.2\Xray-linux-32.zip             | LOCAL=9fda0d6df7b54376bb09bd48cdaf191fc20068a7a02f2b14cc955f52892c3dad REMOTE=LOST
[1020/3625] Checking is LOST | E:\01.userData\ZhuoMian\Github_Releases_批量下载 xray\Xray-core\v1.7.2\Xray-linux-64.zip             | LOCAL=0fec67b906bc65e4764054147edde25ce1bfd000ed54f29fb723753fc0169b1c REMOTE=LOST
[1021/3625] Checking is LOST | E:\01.userData\ZhuoMian\Github_Releases_批量下载 xray\Xray-core\v1.7.2\Xray-linux-arm32-v5.zip       | LOCAL=db91fdf8c1fb90fa201a4e362dacd8950fe5a64fda290fe50ab46c24ff991597 REMOTE=LOST
[1022/3625] Checking is LOST | E:\01.userData\ZhuoMian\Github_Releases_批量下载 xray\Xray-core\v1.7.2\Xray-linux-arm32-v6.zip       | LOCAL=354b8f374acb5c785f9bf4be16920d93d751e762db7db45841469e607b21895a REMOTE=LOST
[1023/3625] Checking is LOST | E:\01.userData\ZhuoMian\Github_Releases_批量下载 xray\Xray-core\v1.7.2\Xray-linux-arm32-v7a.zip      | LOCAL=3b210c3b0e5980d85f598065b8f36cc1e549a54cecbd1527f6eb56b725b9774d REMOTE=LOST
[1024/3625] Checking is LOST | E:\01.userData\ZhuoMian\Github_Releases_批量下载 xray\Xray-core\v1.7.2\Xray-linux-arm64-v8a.zip      | LOCAL=89224ec06d9b89f271f441a97cff211a6be3d420302cdfd370975ad603544004 REMOTE=LOST
[1025/3625] Checking is LOST | E:\01.userData\ZhuoMian\Github_Releases_批量下载 xray\Xray-core\v1.7.2\Xray-linux-mips32.zip         | LOCAL=02f2f21203e2895e5aac2d31544ba0f487f7ebbf19a8e4dd7d03e1ff23533819 REMOTE=LOST
[1026/3625] Checking is LOST | E:\01.userData\ZhuoMian\Github_Releases_批量下载 xray\Xray-core\v1.7.2\Xray-linux-mips32le.zip       | LOCAL=d9fdbd15aa8f668a55933bcb8a2eef17a43cb1ae6d05d900315954428897d005 REMOTE=LOST
[1027/3625] Checking is LOST | E:\01.userData\ZhuoMian\Github_Releases_批量下载 xray\Xray-core\v1.7.2\Xray-linux-mips64.zip         | LOCAL=f76d8c5000a4998aa15d7ef9ac2d6d8ca1e8b14c2824305742f8c3bf1d48ecaf REMOTE=LOST
[1028/3625] Checking is LOST | E:\01.userData\ZhuoMian\Github_Releases_批量下载 xray\Xray-core\v1.7.2\Xray-linux-mips64le.zip       | LOCAL=cad4daac480714d8b8ac0c8a78735c41a4ffd63aa8c2bdcca86be37565c009a3 REMOTE=LOST
[1029/3625] Checking is LOST | E:\01.userData\ZhuoMian\Github_Releases_批量下载 xray\Xray-core\v1.7.2\Xray-linux-ppc64.zip          | LOCAL=e9221e0f142d58fab9f435da4457213b840b220d119a7549713bbfbe1eb8727d REMOTE=LOST
[1030/3625] Checking is LOST | E:\01.userData\ZhuoMian\Github_Releases_批量下载 xray\Xray-core\v1.7.2\Xray-linux-ppc64le.zip        | LOCAL=3b0095eb663ee8d339320babe07f3abb37172f729c06c605be3e9e487a5c83e1 REMOTE=LOST
[1031/3625] Checking is LOST | E:\01.userData\ZhuoMian\Github_Releases_批量下载 xray\Xray-core\v1.7.2\Xray-linux-riscv64.zip        | LOCAL=5974f06a30bd13a72cea8c12bcbdb31e92c1a26634104063c72b38e63aba40c0 REMOTE=LOST
[1032/3625] Checking is LOST | E:\01.userData\ZhuoMian\Github_Releases_批量下载 xray\Xray-core\v1.7.2\Xray-linux-s390x.zip          | LOCAL=ac042bbf90bd0cd236f178f0d2d13e5f6e4b45f0b8fadf2bea2c8b02b638d8b7 REMOTE=LOST
[1033/3625] Checking is LOST | E:\01.userData\ZhuoMian\Github_Releases_批量下载 xray\Xray-core\v1.7.2\Xray-macos-64.zip             | LOCAL=4b244c4679337f36194118e50871a1b081d3120c1e000aced498762b83b1aa2f REMOTE=LOST
[1034/3625] Checking is LOST | E:\01.userData\ZhuoMian\Github_Releases_批量下载 xray\Xray-core\v1.7.2\Xray-macos-arm64-v8a.zip      | LOCAL=702f8bf0ce313e3e9c95d9eb2ef13284a12395579f4af5459b4cd39b9fb97569 REMOTE=LOST
[1035/3625] Checking is LOST | E:\01.userData\ZhuoMian\Github_Releases_批量下载 xray\Xray-core\v1.7.2\Xray-openbsd-32.zip           | LOCAL=97ad9bab55f8b34b5ced9e260372323c5af0d0cd73fd2f6967d8025fad548af4 REMOTE=LOST
[1036/3625] Checking is LOST | E:\01.userData\ZhuoMian\Github_Releases_批量下载 xray\Xray-core\v1.7.2\Xray-openbsd-64.zip           | LOCAL=7c4209eaa9b197048d19de94fb0fbda9c7c9815f419a8592b69a3848f9c5eab6 REMOTE=LOST
[1037/3625] Checking is LOST | E:\01.userData\ZhuoMian\Github_Releases_批量下载 xray\Xray-core\v1.7.2\Xray-openbsd-arm32-v7a.zip    | LOCAL=1434021b237f28f8cdbc544f49cbef18b2a3b38cfa40fa6fa3039d1dde5e79de REMOTE=LOST
[1038/3625] Checking is LOST | E:\01.userData\ZhuoMian\Github_Releases_批量下载 xray\Xray-core\v1.7.2\Xray-openbsd-arm64-v8a.zip    | LOCAL=464596bbb89c506c82752326023a9eaeaf5b7542d59e8fbd88a8603531e029a8 REMOTE=LOST
[1039/3625] Checking is LOST | E:\01.userData\ZhuoMian\Github_Releases_批量下载 xray\Xray-core\v1.7.2\Xray-windows-32.zip           | LOCAL=aa9e3636732fc458b2806fbfe16ca50fd92ac20640b92ace807a5de008a3c641 REMOTE=LOST
[1040/3625] Checking is LOST | E:\01.userData\ZhuoMian\Github_Releases_批量下载 xray\Xray-core\v1.7.2\Xray-windows-64.zip           | LOCAL=0c6185f70e929d9d8295a1b46f4159f80800a1748c15dc9b61a249883e1e32c9 REMOTE=LOST
[1041/3625] Checking is LOST | E:\01.userData\ZhuoMian\Github_Releases_批量下载 xray\Xray-core\v1.7.2\Xray-windows-arm32-v7a.zip    | LOCAL=33583e94bbca86bdb2e2c00b63741d77bb6a1e0483e6276bc927ca8ac9d35fed REMOTE=LOST
[1042/3625] Checking is LOST | E:\01.userData\ZhuoMian\Github_Releases_批量下载 xray\Xray-core\v1.7.2\Xray-windows-arm64-v8a.zip    | LOCAL=fac52897c8a4f27a51c8fb9da01cdaffc72c7a0ab60ecdcac3bd5d1e2ed8100d REMOTE=LOST
[1043/3625] Checking is LOST | E:\01.userData\ZhuoMian\Github_Releases_批量下载 xray\Xray-core\v1.7.3\Xray-android-arm64-v8a.zip    | LOCAL=c5f0b13d45d6c7ef0eb8a701256a3cca3a01584cdb461d876deb6fcaddde4903 REMOTE=LOST
[1044/3625] Checking is LOST | E:\01.userData\ZhuoMian\Github_Releases_批量下载 xray\Xray-core\v1.7.3\Xray-dragonfly-64.zip         | LOCAL=f32409e3c1dbc83cb0a927561dbe6b765ad77d21224e57cace0455d93ccb77dd REMOTE=LOST
[1045/3625] Checking is LOST | E:\01.userData\ZhuoMian\Github_Releases_批量下载 xray\Xray-core\v1.7.3\Xray-freebsd-32.zip           | LOCAL=1ce1388dbc6b08918b1bb9fb49ab0f2464c78a6daafb0e34825a16133a976bd2 REMOTE=LOST
[1046/3625] Checking is LOST | E:\01.userData\ZhuoMian\Github_Releases_批量下载 xray\Xray-core\v1.7.3\Xray-freebsd-64.zip           | LOCAL=7da62e507d6a91032c4ca9d523bdc501c359856ce8bf75999fe471bb5193058b REMOTE=LOST
[1047/3625] Checking is LOST | E:\01.userData\ZhuoMian\Github_Releases_批量下载 xray\Xray-core\v1.7.3\Xray-freebsd-arm32-v7a.zip    | LOCAL=8c2204ab09d7a5b22bee476a8d4bc66c3aa4cd203574ff010ace3dfe20fb90ee REMOTE=LOST
[1048/3625] Checking is LOST | E:\01.userData\ZhuoMian\Github_Releases_批量下载 xray\Xray-core\v1.7.3\Xray-freebsd-arm64-v8a.zip    | LOCAL=f1c947df0c71ba10806c92bb6e48e34ef189efb5d4d37721b76a44b727b7dd8b REMOTE=LOST
[1049/3625] Checking is LOST | E:\01.userData\ZhuoMian\Github_Releases_批量下载 xray\Xray-core\v1.7.3\Xray-linux-32.zip             | LOCAL=9b33a545d60cae19189844b41851723e3b738f3eae40dfb8bfc37812d0aa615c REMOTE=LOST
[1050/3625] Checking is LOST | E:\01.userData\ZhuoMian\Github_Releases_批量下载 xray\Xray-core\v1.7.3\Xray-linux-64.zip             | LOCAL=fbfd158429548f6bedab80821fc0f61ec86b45f2caf3fc8e9aaed12e37886f38 REMOTE=LOST
[1051/3625] Checking is LOST | E:\01.userData\ZhuoMian\Github_Releases_批量下载 xray\Xray-core\v1.7.3\Xray-linux-arm32-v5.zip       | LOCAL=4252809969839ce1d528cedcf71ac2afd731f6342da1e609b79a65db379d400f REMOTE=LOST
[1052/3625] Checking is LOST | E:\01.userData\ZhuoMian\Github_Releases_批量下载 xray\Xray-core\v1.7.3\Xray-linux-arm32-v6.zip       | LOCAL=b123f0747836c4f8387a0fb030d2c14b9816afce51e258c01d2f876528f9a40a REMOTE=LOST
[1053/3625] Checking is LOST | E:\01.userData\ZhuoMian\Github_Releases_批量下载 xray\Xray-core\v1.7.3\Xray-linux-arm32-v7a.zip      | LOCAL=a9c211ac6074f5921b96e701419f3ef8730b2309d82b7404764b2cafe1fa16d9 REMOTE=LOST
[1054/3625] Checking is LOST | E:\01.userData\ZhuoMian\Github_Releases_批量下载 xray\Xray-core\v1.7.3\Xray-linux-arm64-v8a.zip      | LOCAL=760b986748b96b61fc76349587f6ff46b4ba6ee8bdddf0ef84f04d3d826eb972 REMOTE=LOST
[1055/3625] Checking is LOST | E:\01.userData\ZhuoMian\Github_Releases_批量下载 xray\Xray-core\v1.7.3\Xray-linux-mips32.zip         | LOCAL=5164f4fcb07f20ef32672530182a3279938d834a796a8781a3fb3b01337855b1 REMOTE=LOST
[1056/3625] Checking is LOST | E:\01.userData\ZhuoMian\Github_Releases_批量下载 xray\Xray-core\v1.7.3\Xray-linux-mips32le.zip       | LOCAL=123b005b0474a012cfe209e9417c4be5be606295ba7d53235a269d28d2df9be9 REMOTE=LOST
[1057/3625] Checking is LOST | E:\01.userData\ZhuoMian\Github_Releases_批量下载 xray\Xray-core\v1.7.3\Xray-linux-mips64.zip         | LOCAL=ea2108990e804675afd3326fda4f79e7555384da21470b603d50d1048de8ce8b REMOTE=LOST
[1058/3625] Checking is LOST | E:\01.userData\ZhuoMian\Github_Releases_批量下载 xray\Xray-core\v1.7.3\Xray-linux-mips64le.zip       | LOCAL=82e946cf7e239e77c4dc559c186376af3aa60c7950cebe0c5d17c78b10895bae REMOTE=LOST
[1059/3625] Checking is LOST | E:\01.userData\ZhuoMian\Github_Releases_批量下载 xray\Xray-core\v1.7.3\Xray-linux-ppc64.zip          | LOCAL=7e6e1240f69d755d4950f8f5552b0a464f0f5b966e97e0e9fbf37e5f9ef1aa50 REMOTE=LOST
[1060/3625] Checking is LOST | E:\01.userData\ZhuoMian\Github_Releases_批量下载 xray\Xray-core\v1.7.3\Xray-linux-ppc64le.zip        | LOCAL=f11b074b942bde1751fe8b2f0877a5682949328e52bf2f8e957a701fd23453c9 REMOTE=LOST
[1061/3625] Checking is LOST | E:\01.userData\ZhuoMian\Github_Releases_批量下载 xray\Xray-core\v1.7.3\Xray-linux-riscv64.zip        | LOCAL=ed1c34d5f1fd595c8b4a82efb043508dfacc42ffebe755c2bf41c36541458793 REMOTE=LOST
[1062/3625] Checking is LOST | E:\01.userData\ZhuoMian\Github_Releases_批量下载 xray\Xray-core\v1.7.3\Xray-linux-s390x.zip          | LOCAL=8be55db2fdbd22b26d166fd0ac5f8f6bdafbf1468e9ff04ab84b1a5721247b1d REMOTE=LOST
[1063/3625] Checking is LOST | E:\01.userData\ZhuoMian\Github_Releases_批量下载 xray\Xray-core\v1.7.3\Xray-macos-64.zip             | LOCAL=80bab2290da7841ee499287954f9383abc4771bd4e1f7c81060d14e7af5ed9d1 REMOTE=LOST
[1064/3625] Checking is LOST | E:\01.userData\ZhuoMian\Github_Releases_批量下载 xray\Xray-core\v1.7.3\Xray-macos-arm64-v8a.zip      | LOCAL=cad06e5a3029671d79178d8954055e6d27a6a95bda525b99d00175a86a0fc743 REMOTE=LOST
[1065/3625] Checking is LOST | E:\01.userData\ZhuoMian\Github_Releases_批量下载 xray\Xray-core\v1.7.3\Xray-openbsd-32.zip           | LOCAL=0bfcf221becadc2957ba350d732ea12bcbd6bd1191044aeea20149e6532844a2 REMOTE=LOST
[1066/3625] Checking is LOST | E:\01.userData\ZhuoMian\Github_Releases_批量下载 xray\Xray-core\v1.7.3\Xray-openbsd-64.zip           | LOCAL=906f59eff68a1ac414d4d38d522aa27e53ec3bc353f8deee6963e4f942537d62 REMOTE=LOST
[1067/3625] Checking is LOST | E:\01.userData\ZhuoMian\Github_Releases_批量下载 xray\Xray-core\v1.7.3\Xray-openbsd-arm32-v7a.zip    | LOCAL=5016cdea1e845eabf8c733cf131f36d92757b26de600a4f298a57252463d7b31 REMOTE=LOST
[1068/3625] Checking is LOST | E:\01.userData\ZhuoMian\Github_Releases_批量下载 xray\Xray-core\v1.7.3\Xray-openbsd-arm64-v8a.zip    | LOCAL=30793dbe9fcc18655dbb16b18609646f1fe0b41609575a82c5ded83adad1bddd REMOTE=LOST
[1069/3625] Checking is LOST | E:\01.userData\ZhuoMian\Github_Releases_批量下载 xray\Xray-core\v1.7.3\Xray-windows-32.zip           | LOCAL=6ae6c1fd596ac30ff4e9e4249a08f410b51e18cdb9bcf1494a49662201ef940d REMOTE=LOST
[1070/3625] Checking is LOST | E:\01.userData\ZhuoMian\Github_Releases_批量下载 xray\Xray-core\v1.7.3\Xray-windows-64.zip           | LOCAL=eb4adeb38ea49af1355bb3f7489668622e8c295b4102cc14adab3ae0328cb4f3 REMOTE=LOST
[1071/3625] Checking is LOST | E:\01.userData\ZhuoMian\Github_Releases_批量下载 xray\Xray-core\v1.7.3\Xray-windows-arm32-v7a.zip    | LOCAL=4167fc2d70d20d37082bccdc610db9210376c9513d540557172e69db29c888fa REMOTE=LOST
[1072/3625] Checking is LOST | E:\01.userData\ZhuoMian\Github_Releases_批量下载 xray\Xray-core\v1.7.3\Xray-windows-arm64-v8a.zip    | LOCAL=05c9979c4c12aa6ab33227fb2df9cf2cd9fc77f201a8008b7a9aff48cad87fba REMOTE=LOST
[1073/3625] Checking is LOST | E:\01.userData\ZhuoMian\Github_Releases_批量下载 xray\Xray-core\v1.7.5\Xray-android-arm64-v8a.zip    | LOCAL=ee7931df66ef7ccb9ed0094de3c2e0956055bafe3e4910de0bdbc8f29d44306f REMOTE=LOST
[1074/3625] Checking is LOST | E:\01.userData\ZhuoMian\Github_Releases_批量下载 xray\Xray-core\v1.7.5\Xray-dragonfly-64.zip         | LOCAL=1a9dc1209bb2485976f10a7ae234eafa7b41d6acfb6f7eaad7fd8f9a26a824fe REMOTE=LOST
[1075/3625] Checking is LOST | E:\01.userData\ZhuoMian\Github_Releases_批量下载 xray\Xray-core\v1.7.5\Xray-freebsd-32.zip           | LOCAL=ee167f2f1b7a9e060756b30d250f74d30c5a21d4951d1680988956de5be115ff REMOTE=LOST
[1076/3625] Checking is LOST | E:\01.userData\ZhuoMian\Github_Releases_批量下载 xray\Xray-core\v1.7.5\Xray-freebsd-64.zip           | LOCAL=c3ceacbafc0cfbcecf59a3df797be7ddfdec33506e253222ceb722b4455d90fd REMOTE=LOST
[1077/3625] Checking is LOST | E:\01.userData\ZhuoMian\Github_Releases_批量下载 xray\Xray-core\v1.7.5\Xray-freebsd-arm32-v7a.zip    | LOCAL=db5e63cc97f542f06b9e477b1ab5d0b5dc660a96b7966d9a2c73d6924fdc6bba REMOTE=LOST
[1078/3625] Checking is LOST | E:\01.userData\ZhuoMian\Github_Releases_批量下载 xray\Xray-core\v1.7.5\Xray-freebsd-arm64-v8a.zip    | LOCAL=d68f30e8539eb7ba95b6d1eea50a1444a92797f44810f5f61445363add30a9ca REMOTE=LOST
[1079/3625] Checking is LOST | E:\01.userData\ZhuoMian\Github_Releases_批量下载 xray\Xray-core\v1.7.5\Xray-linux-32.zip             | LOCAL=86dba0f1a1e13b36cdd90902ddf257f35e2d3db3b64641e8da65e26306968657 REMOTE=LOST
[1080/3625] Checking is LOST | E:\01.userData\ZhuoMian\Github_Releases_批量下载 xray\Xray-core\v1.7.5\Xray-linux-64.zip             | LOCAL=d621476ffb84d472717b03dd633d40ae6f1a0d8431f85ffcf44ff11224373453 REMOTE=LOST
[1081/3625] Checking is LOST | E:\01.userData\ZhuoMian\Github_Releases_批量下载 xray\Xray-core\v1.7.5\Xray-linux-arm32-v5.zip       | LOCAL=6122bb06d2a3dfb21f7497a11bd888a234f68b9a292ef8c48907913bae8b5347 REMOTE=LOST
[1082/3625] Checking is LOST | E:\01.userData\ZhuoMian\Github_Releases_批量下载 xray\Xray-core\v1.7.5\Xray-linux-arm32-v6.zip       | LOCAL=4e199d9dfb95c42118f70d0c25d6ef12a22c15113031620d2d3e5d237a379cca REMOTE=LOST
[1083/3625] Checking is LOST | E:\01.userData\ZhuoMian\Github_Releases_批量下载 xray\Xray-core\v1.7.5\Xray-linux-arm32-v7a.zip      | LOCAL=596318d55e83dffda40f070c0f3c3450b5a693bd76aa4175b922104ce21343bb REMOTE=LOST
[1084/3625] Checking is LOST | E:\01.userData\ZhuoMian\Github_Releases_批量下载 xray\Xray-core\v1.7.5\Xray-linux-arm64-v8a.zip      | LOCAL=21b8a35dd35ca3f5e54f48f8cdbfc4868fe102658f47e3bf7668b81f8510c173 REMOTE=LOST
[1085/3625] Checking is LOST | E:\01.userData\ZhuoMian\Github_Releases_批量下载 xray\Xray-core\v1.7.5\Xray-linux-mips32.zip         | LOCAL=e4d139a55ae09e771c2ced64bf97a8561c88d81f01c15789e34ebd2782eb1d4f REMOTE=LOST
[1086/3625] Checking is LOST | E:\01.userData\ZhuoMian\Github_Releases_批量下载 xray\Xray-core\v1.7.5\Xray-linux-mips32le.zip       | LOCAL=14d935dd582ad50b07c57a6a1189b1b536ea4721bab101dd7b5b575cac0e728a REMOTE=LOST
[1087/3625] Checking is LOST | E:\01.userData\ZhuoMian\Github_Releases_批量下载 xray\Xray-core\v1.7.5\Xray-linux-mips64.zip         | LOCAL=efe48688605626973f58e62ebb586b77401dcae47b00bedcff137d21445938e2 REMOTE=LOST
[1088/3625] Checking is LOST | E:\01.userData\ZhuoMian\Github_Releases_批量下载 xray\Xray-core\v1.7.5\Xray-linux-mips64le.zip       | LOCAL=bcd1b1fe7375caa73cf33cac7d7b62a22f5e22d04d2b651257ef3961a3fcccd4 REMOTE=LOST
[1089/3625] Checking is LOST | E:\01.userData\ZhuoMian\Github_Releases_批量下载 xray\Xray-core\v1.7.5\Xray-linux-ppc64.zip          | LOCAL=807c93d833292923c5fc43049407de33840cb4d1e325079227ede9eccb615059 REMOTE=LOST
[1090/3625] Checking is LOST | E:\01.userData\ZhuoMian\Github_Releases_批量下载 xray\Xray-core\v1.7.5\Xray-linux-ppc64le.zip        | LOCAL=35e2c9d648539b7dacd21bcd1e7a686d595098d7cd6bafb0db1df2e651f5565d REMOTE=LOST
[1091/3625] Checking is LOST | E:\01.userData\ZhuoMian\Github_Releases_批量下载 xray\Xray-core\v1.7.5\Xray-linux-riscv64.zip        | LOCAL=07bedd462d8ba0942296dbd7068da72a57e091a535ee5b8f7c25c8097fa69572 REMOTE=LOST
[1092/3625] Checking is LOST | E:\01.userData\ZhuoMian\Github_Releases_批量下载 xray\Xray-core\v1.7.5\Xray-linux-s390x.zip          | LOCAL=2ebe9ba54433a7e97b14b1731c813c17818fadf61159aad84734a16bc7949c79 REMOTE=LOST
[1093/3625] Checking is LOST | E:\01.userData\ZhuoMian\Github_Releases_批量下载 xray\Xray-core\v1.7.5\Xray-macos-64.zip             | LOCAL=fc6477f7b5b7ee5e5d1f8910f8367541d996f226bf48047ac6bac620f04fcc04 REMOTE=LOST
[1094/3625] Checking is LOST | E:\01.userData\ZhuoMian\Github_Releases_批量下载 xray\Xray-core\v1.7.5\Xray-macos-arm64-v8a.zip      | LOCAL=4ba0870206c3603db89fbf23b0bfc4f7cefb530cf83e8f0bb39a573f1e36b31f REMOTE=LOST
[1095/3625] Checking is LOST | E:\01.userData\ZhuoMian\Github_Releases_批量下载 xray\Xray-core\v1.7.5\Xray-openbsd-32.zip           | LOCAL=32eb619f9dbca99c651e252e2759263eb83deb2fb37c9511eb65ecb525152535 REMOTE=LOST
[1096/3625] Checking is LOST | E:\01.userData\ZhuoMian\Github_Releases_批量下载 xray\Xray-core\v1.7.5\Xray-openbsd-64.zip           | LOCAL=f404757b13cd6eddb343d4e88faa67cc39ab518024f1d2dae212a1b15e5f1ec9 REMOTE=LOST
[1097/3625] Checking is LOST | E:\01.userData\ZhuoMian\Github_Releases_批量下载 xray\Xray-core\v1.7.5\Xray-openbsd-arm32-v7a.zip    | LOCAL=7e9d44a7f3487bcc31907b3a33bcd9cc109dec4b029ee451ef9a0ab3e2a0e19a REMOTE=LOST
[1098/3625] Checking is LOST | E:\01.userData\ZhuoMian\Github_Releases_批量下载 xray\Xray-core\v1.7.5\Xray-openbsd-arm64-v8a.zip    | LOCAL=283035e261a9e4b0c8c7e5b6055507a4f3717a93e8f66ada994b7858c09630db REMOTE=LOST
[1099/3625] Checking is LOST | E:\01.userData\ZhuoMian\Github_Releases_批量下载 xray\Xray-core\v1.7.5\Xray-windows-32.zip           | LOCAL=d09c8d34c175e54576520df8d3617ccfd2fbc97da199e18b9cacae6f5287b97d REMOTE=LOST
[1100/3625] Checking is LOST | E:\01.userData\ZhuoMian\Github_Releases_批量下载 xray\Xray-core\v1.7.5\Xray-windows-64.zip           | LOCAL=3ec029d8db25bae76e30027ad796a08ca830a8dce71d0a02b16b18d0f5002cdb REMOTE=LOST
[1101/3625] Checking is LOST | E:\01.userData\ZhuoMian\Github_Releases_批量下载 xray\Xray-core\v1.7.5\Xray-windows-arm32-v7a.zip    | LOCAL=13d2c377fbdeb396c2740166e8bfb3bdd46c0e83d7114f824c3ca0fce7533414 REMOTE=LOST
[1102/3625] Checking is LOST | E:\01.userData\ZhuoMian\Github_Releases_批量下载 xray\Xray-core\v1.7.5\Xray-windows-arm64-v8a.zip    | LOCAL=a405d27e8e95041c02f539138082841b5848609512ab1699f123a1fc2ffaa879 REMOTE=LOST
[1103/3625] Checking is LOST | E:\01.userData\ZhuoMian\Github_Releases_批量下载 xray\Xray-core\v1.8.0\Xray-android-arm64-v8a.zip    | LOCAL=3bd916744a95e4991ac1d9fa377ce087bab78a847e5997b2770f4df9d764d6da REMOTE=LOST
[1104/3625] Checking is LOST | E:\01.userData\ZhuoMian\Github_Releases_批量下载 xray\Xray-core\v1.8.0\Xray-dragonfly-64.zip         | LOCAL=c496609f1c6486016391b02f4ebf02d6ee4f080ad40926e849723bd72096538b REMOTE=LOST
[1105/3625] Checking is LOST | E:\01.userData\ZhuoMian\Github_Releases_批量下载 xray\Xray-core\v1.8.0\Xray-freebsd-32.zip           | LOCAL=0b4a15c07fb02b82d6168b77acd0bfb6c6ec305716524bae80a4c14eb03fb071 REMOTE=LOST
[1106/3625] Checking is LOST | E:\01.userData\ZhuoMian\Github_Releases_批量下载 xray\Xray-core\v1.8.0\Xray-freebsd-64.zip           | LOCAL=88690e0d2234b459e9712c890b3ee08a3635136aa72bd1047030f38118e3b609 REMOTE=LOST
[1107/3625] Checking is LOST | E:\01.userData\ZhuoMian\Github_Releases_批量下载 xray\Xray-core\v1.8.0\Xray-freebsd-arm32-v7a.zip    | LOCAL=47ff22bc1a6f8be1db205b5160dc58765c43fa7a6f3330f3d196cfa6c6f69c2f REMOTE=LOST
[1108/3625] Checking is LOST | E:\01.userData\ZhuoMian\Github_Releases_批量下载 xray\Xray-core\v1.8.0\Xray-freebsd-arm64-v8a.zip    | LOCAL=f74baf7c9a8f9640f1a5380ee2a05e3d407f2025bf670ee3575a44494a979bc6 REMOTE=LOST
[1109/3625] Checking is LOST | E:\01.userData\ZhuoMian\Github_Releases_批量下载 xray\Xray-core\v1.8.0\Xray-linux-32.zip             | LOCAL=ad9aa28092d0778fb7735da4ba613c3c6d769233c2bc27a32575285b7de4f9c5 REMOTE=LOST
[1110/3625] Checking is LOST | E:\01.userData\ZhuoMian\Github_Releases_批量下载 xray\Xray-core\v1.8.0\Xray-linux-64.zip             | LOCAL=899028a4e48bb2e3ecc6ea8a78dbf10fa3405bb7569172e68581633fec0669ff REMOTE=LOST
[1111/3625] Checking is LOST | E:\01.userData\ZhuoMian\Github_Releases_批量下载 xray\Xray-core\v1.8.0\Xray-linux-arm32-v5.zip       | LOCAL=5b7dbeb9214a352f27d923f516233f5e6935d35902d40eb5f16c187b603a4c9b REMOTE=LOST
[1112/3625] Checking is LOST | E:\01.userData\ZhuoMian\Github_Releases_批量下载 xray\Xray-core\v1.8.0\Xray-linux-arm32-v6.zip       | LOCAL=a9b3fafb493c17d89182fe0a72e6e7cf337610544de7590dcda233f3cb8f3574 REMOTE=LOST
[1113/3625] Checking is LOST | E:\01.userData\ZhuoMian\Github_Releases_批量下载 xray\Xray-core\v1.8.0\Xray-linux-arm32-v7a.zip      | LOCAL=fee26eb64984ecb73bd7da496440f7bcbcafff2b45ea5730fee15a85323ace4d REMOTE=LOST
[1114/3625] Checking is LOST | E:\01.userData\ZhuoMian\Github_Releases_批量下载 xray\Xray-core\v1.8.0\Xray-linux-arm64-v8a.zip      | LOCAL=7e5e26abf8321dd2caceff3f0ab985e9e754669863a07266fa4072f09c319f90 REMOTE=LOST
[1115/3625] Checking is LOST | E:\01.userData\ZhuoMian\Github_Releases_批量下载 xray\Xray-core\v1.8.0\Xray-linux-mips32.zip         | LOCAL=d78a22b6570c5fc95bafe2e3982c8944b8af51e2ac78668e3438cc525c380d8a REMOTE=LOST
[1116/3625] Checking is LOST | E:\01.userData\ZhuoMian\Github_Releases_批量下载 xray\Xray-core\v1.8.0\Xray-linux-mips32le.zip       | LOCAL=1dc2f2c20a93903cbc01671cf75d2b89074485b0251877490131568973d20f6d REMOTE=LOST
[1117/3625] Checking is LOST | E:\01.userData\ZhuoMian\Github_Releases_批量下载 xray\Xray-core\v1.8.0\Xray-linux-mips64.zip         | LOCAL=8ce306bb8018a41ce71cdd4e5f3c6ca1ce3eafcbf5137462b995750e7009ccfc REMOTE=LOST
[1118/3625] Checking is LOST | E:\01.userData\ZhuoMian\Github_Releases_批量下载 xray\Xray-core\v1.8.0\Xray-linux-mips64le.zip       | LOCAL=cb6431c8927f994d588d643724f6b6de80e521859760e1acd17a425b6ae0ce14 REMOTE=LOST
[1119/3625] Checking is LOST | E:\01.userData\ZhuoMian\Github_Releases_批量下载 xray\Xray-core\v1.8.0\Xray-linux-ppc64.zip          | LOCAL=a29fc037d5475141e3efd7565fbe247edf7e964810fb7c6e88bb16b04ce06951 REMOTE=LOST
[1120/3625] Checking is LOST | E:\01.userData\ZhuoMian\Github_Releases_批量下载 xray\Xray-core\v1.8.0\Xray-linux-ppc64le.zip        | LOCAL=9d750081b684333ccc16be76094376c4ce7fc85cb7ed4a2e96af0c50ef89c2cb REMOTE=LOST
[1121/3625] Checking is LOST | E:\01.userData\ZhuoMian\Github_Releases_批量下载 xray\Xray-core\v1.8.0\Xray-linux-riscv64.zip        | LOCAL=4ad86cbb800dbf9fa5639f5ebf7c9fc115dc2513b18303a13ac9d5d0897aaa83 REMOTE=LOST
[1122/3625] Checking is LOST | E:\01.userData\ZhuoMian\Github_Releases_批量下载 xray\Xray-core\v1.8.0\Xray-linux-s390x.zip          | LOCAL=0f86a99aa4572e7315c305f6037295f5f93c3a5691e72e430f89d63f97700f4c REMOTE=LOST
[1123/3625] Checking is LOST | E:\01.userData\ZhuoMian\Github_Releases_批量下载 xray\Xray-core\v1.8.0\Xray-macos-64.zip             | LOCAL=533dec8374985618e7e86673f677bc8b68d462c3a870edf4635b8c42d3db7819 REMOTE=LOST
[1124/3625] Checking is LOST | E:\01.userData\ZhuoMian\Github_Releases_批量下载 xray\Xray-core\v1.8.0\Xray-macos-arm64-v8a.zip      | LOCAL=d9ad6bd2ca14096fc6f8beb9bee0760826deb330dd8e9e8b07f285bece979972 REMOTE=LOST
[1125/3625] Checking is LOST | E:\01.userData\ZhuoMian\Github_Releases_批量下载 xray\Xray-core\v1.8.0\Xray-openbsd-32.zip           | LOCAL=a7579b80e2aa5b97636740374775cc8c2ceb03cfdbf47d276bfc1a34a799a2b4 REMOTE=LOST
[1126/3625] Checking is LOST | E:\01.userData\ZhuoMian\Github_Releases_批量下载 xray\Xray-core\v1.8.0\Xray-openbsd-64.zip           | LOCAL=b7c8c062e846894cf7e1421091fdc494e3a62f29df0ed8c226069575e1a51fc9 REMOTE=LOST
[1127/3625] Checking is LOST | E:\01.userData\ZhuoMian\Github_Releases_批量下载 xray\Xray-core\v1.8.0\Xray-openbsd-arm32-v7a.zip    | LOCAL=0ea1242f03aa9e94dc61d6776bdf338891d5262755532d7f865adebf65184f22 REMOTE=LOST
[1128/3625] Checking is LOST | E:\01.userData\ZhuoMian\Github_Releases_批量下载 xray\Xray-core\v1.8.0\Xray-openbsd-arm64-v8a.zip    | LOCAL=076e0848cc520aca40e42a0d5b770ee49d7162e63a90619a6800dd149d156d75 REMOTE=LOST
[1129/3625] Checking is LOST | E:\01.userData\ZhuoMian\Github_Releases_批量下载 xray\Xray-core\v1.8.0\Xray-windows-32.zip           | LOCAL=30a1b2480224f2a2212c626497d5d5d55195de6b781f9c480aa6f06c9f3c7b60 REMOTE=LOST
[1130/3625] Checking is LOST | E:\01.userData\ZhuoMian\Github_Releases_批量下载 xray\Xray-core\v1.8.0\Xray-windows-64.zip           | LOCAL=48165c67a5d297e76ba0a699ec2afcd5d3939761d8b4fec88ffe7f8e3ef709e7 REMOTE=LOST
[1131/3625] Checking is LOST | E:\01.userData\ZhuoMian\Github_Releases_批量下载 xray\Xray-core\v1.8.0\Xray-windows-arm32-v7a.zip    | LOCAL=8abca9b5b0925ea894a2b57057065296618164287d81ab9b6dfcfb4bca4cc654 REMOTE=LOST
[1132/3625] Checking is LOST | E:\01.userData\ZhuoMian\Github_Releases_批量下载 xray\Xray-core\v1.8.0\Xray-windows-arm64-v8a.zip    | LOCAL=8258ad26ed898b4142a683762ea847c5232cb3d0b337857067d5859e416249fc REMOTE=LOST
[1133/3625] Checking is LOST | E:\01.userData\ZhuoMian\Github_Releases_批量下载 xray\Xray-core\v1.8.1\Xray-android-arm64-v8a.zip    | LOCAL=595165ee3250f02da881e221e07ba026e338a92c0f69e4a06c4a6cc147d2ae23 REMOTE=LOST
[1134/3625] Checking is LOST | E:\01.userData\ZhuoMian\Github_Releases_批量下载 xray\Xray-core\v1.8.1\Xray-dragonfly-64.zip         | LOCAL=c960eaa321e1c354c453472f3db5fa98185eb436baf7ef05d0e5398bc45916db REMOTE=LOST
[1135/3625] Checking is LOST | E:\01.userData\ZhuoMian\Github_Releases_批量下载 xray\Xray-core\v1.8.1\Xray-freebsd-32.zip           | LOCAL=aca3692fba8bef0dcc4c1286d2eeb570f73bca36ac42a62930b81b66a5e929d6 REMOTE=LOST
[1136/3625] Checking is LOST | E:\01.userData\ZhuoMian\Github_Releases_批量下载 xray\Xray-core\v1.8.1\Xray-freebsd-64.zip           | LOCAL=8a504508621d44f816c1edb08a9052dd77656a306c21675b7ea2f763d8e7c830 REMOTE=LOST
[1137/3625] Checking is LOST | E:\01.userData\ZhuoMian\Github_Releases_批量下载 xray\Xray-core\v1.8.1\Xray-freebsd-arm32-v7a.zip    | LOCAL=c0a28697f0e03714244fadf1b89280e95ccea893357fe40da567a2560ac53076 REMOTE=LOST
[1138/3625] Checking is LOST | E:\01.userData\ZhuoMian\Github_Releases_批量下载 xray\Xray-core\v1.8.1\Xray-freebsd-arm64-v8a.zip    | LOCAL=d6b8f52c52cdb93720eb002731cc891065ea999c472e4ca740766cef22c9b7ea REMOTE=LOST
[1139/3625] Checking is LOST | E:\01.userData\ZhuoMian\Github_Releases_批量下载 xray\Xray-core\v1.8.1\Xray-linux-32.zip             | LOCAL=392a18cc7339539f79b44565dd9a31401c5505a880144e188235dd0b417d59d1 REMOTE=LOST
[1140/3625] Checking is LOST | E:\01.userData\ZhuoMian\Github_Releases_批量下载 xray\Xray-core\v1.8.1\Xray-linux-64.zip             | LOCAL=7b0584f0a89b155a8d54cbb5f78f94c2ec04a6caadcd2edb2268bdb9f8e7bb1e REMOTE=LOST
[1141/3625] Checking is LOST | E:\01.userData\ZhuoMian\Github_Releases_批量下载 xray\Xray-core\v1.8.1\Xray-linux-arm32-v5.zip       | LOCAL=ebf21c817e34fb3caced93ec387e3054b4e5d5bd66e5e1f3fae92dd63e48eaa9 REMOTE=LOST
[1142/3625] Checking is LOST | E:\01.userData\ZhuoMian\Github_Releases_批量下载 xray\Xray-core\v1.8.1\Xray-linux-arm32-v6.zip       | LOCAL=a495655c7650cf21d67e15316ed639e18c0fe21961e794d64c4ceba6f63aab14 REMOTE=LOST
[1143/3625] Checking is LOST | E:\01.userData\ZhuoMian\Github_Releases_批量下载 xray\Xray-core\v1.8.1\Xray-linux-arm32-v7a.zip      | LOCAL=951da439f208f4a3a08d873f08fe676c057d42237764df8c98f3a94d918d3dcc REMOTE=LOST
[1144/3625] Checking is LOST | E:\01.userData\ZhuoMian\Github_Releases_批量下载 xray\Xray-core\v1.8.1\Xray-linux-arm64-v8a.zip      | LOCAL=2dc1394e265af69612928f97c7854ad21574d1f89dbc3420472992f1e4e290de REMOTE=LOST
[1145/3625] Checking is LOST | E:\01.userData\ZhuoMian\Github_Releases_批量下载 xray\Xray-core\v1.8.1\Xray-linux-mips32.zip         | LOCAL=addf661f768a0307c9ebcadcda90cac0b12d81994f709ca5be725e751b7a8705 REMOTE=LOST
[1146/3625] Checking is LOST | E:\01.userData\ZhuoMian\Github_Releases_批量下载 xray\Xray-core\v1.8.1\Xray-linux-mips32le.zip       | LOCAL=6cb5ed1ade7be9de3eea42a2a1bf4f262a93645111834a2c95329f4d93fbedc8 REMOTE=LOST
[1147/3625] Checking is LOST | E:\01.userData\ZhuoMian\Github_Releases_批量下载 xray\Xray-core\v1.8.1\Xray-linux-mips64.zip         | LOCAL=e4552b851d22f01a49feba73f755a86ca32e4ec025164d5c733f4e882dced5b8 REMOTE=LOST
[1148/3625] Checking is LOST | E:\01.userData\ZhuoMian\Github_Releases_批量下载 xray\Xray-core\v1.8.1\Xray-linux-mips64le.zip       | LOCAL=4a7b30b6af55f01dbb78dbc8a33456bc1ca7745ee63002b1349357ef4486e706 REMOTE=LOST
[1149/3625] Checking is LOST | E:\01.userData\ZhuoMian\Github_Releases_批量下载 xray\Xray-core\v1.8.1\Xray-linux-ppc64.zip          | LOCAL=aa971d743214bbc74c7371dc8994fcf214c5f9ca602aa4814bdd139e304f588d REMOTE=LOST
[1150/3625] Checking is LOST | E:\01.userData\ZhuoMian\Github_Releases_批量下载 xray\Xray-core\v1.8.1\Xray-linux-ppc64le.zip        | LOCAL=e69d3fd41bdd545d5ecdf5a2c09da3056d004c231e9340f4d8c7412af8a6a445 REMOTE=LOST
[1151/3625] Checking is LOST | E:\01.userData\ZhuoMian\Github_Releases_批量下载 xray\Xray-core\v1.8.1\Xray-linux-riscv64.zip        | LOCAL=082327e19c0c823e49fb064a017041b9a442c20aa48cd5506cde43439ac5efec REMOTE=LOST
[1152/3625] Checking is LOST | E:\01.userData\ZhuoMian\Github_Releases_批量下载 xray\Xray-core\v1.8.1\Xray-linux-s390x.zip          | LOCAL=d73826956995951aadc9aaf604f3f6faa72e3393c604e8c171b18d2f4d72404e REMOTE=LOST
[1153/3625] Checking is LOST | E:\01.userData\ZhuoMian\Github_Releases_批量下载 xray\Xray-core\v1.8.1\Xray-macos-64.zip             | LOCAL=03144e3e92c8740107830cd274eb8b4873bfd65447ea53a1063eac9565f09025 REMOTE=LOST
[1154/3625] Checking is LOST | E:\01.userData\ZhuoMian\Github_Releases_批量下载 xray\Xray-core\v1.8.1\Xray-macos-arm64-v8a.zip      | LOCAL=27878e5264c4f468541e137bb037a9dd55fc7e05b184b529622a5c49757207e9 REMOTE=LOST
[1155/3625] Checking is LOST | E:\01.userData\ZhuoMian\Github_Releases_批量下载 xray\Xray-core\v1.8.1\Xray-openbsd-32.zip           | LOCAL=8fde6dac31e0123b361841234a965419ecef7cd6db13b70829ae434fe7bb8d5f REMOTE=LOST
[1156/3625] Checking is LOST | E:\01.userData\ZhuoMian\Github_Releases_批量下载 xray\Xray-core\v1.8.1\Xray-openbsd-64.zip           | LOCAL=a32aec48a03aa94fc34e53d25289f9878a99b1fe5d3d237ce162e91ed157ff47 REMOTE=LOST
[1157/3625] Checking is LOST | E:\01.userData\ZhuoMian\Github_Releases_批量下载 xray\Xray-core\v1.8.1\Xray-openbsd-arm32-v7a.zip    | LOCAL=3613b7fa486198925be34596fbd619e821cef99f3c28bd43d79db426784225f8 REMOTE=LOST
[1158/3625] Checking is LOST | E:\01.userData\ZhuoMian\Github_Releases_批量下载 xray\Xray-core\v1.8.1\Xray-openbsd-arm64-v8a.zip    | LOCAL=f0fa56ee1bc68a1e6f02f44a78cc13d449285242a0a9bc6c6ec45ce343a14c93 REMOTE=LOST
[1159/3625] Checking is LOST | E:\01.userData\ZhuoMian\Github_Releases_批量下载 xray\Xray-core\v1.8.1\Xray-windows-32.zip           | LOCAL=1cb5e05755423f28774d439b8f5afd2f3398cce3d5da1dde6dfbee1b19d3e779 REMOTE=LOST
[1160/3625] Checking is LOST | E:\01.userData\ZhuoMian\Github_Releases_批量下载 xray\Xray-core\v1.8.1\Xray-windows-64.zip           | LOCAL=32ba3cdabb37b18b8f79b3f9e22bd9fd240cba45460f816a61bc9b8ce57e383d REMOTE=LOST
[1161/3625] Checking is LOST | E:\01.userData\ZhuoMian\Github_Releases_批量下载 xray\Xray-core\v1.8.1\Xray-windows-arm32-v7a.zip    | LOCAL=8ca165a53faf229da08a216e75c45c4d0e7be9022ec5ffdc5c3ab9af8b3d4e2f REMOTE=LOST
[1162/3625] Checking is LOST | E:\01.userData\ZhuoMian\Github_Releases_批量下载 xray\Xray-core\v1.8.1\Xray-windows-arm64-v8a.zip    | LOCAL=b2a93ea90dcfe3974041a5936f189a8274cb69969c7ed1a09b7c2ae58af98e08 REMOTE=LOST
[1163/3625] Checking is LOST | E:\01.userData\ZhuoMian\Github_Releases_批量下载 xray\Xray-core\v1.8.10\Xray-android-arm64-v8a.zip   | LOCAL=2b974afd179f0bb8ae30d8444e07a3da5bfcc7a01ba123f0de8ed92b94cf86c7 REMOTE=LOST
[1164/3625] Checking is LOST | E:\01.userData\ZhuoMian\Github_Releases_批量下载 xray\Xray-core\v1.8.10\Xray-freebsd-32.zip          | LOCAL=6a69b36f77ab96255381252c54a5e5854ef39f400be96c6dad83e1c5a45e2ff1 REMOTE=LOST
[1165/3625] Checking is LOST | E:\01.userData\ZhuoMian\Github_Releases_批量下载 xray\Xray-core\v1.8.10\Xray-freebsd-64.zip          | LOCAL=c097072d3a1abcbd2138fb90dbe9cce7210b5eed8965cec098d78a8449a98ddf REMOTE=LOST
[1166/3625] Checking is LOST | E:\01.userData\ZhuoMian\Github_Releases_批量下载 xray\Xray-core\v1.8.10\Xray-freebsd-arm32-v7a.zip   | LOCAL=cf318d5753d6657378a42e326bf8c35d4b1df58f32e54d5712b03f23ef4e7e85 REMOTE=LOST
[1167/3625] Checking is LOST | E:\01.userData\ZhuoMian\Github_Releases_批量下载 xray\Xray-core\v1.8.10\Xray-freebsd-arm64-v8a.zip   | LOCAL=50111b376456cf62c12f3e6bc8c9e47ff7b342d275670aa613086c5f990a2869 REMOTE=LOST
[1168/3625] Checking is LOST | E:\01.userData\ZhuoMian\Github_Releases_批量下载 xray\Xray-core\v1.8.10\Xray-linux-32.zip            | LOCAL=7cc749ab4b40b19af90d4fbb999025144b3b556c4201ac32e2c0112d6887b6a3 REMOTE=LOST
[1169/3625] Checking is LOST | E:\01.userData\ZhuoMian\Github_Releases_批量下载 xray\Xray-core\v1.8.10\Xray-linux-64.zip            | LOCAL=bfe015d33b9e3a698c47837fb0b08f0e84fdf442a8efe965ca2381c36f5eef48 REMOTE=LOST
[1170/3625] Checking is LOST | E:\01.userData\ZhuoMian\Github_Releases_批量下载 xray\Xray-core\v1.8.10\Xray-linux-arm32-v5.zip      | LOCAL=5e4a29e74a64e771eeb1ceed47ef354adb4f72bb143a908f76005cd72572a350 REMOTE=LOST
[1171/3625] Checking is LOST | E:\01.userData\ZhuoMian\Github_Releases_批量下载 xray\Xray-core\v1.8.10\Xray-linux-arm32-v6.zip      | LOCAL=3dcc4f617fc8d900b164f5c5746bb29ad84e00b5cdefa97618977db5fd4eb38b REMOTE=LOST
[1172/3625] Checking is LOST | E:\01.userData\ZhuoMian\Github_Releases_批量下载 xray\Xray-core\v1.8.10\Xray-linux-arm32-v7a.zip     | LOCAL=138214876e71a09e635f69ec9947f6ad75444ae379bd8e9243e000ac626a2591 REMOTE=LOST
[1173/3625] Checking is LOST | E:\01.userData\ZhuoMian\Github_Releases_批量下载 xray\Xray-core\v1.8.10\Xray-linux-arm64-v8a.zip     | LOCAL=63c559fe402c405a3dec3db6c85dbc01ec08e5c088ae3ed62cd4bff122b930e4 REMOTE=LOST
[1174/3625] Checking is LOST | E:\01.userData\ZhuoMian\Github_Releases_批量下载 xray\Xray-core\v1.8.10\Xray-linux-loong64.zip       | LOCAL=98af2c5b44b59f27a884775a57d5f5d6e98b5b32720430ded03ba9e6176a2c07 REMOTE=LOST
[1175/3625] Checking is LOST | E:\01.userData\ZhuoMian\Github_Releases_批量下载 xray\Xray-core\v1.8.10\Xray-linux-mips32.zip        | LOCAL=753e15f189af2d1341b05da696aea41fdae5cad7c2229593b903ebacac92477e REMOTE=LOST
[1176/3625] Checking is LOST | E:\01.userData\ZhuoMian\Github_Releases_批量下载 xray\Xray-core\v1.8.10\Xray-linux-mips32le.zip      | LOCAL=981760d0ffb118eb15b76b72c755d0e033e77b2ace978dd8a367f3feb9d007ae REMOTE=LOST
[1177/3625] Checking is LOST | E:\01.userData\ZhuoMian\Github_Releases_批量下载 xray\Xray-core\v1.8.10\Xray-linux-mips64.zip        | LOCAL=6e34a33e4e031c70bea82361d3ed193772a386a350e2cdf3fb80960df0c5782f REMOTE=LOST
[1178/3625] Checking is LOST | E:\01.userData\ZhuoMian\Github_Releases_批量下载 xray\Xray-core\v1.8.10\Xray-linux-mips64le.zip      | LOCAL=3a638d0388d2b5c96932aa5c4da847d118757076d15790ae9a4c21e560d07077 REMOTE=LOST
[1179/3625] Checking is LOST | E:\01.userData\ZhuoMian\Github_Releases_批量下载 xray\Xray-core\v1.8.10\Xray-linux-ppc64.zip         | LOCAL=29c2d9d22884034002097651b6515ad07a82ee469a9c892fc003c37bf8eed103 REMOTE=LOST
[1180/3625] Checking is LOST | E:\01.userData\ZhuoMian\Github_Releases_批量下载 xray\Xray-core\v1.8.10\Xray-linux-ppc64le.zip       | LOCAL=32392486827959379cbb7b97b348aa877a27cccbd3098dbfc0afe4862a1ae88c REMOTE=LOST
[1181/3625] Checking is LOST | E:\01.userData\ZhuoMian\Github_Releases_批量下载 xray\Xray-core\v1.8.10\Xray-linux-riscv64.zip       | LOCAL=db6632efb5d92bee7b9cd652e21a1a338da3335586657dd24051985f0374538b REMOTE=LOST
[1182/3625] Checking is LOST | E:\01.userData\ZhuoMian\Github_Releases_批量下载 xray\Xray-core\v1.8.10\Xray-linux-s390x.zip         | LOCAL=f66702c2bae9883a3f1d3e6ff80b148191164fc9caa4b8ddb39517b80086e485 REMOTE=LOST
[1183/3625] Checking is LOST | E:\01.userData\ZhuoMian\Github_Releases_批量下载 xray\Xray-core\v1.8.10\Xray-macos-64.zip            | LOCAL=dfff29c89706a02c7eec0b30a62883a99243746fa0a91e64a51ec33f5f30bf0a REMOTE=LOST
[1184/3625] Checking is LOST | E:\01.userData\ZhuoMian\Github_Releases_批量下载 xray\Xray-core\v1.8.10\Xray-macos-arm64-v8a.zip     | LOCAL=1945377015f419b9d5eb0ddfe3c09f1984269f5758d2a98da144442c13b9738a REMOTE=LOST
[1185/3625] Checking is LOST | E:\01.userData\ZhuoMian\Github_Releases_批量下载 xray\Xray-core\v1.8.10\Xray-openbsd-32.zip          | LOCAL=5ebfd574ad6edcdbbb18aa6737e714f1565ba9c966f42e8c8e85c9164e4d4f8d REMOTE=LOST
[1186/3625] Checking is LOST | E:\01.userData\ZhuoMian\Github_Releases_批量下载 xray\Xray-core\v1.8.10\Xray-openbsd-64.zip          | LOCAL=23d6171082173e352c906c864c5fca75e22359f4ef19f8203c989ee286f546c0 REMOTE=LOST
[1187/3625] Checking is LOST | E:\01.userData\ZhuoMian\Github_Releases_批量下载 xray\Xray-core\v1.8.10\Xray-openbsd-arm32-v7a.zip   | LOCAL=d5e36096da36def1f223ffa69f9a06dec091982c8d741368d631f1f5f768afeb REMOTE=LOST
[1188/3625] Checking is LOST | E:\01.userData\ZhuoMian\Github_Releases_批量下载 xray\Xray-core\v1.8.10\Xray-openbsd-arm64-v8a.zip   | LOCAL=af90ac6fc3b8bc21be24581b33d4176923d75318300414981706f97129652e4a REMOTE=LOST
[1189/3625] Checking is LOST | E:\01.userData\ZhuoMian\Github_Releases_批量下载 xray\Xray-core\v1.8.10\Xray-windows-32.zip          | LOCAL=a42c6ecf4deec0213547f899ff3c873f65794846f91f2b7a5ac783ced28907ca REMOTE=LOST
[1190/3625] Checking is LOST | E:\01.userData\ZhuoMian\Github_Releases_批量下载 xray\Xray-core\v1.8.10\Xray-windows-64.zip          | LOCAL=df5caee620274b5d613a7abc379525d919119b5c04822779e15fe440072a1ebb REMOTE=LOST
[1191/3625] Checking is LOST | E:\01.userData\ZhuoMian\Github_Releases_批量下载 xray\Xray-core\v1.8.10\Xray-windows-arm32-v7a.zip   | LOCAL=99d53d907a165c32548dd3b132bfd85d5e750a692f2d36c0b10ef52367ae7e77 REMOTE=LOST
[1192/3625] Checking is LOST | E:\01.userData\ZhuoMian\Github_Releases_批量下载 xray\Xray-core\v1.8.10\Xray-windows-arm64-v8a.zip   | LOCAL=9f80adaccf9e7c9086f4717a5c81060e109502279671aafa1416751e3dbec94c REMOTE=LOST
[1193/3625] Checking is LOST | E:\01.userData\ZhuoMian\Github_Releases_批量下载 xray\Xray-core\v1.8.11\Xray-android-arm64-v8a.zip   | LOCAL=c7bf752ea9ac54d06a21fc540008deed6c70598f14fb44a0bbe0d26921ee2654 REMOTE=LOST
[1194/3625] Checking is LOST | E:\01.userData\ZhuoMian\Github_Releases_批量下载 xray\Xray-core\v1.8.11\Xray-freebsd-32.zip          | LOCAL=ede5888f0698c2b43ffac6b7f15f81e32c54ffb252cefc3eb10d86d34116b85b REMOTE=LOST
[1195/3625] Checking is LOST | E:\01.userData\ZhuoMian\Github_Releases_批量下载 xray\Xray-core\v1.8.11\Xray-freebsd-64.zip          | LOCAL=6eb97edde8850cebecdd2bd971beedf52a4729a911fe9da32aa4792ec038b7ff REMOTE=LOST
[1196/3625] Checking is LOST | E:\01.userData\ZhuoMian\Github_Releases_批量下载 xray\Xray-core\v1.8.11\Xray-freebsd-arm32-v7a.zip   | LOCAL=1180f5f276b874e6d2d6850a56ea144be03015718653e20873d25f7e84731ae1 REMOTE=LOST
[1197/3625] Checking is LOST | E:\01.userData\ZhuoMian\Github_Releases_批量下载 xray\Xray-core\v1.8.11\Xray-freebsd-arm64-v8a.zip   | LOCAL=e891a208c81bce342a1c3ac80f1301bd5b2998abd0baf3c9387e4eb471875e3c REMOTE=LOST
[1198/3625] Checking is LOST | E:\01.userData\ZhuoMian\Github_Releases_批量下载 xray\Xray-core\v1.8.11\Xray-linux-32.zip            | LOCAL=6dbaefc3907705eb6182eb67f4fc3655907a9e8e3eb5c1f7d5c9ebb0866586b0 REMOTE=LOST
[1199/3625] Checking is LOST | E:\01.userData\ZhuoMian\Github_Releases_批量下载 xray\Xray-core\v1.8.11\Xray-linux-64.zip            | LOCAL=a25c9851cef0ddae4e08a27612792a81c4f816b6f2669ce7aae6eed83e7154ba REMOTE=LOST
[1200/3625] Checking is LOST | E:\01.userData\ZhuoMian\Github_Releases_批量下载 xray\Xray-core\v1.8.11\Xray-linux-arm32-v5.zip      | LOCAL=19a8afd91e3759cc55eb17b879f849ebf686a47336decacc1728aa8c53442319 REMOTE=LOST
[1201/3625] Checking is LOST | E:\01.userData\ZhuoMian\Github_Releases_批量下载 xray\Xray-core\v1.8.11\Xray-linux-arm32-v6.zip      | LOCAL=3d881287f332aeb0434133342816d7600426f405347c27fec3e4328bbd14411b REMOTE=LOST
[1202/3625] Checking is LOST | E:\01.userData\ZhuoMian\Github_Releases_批量下载 xray\Xray-core\v1.8.11\Xray-linux-arm32-v7a.zip     | LOCAL=f1d95af075b40532da43c37dcd6b09803a38408a0a47822bc703c9d9f8b8e038 REMOTE=LOST
[1203/3625] Checking is LOST | E:\01.userData\ZhuoMian\Github_Releases_批量下载 xray\Xray-core\v1.8.11\Xray-linux-arm64-v8a.zip     | LOCAL=0b2c101407b8e73a315d8107b73218f40eb9b933aead75026955d4586fb50c77 REMOTE=LOST
[1204/3625] Checking is LOST | E:\01.userData\ZhuoMian\Github_Releases_批量下载 xray\Xray-core\v1.8.11\Xray-linux-loong64.zip       | LOCAL=1461dc9beefcf3e4b3fe9eb2318bba122234fb2f03f3201875b47ed36233b000 REMOTE=LOST
[1205/3625] Checking is LOST | E:\01.userData\ZhuoMian\Github_Releases_批量下载 xray\Xray-core\v1.8.11\Xray-linux-mips32.zip        | LOCAL=cd832b9e3740f14b2f023d85f1b691c81c7b8baafab40d2d0b9b2a02c92e140d REMOTE=LOST
[1206/3625] Checking is LOST | E:\01.userData\ZhuoMian\Github_Releases_批量下载 xray\Xray-core\v1.8.11\Xray-linux-mips32le.zip      | LOCAL=15cf81845df17ed621147b247547234cbcfc82619dc84a0d9be788139bbff63e REMOTE=LOST
[1207/3625] Checking is LOST | E:\01.userData\ZhuoMian\Github_Releases_批量下载 xray\Xray-core\v1.8.11\Xray-linux-mips64.zip        | LOCAL=4ef5df06dafa8e80ff45f9f56bdc8b7de36b8c5675aef0764e7d3f237239d537 REMOTE=LOST
[1208/3625] Checking is LOST | E:\01.userData\ZhuoMian\Github_Releases_批量下载 xray\Xray-core\v1.8.11\Xray-linux-mips64le.zip      | LOCAL=eaf80d0c66bb8bb1cea0415e1e333ef8d08e45e3a4e40a1823df04fcc6ee1a8a REMOTE=LOST
[1209/3625] Checking is LOST | E:\01.userData\ZhuoMian\Github_Releases_批量下载 xray\Xray-core\v1.8.11\Xray-linux-ppc64.zip         | LOCAL=2474ad964e8b885cc76bbd38170184cfa40d2fa4437712bc96d2145313827357 REMOTE=LOST
[1210/3625] Checking is LOST | E:\01.userData\ZhuoMian\Github_Releases_批量下载 xray\Xray-core\v1.8.11\Xray-linux-ppc64le.zip       | LOCAL=965e9a44c95d73467706ce769af7e7123e282efa0c0b97565b036ed33c3dcc7f REMOTE=LOST
[1211/3625] Checking is LOST | E:\01.userData\ZhuoMian\Github_Releases_批量下载 xray\Xray-core\v1.8.11\Xray-linux-riscv64.zip       | LOCAL=46a126bad75e74cc63251e94f553cccb5c99d2b6e0122eb14fe5292ef282da04 REMOTE=LOST
[1212/3625] Checking is LOST | E:\01.userData\ZhuoMian\Github_Releases_批量下载 xray\Xray-core\v1.8.11\Xray-linux-s390x.zip         | LOCAL=85068d217fc15d014130cfd81203dde315e5f5c7af0ad6b82ef589244ceacf5f REMOTE=LOST
[1213/3625] Checking is LOST | E:\01.userData\ZhuoMian\Github_Releases_批量下载 xray\Xray-core\v1.8.11\Xray-macos-64.zip            | LOCAL=c2fdbdac8454b660155dfb4b3fe822c296ca00c2c8e1e5b816f3d84c353ce2da REMOTE=LOST
[1214/3625] Checking is LOST | E:\01.userData\ZhuoMian\Github_Releases_批量下载 xray\Xray-core\v1.8.11\Xray-macos-arm64-v8a.zip     | LOCAL=30d94f952d3c153e5bc43b8048dbf04621969fd6c7d1660039361cf89af3fe42 REMOTE=LOST
[1215/3625] Checking is LOST | E:\01.userData\ZhuoMian\Github_Releases_批量下载 xray\Xray-core\v1.8.11\Xray-openbsd-32.zip          | LOCAL=f8cc6eff8c9a80903e3243cbe0e398f2c84d71eb81aa3517b7aad02f74fc8325 REMOTE=LOST
[1216/3625] Checking is LOST | E:\01.userData\ZhuoMian\Github_Releases_批量下载 xray\Xray-core\v1.8.11\Xray-openbsd-64.zip          | LOCAL=59830e2862f612801c275262bbc60dafc707464bd650cd0345d2b72bac06f4f0 REMOTE=LOST
[1217/3625] Checking is LOST | E:\01.userData\ZhuoMian\Github_Releases_批量下载 xray\Xray-core\v1.8.11\Xray-openbsd-arm32-v7a.zip   | LOCAL=19e8c4332d97d0f4e1622409b20e6762c7b59488fab89420fa048c495939304d REMOTE=LOST
[1218/3625] Checking is LOST | E:\01.userData\ZhuoMian\Github_Releases_批量下载 xray\Xray-core\v1.8.11\Xray-openbsd-arm64-v8a.zip   | LOCAL=46709232a2bd603d118cc6c4c37f90f16b948c497fb7ec2be47d727cb13041a0 REMOTE=LOST
[1219/3625] Checking is LOST | E:\01.userData\ZhuoMian\Github_Releases_批量下载 xray\Xray-core\v1.8.11\Xray-windows-32.zip          | LOCAL=04d0f0172f8e18ad5c73c1e461c4662719cf7b1c9454cf4638e31d534a743a64 REMOTE=LOST
[1220/3625] Checking is LOST | E:\01.userData\ZhuoMian\Github_Releases_批量下载 xray\Xray-core\v1.8.11\Xray-windows-64.zip          | LOCAL=4a6db6c9d08f1c66a8d269de7d279957e70a7a2ed18c063e91996ee3e7606e5b REMOTE=LOST
[1221/3625] Checking is LOST | E:\01.userData\ZhuoMian\Github_Releases_批量下载 xray\Xray-core\v1.8.11\Xray-windows-arm32-v7a.zip   | LOCAL=ede4ba30be47420ac02a5bd69fbf125f41043f0ce31f2f74c4e02c66232ca19d REMOTE=LOST
[1222/3625] Checking is LOST | E:\01.userData\ZhuoMian\Github_Releases_批量下载 xray\Xray-core\v1.8.11\Xray-windows-arm64-v8a.zip   | LOCAL=294c5edeab92b3f3b86bcd7aa247707716ac636fde22778444a798cb06ee254f REMOTE=LOST
[1223/3625] Checking is LOST | E:\01.userData\ZhuoMian\Github_Releases_批量下载 xray\Xray-core\v1.8.12\Xray-android-arm64-v8a.zip   | LOCAL=12ed6ee0586bf8ab1d533746788059f55d82f04524cc0a1061a7796d855750a3 REMOTE=LOST
[1224/3625] Checking is LOST | E:\01.userData\ZhuoMian\Github_Releases_批量下载 xray\Xray-core\v1.8.12\Xray-freebsd-32.zip          | LOCAL=98b6146519b11853a6253f73a52597e0257a8347309a4d82d4ee4fa64e00d7ec REMOTE=LOST
[1225/3625] Checking is LOST | E:\01.userData\ZhuoMian\Github_Releases_批量下载 xray\Xray-core\v1.8.12\Xray-freebsd-64.zip          | LOCAL=f54f3e08733d259d6f1e51ddd6163c7410c5cb210b83efd12b40c3a6ba61f7f1 REMOTE=LOST
[1226/3625] Checking is LOST | E:\01.userData\ZhuoMian\Github_Releases_批量下载 xray\Xray-core\v1.8.12\Xray-freebsd-arm32-v7a.zip   | LOCAL=233871f28bc57640e43b996fb1576be7de9b99dd5edd8136a4f02c0da243d4aa REMOTE=LOST
[1227/3625] Checking is LOST | E:\01.userData\ZhuoMian\Github_Releases_批量下载 xray\Xray-core\v1.8.12\Xray-freebsd-arm64-v8a.zip   | LOCAL=48815874dc73c7a479c7dce249a33b1942553913d1ab2e2723fcfa71a117d5cb REMOTE=LOST
[1228/3625] Checking is LOST | E:\01.userData\ZhuoMian\Github_Releases_批量下载 xray\Xray-core\v1.8.12\Xray-linux-32.zip            | LOCAL=2a86a60fa80a5cf38626dd86c4e0706c55378b10b5e3cd64f3cc191ac480adbf REMOTE=LOST
[1229/3625] Checking is LOST | E:\01.userData\ZhuoMian\Github_Releases_批量下载 xray\Xray-core\v1.8.12\Xray-linux-64.zip            | LOCAL=2b3ec04bb41e71fd9b1c6c161bc295c4907b09451fdd32fe557ad885aec244f6 REMOTE=LOST
[1230/3625] Checking is LOST | E:\01.userData\ZhuoMian\Github_Releases_批量下载 xray\Xray-core\v1.8.12\Xray-linux-arm32-v5.zip      | LOCAL=97bb19a4862a198239433845779a0dde65fd92f71064992a3bc3e34d628d45df REMOTE=LOST
[1231/3625] Checking is LOST | E:\01.userData\ZhuoMian\Github_Releases_批量下载 xray\Xray-core\v1.8.12\Xray-linux-arm32-v6.zip      | LOCAL=282fec787126c73f53d867d6d87c390a74e1e9ce9a632456ac6cbfa6cca47169 REMOTE=LOST
[1232/3625] Checking is LOST | E:\01.userData\ZhuoMian\Github_Releases_批量下载 xray\Xray-core\v1.8.12\Xray-linux-arm32-v7a.zip     | LOCAL=6a0245b2912bd2c7bd3119b8fa491c82be06879309267f600d6a2537c2588629 REMOTE=LOST
[1233/3625] Checking is LOST | E:\01.userData\ZhuoMian\Github_Releases_批量下载 xray\Xray-core\v1.8.12\Xray-linux-arm64-v8a.zip     | LOCAL=505a90dd422c6480bd41d5cac26f9263435d0df6b48be4a6ab485a1d7f012883 REMOTE=LOST
[1234/3625] Checking is LOST | E:\01.userData\ZhuoMian\Github_Releases_批量下载 xray\Xray-core\v1.8.12\Xray-linux-loong64.zip       | LOCAL=6143a30566a39b72f7f56281578352c0bdbc9ad3c0694c05c630684fcb203079 REMOTE=LOST
[1235/3625] Checking is LOST | E:\01.userData\ZhuoMian\Github_Releases_批量下载 xray\Xray-core\v1.8.12\Xray-linux-mips32.zip        | LOCAL=14c9ae203f77bb22a1744145de99821f0c71254bc14973e44e447b1696b73678 REMOTE=LOST
[1236/3625] Checking is LOST | E:\01.userData\ZhuoMian\Github_Releases_批量下载 xray\Xray-core\v1.8.12\Xray-linux-mips32le.zip      | LOCAL=035aef8960b6efd4f44fec8e6b53da8b9774bd0e4a1e7c4c0992392fa5a1a929 REMOTE=LOST
[1237/3625] Checking is LOST | E:\01.userData\ZhuoMian\Github_Releases_批量下载 xray\Xray-core\v1.8.12\Xray-linux-mips64.zip        | LOCAL=f184b246d674530de5b2c2e219040be53eecb69b22e9cf53b0d56b731757b9a8 REMOTE=LOST
[1238/3625] Checking is LOST | E:\01.userData\ZhuoMian\Github_Releases_批量下载 xray\Xray-core\v1.8.12\Xray-linux-mips64le.zip      | LOCAL=5e7887b9106e993e39ea3d2bc741ea77b673b8d79dae5d6508b5dc20a0beafd1 REMOTE=LOST
[1239/3625] Checking is LOST | E:\01.userData\ZhuoMian\Github_Releases_批量下载 xray\Xray-core\v1.8.12\Xray-linux-ppc64.zip         | LOCAL=5f226af8ee7a4637e9ce7e44d090fd1e9b97cc77e5e314cc9918d79e0bfb1798 REMOTE=LOST
[1240/3625] Checking is LOST | E:\01.userData\ZhuoMian\Github_Releases_批量下载 xray\Xray-core\v1.8.12\Xray-linux-ppc64le.zip       | LOCAL=768553f872bef1d7afaf098fc6cb0fb754cdd44f5bbf25ca78e193a1f298ca33 REMOTE=LOST
[1241/3625] Checking is LOST | E:\01.userData\ZhuoMian\Github_Releases_批量下载 xray\Xray-core\v1.8.12\Xray-linux-riscv64.zip       | LOCAL=901ee0c4a65b05c711b7da2caf7f73ad0eede9aeb6e356a6e2b5ea13321ad067 REMOTE=LOST
[1242/3625] Checking is LOST | E:\01.userData\ZhuoMian\Github_Releases_批量下载 xray\Xray-core\v1.8.12\Xray-linux-s390x.zip         | LOCAL=0402d4921fd3533271a4a27ba2657f254334e4590841521f6dd17ff736ba342a REMOTE=LOST
[1243/3625] Checking is LOST | E:\01.userData\ZhuoMian\Github_Releases_批量下载 xray\Xray-core\v1.8.12\Xray-macos-64.zip            | LOCAL=ccbc26a682c4784936c3162f9af3582919ec78c740638c70f2ac233da02a6d84 REMOTE=LOST
[1244/3625] Checking is LOST | E:\01.userData\ZhuoMian\Github_Releases_批量下载 xray\Xray-core\v1.8.12\Xray-macos-arm64-v8a.zip     | LOCAL=bb438e8902167daf2cdc900f26d7786c08763e7f51fc40c87148d496c16660f6 REMOTE=LOST
[1245/3625] Checking is LOST | E:\01.userData\ZhuoMian\Github_Releases_批量下载 xray\Xray-core\v1.8.12\Xray-openbsd-32.zip          | LOCAL=e1f1702bf6ef56963230613a372369b1a3f3381b8500b2cc1d72b821b3dba0d2 REMOTE=LOST
[1246/3625] Checking is LOST | E:\01.userData\ZhuoMian\Github_Releases_批量下载 xray\Xray-core\v1.8.12\Xray-openbsd-64.zip          | LOCAL=1ee99675bafa9850b7e9f9f94bf1ffc95e8021a56e537b95fdf3902966845e2c REMOTE=LOST
[1247/3625] Checking is LOST | E:\01.userData\ZhuoMian\Github_Releases_批量下载 xray\Xray-core\v1.8.12\Xray-openbsd-arm32-v7a.zip   | LOCAL=ff932d65ff22b34c26d7092d192716e3bfb30dda97269ea763bb59b8230fa253 REMOTE=LOST
[1248/3625] Checking is LOST | E:\01.userData\ZhuoMian\Github_Releases_批量下载 xray\Xray-core\v1.8.12\Xray-openbsd-arm64-v8a.zip   | LOCAL=89584651774cbc246af0ebe686cfcfa57f47758ebcc4fcdb07e9d09f300fbc53 REMOTE=LOST
[1249/3625] Checking is LOST | E:\01.userData\ZhuoMian\Github_Releases_批量下载 xray\Xray-core\v1.8.12\Xray-windows-32.zip          | LOCAL=d16fa656fcee6cea5ed495ed9e1a8ccaeb594216ad419155a1df2f83138ed9e7 REMOTE=LOST
[1250/3625] Checking is LOST | E:\01.userData\ZhuoMian\Github_Releases_批量下载 xray\Xray-core\v1.8.12\Xray-windows-64.zip          | LOCAL=fc25a641cc44eaa88ab91ae076553004fe097833b896adbe74d9c58495534287 REMOTE=LOST
[1251/3625] Checking is LOST | E:\01.userData\ZhuoMian\Github_Releases_批量下载 xray\Xray-core\v1.8.12\Xray-windows-arm32-v7a.zip   | LOCAL=78b65b04c3e48a18eb361cd73b76c2c32020418c29480e5b2694eb88c3662b58 REMOTE=LOST
[1252/3625] Checking is LOST | E:\01.userData\ZhuoMian\Github_Releases_批量下载 xray\Xray-core\v1.8.12\Xray-windows-arm64-v8a.zip   | LOCAL=a88b736d160d9e3c2e97bca9c0e26bd259a16858e3f18a45a74b47a2a5839dc1 REMOTE=LOST
[1253/3625] Checking is LOST | E:\01.userData\ZhuoMian\Github_Releases_批量下载 xray\Xray-core\v1.8.13\Xray-android-arm64-v8a.zip   | LOCAL=411e9771786313768449dba3e5a2fa44a402a2b1ea69bc854d470afcd3f9f085 REMOTE=LOST
[1254/3625] Checking is LOST | E:\01.userData\ZhuoMian\Github_Releases_批量下载 xray\Xray-core\v1.8.13\Xray-freebsd-32.zip          | LOCAL=9dd5bdc1ad7fea09220d8a7e2855914bb1f9a793b40911d593959d9b939e1ccf REMOTE=LOST
[1255/3625] Checking is LOST | E:\01.userData\ZhuoMian\Github_Releases_批量下载 xray\Xray-core\v1.8.13\Xray-freebsd-64.zip          | LOCAL=fd9c2e3bf269e470106c0561b5ca301061d8e99d313d7528832130cbae42d526 REMOTE=LOST
[1256/3625] Checking is LOST | E:\01.userData\ZhuoMian\Github_Releases_批量下载 xray\Xray-core\v1.8.13\Xray-freebsd-arm32-v7a.zip   | LOCAL=55f92c2690f92e5b84a41e210495d4239834c6726d134c975c3a83a4cc4e6851 REMOTE=LOST
[1257/3625] Checking is LOST | E:\01.userData\ZhuoMian\Github_Releases_批量下载 xray\Xray-core\v1.8.13\Xray-freebsd-arm64-v8a.zip   | LOCAL=673547260ce681eed46abdcd27208be87c9ca47be47b572772935f8009ef0b76 REMOTE=LOST
[1258/3625] Checking is LOST | E:\01.userData\ZhuoMian\Github_Releases_批量下载 xray\Xray-core\v1.8.13\Xray-linux-32.zip            | LOCAL=aca19622db1aa5ce1c8761e0571695f2cdad69d1858905a4dfb6178cf842297d REMOTE=LOST
[1259/3625] Checking is LOST | E:\01.userData\ZhuoMian\Github_Releases_批量下载 xray\Xray-core\v1.8.13\Xray-linux-64.zip            | LOCAL=2e4514670c001380992cc8de351fd9c7c73c8040f4b789c0108645a7ce0ab0e6 REMOTE=LOST
[1260/3625] Checking is LOST | E:\01.userData\ZhuoMian\Github_Releases_批量下载 xray\Xray-core\v1.8.13\Xray-linux-arm32-v5.zip      | LOCAL=d38f2f2928f29fc74f11b0d72f1d24c52f2769a8e76a28a8598bc384b2cb2db8 REMOTE=LOST
[1261/3625] Checking is LOST | E:\01.userData\ZhuoMian\Github_Releases_批量下载 xray\Xray-core\v1.8.13\Xray-linux-arm32-v6.zip      | LOCAL=db552804cf754b66c982830251f8da38c9f3d7cc539f1fb02191eb11e8434edd REMOTE=LOST
[1262/3625] Checking is LOST | E:\01.userData\ZhuoMian\Github_Releases_批量下载 xray\Xray-core\v1.8.13\Xray-linux-arm32-v7a.zip     | LOCAL=7ddd3c94bd5435ce2a75072371a4d696c8a710e865a2ad68c0abf17b3ce5383f REMOTE=LOST
[1263/3625] Checking is LOST | E:\01.userData\ZhuoMian\Github_Releases_批量下载 xray\Xray-core\v1.8.13\Xray-linux-arm64-v8a.zip     | LOCAL=9249fe318fb6cc72d091abd773177e2e2c602be1828339d6b4e9183d2fc8ec49 REMOTE=LOST
[1264/3625] Checking is LOST | E:\01.userData\ZhuoMian\Github_Releases_批量下载 xray\Xray-core\v1.8.13\Xray-linux-loong64.zip       | LOCAL=580ca162039712babf8742aa264150fc8ef0988b2737d94d928448fdd70931c4 REMOTE=LOST
[1265/3625] Checking is LOST | E:\01.userData\ZhuoMian\Github_Releases_批量下载 xray\Xray-core\v1.8.13\Xray-linux-mips32.zip        | LOCAL=31acf9a340ed006fa7bbff8d635d78e91add162e194d8d769276cf4e374585f7 REMOTE=LOST
[1266/3625] Checking is LOST | E:\01.userData\ZhuoMian\Github_Releases_批量下载 xray\Xray-core\v1.8.13\Xray-linux-mips32le.zip      | LOCAL=af4bf0045957c0ccc39c42734a1fdd709a980778d249dcfc8a57a6ca98b92ba4 REMOTE=LOST
[1267/3625] Checking is LOST | E:\01.userData\ZhuoMian\Github_Releases_批量下载 xray\Xray-core\v1.8.13\Xray-linux-mips64.zip        | LOCAL=289091fe2650ff8a184863ea0ca4672cd3ef4a786c5d1791b3dd222c1cd4fc6e REMOTE=LOST
[1268/3625] Checking is LOST | E:\01.userData\ZhuoMian\Github_Releases_批量下载 xray\Xray-core\v1.8.13\Xray-linux-mips64le.zip      | LOCAL=06c4d58d22ca5b619a6fe34125bee29a3b0c726af64a406440f3db7448924f8a REMOTE=LOST
[1269/3625] Checking is LOST | E:\01.userData\ZhuoMian\Github_Releases_批量下载 xray\Xray-core\v1.8.13\Xray-linux-ppc64.zip         | LOCAL=1fe8202101a6bfe0a9feb07a7bdf6a9b4173a5613efefb46154686036d718bc4 REMOTE=LOST
[1270/3625] Checking is LOST | E:\01.userData\ZhuoMian\Github_Releases_批量下载 xray\Xray-core\v1.8.13\Xray-linux-ppc64le.zip       | LOCAL=decb57f5ba1fa9677bb927428faa35929c17bf0fe82536e8460275e540e55f55 REMOTE=LOST
[1271/3625] Checking is LOST | E:\01.userData\ZhuoMian\Github_Releases_批量下载 xray\Xray-core\v1.8.13\Xray-linux-riscv64.zip       | LOCAL=44290e68bed1aaf64eb5c8db10dead7edc05552d5fb59d40af88c6a3f1abb8c4 REMOTE=LOST
[1272/3625] Checking is LOST | E:\01.userData\ZhuoMian\Github_Releases_批量下载 xray\Xray-core\v1.8.13\Xray-linux-s390x.zip         | LOCAL=d3769ca5165dafd3902813a801fad81198a2eae8bd06ded607d681d735d38fe5 REMOTE=LOST
[1273/3625] Checking is LOST | E:\01.userData\ZhuoMian\Github_Releases_批量下载 xray\Xray-core\v1.8.13\Xray-macos-64.zip            | LOCAL=fb3e6bba2f9e33d24dbf67fd1f792f73e6ba20e1ac1ebb915a938b64c9bd1053 REMOTE=LOST
[1274/3625] Checking is LOST | E:\01.userData\ZhuoMian\Github_Releases_批量下载 xray\Xray-core\v1.8.13\Xray-macos-arm64-v8a.zip     | LOCAL=4aabf0833439876a7836cefd76f5dd6c148648380b8164df3730d3cfe2fc5ba9 REMOTE=LOST
[1275/3625] Checking is LOST | E:\01.userData\ZhuoMian\Github_Releases_批量下载 xray\Xray-core\v1.8.13\Xray-openbsd-32.zip          | LOCAL=59d621618dec589885e4da41f05ac1306228665086bbdf343d84c357fb8f711d REMOTE=LOST
[1276/3625] Checking is LOST | E:\01.userData\ZhuoMian\Github_Releases_批量下载 xray\Xray-core\v1.8.13\Xray-openbsd-64.zip          | LOCAL=56c184abbbebdeac867fac06f78d7046ec4a771d678fd00c6933a5c79005e5a4 REMOTE=LOST
[1277/3625] Checking is LOST | E:\01.userData\ZhuoMian\Github_Releases_批量下载 xray\Xray-core\v1.8.13\Xray-openbsd-arm32-v7a.zip   | LOCAL=f55959644e3fe7857fb448e1df63e6e7985360f51067a9a4fe0e064deb77f258 REMOTE=LOST
[1278/3625] Checking is LOST | E:\01.userData\ZhuoMian\Github_Releases_批量下载 xray\Xray-core\v1.8.13\Xray-openbsd-arm64-v8a.zip   | LOCAL=1a2ef5ce62344634941a86b8b06f81c4e0b62272e9870b51247624033a7e016e REMOTE=LOST
[1279/3625] Checking is LOST | E:\01.userData\ZhuoMian\Github_Releases_批量下载 xray\Xray-core\v1.8.13\Xray-windows-32.zip          | LOCAL=d93f980f39c4a0697a64971abfe83b96b6690af433cd11cf871c245d12802b94 REMOTE=LOST
[1280/3625] Checking is LOST | E:\01.userData\ZhuoMian\Github_Releases_批量下载 xray\Xray-core\v1.8.13\Xray-windows-64.zip          | LOCAL=2dabb99d5face1b805eb2788fbb085576f57cd8670a63be3d0e7776e3868a502 REMOTE=LOST
[1281/3625] Checking is LOST | E:\01.userData\ZhuoMian\Github_Releases_批量下载 xray\Xray-core\v1.8.13\Xray-windows-arm32-v7a.zip   | LOCAL=b313ca6d2c6ef8ef7cf3dd8d699c9206ea9516aa782b1cd3a54d291bfdf793a3 REMOTE=LOST
[1282/3625] Checking is LOST | E:\01.userData\ZhuoMian\Github_Releases_批量下载 xray\Xray-core\v1.8.13\Xray-windows-arm64-v8a.zip   | LOCAL=0bc6762e5f8ead945487fb964a4f27d05e3dd0681c2eb5e1bf0fb04a4ce98404 REMOTE=LOST
[1283/3625] Checking is LOST | E:\01.userData\ZhuoMian\Github_Releases_批量下载 xray\Xray-core\v1.8.15\Xray-android-arm64-v8a.zip   | LOCAL=bc6abe4e3e5d0d39616a116a7e17613e40f86bdd1ef9e3533b8e86193c0cb667 REMOTE=LOST
[1284/3625] Checking is LOST | E:\01.userData\ZhuoMian\Github_Releases_批量下载 xray\Xray-core\v1.8.15\Xray-freebsd-32.zip          | LOCAL=4d4c9185172c33f0c49ea38ad1873a29629baf58771b94e8ab876fc73547d8c9 REMOTE=LOST
[1285/3625] Checking is LOST | E:\01.userData\ZhuoMian\Github_Releases_批量下载 xray\Xray-core\v1.8.15\Xray-freebsd-64.zip          | LOCAL=f49971f39e82932e8e3ff260a6979554f65314fbe8e7805b46f2249d2fd4ae86 REMOTE=LOST
[1286/3625] Checking is LOST | E:\01.userData\ZhuoMian\Github_Releases_批量下载 xray\Xray-core\v1.8.15\Xray-freebsd-arm32-v7a.zip   | LOCAL=2e18d35383194abfee4ece3cd62eae292232b067b56cf3e4ffbd08c9779fc385 REMOTE=LOST
[1287/3625] Checking is LOST | E:\01.userData\ZhuoMian\Github_Releases_批量下载 xray\Xray-core\v1.8.15\Xray-freebsd-arm64-v8a.zip   | LOCAL=8de5301bb7d636f894c91bd9013a5d4a85378be070ee6b258c36e4ffb74712f0 REMOTE=LOST
[1288/3625] Checking is LOST | E:\01.userData\ZhuoMian\Github_Releases_批量下载 xray\Xray-core\v1.8.15\Xray-linux-32.zip            | LOCAL=62515b59ec932bed310794339b249c6137deb3a184843efc20e1343a1635c4ec REMOTE=LOST
[1289/3625] Checking is LOST | E:\01.userData\ZhuoMian\Github_Releases_批量下载 xray\Xray-core\v1.8.15\Xray-linux-64.zip            | LOCAL=df66ac3f1c58a4c3b2c0de737bb1594138d6a9c35b69e8ad7d36bc433c160b4d REMOTE=LOST
[1290/3625] Checking is LOST | E:\01.userData\ZhuoMian\Github_Releases_批量下载 xray\Xray-core\v1.8.15\Xray-linux-arm32-v5.zip      | LOCAL=dbb66aa9afee261ba4228588e94845bbf84e736d0f8a04862fc7fa7dbc395752 REMOTE=LOST
[1291/3625] Checking is LOST | E:\01.userData\ZhuoMian\Github_Releases_批量下载 xray\Xray-core\v1.8.15\Xray-linux-arm32-v6.zip      | LOCAL=b9e8e77e4b1c12e646950b4920cc11e0280f96fa66f622f0756fca720346357b REMOTE=LOST
[1292/3625] Checking is LOST | E:\01.userData\ZhuoMian\Github_Releases_批量下载 xray\Xray-core\v1.8.15\Xray-linux-arm32-v7a.zip     | LOCAL=f7519bc6afe6095954eaae7127a9f764c31ea66df020b85ed2b364ecb80ce2e5 REMOTE=LOST
[1293/3625] Checking is LOST | E:\01.userData\ZhuoMian\Github_Releases_批量下载 xray\Xray-core\v1.8.15\Xray-linux-arm64-v8a.zip     | LOCAL=27885e3841f05d9624fb6bf529d4407c94bdbe9b4d91a36fcb7a48c77b0ab943 REMOTE=LOST
[1294/3625] Checking is LOST | E:\01.userData\ZhuoMian\Github_Releases_批量下载 xray\Xray-core\v1.8.15\Xray-linux-loong64.zip       | LOCAL=51671dbf84087cebc48c364db0ef15556450285e67a6f6e3adee8ba32db9e44d REMOTE=LOST
[1295/3625] Checking is LOST | E:\01.userData\ZhuoMian\Github_Releases_批量下载 xray\Xray-core\v1.8.15\Xray-linux-mips32.zip        | LOCAL=96fec6a6f6d4a94aa183dd977ad9cf04d583289ca05df0e1ec35d8da2e335af8 REMOTE=LOST
[1296/3625] Checking is LOST | E:\01.userData\ZhuoMian\Github_Releases_批量下载 xray\Xray-core\v1.8.15\Xray-linux-mips32le.zip      | LOCAL=989ff2390dd0719fe7b4f1904d1cbe43f1489f99b7565c3834028430e981d3ca REMOTE=LOST
[1297/3625] Checking is LOST | E:\01.userData\ZhuoMian\Github_Releases_批量下载 xray\Xray-core\v1.8.15\Xray-linux-mips64.zip        | LOCAL=38c197f3c3deb115b0c26fa916f50117589ac44e002c54b3fa2daa4f6ff86edf REMOTE=LOST
[1298/3625] Checking is LOST | E:\01.userData\ZhuoMian\Github_Releases_批量下载 xray\Xray-core\v1.8.15\Xray-linux-mips64le.zip      | LOCAL=0d3a1b834e6af1c096aa8c1ceebd6a7ae047c6a362db9156c083559351a6cee1 REMOTE=LOST
[1299/3625] Checking is LOST | E:\01.userData\ZhuoMian\Github_Releases_批量下载 xray\Xray-core\v1.8.15\Xray-linux-ppc64.zip         | LOCAL=89c6dcea6beef91bee8314701a399f99d11e15dc8378c9ce3e6a9483bb98b4a1 REMOTE=LOST
[1300/3625] Checking is LOST | E:\01.userData\ZhuoMian\Github_Releases_批量下载 xray\Xray-core\v1.8.15\Xray-linux-ppc64le.zip       | LOCAL=f3ca679b4514a40d462e7ea88d0b4820496aa833e0032de163a547243a36b1e2 REMOTE=LOST
[1301/3625] Checking is LOST | E:\01.userData\ZhuoMian\Github_Releases_批量下载 xray\Xray-core\v1.8.15\Xray-linux-riscv64.zip       | LOCAL=b336c6c087617ee1b6d65639e2607786d81f3f24090b2287c41f18fc777b4bc5 REMOTE=LOST
[1302/3625] Checking is LOST | E:\01.userData\ZhuoMian\Github_Releases_批量下载 xray\Xray-core\v1.8.15\Xray-linux-s390x.zip         | LOCAL=496d1307fee79012803866cace97a15f230e95325312bebb1060ecb7752699a0 REMOTE=LOST
[1303/3625] Checking is LOST | E:\01.userData\ZhuoMian\Github_Releases_批量下载 xray\Xray-core\v1.8.15\Xray-macos-64.zip            | LOCAL=c556d031ee4a196254c26a1dc91ff215c2d6d9a9e17aacfd1e798cafdd6937fa REMOTE=LOST
[1304/3625] Checking is LOST | E:\01.userData\ZhuoMian\Github_Releases_批量下载 xray\Xray-core\v1.8.15\Xray-macos-arm64-v8a.zip     | LOCAL=64ba279271581ace29d572effc1713536dab9e1883407360e5bb9ca6e87fbddc REMOTE=LOST
[1305/3625] Checking is LOST | E:\01.userData\ZhuoMian\Github_Releases_批量下载 xray\Xray-core\v1.8.15\Xray-openbsd-32.zip          | LOCAL=20019b16f5a22521b0dd9d5adcfd060c54e2434baf2d0e6f9702f4f20e85aaff REMOTE=LOST
[1306/3625] Checking is LOST | E:\01.userData\ZhuoMian\Github_Releases_批量下载 xray\Xray-core\v1.8.15\Xray-openbsd-64.zip          | LOCAL=1ec3b3f0d525cf54132881fe94a4ef3c665ef845a5a8bf26af5675ab0c963430 REMOTE=LOST
[1307/3625] Checking is LOST | E:\01.userData\ZhuoMian\Github_Releases_批量下载 xray\Xray-core\v1.8.15\Xray-openbsd-arm32-v7a.zip   | LOCAL=2fc58c6c3c297401aa3366de7f1539149f670457ec5c32decc45bdf774190ff0 REMOTE=LOST
[1308/3625] Checking is LOST | E:\01.userData\ZhuoMian\Github_Releases_批量下载 xray\Xray-core\v1.8.15\Xray-openbsd-arm64-v8a.zip   | LOCAL=06af62de5552a547e431c2dac623e50797ee8346a191722116a7617e225f1eba REMOTE=LOST
[1309/3625] Checking is LOST | E:\01.userData\ZhuoMian\Github_Releases_批量下载 xray\Xray-core\v1.8.15\Xray-windows-32.zip          | LOCAL=9fce3d9fd9b86880602366dcfb654e797c9902d82a5671556c877ac733dd33d0 REMOTE=LOST
[1310/3625] Checking is LOST | E:\01.userData\ZhuoMian\Github_Releases_批量下载 xray\Xray-core\v1.8.15\Xray-windows-64.zip          | LOCAL=6125028b0577a33ace1a5c00235e362be107c0a88dcf445346f134db6f40f1c9 REMOTE=LOST
[1311/3625] Checking is LOST | E:\01.userData\ZhuoMian\Github_Releases_批量下载 xray\Xray-core\v1.8.15\Xray-windows-arm32-v7a.zip   | LOCAL=fae7edcc355cadb3a10ecfea56f3bfba63395f1aab940ea5c2a0530afd746b90 REMOTE=LOST
[1312/3625] Checking is LOST | E:\01.userData\ZhuoMian\Github_Releases_批量下载 xray\Xray-core\v1.8.15\Xray-windows-arm64-v8a.zip   | LOCAL=910345ead460c0d01cfe07ca2a29c218fff318db892908efc2a829f53a162c89 REMOTE=LOST
[1313/3625] Checking is LOST | E:\01.userData\ZhuoMian\Github_Releases_批量下载 xray\Xray-core\v1.8.16\Xray-android-arm64-v8a.zip   | LOCAL=1ca546edc9acccec8c0bf2d44f7405477731bd84a939050bac016aa4a890eafc REMOTE=LOST
[1314/3625] Checking is LOST | E:\01.userData\ZhuoMian\Github_Releases_批量下载 xray\Xray-core\v1.8.16\Xray-freebsd-32.zip          | LOCAL=6e6d434bd8555d79e8949a6dcd62da5cc1289ad10776c8d5c5a3228088137559 REMOTE=LOST
[1315/3625] Checking is LOST | E:\01.userData\ZhuoMian\Github_Releases_批量下载 xray\Xray-core\v1.8.16\Xray-freebsd-64.zip          | LOCAL=8ebb5733bc0fd2f76b97d1d44dfb18fcc25ade68474021aa2d78fd22994bce8a REMOTE=LOST
[1316/3625] Checking is LOST | E:\01.userData\ZhuoMian\Github_Releases_批量下载 xray\Xray-core\v1.8.16\Xray-freebsd-arm32-v7a.zip   | LOCAL=2dc6e1a2a06d14aedfa34a5e2829b0a0cd4fc9c55a204af0fa136906fb81f3ee REMOTE=LOST
[1317/3625] Checking is LOST | E:\01.userData\ZhuoMian\Github_Releases_批量下载 xray\Xray-core\v1.8.16\Xray-freebsd-arm64-v8a.zip   | LOCAL=30ce206aeb8db4f99bb891712bfb0b6f92f1364257e575b40362469d9027adcc REMOTE=LOST
[1318/3625] Checking is LOST | E:\01.userData\ZhuoMian\Github_Releases_批量下载 xray\Xray-core\v1.8.16\Xray-linux-32.zip            | LOCAL=d33199e8e4b16a63713228378ebf9a34da617361568b1ea61c7a6410c2329b5d REMOTE=LOST
[1319/3625] Checking is LOST | E:\01.userData\ZhuoMian\Github_Releases_批量下载 xray\Xray-core\v1.8.16\Xray-linux-64.zip            | LOCAL=f8ebee51256e26799dff7f1fe529b6e9030191b5fba5fa1455461a6afea3cd82 REMOTE=LOST
[1320/3625] Checking is LOST | E:\01.userData\ZhuoMian\Github_Releases_批量下载 xray\Xray-core\v1.8.16\Xray-linux-arm32-v5.zip      | LOCAL=1d04d1cecfe5c5b164a00ba58a5e8bd1a516b6a5656029d1036b24a5f1904b5d REMOTE=LOST
[1321/3625] Checking is LOST | E:\01.userData\ZhuoMian\Github_Releases_批量下载 xray\Xray-core\v1.8.16\Xray-linux-arm32-v6.zip      | LOCAL=ebabdab8ece855a47b81b5029e4d8862c02d1bdb1e160f0e0e99136c9e47718f REMOTE=LOST
[1322/3625] Checking is LOST | E:\01.userData\ZhuoMian\Github_Releases_批量下载 xray\Xray-core\v1.8.16\Xray-linux-arm32-v7a.zip     | LOCAL=5928dc449922c782d73f6a0859e7615f3a7ebe0f34ad155f4af3facce67e1d30 REMOTE=LOST
[1323/3625] Checking is LOST | E:\01.userData\ZhuoMian\Github_Releases_批量下载 xray\Xray-core\v1.8.16\Xray-linux-arm64-v8a.zip     | LOCAL=3379a9bc3e52805b560adbcf06343ea5ff542fc6d67e265e336e9d30c63a7408 REMOTE=LOST
[1324/3625] Checking is LOST | E:\01.userData\ZhuoMian\Github_Releases_批量下载 xray\Xray-core\v1.8.16\Xray-linux-loong64.zip       | LOCAL=60afc46992dac232d0c6e331a90fc72b625832bf59844c583e68668bfbc09103 REMOTE=LOST
[1325/3625] Checking is LOST | E:\01.userData\ZhuoMian\Github_Releases_批量下载 xray\Xray-core\v1.8.16\Xray-linux-mips32.zip        | LOCAL=54b665dee86cc1c52e30a2455927f29a46e51aef5cd8cfbc3ac5d4de7c4031a1 REMOTE=LOST
[1326/3625] Checking is LOST | E:\01.userData\ZhuoMian\Github_Releases_批量下载 xray\Xray-core\v1.8.16\Xray-linux-mips32le.zip      | LOCAL=a4485a60a9557675a3309a46b0e8c6d9fabf1a1476c852d7557968332e4ba8d7 REMOTE=LOST
[1327/3625] Checking is LOST | E:\01.userData\ZhuoMian\Github_Releases_批量下载 xray\Xray-core\v1.8.16\Xray-linux-mips64.zip        | LOCAL=4c525387254201b59988ae40cebebaa8768b58f7bbe2575166d37a3ab39cfcec REMOTE=LOST
[1328/3625] Checking is LOST | E:\01.userData\ZhuoMian\Github_Releases_批量下载 xray\Xray-core\v1.8.16\Xray-linux-mips64le.zip      | LOCAL=ab2325b3fd4af653a6dc68623261093c566e64db9afc8f41392602aa48225cf6 REMOTE=LOST
[1329/3625] Checking is LOST | E:\01.userData\ZhuoMian\Github_Releases_批量下载 xray\Xray-core\v1.8.16\Xray-linux-ppc64.zip         | LOCAL=ba9df1c6a2a6691f244c1fa6a216885919808d0c8746e18998b4da9755f2edaf REMOTE=LOST
[1330/3625] Checking is LOST | E:\01.userData\ZhuoMian\Github_Releases_批量下载 xray\Xray-core\v1.8.16\Xray-linux-ppc64le.zip       | LOCAL=4127628a7b391c63870681368a79d4b0ab61e6b30bf05355790ff09f53d5599e REMOTE=LOST
[1331/3625] Checking is LOST | E:\01.userData\ZhuoMian\Github_Releases_批量下载 xray\Xray-core\v1.8.16\Xray-linux-riscv64.zip       | LOCAL=2d8873680db486461134955cae25f7d7d5d6705414fadee0eb0ba40dd42f0584 REMOTE=LOST
[1332/3625] Checking is LOST | E:\01.userData\ZhuoMian\Github_Releases_批量下载 xray\Xray-core\v1.8.16\Xray-linux-s390x.zip         | LOCAL=3327ffe58b79aad0f6700ffdf2e857c3791a6a33aa69d03d414077c212a9c150 REMOTE=LOST
[1333/3625] Checking is LOST | E:\01.userData\ZhuoMian\Github_Releases_批量下载 xray\Xray-core\v1.8.16\Xray-macos-64.zip            | LOCAL=1f0a9c7c7c30fe5f49a5385f28f9bf627c277672a9fbb37362fb70e70525d67b REMOTE=LOST
[1334/3625] Checking is LOST | E:\01.userData\ZhuoMian\Github_Releases_批量下载 xray\Xray-core\v1.8.16\Xray-macos-arm64-v8a.zip     | LOCAL=b0773f91bda8445571ab0d7ce04993c2759b046787359bee7c481695d6f6ff6e REMOTE=LOST
[1335/3625] Checking is LOST | E:\01.userData\ZhuoMian\Github_Releases_批量下载 xray\Xray-core\v1.8.16\Xray-openbsd-32.zip          | LOCAL=5f1f1ec0bf94e7539428f2581e937772b36b6af9d841012f090b7c82a88f226d REMOTE=LOST
[1336/3625] Checking is LOST | E:\01.userData\ZhuoMian\Github_Releases_批量下载 xray\Xray-core\v1.8.16\Xray-openbsd-64.zip          | LOCAL=93029311ef2488d18a453a18cf0f0d01857bb97be862c7d0ca450ca49b4005ac REMOTE=LOST
[1337/3625] Checking is LOST | E:\01.userData\ZhuoMian\Github_Releases_批量下载 xray\Xray-core\v1.8.16\Xray-openbsd-arm32-v7a.zip   | LOCAL=ba1c7e148f58e2d5a4df65f6500bc350a88c0923c66df658fc9a9fec8fa369a6 REMOTE=LOST
[1338/3625] Checking is LOST | E:\01.userData\ZhuoMian\Github_Releases_批量下载 xray\Xray-core\v1.8.16\Xray-openbsd-arm64-v8a.zip   | LOCAL=9fc4eb7355b4d7b1cb4049bac791f59c8d1d03f89fc40886d5d164259e460e47 REMOTE=LOST
[1339/3625] Checking is LOST | E:\01.userData\ZhuoMian\Github_Releases_批量下载 xray\Xray-core\v1.8.16\Xray-windows-32.zip          | LOCAL=cea4012f82ef24dc59b4f18ea87e2cd352098971762cbec67d418dd61d6fe14a REMOTE=LOST
[1340/3625] Checking is LOST | E:\01.userData\ZhuoMian\Github_Releases_批量下载 xray\Xray-core\v1.8.16\Xray-windows-64.zip          | LOCAL=d2a6a7c6afd2d997ef3307797ff80d4e36865994c7f340d681e0f91897d22f8f REMOTE=LOST
[1341/3625] Checking is LOST | E:\01.userData\ZhuoMian\Github_Releases_批量下载 xray\Xray-core\v1.8.16\Xray-windows-arm32-v7a.zip   | LOCAL=b4b6ccab94fd41071049b7ddf26cdb2c5914cec97e6c09c3266def173406a1ae REMOTE=LOST
[1342/3625] Checking is LOST | E:\01.userData\ZhuoMian\Github_Releases_批量下载 xray\Xray-core\v1.8.16\Xray-windows-arm64-v8a.zip   | LOCAL=0ec2cc7313e7f8cc376a83bf8066edb6985e807b3ad56bc152bd9f33385c6c22 REMOTE=LOST
[1343/3625] Checking is LOST | E:\01.userData\ZhuoMian\Github_Releases_批量下载 xray\Xray-core\v1.8.17\Xray-android-arm64-v8a.zip   | LOCAL=816f0b904a20609b53d66a91cbf4818f159c44aa19b4af9904cff18774218a80 REMOTE=LOST
[1344/3625] Checking is LOST | E:\01.userData\ZhuoMian\Github_Releases_批量下载 xray\Xray-core\v1.8.17\Xray-freebsd-32.zip          | LOCAL=0cfd44b8c9c1e5eba8656ab02cfe4b64bfa2e6906bafe18e338cdf248011a8d8 REMOTE=LOST
[1345/3625] Checking is LOST | E:\01.userData\ZhuoMian\Github_Releases_批量下载 xray\Xray-core\v1.8.17\Xray-freebsd-64.zip          | LOCAL=a4bfdb0ff09b688ee9fc25749e58d6f31136ee599a5654fd75d6e6c21b18ac93 REMOTE=LOST
[1346/3625] Checking is LOST | E:\01.userData\ZhuoMian\Github_Releases_批量下载 xray\Xray-core\v1.8.17\Xray-freebsd-arm32-v7a.zip   | LOCAL=96c595d87391ec55e2f38c111389236c2964a63504528eaa1420ca9d9a61b470 REMOTE=LOST
[1347/3625] Checking is LOST | E:\01.userData\ZhuoMian\Github_Releases_批量下载 xray\Xray-core\v1.8.17\Xray-freebsd-arm64-v8a.zip   | LOCAL=46662106d816f570b8896373ddc8f04c6ce8745336aa39679f0806f14c21381a REMOTE=LOST
[1348/3625] Checking is LOST | E:\01.userData\ZhuoMian\Github_Releases_批量下载 xray\Xray-core\v1.8.17\Xray-linux-32.zip            | LOCAL=21d273447b30bfdcb2ef2e965e3fc928823191468c5ddde86d220928589b3df4 REMOTE=LOST
[1349/3625] Checking is LOST | E:\01.userData\ZhuoMian\Github_Releases_批量下载 xray\Xray-core\v1.8.17\Xray-linux-64.zip            | LOCAL=47b9a66a86319d89658f686708ecbb1fb7c480c8a738522626dfc43685c5e90b REMOTE=LOST
[1350/3625] Checking is LOST | E:\01.userData\ZhuoMian\Github_Releases_批量下载 xray\Xray-core\v1.8.17\Xray-linux-arm32-v5.zip      | LOCAL=e6b03171a65cd0509ca79ef919cb0b6436d2e017d6780df22cd14520d004f990 REMOTE=LOST
[1351/3625] Checking is LOST | E:\01.userData\ZhuoMian\Github_Releases_批量下载 xray\Xray-core\v1.8.17\Xray-linux-arm32-v6.zip      | LOCAL=b62194ad47deab7dc7a71c2d2e3cc461438b6ad1b87c0e90c05e6c27ac5bcbaf REMOTE=LOST
[1352/3625] Checking is LOST | E:\01.userData\ZhuoMian\Github_Releases_批量下载 xray\Xray-core\v1.8.17\Xray-linux-arm32-v7a.zip     | LOCAL=bdf7a258133c1bbef7988d09190bc7191835eae3d85920fcffc3dc018172f040 REMOTE=LOST
[1353/3625] Checking is LOST | E:\01.userData\ZhuoMian\Github_Releases_批量下载 xray\Xray-core\v1.8.17\Xray-linux-arm64-v8a.zip     | LOCAL=7114ba5599f93bbf631915bc38a25a6af385747d61400d84f3bcf4e459aeb286 REMOTE=LOST
[1354/3625] Checking is LOST | E:\01.userData\ZhuoMian\Github_Releases_批量下载 xray\Xray-core\v1.8.17\Xray-linux-loong64.zip       | LOCAL=d5d12e5d4928e2675024dfc00d4c1379108b276b57c0721f2f3cee481ca4d1b0 REMOTE=LOST
[1355/3625] Checking is LOST | E:\01.userData\ZhuoMian\Github_Releases_批量下载 xray\Xray-core\v1.8.17\Xray-linux-mips32.zip        | LOCAL=a61c89357f27ccb9b8b36346fc7d4fa0f175fdee139d53077520fc113b1371db REMOTE=LOST
[1356/3625] Checking is LOST | E:\01.userData\ZhuoMian\Github_Releases_批量下载 xray\Xray-core\v1.8.17\Xray-linux-mips32le.zip      | LOCAL=c1f56ed43f815e3eb2287d1f683c06f84d76474eff3f2c6b329fe1f9dc788ba4 REMOTE=LOST
[1357/3625] Checking is LOST | E:\01.userData\ZhuoMian\Github_Releases_批量下载 xray\Xray-core\v1.8.17\Xray-linux-mips64.zip        | LOCAL=5664b8c5acd6a150012754fce261683945eaa16ddaab11224aba460764670b56 REMOTE=LOST
[1358/3625] Checking is LOST | E:\01.userData\ZhuoMian\Github_Releases_批量下载 xray\Xray-core\v1.8.17\Xray-linux-mips64le.zip      | LOCAL=958ef00b472e6aeac74d0e44f98e4298b16e68376259133451dc38e4046dfa95 REMOTE=LOST
[1359/3625] Checking is LOST | E:\01.userData\ZhuoMian\Github_Releases_批量下载 xray\Xray-core\v1.8.17\Xray-linux-ppc64.zip         | LOCAL=5a5c1ba6044bc848ca78b112e842a29ea93d6f5227abbb5f0d4fc2c51519b39f REMOTE=LOST
[1360/3625] Checking is LOST | E:\01.userData\ZhuoMian\Github_Releases_批量下载 xray\Xray-core\v1.8.17\Xray-linux-ppc64le.zip       | LOCAL=5150b1af7adecf776fbf6866d9d34ef33533a6f78d3beae526ccc646c5bda124 REMOTE=LOST
[1361/3625] Checking is LOST | E:\01.userData\ZhuoMian\Github_Releases_批量下载 xray\Xray-core\v1.8.17\Xray-linux-riscv64.zip       | LOCAL=692ac133188269f6f1f28daedf29c0297aca92ea64b3f540771d46568766fb15 REMOTE=LOST
[1362/3625] Checking is LOST | E:\01.userData\ZhuoMian\Github_Releases_批量下载 xray\Xray-core\v1.8.17\Xray-linux-s390x.zip         | LOCAL=7fa938c2ed44c78370f05adbc9f9a74b4f44ed128cab357a005cb1a5104e1d0a REMOTE=LOST
[1363/3625] Checking is LOST | E:\01.userData\ZhuoMian\Github_Releases_批量下载 xray\Xray-core\v1.8.17\Xray-macos-64.zip            | LOCAL=f33cf31a186621a51e82241694cc47623e69c159985c6c32389f72a2bc5951aa REMOTE=LOST
[1364/3625] Checking is LOST | E:\01.userData\ZhuoMian\Github_Releases_批量下载 xray\Xray-core\v1.8.17\Xray-macos-arm64-v8a.zip     | LOCAL=dcc7a44b36e66b3d3aaf2a8a520c882fa6de53c1718013ccc90c0923a977e3ef REMOTE=LOST
[1365/3625] Checking is LOST | E:\01.userData\ZhuoMian\Github_Releases_批量下载 xray\Xray-core\v1.8.17\Xray-openbsd-32.zip          | LOCAL=aa5592da50a002889d8fc523a246dc8eae0b3957a718cf9b211adb0c03ee89bd REMOTE=LOST
[1366/3625] Checking is LOST | E:\01.userData\ZhuoMian\Github_Releases_批量下载 xray\Xray-core\v1.8.17\Xray-openbsd-64.zip          | LOCAL=8c2a7f67ddc7089d078743e8fb8476c52b309c10030ac4a9dd0ea2d22e2ee884 REMOTE=LOST
[1367/3625] Checking is LOST | E:\01.userData\ZhuoMian\Github_Releases_批量下载 xray\Xray-core\v1.8.17\Xray-openbsd-arm32-v7a.zip   | LOCAL=fc6e717ad06b1313f621e1188869897322d05e498d2ecaef5218d4ca83e798be REMOTE=LOST
[1368/3625] Checking is LOST | E:\01.userData\ZhuoMian\Github_Releases_批量下载 xray\Xray-core\v1.8.17\Xray-openbsd-arm64-v8a.zip   | LOCAL=a289d2b9500d5dc9eb87e2ccdfd364c50089427abb71dd6338be86f9a4e989ba REMOTE=LOST
[1369/3625] Checking is LOST | E:\01.userData\ZhuoMian\Github_Releases_批量下载 xray\Xray-core\v1.8.17\Xray-windows-32.zip          | LOCAL=b4b02bb235a03b2cfc8fc1aedff9897f2d37cc38caf939fd53c91c5dc4742fbc REMOTE=LOST
[1370/3625] Checking is LOST | E:\01.userData\ZhuoMian\Github_Releases_批量下载 xray\Xray-core\v1.8.17\Xray-windows-64.zip          | LOCAL=37526b9995ae76ca5c2594b0623bee21cd811264b6c15766e2e75102ce4ae5b5 REMOTE=LOST
[1371/3625] Checking is LOST | E:\01.userData\ZhuoMian\Github_Releases_批量下载 xray\Xray-core\v1.8.17\Xray-windows-arm32-v7a.zip   | LOCAL=856e2fc09f465ce1b08d79cde8d6cdc98a12a84821aa534155bcbc7e0e7d8b02 REMOTE=LOST
[1372/3625] Checking is LOST | E:\01.userData\ZhuoMian\Github_Releases_批量下载 xray\Xray-core\v1.8.17\Xray-windows-arm64-v8a.zip   | LOCAL=4de5afaa5db745535ca16894f1153e410b7e71c1cbb955ce7ccd25a8d1920f23 REMOTE=LOST
[1373/3625] Checking is LOST | E:\01.userData\ZhuoMian\Github_Releases_批量下载 xray\Xray-core\v1.8.18\Xray-android-arm64-v8a.zip   | LOCAL=6302b76da0bc605bb08690abb2b671fa37f70712829b330909119a2f5dfbd57e REMOTE=LOST
[1374/3625] Checking is LOST | E:\01.userData\ZhuoMian\Github_Releases_批量下载 xray\Xray-core\v1.8.18\Xray-freebsd-32.zip          | LOCAL=f39bfe3b0d8f6c7f7a8ee81a13bab20dd0782cd3ac898fd8963963e6b925ad04 REMOTE=LOST
[1375/3625] Checking is LOST | E:\01.userData\ZhuoMian\Github_Releases_批量下载 xray\Xray-core\v1.8.18\Xray-freebsd-64.zip          | LOCAL=289e5b8e6f7dcbdffc12c69118295e1ab32e4d1457dbf6e77a265d2059d128aa REMOTE=LOST
[1376/3625] Checking is LOST | E:\01.userData\ZhuoMian\Github_Releases_批量下载 xray\Xray-core\v1.8.18\Xray-freebsd-arm32-v7a.zip   | LOCAL=cec082c863a152c179fb3a59a89e1078c5a96e82f9cc20feeac6eae7b0813425 REMOTE=LOST
[1377/3625] Checking is LOST | E:\01.userData\ZhuoMian\Github_Releases_批量下载 xray\Xray-core\v1.8.18\Xray-freebsd-arm64-v8a.zip   | LOCAL=a47071447affa99dc4dd9346eb969a8546b7896186c1ddc71cfc0abb90aa4f58 REMOTE=LOST
[1378/3625] Checking is LOST | E:\01.userData\ZhuoMian\Github_Releases_批量下载 xray\Xray-core\v1.8.18\Xray-linux-32.zip            | LOCAL=ec5062d1bef3edc1067e6b9bc91378936ee0f18cf6f0438d818ac6921f2cc510 REMOTE=LOST
[1379/3625] Checking is LOST | E:\01.userData\ZhuoMian\Github_Releases_批量下载 xray\Xray-core\v1.8.18\Xray-linux-64.zip            | LOCAL=8919be7090a77e598d233bfae36d251affa2e2289503968b9ae4ffe35a659ba0 REMOTE=LOST
[1380/3625] Checking is LOST | E:\01.userData\ZhuoMian\Github_Releases_批量下载 xray\Xray-core\v1.8.18\Xray-linux-arm32-v5.zip      | LOCAL=cb6805bb536291591be7b4226e432f0f735ece80d133ef37d8cad8c627771fac REMOTE=LOST
[1381/3625] Checking is LOST | E:\01.userData\ZhuoMian\Github_Releases_批量下载 xray\Xray-core\v1.8.18\Xray-linux-arm32-v6.zip      | LOCAL=fc962ff3a402737847b556f2ee7818476b894a07972df8351eaa9a1c8105cbb2 REMOTE=LOST
[1382/3625] Checking is LOST | E:\01.userData\ZhuoMian\Github_Releases_批量下载 xray\Xray-core\v1.8.18\Xray-linux-arm32-v7a.zip     | LOCAL=bd224bea2edd02eed2d2b7089efd54dabc2671443245ad408cfd9724b8014c9a REMOTE=LOST
[1383/3625] Checking is LOST | E:\01.userData\ZhuoMian\Github_Releases_批量下载 xray\Xray-core\v1.8.18\Xray-linux-arm64-v8a.zip     | LOCAL=13786eaccf098ba16d94ca955c281819b489b82cf2341caa2edb6a88c2781fe0 REMOTE=LOST
[1384/3625] Checking is LOST | E:\01.userData\ZhuoMian\Github_Releases_批量下载 xray\Xray-core\v1.8.18\Xray-linux-loong64.zip       | LOCAL=46e9e55ecf54f94d2ee46b781a3743bf2e4dc86608112e9622a47775415a626d REMOTE=LOST
[1385/3625] Checking is LOST | E:\01.userData\ZhuoMian\Github_Releases_批量下载 xray\Xray-core\v1.8.18\Xray-linux-mips32.zip        | LOCAL=687bc25442df4725d63464531a9d2e5c3e26473d8d74eaf06910ad890208368f REMOTE=LOST
[1386/3625] Checking is LOST | E:\01.userData\ZhuoMian\Github_Releases_批量下载 xray\Xray-core\v1.8.18\Xray-linux-mips32le.zip      | LOCAL=09cdaac89e4ad554cf7d90b58bea17eff6b3da9c41cf37982e585a8c17fc11f5 REMOTE=LOST
[1387/3625] Checking is LOST | E:\01.userData\ZhuoMian\Github_Releases_批量下载 xray\Xray-core\v1.8.18\Xray-linux-mips64.zip        | LOCAL=22e75f8dedd7d43b0a0dd959fa2fe5e5a02e264506c9c7df7047e68b4f2f7fc6 REMOTE=LOST
[1388/3625] Checking is LOST | E:\01.userData\ZhuoMian\Github_Releases_批量下载 xray\Xray-core\v1.8.18\Xray-linux-mips64le.zip      | LOCAL=0a93367055b00f6ece9d81d5494d43864dca6fc3cc73eed53156008403d007fd REMOTE=LOST
[1389/3625] Checking is LOST | E:\01.userData\ZhuoMian\Github_Releases_批量下载 xray\Xray-core\v1.8.18\Xray-linux-ppc64.zip         | LOCAL=fafdd3f0ca05edbfb58b25b9a1c2880294cdf616f2502c492f21c19a900e388c REMOTE=LOST
[1390/3625] Checking is LOST | E:\01.userData\ZhuoMian\Github_Releases_批量下载 xray\Xray-core\v1.8.18\Xray-linux-ppc64le.zip       | LOCAL=dc4851357e1e29595211892a98521a424c7d583f2d75e39f9a7238b2f2433d52 REMOTE=LOST
[1391/3625] Checking is LOST | E:\01.userData\ZhuoMian\Github_Releases_批量下载 xray\Xray-core\v1.8.18\Xray-linux-riscv64.zip       | LOCAL=2b6a54daac95c3420171835653ec9115dc96a6802de74ea9ed5e045539067fe7 REMOTE=LOST
[1392/3625] Checking is LOST | E:\01.userData\ZhuoMian\Github_Releases_批量下载 xray\Xray-core\v1.8.18\Xray-linux-s390x.zip         | LOCAL=1fad642f4aa5a5097e57becf10307ba6d33ef7ff182429b71355e02f7d21b5d7 REMOTE=LOST
[1393/3625] Checking is LOST | E:\01.userData\ZhuoMian\Github_Releases_批量下载 xray\Xray-core\v1.8.18\Xray-macos-64.zip            | LOCAL=4af6ca741b46bb71190dd60d56364a0faf25fbc8910bdedf0ac3d811a41ddb57 REMOTE=LOST
[1394/3625] Checking is LOST | E:\01.userData\ZhuoMian\Github_Releases_批量下载 xray\Xray-core\v1.8.18\Xray-macos-arm64-v8a.zip     | LOCAL=5bf30f4ab41608772d481adbf6b02148bad2ffd48a2d1e7fe2ec759733c2e032 REMOTE=LOST
[1395/3625] Checking is LOST | E:\01.userData\ZhuoMian\Github_Releases_批量下载 xray\Xray-core\v1.8.18\Xray-openbsd-32.zip          | LOCAL=3a8ce2b023d37376bea9de0271746a31227f2da393346fde9cd2603bbb18f491 REMOTE=LOST
[1396/3625] Checking is LOST | E:\01.userData\ZhuoMian\Github_Releases_批量下载 xray\Xray-core\v1.8.18\Xray-openbsd-64.zip          | LOCAL=1efe8e92739be58d3ac7b9cf6c7a5e256083c1151f6e1a4899438d5c8bb8b648 REMOTE=LOST
[1397/3625] Checking is LOST | E:\01.userData\ZhuoMian\Github_Releases_批量下载 xray\Xray-core\v1.8.18\Xray-openbsd-arm32-v7a.zip   | LOCAL=9c8ddda642917255d28e5a8caf3f1475103bf6edcaf124dc2d4df11d865d641a REMOTE=LOST
[1398/3625] Checking is LOST | E:\01.userData\ZhuoMian\Github_Releases_批量下载 xray\Xray-core\v1.8.18\Xray-openbsd-arm64-v8a.zip   | LOCAL=c52f67e5472cb4fabd4857aad6290c444c073afd7d48185276c82de6494043b6 REMOTE=LOST
[1399/3625] Checking is LOST | E:\01.userData\ZhuoMian\Github_Releases_批量下载 xray\Xray-core\v1.8.18\Xray-win7-32.zip             | LOCAL=dbb0e34e1f68a78be4dc83e3c6ff6ba4dda7d0e5decb11451e006d0de24d1e6f REMOTE=LOST
[1400/3625] Checking is LOST | E:\01.userData\ZhuoMian\Github_Releases_批量下载 xray\Xray-core\v1.8.18\Xray-win7-64.zip             | LOCAL=bcbce5b28f3c971b74b38a70485e57818f5a0e13faec3a15b931e4c7e898d740 REMOTE=LOST
[1401/3625] Checking is LOST | E:\01.userData\ZhuoMian\Github_Releases_批量下载 xray\Xray-core\v1.8.18\Xray-windows-32.zip          | LOCAL=65efcd11380e8905c96aa2fb7c277fffac1b7f88eadd5aed7a0f7490a5ab7793 REMOTE=LOST
[1402/3625] Checking is LOST | E:\01.userData\ZhuoMian\Github_Releases_批量下载 xray\Xray-core\v1.8.18\Xray-windows-64.zip          | LOCAL=4e0e3daa346974d1c147d9b57b6168618bc9b6799930c88fbb5956dacef0e4db REMOTE=LOST
[1403/3625] Checking is LOST | E:\01.userData\ZhuoMian\Github_Releases_批量下载 xray\Xray-core\v1.8.18\Xray-windows-arm32-v7a.zip   | LOCAL=233797ca0f56b5361bb249a53872603affe88e674fd2083aa9450646a0e743a8 REMOTE=LOST
[1404/3625] Checking is LOST | E:\01.userData\ZhuoMian\Github_Releases_批量下载 xray\Xray-core\v1.8.18\Xray-windows-arm64-v8a.zip   | LOCAL=6adfcb74b059e041445c3ff9676562fea9753b7a8bd6003f4fa4a9abac161b88 REMOTE=LOST
[1405/3625] Checking is LOST | E:\01.userData\ZhuoMian\Github_Releases_批量下载 xray\Xray-core\v1.8.19\Xray-android-arm64-v8a.zip   | LOCAL=393822da6941a97adc479da5c2cd703b7fd84e913a0ea228946724156045f843 REMOTE=LOST
[1406/3625] Checking is LOST | E:\01.userData\ZhuoMian\Github_Releases_批量下载 xray\Xray-core\v1.8.19\Xray-freebsd-32.zip          | LOCAL=5b85821826938d44e176b2bcfdec00cabed448d55a567bf46b470161045d5288 REMOTE=LOST
[1407/3625] Checking is LOST | E:\01.userData\ZhuoMian\Github_Releases_批量下载 xray\Xray-core\v1.8.19\Xray-freebsd-64.zip          | LOCAL=593b6a743c684a45becb4448b21b6bfea14aa8866fdb7684a7bcd1c189d42788 REMOTE=LOST
[1408/3625] Checking is LOST | E:\01.userData\ZhuoMian\Github_Releases_批量下载 xray\Xray-core\v1.8.19\Xray-freebsd-arm32-v7a.zip   | LOCAL=867ed45df96c8bd8c6d3898449cef3483638dd34f77305f488a212dfaaf12b4f REMOTE=LOST
[1409/3625] Checking is LOST | E:\01.userData\ZhuoMian\Github_Releases_批量下载 xray\Xray-core\v1.8.19\Xray-freebsd-arm64-v8a.zip   | LOCAL=6b9a16fa6a5ca9bd86deb0e407d44828bfbfee6bf051bf6a1b201bff68e40f0b REMOTE=LOST
[1410/3625] Checking is LOST | E:\01.userData\ZhuoMian\Github_Releases_批量下载 xray\Xray-core\v1.8.19\Xray-linux-32.zip            | LOCAL=efd69221ce672d992a262019d0762a6b5e057053f219a4b0b5200fca3b1f7a40 REMOTE=LOST
[1411/3625] Checking is LOST | E:\01.userData\ZhuoMian\Github_Releases_批量下载 xray\Xray-core\v1.8.19\Xray-linux-64.zip            | LOCAL=317bb6195765f0e586dc6bc842f972a433ab5dcce8df431543c16f408ad1c978 REMOTE=LOST
[1412/3625] Checking is LOST | E:\01.userData\ZhuoMian\Github_Releases_批量下载 xray\Xray-core\v1.8.19\Xray-linux-arm32-v5.zip      | LOCAL=af6a81ec09f76d10887fad66211cd3a2f269ffe1e82afd4a0eaa97c051c45190 REMOTE=LOST
[1413/3625] Checking is LOST | E:\01.userData\ZhuoMian\Github_Releases_批量下载 xray\Xray-core\v1.8.19\Xray-linux-arm32-v6.zip      | LOCAL=c699f33aa1b7f92d2359b25726b2ffaebe016b8bc1b8cdeed43a762bbe197c01 REMOTE=LOST
[1414/3625] Checking is LOST | E:\01.userData\ZhuoMian\Github_Releases_批量下载 xray\Xray-core\v1.8.19\Xray-linux-arm32-v7a.zip     | LOCAL=e8f904b820720c02b908c004801b48d61e40ac2de0337509537556cde2206d0d REMOTE=LOST
[1415/3625] Checking is LOST | E:\01.userData\ZhuoMian\Github_Releases_批量下载 xray\Xray-core\v1.8.19\Xray-linux-arm64-v8a.zip     | LOCAL=59f8b9beb1bf4341b934e3c344dc1df7b53c16314c0396784ac5fd5ad4671160 REMOTE=LOST
[1416/3625] Checking is LOST | E:\01.userData\ZhuoMian\Github_Releases_批量下载 xray\Xray-core\v1.8.19\Xray-linux-loong64.zip       | LOCAL=7eebbe4c053536b66a233107a313e6be8e4a36dab366abf4c172d879740db274 REMOTE=LOST
[1417/3625] Checking is LOST | E:\01.userData\ZhuoMian\Github_Releases_批量下载 xray\Xray-core\v1.8.19\Xray-linux-mips32.zip        | LOCAL=e2cfd92ca510d2b42643013dcb9934302b10f51507b4cf56451cef5356986d01 REMOTE=LOST
[1418/3625] Checking is LOST | E:\01.userData\ZhuoMian\Github_Releases_批量下载 xray\Xray-core\v1.8.19\Xray-linux-mips32le.zip      | LOCAL=936172c93f91b98e5748508390e5cf2a8c2de0960e08c970a8c335f6721a240e REMOTE=LOST
[1419/3625] Checking is LOST | E:\01.userData\ZhuoMian\Github_Releases_批量下载 xray\Xray-core\v1.8.19\Xray-linux-mips64.zip        | LOCAL=934a81fd6e89e241036ad06d3b73d9f35edf86452ddc4d07efe516f3ba639f1e REMOTE=LOST
[1420/3625] Checking is LOST | E:\01.userData\ZhuoMian\Github_Releases_批量下载 xray\Xray-core\v1.8.19\Xray-linux-mips64le.zip      | LOCAL=eaa676560168f21a5f1bc8a1e9c37f26e05b495a665158a068df97968db2b303 REMOTE=LOST
[1421/3625] Checking is LOST | E:\01.userData\ZhuoMian\Github_Releases_批量下载 xray\Xray-core\v1.8.19\Xray-linux-ppc64.zip         | LOCAL=4561d30ec7b3640378a1a9ad3c4b4b0a6e9d344baf2bd7fe4d63efe45af6b77d REMOTE=LOST
[1422/3625] Checking is LOST | E:\01.userData\ZhuoMian\Github_Releases_批量下载 xray\Xray-core\v1.8.19\Xray-linux-ppc64le.zip       | LOCAL=dbbe5a94f5fbb6ada371615d1bc7f3715c0243f83f45ec5027475640337ad18d REMOTE=LOST
[1423/3625] Checking is LOST | E:\01.userData\ZhuoMian\Github_Releases_批量下载 xray\Xray-core\v1.8.19\Xray-linux-riscv64.zip       | LOCAL=7a6d20652f974a487c88217dd40eedeb5e8f05e50146fccb83a44bac56f477ec REMOTE=LOST
[1424/3625] Checking is LOST | E:\01.userData\ZhuoMian\Github_Releases_批量下载 xray\Xray-core\v1.8.19\Xray-linux-s390x.zip         | LOCAL=09e56a4fb6ca1e6fb819eef0dbfcc1c9e1a44b51494c8ba6712fb9cc471f8ea0 REMOTE=LOST
[1425/3625] Checking is LOST | E:\01.userData\ZhuoMian\Github_Releases_批量下载 xray\Xray-core\v1.8.19\Xray-macos-64.zip            | LOCAL=b9e42defaf438a0248d2bd1d28895bc1fa2dcaeb5fc46fa36b682bdde90c5a04 REMOTE=LOST
[1426/3625] Checking is LOST | E:\01.userData\ZhuoMian\Github_Releases_批量下载 xray\Xray-core\v1.8.19\Xray-macos-arm64-v8a.zip     | LOCAL=1f14187fcde2eba2e196f21c6c5b32e12f2f3870bbf69ef6389224a7854f19d4 REMOTE=LOST
[1427/3625] Checking is LOST | E:\01.userData\ZhuoMian\Github_Releases_批量下载 xray\Xray-core\v1.8.19\Xray-openbsd-32.zip          | LOCAL=b555535090722bc9bc5eb3b86a2c673aff44336132fc8c44987af190648dd336 REMOTE=LOST
[1428/3625] Checking is LOST | E:\01.userData\ZhuoMian\Github_Releases_批量下载 xray\Xray-core\v1.8.19\Xray-openbsd-64.zip          | LOCAL=c0e0a1d115c11a29bcd8e975897a447904cac41693d19f82c2d49cb5e35f960d REMOTE=LOST
[1429/3625] Checking is LOST | E:\01.userData\ZhuoMian\Github_Releases_批量下载 xray\Xray-core\v1.8.19\Xray-openbsd-arm32-v7a.zip   | LOCAL=dae4cd39315f5bdd5f75d07396f9c50c7caccfb0a940a27b8331a60fa4890fa6 REMOTE=LOST
[1430/3625] Checking is LOST | E:\01.userData\ZhuoMian\Github_Releases_批量下载 xray\Xray-core\v1.8.19\Xray-openbsd-arm64-v8a.zip   | LOCAL=8367c1b92eb77bc4e24ebccec887e9cba96350b0ce6d43236e10c13a88e28991 REMOTE=LOST
[1431/3625] Checking is LOST | E:\01.userData\ZhuoMian\Github_Releases_批量下载 xray\Xray-core\v1.8.19\Xray-win7-32.zip             | LOCAL=c187e9cf96cd6d3ec9653b6e2d120c1289571cd764d45f679673093057833e4b REMOTE=LOST
[1432/3625] Checking is LOST | E:\01.userData\ZhuoMian\Github_Releases_批量下载 xray\Xray-core\v1.8.19\Xray-win7-64.zip             | LOCAL=1020fde08fc21b3da0faef1fee4d8d25be6299e2c2c8432a3c6c8fb0293b37d7 REMOTE=LOST
[1433/3625] Checking is LOST | E:\01.userData\ZhuoMian\Github_Releases_批量下载 xray\Xray-core\v1.8.19\Xray-windows-32.zip          | LOCAL=6cca7d1ace86563249d047163b304d39d06db6570408af16a4b0b1bf31817550 REMOTE=LOST
[1434/3625] Checking is LOST | E:\01.userData\ZhuoMian\Github_Releases_批量下载 xray\Xray-core\v1.8.19\Xray-windows-64.zip          | LOCAL=d5fc8a1a9f7f8e0d754ddd439df17c2c83ca3d381ece94ceab563e531fba2396 REMOTE=LOST
[1435/3625] Checking is LOST | E:\01.userData\ZhuoMian\Github_Releases_批量下载 xray\Xray-core\v1.8.19\Xray-windows-arm32-v7a.zip   | LOCAL=349a80a8974844581dd7d83df1991a84332516a06a12926ccda6ae49014f1331 REMOTE=LOST
[1436/3625] Checking is LOST | E:\01.userData\ZhuoMian\Github_Releases_批量下载 xray\Xray-core\v1.8.19\Xray-windows-arm64-v8a.zip   | LOCAL=257018a2541d881f35b27be80faa57c1ef5ca31230bc6011a58baeb4c448952e REMOTE=LOST
[1437/3625] Checking is LOST | E:\01.userData\ZhuoMian\Github_Releases_批量下载 xray\Xray-core\v1.8.20\Xray-android-arm64-v8a.zip   | LOCAL=d0cb454857f54288c74ec5cfacdff45168d198a98abb9bb42de6314fe7a9b1b8 REMOTE=LOST
[1438/3625] Checking is LOST | E:\01.userData\ZhuoMian\Github_Releases_批量下载 xray\Xray-core\v1.8.20\Xray-freebsd-32.zip          | LOCAL=5c6c9251da5bca90d84046f922e29bdfa3a34155e263784f4d945eec0ff164c7 REMOTE=LOST
[1439/3625] Checking is LOST | E:\01.userData\ZhuoMian\Github_Releases_批量下载 xray\Xray-core\v1.8.20\Xray-freebsd-64.zip          | LOCAL=fa6101ac0c7f65ea6b14ca5910765278b34e5f8a9cc4f2da96c5cb9fe4ca1ea1 REMOTE=LOST
[1440/3625] Checking is LOST | E:\01.userData\ZhuoMian\Github_Releases_批量下载 xray\Xray-core\v1.8.20\Xray-freebsd-arm32-v7a.zip   | LOCAL=2f19aac26a54d5b8c100ea9da21c7d826bf5941feea9ad43235187ea7598672f REMOTE=LOST
[1441/3625] Checking is LOST | E:\01.userData\ZhuoMian\Github_Releases_批量下载 xray\Xray-core\v1.8.20\Xray-freebsd-arm64-v8a.zip   | LOCAL=4cfe33aca7cb4db7a1d5df3be92fa806de17f064a332a577a382200d3b798151 REMOTE=LOST
[1442/3625] Checking is LOST | E:\01.userData\ZhuoMian\Github_Releases_批量下载 xray\Xray-core\v1.8.20\Xray-linux-32.zip            | LOCAL=4a11cd1fccda744c0e578f6c3f48d5e06b080df3e6d185878ba3dec46a78e348 REMOTE=LOST
[1443/3625] Checking is LOST | E:\01.userData\ZhuoMian\Github_Releases_批量下载 xray\Xray-core\v1.8.20\Xray-linux-64.zip            | LOCAL=b9026b6b80b613f58463b5864f52df05f9fc45c85787f1991b81e5d35a29ec03 REMOTE=LOST
[1444/3625] Checking is LOST | E:\01.userData\ZhuoMian\Github_Releases_批量下载 xray\Xray-core\v1.8.20\Xray-linux-arm32-v5.zip      | LOCAL=9fe98cb796e78e01ae079b5350ab3368e7a4ce6002ef87f68fd9bcb32d44ee47 REMOTE=LOST
[1445/3625] Checking is LOST | E:\01.userData\ZhuoMian\Github_Releases_批量下载 xray\Xray-core\v1.8.20\Xray-linux-arm32-v6.zip      | LOCAL=2e51c896a542b1f53b8f2ba5c97e27425671e6348d765b0c9bbd46fca3c54cee REMOTE=LOST
[1446/3625] Checking is LOST | E:\01.userData\ZhuoMian\Github_Releases_批量下载 xray\Xray-core\v1.8.20\Xray-linux-arm32-v7a.zip     | LOCAL=5d656667918560a8bbe4532d487c511fb82b072effcae5eb6add07234a1c6bf6 REMOTE=LOST
[1447/3625] Checking is LOST | E:\01.userData\ZhuoMian\Github_Releases_批量下载 xray\Xray-core\v1.8.20\Xray-linux-arm64-v8a.zip     | LOCAL=bbf037750f81ba35b09450430179764f782fefcf31d6ec07d364b90457ed908d REMOTE=LOST
[1448/3625] Checking is LOST | E:\01.userData\ZhuoMian\Github_Releases_批量下载 xray\Xray-core\v1.8.20\Xray-linux-loong64.zip       | LOCAL=7cb3d82b40b17f09e2a0179ea1f97724cefe1841beb74497fe8820fba47fe2a7 REMOTE=LOST
[1449/3625] Checking is LOST | E:\01.userData\ZhuoMian\Github_Releases_批量下载 xray\Xray-core\v1.8.20\Xray-linux-mips32.zip        | LOCAL=eb8402ecad6d8cb25ebbdcf9afffd504acf57bdce858a0be553e7c61eb865231 REMOTE=LOST
[1450/3625] Checking is LOST | E:\01.userData\ZhuoMian\Github_Releases_批量下载 xray\Xray-core\v1.8.20\Xray-linux-mips32le.zip      | LOCAL=716b9c62d5047fed492cac741499e85d3db4942ed2a11470f03bacbe7d1f34f9 REMOTE=LOST
[1451/3625] Checking is LOST | E:\01.userData\ZhuoMian\Github_Releases_批量下载 xray\Xray-core\v1.8.20\Xray-linux-mips64.zip        | LOCAL=947114639b826e1b1843837635db8d0a902341310932fdc3411de67fb5f2d53c REMOTE=LOST
[1452/3625] Checking is LOST | E:\01.userData\ZhuoMian\Github_Releases_批量下载 xray\Xray-core\v1.8.20\Xray-linux-mips64le.zip      | LOCAL=1d0167192cc993752a0a05697e0b7fb68a0b5fc57f0e577f5d24c8435e761e44 REMOTE=LOST
[1453/3625] Checking is LOST | E:\01.userData\ZhuoMian\Github_Releases_批量下载 xray\Xray-core\v1.8.20\Xray-linux-ppc64.zip         | LOCAL=abe9baa0b84572f12265e54664cff83d0ef2540c8577d8683491b6e988686e70 REMOTE=LOST
[1454/3625] Checking is LOST | E:\01.userData\ZhuoMian\Github_Releases_批量下载 xray\Xray-core\v1.8.20\Xray-linux-ppc64le.zip       | LOCAL=b8a81b3f6d8fbab64aa5bf2b7fac74786403f3139e9a43df19bb977069df15f3 REMOTE=LOST
[1455/3625] Checking is LOST | E:\01.userData\ZhuoMian\Github_Releases_批量下载 xray\Xray-core\v1.8.20\Xray-linux-riscv64.zip       | LOCAL=4b4e28c453122354f378ed9dbc4f207939f69c81962a0212d417d2be14a48dcb REMOTE=LOST
[1456/3625] Checking is LOST | E:\01.userData\ZhuoMian\Github_Releases_批量下载 xray\Xray-core\v1.8.20\Xray-linux-s390x.zip         | LOCAL=548553d4705210491c49b7d312b39e320d399de8e8b0a7c7ddddfda92b9dcdef REMOTE=LOST
[1457/3625] Checking is LOST | E:\01.userData\ZhuoMian\Github_Releases_批量下载 xray\Xray-core\v1.8.20\Xray-macos-64.zip            | LOCAL=8da431988660428d2a8a7acde36be271eef80e4256757d62d8b5ab3616f9a580 REMOTE=LOST
[1458/3625] Checking is LOST | E:\01.userData\ZhuoMian\Github_Releases_批量下载 xray\Xray-core\v1.8.20\Xray-macos-arm64-v8a.zip     | LOCAL=ec6d3879379d64decd089af5b27a75bfd3a3dac712f59a1016b75a8db9f9781d REMOTE=LOST
[1459/3625] Checking is LOST | E:\01.userData\ZhuoMian\Github_Releases_批量下载 xray\Xray-core\v1.8.20\Xray-openbsd-32.zip          | LOCAL=7102926db45983e975975a6081b88650ff6ab760418ae3e62e9dd180f71fd16e REMOTE=LOST
[1460/3625] Checking is LOST | E:\01.userData\ZhuoMian\Github_Releases_批量下载 xray\Xray-core\v1.8.20\Xray-openbsd-64.zip          | LOCAL=3bed5773b827f9910b5b8ad42f909ee11f96c50b4e175a9bc87b3cfe5a625345 REMOTE=LOST
[1461/3625] Checking is LOST | E:\01.userData\ZhuoMian\Github_Releases_批量下载 xray\Xray-core\v1.8.20\Xray-openbsd-arm32-v7a.zip   | LOCAL=3a3106b2fc602df9045e123d16aa19db090e8503a0b723ec63aa43b750ef34ce REMOTE=LOST
[1462/3625] Checking is LOST | E:\01.userData\ZhuoMian\Github_Releases_批量下载 xray\Xray-core\v1.8.20\Xray-openbsd-arm64-v8a.zip   | LOCAL=cb7784223930375584d51f707354e728d2267ab68ec388fd0ae45e73cc89f4e4 REMOTE=LOST
[1463/3625] Checking is LOST | E:\01.userData\ZhuoMian\Github_Releases_批量下载 xray\Xray-core\v1.8.20\Xray-win7-32.zip             | LOCAL=cd6465f8196744f0e6f2835a7da13281c6fff01a731c79f0d97e4fa91bac242a REMOTE=LOST
[1464/3625] Checking is LOST | E:\01.userData\ZhuoMian\Github_Releases_批量下载 xray\Xray-core\v1.8.20\Xray-win7-64.zip             | LOCAL=cf95238d018af82fcc374deecdee66c54898e861d4a427709acacfec5833704d REMOTE=LOST
[1465/3625] Checking is LOST | E:\01.userData\ZhuoMian\Github_Releases_批量下载 xray\Xray-core\v1.8.20\Xray-windows-32.zip          | LOCAL=25b5c5651700a712dd0611e45a5c4873be8a1669b241a6650fff441d15d23d20 REMOTE=LOST
[1466/3625] Checking is LOST | E:\01.userData\ZhuoMian\Github_Releases_批量下载 xray\Xray-core\v1.8.20\Xray-windows-64.zip          | LOCAL=8a279bebca172fa0d4a928cd2c933ea5db9913d5f4bba1f8bccd0fb4cdad5fb0 REMOTE=LOST
[1467/3625] Checking is LOST | E:\01.userData\ZhuoMian\Github_Releases_批量下载 xray\Xray-core\v1.8.20\Xray-windows-arm32-v7a.zip   | LOCAL=d3449701b64e46d3ffcdb7b20868ce4a72cd9568b1d08e830b45f7dbd4c1dad1 REMOTE=LOST
[1468/3625] Checking is LOST | E:\01.userData\ZhuoMian\Github_Releases_批量下载 xray\Xray-core\v1.8.20\Xray-windows-arm64-v8a.zip   | LOCAL=1da79d4147646fc6398f21ec0ec13871f20796ab337b739e195e47cfa41e1855 REMOTE=LOST
[1469/3625] Checking is LOST | E:\01.userData\ZhuoMian\Github_Releases_批量下载 xray\Xray-core\v1.8.21\Xray-android-arm64-v8a.zip   | LOCAL=1564a78270dce110b544472b344e607d7157f8edbc42df3dbe35a41e985d8205 REMOTE=LOST
[1470/3625] Checking is LOST | E:\01.userData\ZhuoMian\Github_Releases_批量下载 xray\Xray-core\v1.8.21\Xray-freebsd-32.zip          | LOCAL=69de724081ea428cbb3d5352ceb11f2fbed093e733a022f4af2f4db02af30f13 REMOTE=LOST
[1471/3625] Checking is LOST | E:\01.userData\ZhuoMian\Github_Releases_批量下载 xray\Xray-core\v1.8.21\Xray-freebsd-64.zip          | LOCAL=1560f99ecd53acd7a68515f78da12372b4581eb592da912b8e832f58ca7d7df8 REMOTE=LOST
[1472/3625] Checking is LOST | E:\01.userData\ZhuoMian\Github_Releases_批量下载 xray\Xray-core\v1.8.21\Xray-freebsd-arm32-v7a.zip   | LOCAL=78c9f80645d695fe4fe9eea1f2c124f276d9a5a41fb2be1a9c5faecd4d26e54e REMOTE=LOST
[1473/3625] Checking is LOST | E:\01.userData\ZhuoMian\Github_Releases_批量下载 xray\Xray-core\v1.8.21\Xray-freebsd-arm64-v8a.zip   | LOCAL=fd51a22b3536aff93027b2ca7b07e70e5467125eaca2f9b08aee2549a433035d REMOTE=LOST
[1474/3625] Checking is LOST | E:\01.userData\ZhuoMian\Github_Releases_批量下载 xray\Xray-core\v1.8.21\Xray-linux-32.zip            | LOCAL=5e6ad24726deb1313d0f867ab082a4830af3d5267975024ada922b35de06f181 REMOTE=LOST
[1475/3625] Checking is LOST | E:\01.userData\ZhuoMian\Github_Releases_批量下载 xray\Xray-core\v1.8.21\Xray-linux-64.zip            | LOCAL=96e2b9499f17711ef17564c625927ff11a20b8f4190ce0351c00ba26a77e407c REMOTE=LOST
[1476/3625] Checking is LOST | E:\01.userData\ZhuoMian\Github_Releases_批量下载 xray\Xray-core\v1.8.21\Xray-linux-arm32-v5.zip      | LOCAL=5d519181b9b9a887c3e16ba88ae33c8aa50667987f2af1454b632121a70cc828 REMOTE=LOST
[1477/3625] Checking is LOST | E:\01.userData\ZhuoMian\Github_Releases_批量下载 xray\Xray-core\v1.8.21\Xray-linux-arm32-v6.zip      | LOCAL=11aa85d8ea5ef4b25e55f913e4ececce7e454b29b90f7e0857df66475f75b79d REMOTE=LOST
[1478/3625] Checking is LOST | E:\01.userData\ZhuoMian\Github_Releases_批量下载 xray\Xray-core\v1.8.21\Xray-linux-arm32-v7a.zip     | LOCAL=c7c1747f825e9bd95765606390e8174ff5ebb225fcd50c6568c2da71f33ea81a REMOTE=LOST
[1479/3625] Checking is LOST | E:\01.userData\ZhuoMian\Github_Releases_批量下载 xray\Xray-core\v1.8.21\Xray-linux-arm64-v8a.zip     | LOCAL=6caf0a6324c318f2fdacfa689fdae3a8e36f4b367268b2c7f4d6014586fe1027 REMOTE=LOST
[1480/3625] Checking is LOST | E:\01.userData\ZhuoMian\Github_Releases_批量下载 xray\Xray-core\v1.8.21\Xray-linux-loong64.zip       | LOCAL=1acccec428f5f416e080e082d27236516f27ffd53c9971c8c540c94cd8c0fe6c REMOTE=LOST
[1481/3625] Checking is LOST | E:\01.userData\ZhuoMian\Github_Releases_批量下载 xray\Xray-core\v1.8.21\Xray-linux-mips32.zip        | LOCAL=638497d234b9c078705dca0694964fa824740a4f5710fdadb6190f6835a1cae9 REMOTE=LOST
[1482/3625] Checking is LOST | E:\01.userData\ZhuoMian\Github_Releases_批量下载 xray\Xray-core\v1.8.21\Xray-linux-mips32le.zip      | LOCAL=1596b58b4759248b35c8e3ed91ae1fb852af756250685a945f2e47b3d37e8d14 REMOTE=LOST
[1483/3625] Checking is LOST | E:\01.userData\ZhuoMian\Github_Releases_批量下载 xray\Xray-core\v1.8.21\Xray-linux-mips64.zip        | LOCAL=7c09a9a6d2ce6e98b9e4fbdd19f847279b574af21ad7f4d91474fbd33e2722ce REMOTE=LOST
[1484/3625] Checking is LOST | E:\01.userData\ZhuoMian\Github_Releases_批量下载 xray\Xray-core\v1.8.21\Xray-linux-mips64le.zip      | LOCAL=a523b458be8010da4d92fac5f22a0de076c172d7c8d972286b8e3f5759e540c9 REMOTE=LOST
[1485/3625] Checking is LOST | E:\01.userData\ZhuoMian\Github_Releases_批量下载 xray\Xray-core\v1.8.21\Xray-linux-ppc64.zip         | LOCAL=6e97aa73fdaeb576bc0d9a936a3d2c680ee6fa713f38b64b5d9e9e27092e177a REMOTE=LOST
[1486/3625] Checking is LOST | E:\01.userData\ZhuoMian\Github_Releases_批量下载 xray\Xray-core\v1.8.21\Xray-linux-ppc64le.zip       | LOCAL=0e97d8dcba50a37a9fb9302284e61dd76c6e5e97445bd18c6539355076197fe6 REMOTE=LOST
[1487/3625] Checking is LOST | E:\01.userData\ZhuoMian\Github_Releases_批量下载 xray\Xray-core\v1.8.21\Xray-linux-riscv64.zip       | LOCAL=1ef88e8dfd64b3cc40ac59bac6200c4214a0008e025194fdaa714c7cdf976344 REMOTE=LOST
[1488/3625] Checking is LOST | E:\01.userData\ZhuoMian\Github_Releases_批量下载 xray\Xray-core\v1.8.21\Xray-linux-s390x.zip         | LOCAL=1403e6089ae7b239158fc1f3cd2d51e4ec48561019db77946afa2ba726e50238 REMOTE=LOST
[1489/3625] Checking is LOST | E:\01.userData\ZhuoMian\Github_Releases_批量下载 xray\Xray-core\v1.8.21\Xray-macos-64.zip            | LOCAL=2d99fcce05c1f332f1e44d12018d4c06744551913e2d18d51e4b7235225f90d5 REMOTE=LOST
[1490/3625] Checking is LOST | E:\01.userData\ZhuoMian\Github_Releases_批量下载 xray\Xray-core\v1.8.21\Xray-macos-arm64-v8a.zip     | LOCAL=5fb63ec9b2b28f23f78a9c2f07a6324dd506121366d1d160517c5920cc73c879 REMOTE=LOST
[1491/3625] Checking is LOST | E:\01.userData\ZhuoMian\Github_Releases_批量下载 xray\Xray-core\v1.8.21\Xray-openbsd-32.zip          | LOCAL=8166ca77a917decdd08aeabc7decc1f043f5fa5ceaf1144268169b1065b73d36 REMOTE=LOST
[1492/3625] Checking is LOST | E:\01.userData\ZhuoMian\Github_Releases_批量下载 xray\Xray-core\v1.8.21\Xray-openbsd-64.zip          | LOCAL=f55c66949950cecd08cd0fc5a594fdb5c1a3137736df8dabf4070e7f9f92db36 REMOTE=LOST
[1493/3625] Checking is LOST | E:\01.userData\ZhuoMian\Github_Releases_批量下载 xray\Xray-core\v1.8.21\Xray-openbsd-arm32-v7a.zip   | LOCAL=542fd2babc96fff409cc4d2c845152ef814636f572565c334cf2ecfa20383e55 REMOTE=LOST
[1494/3625] Checking is LOST | E:\01.userData\ZhuoMian\Github_Releases_批量下载 xray\Xray-core\v1.8.21\Xray-openbsd-arm64-v8a.zip   | LOCAL=60ade0797a4d5479285ae5984f530562f004990619844552049a981fc6eeddcc REMOTE=LOST
[1495/3625] Checking is LOST | E:\01.userData\ZhuoMian\Github_Releases_批量下载 xray\Xray-core\v1.8.21\Xray-win7-32.zip             | LOCAL=900f4657451766b91c627d4eb5846c474ebcb87cc7862d4fa1783a89e5834dea REMOTE=LOST
[1496/3625] Checking is LOST | E:\01.userData\ZhuoMian\Github_Releases_批量下载 xray\Xray-core\v1.8.21\Xray-win7-64.zip             | LOCAL=710551e4c1125ae763da00e94be356f1690bf46154ecdc114156fbfaa3be36b7 REMOTE=LOST
[1497/3625] Checking is LOST | E:\01.userData\ZhuoMian\Github_Releases_批量下载 xray\Xray-core\v1.8.21\Xray-windows-32.zip          | LOCAL=cc5513f6df884e89289b364bd3938739343d83fed0ed0d5f4f68b099f5bd05dc REMOTE=LOST
[1498/3625] Checking is LOST | E:\01.userData\ZhuoMian\Github_Releases_批量下载 xray\Xray-core\v1.8.21\Xray-windows-64.zip          | LOCAL=3d783dd218fada50c73257ec919bb528c5b1dbda5576b32e6d0f2d80e412a539 REMOTE=LOST
[1499/3625] Checking is LOST | E:\01.userData\ZhuoMian\Github_Releases_批量下载 xray\Xray-core\v1.8.21\Xray-windows-arm32-v7a.zip   | LOCAL=1a846423d8bf79d35a045d0915f87f61888032bdb1ee1844f2d489ac6fc525bb REMOTE=LOST
[1500/3625] Checking is LOST | E:\01.userData\ZhuoMian\Github_Releases_批量下载 xray\Xray-core\v1.8.21\Xray-windows-arm64-v8a.zip   | LOCAL=19ad31abee22918e3cb213c26474a1e22a1e03adaeccf90941c40c441c739873 REMOTE=LOST
[1501/3625] Checking is LOST | E:\01.userData\ZhuoMian\Github_Releases_批量下载 xray\Xray-core\v1.8.23\Xray-android-arm64-v8a.zip   | LOCAL=2cb9631f75448dc9eeeab2e478a1e9a0df4ba78845a29f7cb9da916d04b42375 REMOTE=LOST
[1502/3625] Checking is LOST | E:\01.userData\ZhuoMian\Github_Releases_批量下载 xray\Xray-core\v1.8.23\Xray-freebsd-32.zip          | LOCAL=3279644b38a80af177e438500953cff799320f672eefd7148e9c24a2ca9a437c REMOTE=LOST
[1503/3625] Checking is LOST | E:\01.userData\ZhuoMian\Github_Releases_批量下载 xray\Xray-core\v1.8.23\Xray-freebsd-64.zip          | LOCAL=03216e8e5e1a1c5190b52b6fae82a84a061877079d8cb34e35696dca001d78d2 REMOTE=LOST
[1504/3625] Checking is LOST | E:\01.userData\ZhuoMian\Github_Releases_批量下载 xray\Xray-core\v1.8.23\Xray-freebsd-arm32-v7a.zip   | LOCAL=8a149a2c20e21e7d0aa1d1c09e1ed9896c8b4581e68667a764f9ca10a57d5373 REMOTE=LOST
[1505/3625] Checking is LOST | E:\01.userData\ZhuoMian\Github_Releases_批量下载 xray\Xray-core\v1.8.23\Xray-freebsd-arm64-v8a.zip   | LOCAL=6e612dd6c6480260d0de454d9d7a0f19ec9fb5fd142ee032c08f33198a3c3823 REMOTE=LOST
[1506/3625] Checking is LOST | E:\01.userData\ZhuoMian\Github_Releases_批量下载 xray\Xray-core\v1.8.23\Xray-linux-32.zip            | LOCAL=fb868bf9c0f9b0723fae0b5b993ebfd15e3c5767c02aa8c400ec1a46cc3dfd3f REMOTE=LOST
[1507/3625] Checking is LOST | E:\01.userData\ZhuoMian\Github_Releases_批量下载 xray\Xray-core\v1.8.23\Xray-linux-64.zip            | LOCAL=b36f0e2991cfcf4b4ebf429becade8c2872e8149c5ad1e3e79a583b261c1efe8 REMOTE=LOST
[1508/3625] Checking is LOST | E:\01.userData\ZhuoMian\Github_Releases_批量下载 xray\Xray-core\v1.8.23\Xray-linux-arm32-v5.zip      | LOCAL=a3f0e83a9eaee87a3b60de8e3a679e0019b4556480756fe9e6dd726c6ef04424 REMOTE=LOST
[1509/3625] Checking is LOST | E:\01.userData\ZhuoMian\Github_Releases_批量下载 xray\Xray-core\v1.8.23\Xray-linux-arm32-v6.zip      | LOCAL=ee290cbebde53617b14a704c94fe9b57ca64fa469a52669155e22827717f1107 REMOTE=LOST
[1510/3625] Checking is LOST | E:\01.userData\ZhuoMian\Github_Releases_批量下载 xray\Xray-core\v1.8.23\Xray-linux-arm32-v7a.zip     | LOCAL=0ff662957476c6f3263387e6453a4fa74130ffd6f09bff5f7820a84e1fc4da2d REMOTE=LOST
[1511/3625] Checking is LOST | E:\01.userData\ZhuoMian\Github_Releases_批量下载 xray\Xray-core\v1.8.23\Xray-linux-arm64-v8a.zip     | LOCAL=951790b1bb215a09b8f193fbcc7e74a86a814d53da30a5b0e4873787d823585c REMOTE=LOST
[1512/3625] Checking is LOST | E:\01.userData\ZhuoMian\Github_Releases_批量下载 xray\Xray-core\v1.8.23\Xray-linux-loong64.zip       | LOCAL=53e578aa8bf60212483e4afc48b3176792b92e4bcec1d038d4ad371f62030d17 REMOTE=LOST
[1513/3625] Checking is LOST | E:\01.userData\ZhuoMian\Github_Releases_批量下载 xray\Xray-core\v1.8.23\Xray-linux-mips32.zip        | LOCAL=62a786182702d3ce7ef3b47c32eba2acdd8e1c4f05adacc892907b74d3f286e1 REMOTE=LOST
[1514/3625] Checking is LOST | E:\01.userData\ZhuoMian\Github_Releases_批量下载 xray\Xray-core\v1.8.23\Xray-linux-mips32le.zip      | LOCAL=ab4480e8199887595125637723a667953c4b40fda06e0ac57a97ae303ed77e4d REMOTE=LOST
[1515/3625] Checking is LOST | E:\01.userData\ZhuoMian\Github_Releases_批量下载 xray\Xray-core\v1.8.23\Xray-linux-mips64.zip        | LOCAL=3c1e4b39d6405df92eb1df923c1ab351d97a7ff7915846a708f7c8cf52aa740b REMOTE=LOST
[1516/3625] Checking is LOST | E:\01.userData\ZhuoMian\Github_Releases_批量下载 xray\Xray-core\v1.8.23\Xray-linux-mips64le.zip      | LOCAL=02dab5071a7ff3943a45f65b478a20b47c560f2785ed7bc2039ff0bfd6f083b7 REMOTE=LOST
[1517/3625] Checking is LOST | E:\01.userData\ZhuoMian\Github_Releases_批量下载 xray\Xray-core\v1.8.23\Xray-linux-ppc64.zip         | LOCAL=da0cb181415ab7904ccea5f811751fa667c0f79e49b7fac189132d943931e711 REMOTE=LOST
[1518/3625] Checking is LOST | E:\01.userData\ZhuoMian\Github_Releases_批量下载 xray\Xray-core\v1.8.23\Xray-linux-ppc64le.zip       | LOCAL=4f9a7987d8ba937be5f7e123d681c44123cd96733b1259b8837dbbe4ae4b8e06 REMOTE=LOST
[1519/3625] Checking is LOST | E:\01.userData\ZhuoMian\Github_Releases_批量下载 xray\Xray-core\v1.8.23\Xray-linux-riscv64.zip       | LOCAL=3cb40795fd406d11b0b2055819470b00084cf227581a94e30115226c90f7a813 REMOTE=LOST
[1520/3625] Checking is LOST | E:\01.userData\ZhuoMian\Github_Releases_批量下载 xray\Xray-core\v1.8.23\Xray-linux-s390x.zip         | LOCAL=d32296a3b3bbe2ff0c299e41607c556633b5ad3d90358af46fa31b880bffee63 REMOTE=LOST
[1521/3625] Checking is LOST | E:\01.userData\ZhuoMian\Github_Releases_批量下载 xray\Xray-core\v1.8.23\Xray-macos-64.zip            | LOCAL=b79ab58edd1a68e6ad49995a7bff9ce06b827868272c75c25cca809ea626ec11 REMOTE=LOST
[1522/3625] Checking is LOST | E:\01.userData\ZhuoMian\Github_Releases_批量下载 xray\Xray-core\v1.8.23\Xray-macos-arm64-v8a.zip     | LOCAL=2e32455826a3be797cfa589a0a63760ef0090a61fde05b9bd76f744d6e05064c REMOTE=LOST
[1523/3625] Checking is LOST | E:\01.userData\ZhuoMian\Github_Releases_批量下载 xray\Xray-core\v1.8.23\Xray-openbsd-32.zip          | LOCAL=097556ea802570bc0b7f1326427f71880fdd56f737ad57515cc5a0ff1ed9e658 REMOTE=LOST
[1524/3625] Checking is LOST | E:\01.userData\ZhuoMian\Github_Releases_批量下载 xray\Xray-core\v1.8.23\Xray-openbsd-64.zip          | LOCAL=9550259a0d693b6174a7c5b30066ea018aba0b42d371f646478973a900580c03 REMOTE=LOST
[1525/3625] Checking is LOST | E:\01.userData\ZhuoMian\Github_Releases_批量下载 xray\Xray-core\v1.8.23\Xray-openbsd-arm32-v7a.zip   | LOCAL=33722ec7c619d86f9f6e17468b6c9ed19e2f55bf20e6c2e1b60510fdf75c93ab REMOTE=LOST
[1526/3625] Checking is LOST | E:\01.userData\ZhuoMian\Github_Releases_批量下载 xray\Xray-core\v1.8.23\Xray-openbsd-arm64-v8a.zip   | LOCAL=ecb0fa5a15b7032475b1e10686061c879b21ec4cfb4e294b3518fc58f6b81034 REMOTE=LOST
[1527/3625] Checking is LOST | E:\01.userData\ZhuoMian\Github_Releases_批量下载 xray\Xray-core\v1.8.23\Xray-win7-32.zip             | LOCAL=49f2a0de58beb94c71e9119b9afa3f99c0aeaa5c1d9b6e2f2a30ad9e79de4f75 REMOTE=LOST
[1528/3625] Checking is LOST | E:\01.userData\ZhuoMian\Github_Releases_批量下载 xray\Xray-core\v1.8.23\Xray-win7-64.zip             | LOCAL=ffa06fd3a1de223ed3b128893cdd7d061b901320e2179b9f8f9d96cdde470018 REMOTE=LOST
[1529/3625] Checking is LOST | E:\01.userData\ZhuoMian\Github_Releases_批量下载 xray\Xray-core\v1.8.23\Xray-windows-32.zip          | LOCAL=871baab55d17847a61541224fec52dffcd0cd633916598580d25da6b6e7d2372 REMOTE=LOST
[1530/3625] Checking is LOST | E:\01.userData\ZhuoMian\Github_Releases_批量下载 xray\Xray-core\v1.8.23\Xray-windows-64.zip          | LOCAL=2544f688b04afd1cdd09a90d926c1789db48570e968b9f93f021a112b0bf31bb REMOTE=LOST
[1531/3625] Checking is LOST | E:\01.userData\ZhuoMian\Github_Releases_批量下载 xray\Xray-core\v1.8.23\Xray-windows-arm32-v7a.zip   | LOCAL=e61b9481e923394182d064a08e9f0e6d038a73c59210974ebe818299cad93ab8 REMOTE=LOST
[1532/3625] Checking is LOST | E:\01.userData\ZhuoMian\Github_Releases_批量下载 xray\Xray-core\v1.8.23\Xray-windows-arm64-v8a.zip   | LOCAL=06aba158a6cc6deff9a551c62e07189a646c23ea91a29b24883f2ea23bfabcc2 REMOTE=LOST
[1533/3625] Checking is LOST | E:\01.userData\ZhuoMian\Github_Releases_批量下载 xray\Xray-core\v1.8.24\Xray-android-arm64-v8a.zip   | LOCAL=f89bbc7e293b3e7eb479fd82ee373a2c4301ee1b81ba2764f95600f7994fac2d REMOTE=LOST
[1534/3625] Checking is LOST | E:\01.userData\ZhuoMian\Github_Releases_批量下载 xray\Xray-core\v1.8.24\Xray-freebsd-32.zip          | LOCAL=aee3212498f7967657aade3b004ebb53f511478b2fc3d051ee142e53b1fcd107 REMOTE=LOST
[1535/3625] Checking is LOST | E:\01.userData\ZhuoMian\Github_Releases_批量下载 xray\Xray-core\v1.8.24\Xray-freebsd-64.zip          | LOCAL=fb20b1d5f307ff78dff6e6c24621e64638bc99bc4a4bde9b65e65312a645213a REMOTE=LOST
[1536/3625] Checking is LOST | E:\01.userData\ZhuoMian\Github_Releases_批量下载 xray\Xray-core\v1.8.24\Xray-freebsd-arm32-v7a.zip   | LOCAL=1014d8ba36cac36b3dae7cdea33d6cdc3deee0e94001a33175db84953d7d0a53 REMOTE=LOST
[1537/3625] Checking is LOST | E:\01.userData\ZhuoMian\Github_Releases_批量下载 xray\Xray-core\v1.8.24\Xray-freebsd-arm64-v8a.zip   | LOCAL=cd189d1416d6841e4800a9514653fa92e45bb4d835051af3c8645788e64c4a30 REMOTE=LOST
[1538/3625] Checking is LOST | E:\01.userData\ZhuoMian\Github_Releases_批量下载 xray\Xray-core\v1.8.24\Xray-linux-32.zip            | LOCAL=c287850e127b4e83906eed99ad8d9dfedc1228f54a7a59b166fcd9433deb61d9 REMOTE=LOST
[1539/3625] Checking is LOST | E:\01.userData\ZhuoMian\Github_Releases_批量下载 xray\Xray-core\v1.8.24\Xray-linux-64.zip            | LOCAL=47a860787e823474a358d6bca536547df6dd08b69c6de482ea92a9e7e8f8969c REMOTE=LOST
[1540/3625] Checking is LOST | E:\01.userData\ZhuoMian\Github_Releases_批量下载 xray\Xray-core\v1.8.24\Xray-linux-arm32-v5.zip      | LOCAL=62d4641cad7946973475ca6accf4c5301b0b698d465df5d47ab0a26d57f1a2d5 REMOTE=LOST
[1541/3625] Checking is LOST | E:\01.userData\ZhuoMian\Github_Releases_批量下载 xray\Xray-core\v1.8.24\Xray-linux-arm32-v6.zip      | LOCAL=be284e6978a1265ab648e7b34d82f1f51cd62f577e6f6c640738163ac21cef2d REMOTE=LOST
[1542/3625] Checking is LOST | E:\01.userData\ZhuoMian\Github_Releases_批量下载 xray\Xray-core\v1.8.24\Xray-linux-arm32-v7a.zip     | LOCAL=ba44ec0c38eee0690c96610a50c82728c4e528d4fb8ec42b0e28f783bd6ac3e3 REMOTE=LOST
[1543/3625] Checking is LOST | E:\01.userData\ZhuoMian\Github_Releases_批量下载 xray\Xray-core\v1.8.24\Xray-linux-arm64-v8a.zip     | LOCAL=82939febc98c2738dd78e931a69967f9c16b771bd20f313bfc0629bacd13bab6 REMOTE=LOST
[1544/3625] Checking is LOST | E:\01.userData\ZhuoMian\Github_Releases_批量下载 xray\Xray-core\v1.8.24\Xray-linux-loong64.zip       | LOCAL=6cdf6820befdee28013072669f832f90295b187cb76ba32c91ed79e003a448d2 REMOTE=LOST
[1545/3625] Checking is LOST | E:\01.userData\ZhuoMian\Github_Releases_批量下载 xray\Xray-core\v1.8.24\Xray-linux-mips32.zip        | LOCAL=d760cc68abb9f21feebd78210b9c03a91c2bf0cf9ef83a2c8d66c166011b6b0b REMOTE=LOST
[1546/3625] Checking is LOST | E:\01.userData\ZhuoMian\Github_Releases_批量下载 xray\Xray-core\v1.8.24\Xray-linux-mips32le.zip      | LOCAL=728511bcdf66be92422267aa412fa56cf243c5105a96e8d7a9938f73cb1399ef REMOTE=LOST
[1547/3625] Checking is LOST | E:\01.userData\ZhuoMian\Github_Releases_批量下载 xray\Xray-core\v1.8.24\Xray-linux-mips64.zip        | LOCAL=f10bff26546fb32df3e24d2c26033ae0baec3ab55cafcc40d8ac59ed50112357 REMOTE=LOST
[1548/3625] Checking is LOST | E:\01.userData\ZhuoMian\Github_Releases_批量下载 xray\Xray-core\v1.8.24\Xray-linux-mips64le.zip      | LOCAL=fdacfdb5527690d5df5e0d62a85a926bd2d50d77a7e0dc15dbd172ee8b15fc86 REMOTE=LOST
[1549/3625] Checking is LOST | E:\01.userData\ZhuoMian\Github_Releases_批量下载 xray\Xray-core\v1.8.24\Xray-linux-ppc64.zip         | LOCAL=34e800f846c5b5dd29975be48078e61543e3ef12e2c0c770544f3016e91a60e8 REMOTE=LOST
[1550/3625] Checking is LOST | E:\01.userData\ZhuoMian\Github_Releases_批量下载 xray\Xray-core\v1.8.24\Xray-linux-ppc64le.zip       | LOCAL=d250490bdbc1f4870a19ef314d849222c5c4e07fe43761a5d8cc05fa66af4508 REMOTE=LOST
[1551/3625] Checking is LOST | E:\01.userData\ZhuoMian\Github_Releases_批量下载 xray\Xray-core\v1.8.24\Xray-linux-riscv64.zip       | LOCAL=763d33c708d2b2e0a6109ca224cd315c60920c37f574ef9b31d6b3c0bc40b79d REMOTE=LOST
[1552/3625] Checking is LOST | E:\01.userData\ZhuoMian\Github_Releases_批量下载 xray\Xray-core\v1.8.24\Xray-linux-s390x.zip         | LOCAL=823f4285326b7ac4398681168b81009186d69fd59bc4906418b0e82cba105587 REMOTE=LOST
[1553/3625] Checking is LOST | E:\01.userData\ZhuoMian\Github_Releases_批量下载 xray\Xray-core\v1.8.24\Xray-macos-64.zip            | LOCAL=d1b4ccfede6813cb9fe40e9eb7fd504352e4ea66f2a371341650d0be266e19ec REMOTE=LOST
[1554/3625] Checking is LOST | E:\01.userData\ZhuoMian\Github_Releases_批量下载 xray\Xray-core\v1.8.24\Xray-macos-arm64-v8a.zip     | LOCAL=bb033a6e094a6cbb2f6e2c9a8b8c370678e3b9035e4e5bd42cbf44b06f0bc91a REMOTE=LOST
[1555/3625] Checking is LOST | E:\01.userData\ZhuoMian\Github_Releases_批量下载 xray\Xray-core\v1.8.24\Xray-openbsd-32.zip          | LOCAL=f06a1d1b11df24207e1bade9e6415679a8ac043700bda0570ccbde74d7ade7e0 REMOTE=LOST
[1556/3625] Checking is LOST | E:\01.userData\ZhuoMian\Github_Releases_批量下载 xray\Xray-core\v1.8.24\Xray-openbsd-64.zip          | LOCAL=91d86e8fa69f1bf8614d6a0c2973af49bc5fb423a2433ab56e810a8ca63a87d6 REMOTE=LOST
[1557/3625] Checking is LOST | E:\01.userData\ZhuoMian\Github_Releases_批量下载 xray\Xray-core\v1.8.24\Xray-openbsd-arm32-v7a.zip   | LOCAL=7b76da1256393cb89d3b7ba32907a8a5098582e1875a5f10db4c617cce336bd0 REMOTE=LOST
[1558/3625] Checking is LOST | E:\01.userData\ZhuoMian\Github_Releases_批量下载 xray\Xray-core\v1.8.24\Xray-openbsd-arm64-v8a.zip   | LOCAL=5e62cc2c7a2b7a4fe206e7dd1554cbb92b737d91eaef6435ed73f00b4007df09 REMOTE=LOST
[1559/3625] Checking is LOST | E:\01.userData\ZhuoMian\Github_Releases_批量下载 xray\Xray-core\v1.8.24\Xray-win7-32.zip             | LOCAL=0383d4e84957334e59f0fe28537a053f3371a75d1f28524d96b628606e46f022 REMOTE=LOST
[1560/3625] Checking is LOST | E:\01.userData\ZhuoMian\Github_Releases_批量下载 xray\Xray-core\v1.8.24\Xray-win7-64.zip             | LOCAL=b4f50f877775f5461ddb248676d39178bbe8c3383b556259e447dd8d055c9cd8 REMOTE=LOST
[1561/3625] Checking is LOST | E:\01.userData\ZhuoMian\Github_Releases_批量下载 xray\Xray-core\v1.8.24\Xray-windows-32.zip          | LOCAL=16aaf11d4da3703452b509681eaaa8320fa9af5c8a9c4242bbc385f52fbb0740 REMOTE=LOST
[1562/3625] Checking is LOST | E:\01.userData\ZhuoMian\Github_Releases_批量下载 xray\Xray-core\v1.8.24\Xray-windows-64.zip          | LOCAL=f932f83870bb539b9bd075540142c7a9e1a8ababb4fc1460fd2098fa491b89dc REMOTE=LOST
[1563/3625] Checking is LOST | E:\01.userData\ZhuoMian\Github_Releases_批量下载 xray\Xray-core\v1.8.24\Xray-windows-arm32-v7a.zip   | LOCAL=615f43cd3ea18f80f092ef626bd52f1a957e7aa050b383ba8fb143c9cf5ca918 REMOTE=LOST
[1564/3625] Checking is LOST | E:\01.userData\ZhuoMian\Github_Releases_批量下载 xray\Xray-core\v1.8.24\Xray-windows-arm64-v8a.zip   | LOCAL=41f56de5df3929688a024c53928c9f133fc08f75878dbe4c96c42f680311e5db REMOTE=LOST
[1565/3625] Checking is LOST | E:\01.userData\ZhuoMian\Github_Releases_批量下载 xray\Xray-core\v1.8.3\Xray-android-arm64-v8a.zip    | LOCAL=3377ec133bba31357593c65046b960301def2bf30b94c285851c73569d817989 REMOTE=LOST
[1566/3625] Checking is LOST | E:\01.userData\ZhuoMian\Github_Releases_批量下载 xray\Xray-core\v1.8.3\Xray-dragonfly-64.zip         | LOCAL=f113be2c637d56f21abc9c0473ddf0513c9690197ae3128a932c4ae067fa18f8 REMOTE=LOST
[1567/3625] Checking is LOST | E:\01.userData\ZhuoMian\Github_Releases_批量下载 xray\Xray-core\v1.8.3\Xray-freebsd-32.zip           | LOCAL=fba22f764e3eb8d319d3201896d01680c05b09ec09c0f624447061a520a8bbf8 REMOTE=LOST
[1568/3625] Checking is LOST | E:\01.userData\ZhuoMian\Github_Releases_批量下载 xray\Xray-core\v1.8.3\Xray-freebsd-64.zip           | LOCAL=ed0e3f5e357b9dd7152a42a198f44b7cf0a9e78ef47509e62bec80922dd3636c REMOTE=LOST
[1569/3625] Checking is LOST | E:\01.userData\ZhuoMian\Github_Releases_批量下载 xray\Xray-core\v1.8.3\Xray-freebsd-arm32-v7a.zip    | LOCAL=93720a26fc7b41daf4bdaabd5593d019d74dfeb242e646e8bc367f220d1a444e REMOTE=LOST
[1570/3625] Checking is LOST | E:\01.userData\ZhuoMian\Github_Releases_批量下载 xray\Xray-core\v1.8.3\Xray-freebsd-arm64-v8a.zip    | LOCAL=7fd654c12722207814794444a5a2c61bfd9b83d13c202b48cd1b2b79e07433aa REMOTE=LOST
[1571/3625] Checking is LOST | E:\01.userData\ZhuoMian\Github_Releases_批量下载 xray\Xray-core\v1.8.3\Xray-linux-32.zip             | LOCAL=3e7cb60b63b79411d52f58236073a7b60aedb707f61c1d4eef47203b01e290c8 REMOTE=LOST
[1572/3625] Checking is LOST | E:\01.userData\ZhuoMian\Github_Releases_批量下载 xray\Xray-core\v1.8.3\Xray-linux-64.zip             | LOCAL=858a2f819acd29d21109f83b06ace5188d88c6487af8475a898bdb6b5f618421 REMOTE=LOST
[1573/3625] Checking is LOST | E:\01.userData\ZhuoMian\Github_Releases_批量下载 xray\Xray-core\v1.8.3\Xray-linux-arm32-v5.zip       | LOCAL=2327feb1ac08bc5850202b29a6e909ab8d4d09440810298953bf6f4a87e57c5e REMOTE=LOST
[1574/3625] Checking is LOST | E:\01.userData\ZhuoMian\Github_Releases_批量下载 xray\Xray-core\v1.8.3\Xray-linux-arm32-v6.zip       | LOCAL=e7c6f80d2f8eb4f0459abd08565985af830c5594767b85e87a263d297acf5a06 REMOTE=LOST
[1575/3625] Checking is LOST | E:\01.userData\ZhuoMian\Github_Releases_批量下载 xray\Xray-core\v1.8.3\Xray-linux-arm32-v7a.zip      | LOCAL=e625de4d951486aa4ad309320e3e4bbd81b26ac59c204582a64ce1dad10ee965 REMOTE=LOST
[1576/3625] Checking is LOST | E:\01.userData\ZhuoMian\Github_Releases_批量下载 xray\Xray-core\v1.8.3\Xray-linux-arm64-v8a.zip      | LOCAL=64a2a670885490692054f36763fddac185486be334672743229969090b6f6ed3 REMOTE=LOST
[1577/3625] Checking is LOST | E:\01.userData\ZhuoMian\Github_Releases_批量下载 xray\Xray-core\v1.8.3\Xray-linux-mips32.zip         | LOCAL=505ea7974cc3d7546d62cfeb46525b470f28f363720d2ac747c15f57c89d443e REMOTE=LOST
[1578/3625] Checking is LOST | E:\01.userData\ZhuoMian\Github_Releases_批量下载 xray\Xray-core\v1.8.3\Xray-linux-mips32le.zip       | LOCAL=d1833201ce25940a6ca471aec305e4e9ef75cb20429107b85ffb03f37c68fae5 REMOTE=LOST
[1579/3625] Checking is LOST | E:\01.userData\ZhuoMian\Github_Releases_批量下载 xray\Xray-core\v1.8.3\Xray-linux-mips64.zip         | LOCAL=82762bff7e0190a9ec3b8dcafc444312f253caffdc8f1b5dc49c13e10194ee55 REMOTE=LOST
[1580/3625] Checking is LOST | E:\01.userData\ZhuoMian\Github_Releases_批量下载 xray\Xray-core\v1.8.3\Xray-linux-mips64le.zip       | LOCAL=abff147148f5e7856bc5a11ccde81c5a575987ce748c7d7431766e593829f9a6 REMOTE=LOST
[1581/3625] Checking is LOST | E:\01.userData\ZhuoMian\Github_Releases_批量下载 xray\Xray-core\v1.8.3\Xray-linux-ppc64.zip          | LOCAL=6289bf2ee85cb0145944c0d5838b100534e95ddd60bacbf47d6538348efc99c1 REMOTE=LOST
[1582/3625] Checking is LOST | E:\01.userData\ZhuoMian\Github_Releases_批量下载 xray\Xray-core\v1.8.3\Xray-linux-ppc64le.zip        | LOCAL=1be27fa4079268b181dbe991b0c4c966b2b5dadcd4135591d58dc523f32dc9e7 REMOTE=LOST
[1583/3625] Checking is LOST | E:\01.userData\ZhuoMian\Github_Releases_批量下载 xray\Xray-core\v1.8.3\Xray-linux-riscv64.zip        | LOCAL=6f39ae6c8a078e1a77e73f9c483d279fc364ad86f71880581446860b0ab9c216 REMOTE=LOST
[1584/3625] Checking is LOST | E:\01.userData\ZhuoMian\Github_Releases_批量下载 xray\Xray-core\v1.8.3\Xray-linux-s390x.zip          | LOCAL=ac4548ec5d11cbb055f4fbd242519a63a15682c71cc5660ede3144f246aa86ea REMOTE=LOST
[1585/3625] Checking is LOST | E:\01.userData\ZhuoMian\Github_Releases_批量下载 xray\Xray-core\v1.8.3\Xray-macos-64.zip             | LOCAL=924b2c314691ca0e5727ba08833b7114f9b0fed72aaefbfdc983d4019fcb9098 REMOTE=LOST
[1586/3625] Checking is LOST | E:\01.userData\ZhuoMian\Github_Releases_批量下载 xray\Xray-core\v1.8.3\Xray-macos-arm64-v8a.zip      | LOCAL=7b51481061906293757cebbe4aa5393de43a25c4f2006ba2f0759b4789842bdd REMOTE=LOST
[1587/3625] Checking is LOST | E:\01.userData\ZhuoMian\Github_Releases_批量下载 xray\Xray-core\v1.8.3\Xray-openbsd-32.zip           | LOCAL=579271a28f5ae64afcfe5f0118e655f55b7ee24536b42d01664cde3340fd14de REMOTE=LOST
[1588/3625] Checking is LOST | E:\01.userData\ZhuoMian\Github_Releases_批量下载 xray\Xray-core\v1.8.3\Xray-openbsd-64.zip           | LOCAL=e989e1583da9653ea2bdfadb04537fd7ed4b98a5540a8c036e42b2bfb358654f REMOTE=LOST
[1589/3625] Checking is LOST | E:\01.userData\ZhuoMian\Github_Releases_批量下载 xray\Xray-core\v1.8.3\Xray-openbsd-arm32-v7a.zip    | LOCAL=c9ae9a45a2e652e9beeecba72a37b2bebd1ce0ef3fe778a4cf3057ab762a16b1 REMOTE=LOST
[1590/3625] Checking is LOST | E:\01.userData\ZhuoMian\Github_Releases_批量下载 xray\Xray-core\v1.8.3\Xray-openbsd-arm64-v8a.zip    | LOCAL=e2db797e5c1b65e23275447e4989f44a82ee625b46ae95b712d5ed4438668002 REMOTE=LOST
[1591/3625] Checking is LOST | E:\01.userData\ZhuoMian\Github_Releases_批量下载 xray\Xray-core\v1.8.3\Xray-windows-32.zip           | LOCAL=b4f61dca369ffe286d96c16444d89712b14ba1147a6481ae184df2b17d1b1ad9 REMOTE=LOST
[1592/3625] Checking is LOST | E:\01.userData\ZhuoMian\Github_Releases_批量下载 xray\Xray-core\v1.8.3\Xray-windows-64.zip           | LOCAL=819a85548591c51c67a2b3e82a16776a7e6a5acf38ac69872b48729667f8f03e REMOTE=LOST
[1593/3625] Checking is LOST | E:\01.userData\ZhuoMian\Github_Releases_批量下载 xray\Xray-core\v1.8.3\Xray-windows-arm32-v7a.zip    | LOCAL=de30eb10d7073f370d9f223dd8d49aa154de1077889dee9d0c90cf97b6402ec7 REMOTE=LOST
[1594/3625] Checking is LOST | E:\01.userData\ZhuoMian\Github_Releases_批量下载 xray\Xray-core\v1.8.3\Xray-windows-arm64-v8a.zip    | LOCAL=7912e155abb7a0713de16649fcd42c40ccd8a0f25256cf552cc4c58007de5646 REMOTE=LOST
[1595/3625] Checking is LOST | E:\01.userData\ZhuoMian\Github_Releases_批量下载 xray\Xray-core\v1.8.4\Xray-android-arm64-v8a.zip    | LOCAL=a3ae378f36cb501a53c71d67eda82d3a24b334eca5cfbe8f624f00b139a5805d REMOTE=LOST
[1596/3625] Checking is LOST | E:\01.userData\ZhuoMian\Github_Releases_批量下载 xray\Xray-core\v1.8.4\Xray-dragonfly-64.zip         | LOCAL=fa478a5d38a01e7212f9fae12e1d88c6052822ff43d0c34b1c8b913672b428f9 REMOTE=LOST
[1597/3625] Checking is LOST | E:\01.userData\ZhuoMian\Github_Releases_批量下载 xray\Xray-core\v1.8.4\Xray-freebsd-32.zip           | LOCAL=94126ea72442b875e40d0cabd79f588559efba5ad3418466a1c9933d8a530180 REMOTE=LOST
[1598/3625] Checking is LOST | E:\01.userData\ZhuoMian\Github_Releases_批量下载 xray\Xray-core\v1.8.4\Xray-freebsd-64.zip           | LOCAL=a68a244c086ec91e03466dc38806c684e2f899eb3b5fac9fc57d34f243db87ae REMOTE=LOST
[1599/3625] Checking is LOST | E:\01.userData\ZhuoMian\Github_Releases_批量下载 xray\Xray-core\v1.8.4\Xray-freebsd-arm32-v7a.zip    | LOCAL=629e354ec45ba6361e4a46da8b6d08417e733895eedd8d7246993b87d0f49751 REMOTE=LOST
[1600/3625] Checking is LOST | E:\01.userData\ZhuoMian\Github_Releases_批量下载 xray\Xray-core\v1.8.4\Xray-freebsd-arm64-v8a.zip    | LOCAL=937443430116aa9dadc611d725585e377377d4b7627fcd2a0d8917d12214cdc0 REMOTE=LOST
[1601/3625] Checking is LOST | E:\01.userData\ZhuoMian\Github_Releases_批量下载 xray\Xray-core\v1.8.4\Xray-linux-32.zip             | LOCAL=da7b07d2cc241da7f5d9951732b0746b3733e8aafbf5bfdee5bc76c993ca0aae REMOTE=LOST
[1602/3625] Checking is LOST | E:\01.userData\ZhuoMian\Github_Releases_批量下载 xray\Xray-core\v1.8.4\Xray-linux-64.zip             | LOCAL=2a855f610008a598b88424435aefaee1df2c1b0fa1296d4f8f60080b528c9971 REMOTE=LOST
[1603/3625] Checking is LOST | E:\01.userData\ZhuoMian\Github_Releases_批量下载 xray\Xray-core\v1.8.4\Xray-linux-arm32-v5.zip       | LOCAL=a8eb5726a883b7884325afcd02a946c90413c44fddb9e10dc5a7eb1078c054c9 REMOTE=LOST
[1604/3625] Checking is LOST | E:\01.userData\ZhuoMian\Github_Releases_批量下载 xray\Xray-core\v1.8.4\Xray-linux-arm32-v6.zip       | LOCAL=df35d578fd2491e4c70cf1f0980b799c037ecb050b39b704a96e8d77d5cd0a8f REMOTE=LOST
[1605/3625] Checking is LOST | E:\01.userData\ZhuoMian\Github_Releases_批量下载 xray\Xray-core\v1.8.4\Xray-linux-arm32-v7a.zip      | LOCAL=09e4544546b4e2abaa4cfcc517ea858bc2dd7ce6cdb253026d5434b701cef485 REMOTE=LOST
[1606/3625] Checking is LOST | E:\01.userData\ZhuoMian\Github_Releases_批量下载 xray\Xray-core\v1.8.4\Xray-linux-arm64-v8a.zip      | LOCAL=be6b28548551d9fd357b147f74b163dfc14408e7f75cbf4ba788995dabc33d75 REMOTE=LOST
[1607/3625] Checking is LOST | E:\01.userData\ZhuoMian\Github_Releases_批量下载 xray\Xray-core\v1.8.4\Xray-linux-loong64.zip        | LOCAL=e771fe90436d00452586c18b198db3cb4f2c097363fb0901c19a706209c57692 REMOTE=LOST
[1608/3625] Checking is LOST | E:\01.userData\ZhuoMian\Github_Releases_批量下载 xray\Xray-core\v1.8.4\Xray-linux-mips32.zip         | LOCAL=3a010e929b9f1b07490e12649ebb5478c56e5d7a6e8cff265425004dec038fba REMOTE=LOST
[1609/3625] Checking is LOST | E:\01.userData\ZhuoMian\Github_Releases_批量下载 xray\Xray-core\v1.8.4\Xray-linux-mips32le.zip       | LOCAL=c69964ff6da638ee6645f6f381e8aa2ea6c9a1be8148299fda14c6c7c0d8c844 REMOTE=LOST
[1610/3625] Checking is LOST | E:\01.userData\ZhuoMian\Github_Releases_批量下载 xray\Xray-core\v1.8.4\Xray-linux-mips64.zip         | LOCAL=9e532dda28d6632a281313cbfed882321a1bd0a68644f1414a853449410ea439 REMOTE=LOST
[1611/3625] Checking is LOST | E:\01.userData\ZhuoMian\Github_Releases_批量下载 xray\Xray-core\v1.8.4\Xray-linux-mips64le.zip       | LOCAL=b4c1bd85c31606b727e1933b912ed6ff540e752bc4b682a199314e14de0604dc REMOTE=LOST
[1612/3625] Checking is LOST | E:\01.userData\ZhuoMian\Github_Releases_批量下载 xray\Xray-core\v1.8.4\Xray-linux-ppc64.zip          | LOCAL=9669eeca90030b9010567257b957b9d92e725236608eabfd5af45e5385cf7868 REMOTE=LOST
[1613/3625] Checking is LOST | E:\01.userData\ZhuoMian\Github_Releases_批量下载 xray\Xray-core\v1.8.4\Xray-linux-ppc64le.zip        | LOCAL=49a6afde35b7c95edf2703d16569e93dba9102a953f86eba496776cb6819edfb REMOTE=LOST
[1614/3625] Checking is LOST | E:\01.userData\ZhuoMian\Github_Releases_批量下载 xray\Xray-core\v1.8.4\Xray-linux-riscv64.zip        | LOCAL=2c7685821185c231ea100fe09c0823e1cb0ff1d47a52c521c78fb15facf68203 REMOTE=LOST
[1615/3625] Checking is LOST | E:\01.userData\ZhuoMian\Github_Releases_批量下载 xray\Xray-core\v1.8.4\Xray-linux-s390x.zip          | LOCAL=6ebe8c448b1a183dc584f92ff66c482c7bc332c88f9fd77cbefc1c8f77887613 REMOTE=LOST
[1616/3625] Checking is LOST | E:\01.userData\ZhuoMian\Github_Releases_批量下载 xray\Xray-core\v1.8.4\Xray-macos-64.zip             | LOCAL=251c9455fd2793072d534e180eae60844d3ec05566c22009e7a7b8abf93371fc REMOTE=LOST
[1617/3625] Checking is LOST | E:\01.userData\ZhuoMian\Github_Releases_批量下载 xray\Xray-core\v1.8.4\Xray-macos-arm64-v8a.zip      | LOCAL=3e060b08368c7739c71f27a9cc75e589953ebb7c5c729d85b4d99bcb9f8e7f34 REMOTE=LOST
[1618/3625] Checking is LOST | E:\01.userData\ZhuoMian\Github_Releases_批量下载 xray\Xray-core\v1.8.4\Xray-openbsd-32.zip           | LOCAL=31abdae47da06737b55e655b2ab19bd09ef11527565bdeee3af35b2c0e07c623 REMOTE=LOST
[1619/3625] Checking is LOST | E:\01.userData\ZhuoMian\Github_Releases_批量下载 xray\Xray-core\v1.8.4\Xray-openbsd-64.zip           | LOCAL=fb030e92ff509d32fa686bcfe7a35d310c6303df9e4a177b1784f24bff941e76 REMOTE=LOST
[1620/3625] Checking is LOST | E:\01.userData\ZhuoMian\Github_Releases_批量下载 xray\Xray-core\v1.8.4\Xray-openbsd-arm32-v7a.zip    | LOCAL=a0b61cddebd234d79aa8410fc775f234df9aaae5bd1357cc29315e786a6e4b34 REMOTE=LOST
[1621/3625] Checking is LOST | E:\01.userData\ZhuoMian\Github_Releases_批量下载 xray\Xray-core\v1.8.4\Xray-openbsd-arm64-v8a.zip    | LOCAL=5c82a54d2033d26f283ec09ed458b60d7ec664069a74909418c57f4d4397d801 REMOTE=LOST
[1622/3625] Checking is LOST | E:\01.userData\ZhuoMian\Github_Releases_批量下载 xray\Xray-core\v1.8.4\Xray-windows-32.zip           | LOCAL=88d530dfc2cbd59b26d60a6d7e6bac3a473bed52f86696458a0681e520564526 REMOTE=LOST
[1623/3625] Checking is LOST | E:\01.userData\ZhuoMian\Github_Releases_批量下载 xray\Xray-core\v1.8.4\Xray-windows-64.zip           | LOCAL=9f6225e2b818c12660001d550fb323acc25f4ce146489582aced40c206785d87 REMOTE=LOST
[1624/3625] Checking is LOST | E:\01.userData\ZhuoMian\Github_Releases_批量下载 xray\Xray-core\v1.8.4\Xray-windows-arm32-v7a.zip    | LOCAL=f126341ddd866bc2deb24e28c2081b448ac8ace55522242e27a71ccfea257457 REMOTE=LOST
[1625/3625] Checking is LOST | E:\01.userData\ZhuoMian\Github_Releases_批量下载 xray\Xray-core\v1.8.4\Xray-windows-arm64-v8a.zip    | LOCAL=3a190e4fcb14d9aa9fd3c7f353f711e45fb89bfd9bb1e6de461265d77a66bef4 REMOTE=LOST
[1626/3625] Checking is LOST | E:\01.userData\ZhuoMian\Github_Releases_批量下载 xray\Xray-core\v1.8.6\Xray-android-arm64-v8a.zip    | LOCAL=2eaa9f6511bac6e444c0c87989770f8ab4d42e38add826e1afcb57691b05428e REMOTE=LOST
[1627/3625] Checking is LOST | E:\01.userData\ZhuoMian\Github_Releases_批量下载 xray\Xray-core\v1.8.6\Xray-freebsd-32.zip           | LOCAL=fa49e29d72b598a06088b5767f7a4ee84a9c49959f07adc07b50bccc81b85706 REMOTE=LOST
[1628/3625] Checking is LOST | E:\01.userData\ZhuoMian\Github_Releases_批量下载 xray\Xray-core\v1.8.6\Xray-freebsd-64.zip           | LOCAL=1c987bc409743d4ae2bf0e396b8d63546e371ea37428a7ef9e4a7d2d8fc43046 REMOTE=LOST
[1629/3625] Checking is LOST | E:\01.userData\ZhuoMian\Github_Releases_批量下载 xray\Xray-core\v1.8.6\Xray-freebsd-arm32-v7a.zip    | LOCAL=8d8ba75c9943a1a7cdd7f30361d2bafbc44dd2999c97e0eae85c464116a7c071 REMOTE=LOST
[1630/3625] Checking is LOST | E:\01.userData\ZhuoMian\Github_Releases_批量下载 xray\Xray-core\v1.8.6\Xray-freebsd-arm64-v8a.zip    | LOCAL=5d65b9f736b2535c54295f5ba27d9fa95bbcff24f54ccc20d7102062dd7ff5e1 REMOTE=LOST
[1631/3625] Checking is LOST | E:\01.userData\ZhuoMian\Github_Releases_批量下载 xray\Xray-core\v1.8.6\Xray-linux-32.zip             | LOCAL=01488bf1a582d9ca03e34f16b515a8117420d7dbcf98b9375885c7d85d7c242d REMOTE=LOST
[1632/3625] Checking is LOST | E:\01.userData\ZhuoMian\Github_Releases_批量下载 xray\Xray-core\v1.8.6\Xray-linux-64.zip             | LOCAL=515c0218a6c50ad1c026bec489425942a68a7231c183d3ed48503120cdb2a143 REMOTE=LOST
[1633/3625] Checking is LOST | E:\01.userData\ZhuoMian\Github_Releases_批量下载 xray\Xray-core\v1.8.6\Xray-linux-arm32-v5.zip       | LOCAL=9073de9d49957c6cb0113e3e74a06a8876eb56f440de55abd68c38b2e61c921b REMOTE=LOST
[1634/3625] Checking is LOST | E:\01.userData\ZhuoMian\Github_Releases_批量下载 xray\Xray-core\v1.8.6\Xray-linux-arm32-v6.zip       | LOCAL=dd2012a6f357b3bfe440a8c4853670b99de114c68cb94edbdacd77b9b250defe REMOTE=LOST
[1635/3625] Checking is LOST | E:\01.userData\ZhuoMian\Github_Releases_批量下载 xray\Xray-core\v1.8.6\Xray-linux-arm32-v7a.zip      | LOCAL=9d4716ac4c993e8d94ba6df4c4a67991cdc5f9c092eab33f12d76d4d37584432 REMOTE=LOST
[1636/3625] Checking is LOST | E:\01.userData\ZhuoMian\Github_Releases_批量下载 xray\Xray-core\v1.8.6\Xray-linux-arm64-v8a.zip      | LOCAL=62149311cccbcc2791260fad5aa7655b91d4ccdb9fa4ca45f556e9637002e622 REMOTE=LOST
[1637/3625] Checking is LOST | E:\01.userData\ZhuoMian\Github_Releases_批量下载 xray\Xray-core\v1.8.6\Xray-linux-loong64.zip        | LOCAL=6527306baa25e3c5f2212b5225f5c2276549736866f8523daef7d808a91da3eb REMOTE=LOST
[1638/3625] Checking is LOST | E:\01.userData\ZhuoMian\Github_Releases_批量下载 xray\Xray-core\v1.8.6\Xray-linux-mips32.zip         | LOCAL=674a99e965c6de6947b35085906f2a03e5a73371445ebedbc14853901463b175 REMOTE=LOST
[1639/3625] Checking is LOST | E:\01.userData\ZhuoMian\Github_Releases_批量下载 xray\Xray-core\v1.8.6\Xray-linux-mips32le.zip       | LOCAL=0bba1e3a43bdf7028082af131a7af0c7ed48d22ca90398b47e2c5dbfe80cb93c REMOTE=LOST
[1640/3625] Checking is LOST | E:\01.userData\ZhuoMian\Github_Releases_批量下载 xray\Xray-core\v1.8.6\Xray-linux-mips64.zip         | LOCAL=a4a6ac9d9941bd79b42dfef746915177caf7694576367510cd1760318783c0f1 REMOTE=LOST
[1641/3625] Checking is LOST | E:\01.userData\ZhuoMian\Github_Releases_批量下载 xray\Xray-core\v1.8.6\Xray-linux-mips64le.zip       | LOCAL=05983a9e0f4aa72ebf2511d0637a6729f8f154f3bf64caac3a95f43dd11142a6 REMOTE=LOST
[1642/3625] Checking is LOST | E:\01.userData\ZhuoMian\Github_Releases_批量下载 xray\Xray-core\v1.8.6\Xray-linux-ppc64.zip          | LOCAL=b9e2f55572c6f54ecc3bbb320d234c2235522c2f41bdd0ff5e65a0b940d147f2 REMOTE=LOST
[1643/3625] Checking is LOST | E:\01.userData\ZhuoMian\Github_Releases_批量下载 xray\Xray-core\v1.8.6\Xray-linux-ppc64le.zip        | LOCAL=272c3accdb64e5b8ba3712f7c07a39ff37c0ad05fa04f12da915b7bde0057cfb REMOTE=LOST
[1644/3625] Checking is LOST | E:\01.userData\ZhuoMian\Github_Releases_批量下载 xray\Xray-core\v1.8.6\Xray-linux-riscv64.zip        | LOCAL=70fecb6f4191e51824fb9466858365229a69efde29ebcdf5bc32854bbf1acc52 REMOTE=LOST
[1645/3625] Checking is LOST | E:\01.userData\ZhuoMian\Github_Releases_批量下载 xray\Xray-core\v1.8.6\Xray-linux-s390x.zip          | LOCAL=ab1a2cb668e78672495f36760b633a5d39bc3758f71e5dd8de40c33a1fc94a94 REMOTE=LOST
[1646/3625] Checking is LOST | E:\01.userData\ZhuoMian\Github_Releases_批量下载 xray\Xray-core\v1.8.6\Xray-macos-64.zip             | LOCAL=54616fe61381dad92cfa30030dda3211b3c2e86eb496b18a0462451e29728b5e REMOTE=LOST
[1647/3625] Checking is LOST | E:\01.userData\ZhuoMian\Github_Releases_批量下载 xray\Xray-core\v1.8.6\Xray-macos-arm64-v8a.zip      | LOCAL=aa24ea8c6ef0bd7b46742ff2acd85019a05a20677b6045c31aeb61f27f31bcc4 REMOTE=LOST
[1648/3625] Checking is LOST | E:\01.userData\ZhuoMian\Github_Releases_批量下载 xray\Xray-core\v1.8.6\Xray-openbsd-32.zip           | LOCAL=47f653a4766122e0f283cb2d0e400814324e37d10835cbc7992015383c31259a REMOTE=LOST
[1649/3625] Checking is LOST | E:\01.userData\ZhuoMian\Github_Releases_批量下载 xray\Xray-core\v1.8.6\Xray-openbsd-64.zip           | LOCAL=dba67ddb2989fcc03520007df49dbb3525545c00bfbe0e490df0f930baa85f2c REMOTE=LOST
[1650/3625] Checking is LOST | E:\01.userData\ZhuoMian\Github_Releases_批量下载 xray\Xray-core\v1.8.6\Xray-openbsd-arm32-v7a.zip    | LOCAL=2c33cb6b477486e7d0aa71256b27de3f3dbf754b36cadb2b40ea6472b7059472 REMOTE=LOST
[1651/3625] Checking is LOST | E:\01.userData\ZhuoMian\Github_Releases_批量下载 xray\Xray-core\v1.8.6\Xray-openbsd-arm64-v8a.zip    | LOCAL=135978d44005f6a7a6393df06332dc16c9015e5897ce3b4f69bc1e269cdb26b8 REMOTE=LOST
[1652/3625] Checking is LOST | E:\01.userData\ZhuoMian\Github_Releases_批量下载 xray\Xray-core\v1.8.6\Xray-windows-32.zip           | LOCAL=00a734f793cbce239e68a4cfb7d548c47a0d8ea81b28c59fea4ba3167213c6cd REMOTE=LOST
[1653/3625] Checking is LOST | E:\01.userData\ZhuoMian\Github_Releases_批量下载 xray\Xray-core\v1.8.6\Xray-windows-64.zip           | LOCAL=71e8f4bc770e9b6477b1912af300b783dc5a643566b09db6c80f954b2e29585d REMOTE=LOST
[1654/3625] Checking is LOST | E:\01.userData\ZhuoMian\Github_Releases_批量下载 xray\Xray-core\v1.8.6\Xray-windows-arm32-v7a.zip    | LOCAL=7c607b7309aad61790b939baf372ed1edff7e15c8740f83a4d71e5f0c639ef6f REMOTE=LOST
[1655/3625] Checking is LOST | E:\01.userData\ZhuoMian\Github_Releases_批量下载 xray\Xray-core\v1.8.6\Xray-windows-arm64-v8a.zip    | LOCAL=ddc9c641422a0f8437ec46854cd2f3304aadcabd52b0b4f70a2465aab02d4261 REMOTE=LOST
[1656/3625] Checking is LOST | E:\01.userData\ZhuoMian\Github_Releases_批量下载 xray\Xray-core\v1.8.7\Xray-android-arm64-v8a.zip    | LOCAL=9cf9434b922dd99cb76b2be5b7b0d549656231cdef3f7cb1a1c68f5fa1af5efc REMOTE=LOST
[1657/3625] Checking is LOST | E:\01.userData\ZhuoMian\Github_Releases_批量下载 xray\Xray-core\v1.8.7\Xray-freebsd-32.zip           | LOCAL=96c38a5adc63d9277d21bb50637743bcf66e76adf1b4ec0cfec4379c4f7788bd REMOTE=LOST
[1658/3625] Checking is LOST | E:\01.userData\ZhuoMian\Github_Releases_批量下载 xray\Xray-core\v1.8.7\Xray-freebsd-64.zip           | LOCAL=9199546f1b5dacc6d3fa8e4f064b1c9a3f1cc398883f99ede78ce59564b681ff REMOTE=LOST
[1659/3625] Checking is LOST | E:\01.userData\ZhuoMian\Github_Releases_批量下载 xray\Xray-core\v1.8.7\Xray-freebsd-arm32-v7a.zip    | LOCAL=b87d0082b9f705ee07cd976cd10df4a1de298d708e70ace0a371b00361cd8b64 REMOTE=LOST
[1660/3625] Checking is LOST | E:\01.userData\ZhuoMian\Github_Releases_批量下载 xray\Xray-core\v1.8.7\Xray-freebsd-arm64-v8a.zip    | LOCAL=c2d23eb851051ff4c024389a4ce776bab2a30a1fe2565b0653f0af0e98c69b7d REMOTE=LOST
[1661/3625] Checking is LOST | E:\01.userData\ZhuoMian\Github_Releases_批量下载 xray\Xray-core\v1.8.7\Xray-linux-32.zip             | LOCAL=cf8e2870fe472746ed7480dbd1ea88e2913269ff377814eb011519e89b3727a8 REMOTE=LOST
[1662/3625] Checking is LOST | E:\01.userData\ZhuoMian\Github_Releases_批量下载 xray\Xray-core\v1.8.7\Xray-linux-64.zip             | LOCAL=006b50ccff04283ce71d3edc625a34b107f7906c63da77a56c2d4869a6553798 REMOTE=LOST
[1663/3625] Checking is LOST | E:\01.userData\ZhuoMian\Github_Releases_批量下载 xray\Xray-core\v1.8.7\Xray-linux-arm32-v5.zip       | LOCAL=2ab78da829d846936f0f26cae2c8307f5d1956dd65ce9ef6c4a2e6bb0d10e894 REMOTE=LOST
[1664/3625] Checking is LOST | E:\01.userData\ZhuoMian\Github_Releases_批量下载 xray\Xray-core\v1.8.7\Xray-linux-arm32-v6.zip       | LOCAL=eaf362dbec0722d9803e6cde949858b18d12b109dceae28e774d2887888f3868 REMOTE=LOST
[1665/3625] Checking is LOST | E:\01.userData\ZhuoMian\Github_Releases_批量下载 xray\Xray-core\v1.8.7\Xray-linux-arm32-v7a.zip      | LOCAL=dbbdd5270ee3115f2912890d1b93173bb3dbc26a6b9bb0995ad976dd5f3505a2 REMOTE=LOST
[1666/3625] Checking is LOST | E:\01.userData\ZhuoMian\Github_Releases_批量下载 xray\Xray-core\v1.8.7\Xray-linux-arm64-v8a.zip      | LOCAL=6c995e3420c1dda829cdbe32f6230b5f290fdbbcb32a67c6e471f201783467c0 REMOTE=LOST
[1667/3625] Checking is LOST | E:\01.userData\ZhuoMian\Github_Releases_批量下载 xray\Xray-core\v1.8.7\Xray-linux-loong64.zip        | LOCAL=9bd6182031aaffe31cee39ae2f69d97c67d124f0471a120ce40ec2a36270ca99 REMOTE=LOST
[1668/3625] Checking is LOST | E:\01.userData\ZhuoMian\Github_Releases_批量下载 xray\Xray-core\v1.8.7\Xray-linux-mips32.zip         | LOCAL=aa8f9e3079c665e7d4c4c22d746dce1aa031b884607387e5a70296360e10521b REMOTE=LOST
[1669/3625] Checking is LOST | E:\01.userData\ZhuoMian\Github_Releases_批量下载 xray\Xray-core\v1.8.7\Xray-linux-mips32le.zip       | LOCAL=01928934468024f49433635d772407aef534c37ec963e5eabb8dd0eb31670722 REMOTE=LOST
[1670/3625] Checking is LOST | E:\01.userData\ZhuoMian\Github_Releases_批量下载 xray\Xray-core\v1.8.7\Xray-linux-mips64.zip         | LOCAL=ab64ab955c3e87c6d512b4d3123b7b32f1562a5a0c30f4f0afe17135f7ee7a0e REMOTE=LOST
[1671/3625] Checking is LOST | E:\01.userData\ZhuoMian\Github_Releases_批量下载 xray\Xray-core\v1.8.7\Xray-linux-mips64le.zip       | LOCAL=36a5f395c5380154004aee3b48fab69617ec19ffc1dd5ec685ee2105d82bb1d2 REMOTE=LOST
[1672/3625] Checking is LOST | E:\01.userData\ZhuoMian\Github_Releases_批量下载 xray\Xray-core\v1.8.7\Xray-linux-ppc64.zip          | LOCAL=bb3acc8a4dc415006bbcf4919a4b1429dc2825ab3f55d01efacc5099ce2cb64d REMOTE=LOST
[1673/3625] Checking is LOST | E:\01.userData\ZhuoMian\Github_Releases_批量下载 xray\Xray-core\v1.8.7\Xray-linux-ppc64le.zip        | LOCAL=8d18dc9e6e049c34dddc0a50481489d0713b0f2b91619ad50adc8d7592aa368f REMOTE=LOST
[1674/3625] Checking is LOST | E:\01.userData\ZhuoMian\Github_Releases_批量下载 xray\Xray-core\v1.8.7\Xray-linux-riscv64.zip        | LOCAL=41ae651887bf1efedfeba36e06d2b1a6c8ca09be6aba9ff4395159442cd79558 REMOTE=LOST
[1675/3625] Checking is LOST | E:\01.userData\ZhuoMian\Github_Releases_批量下载 xray\Xray-core\v1.8.7\Xray-linux-s390x.zip          | LOCAL=981fb1f0e7f298fe2cc91b7c3cf063e0dd820d7d7b654bfbb8088f08f0e53bf4 REMOTE=LOST
[1676/3625] Checking is LOST | E:\01.userData\ZhuoMian\Github_Releases_批量下载 xray\Xray-core\v1.8.7\Xray-macos-64.zip             | LOCAL=f4bb203eac32d203bdf7b4576bd7a29fdece38b653379ae6b6cf456dea8bb1f1 REMOTE=LOST
[1677/3625] Checking is LOST | E:\01.userData\ZhuoMian\Github_Releases_批量下载 xray\Xray-core\v1.8.7\Xray-macos-arm64-v8a.zip      | LOCAL=95ae44b16907c8f9f8a123d454b92caf04a4686ac950d422f3909545a79f2149 REMOTE=LOST
[1678/3625] Checking is LOST | E:\01.userData\ZhuoMian\Github_Releases_批量下载 xray\Xray-core\v1.8.7\Xray-openbsd-32.zip           | LOCAL=00f096079868bf39b446cf57b2ec988be7140b106f8e2300d311544e85dec30f REMOTE=LOST
[1679/3625] Checking is LOST | E:\01.userData\ZhuoMian\Github_Releases_批量下载 xray\Xray-core\v1.8.7\Xray-openbsd-64.zip           | LOCAL=a8dfbddf0949eeca6b4dafa13feff5d0025f2b26cf8b01469572b352af2b4843 REMOTE=LOST
[1680/3625] Checking is LOST | E:\01.userData\ZhuoMian\Github_Releases_批量下载 xray\Xray-core\v1.8.7\Xray-openbsd-arm32-v7a.zip    | LOCAL=753408373c9f3cb533ed0650f7a66622240c5ee9d4d6577880a24569e804a644 REMOTE=LOST
[1681/3625] Checking is LOST | E:\01.userData\ZhuoMian\Github_Releases_批量下载 xray\Xray-core\v1.8.7\Xray-openbsd-arm64-v8a.zip    | LOCAL=50c6623ed086b1fd34b7e5043ae2c9c42634e796b3594d3e8d681cbf50abdd63 REMOTE=LOST
[1682/3625] Checking is LOST | E:\01.userData\ZhuoMian\Github_Releases_批量下载 xray\Xray-core\v1.8.7\Xray-windows-32.zip           | LOCAL=5fde54eef43e60401c34dc3b9ab4f95c3f32b1b568ec93f2a4f1f8842da5808d REMOTE=LOST
[1683/3625] Checking is LOST | E:\01.userData\ZhuoMian\Github_Releases_批量下载 xray\Xray-core\v1.8.7\Xray-windows-64.zip           | LOCAL=563228103831b23992335c80c5545808d087a30b28dd6dad068c3a6b79b6b22b REMOTE=LOST
[1684/3625] Checking is LOST | E:\01.userData\ZhuoMian\Github_Releases_批量下载 xray\Xray-core\v1.8.7\Xray-windows-arm32-v7a.zip    | LOCAL=363b9861b0e6598ca06654c76409b23614e269042cc1b102bac4fd2b623d1ec0 REMOTE=LOST
[1685/3625] Checking is LOST | E:\01.userData\ZhuoMian\Github_Releases_批量下载 xray\Xray-core\v1.8.7\Xray-windows-arm64-v8a.zip    | LOCAL=13e6401b84c6c9af9caba4c1ab740d4b4eceee70438e4466664b8a5bc53b779c REMOTE=LOST
[1686/3625] Checking is LOST | E:\01.userData\ZhuoMian\Github_Releases_批量下载 xray\Xray-core\v1.8.8\Xray-android-arm64-v8a.zip    | LOCAL=ba5c6f56b6b09a8344d13e859ebc944cddaf519ae262157eded5c0bdfd23803a REMOTE=LOST
[1687/3625] Checking is LOST | E:\01.userData\ZhuoMian\Github_Releases_批量下载 xray\Xray-core\v1.8.8\Xray-freebsd-32.zip           | LOCAL=d0bba250dacea5a96dda7ab4d06e7999e409d040b47abefca293b6c63d182b71 REMOTE=LOST
[1688/3625] Checking is LOST | E:\01.userData\ZhuoMian\Github_Releases_批量下载 xray\Xray-core\v1.8.8\Xray-freebsd-64.zip           | LOCAL=0dad5876953803e2710cedf15d4a8ec3608070f7ea5ab5141d4a98d3985f83ab REMOTE=LOST
[1689/3625] Checking is LOST | E:\01.userData\ZhuoMian\Github_Releases_批量下载 xray\Xray-core\v1.8.8\Xray-freebsd-arm32-v7a.zip    | LOCAL=47fdfa31fa1c3bae6b165ef2f03a12680bdf78b58f40f009c366d20c6f436d8f REMOTE=LOST
[1690/3625] Checking is LOST | E:\01.userData\ZhuoMian\Github_Releases_批量下载 xray\Xray-core\v1.8.8\Xray-freebsd-arm64-v8a.zip    | LOCAL=817bbe56864ee345fc2524281cd065a070f689387b1e1c7abee0af2142120fb7 REMOTE=LOST
[1691/3625] Checking is LOST | E:\01.userData\ZhuoMian\Github_Releases_批量下载 xray\Xray-core\v1.8.8\Xray-linux-32.zip             | LOCAL=2d049f06d7e1be02f3d6a89f35838071e232b8de212653f4de0ad32230b9a0db REMOTE=LOST
[1692/3625] Checking is LOST | E:\01.userData\ZhuoMian\Github_Releases_批量下载 xray\Xray-core\v1.8.8\Xray-linux-64.zip             | LOCAL=c262dfedf1f85487b130d4f598201ab0a45b4540a25a074d30b6559e50a1a741 REMOTE=LOST
[1693/3625] Checking is LOST | E:\01.userData\ZhuoMian\Github_Releases_批量下载 xray\Xray-core\v1.8.8\Xray-linux-arm32-v5.zip       | LOCAL=41162358dc69d1e94795a8e5a994d2910591bf4d8c12c4770afc0d0da8011d07 REMOTE=LOST
[1694/3625] Checking is LOST | E:\01.userData\ZhuoMian\Github_Releases_批量下载 xray\Xray-core\v1.8.8\Xray-linux-arm32-v6.zip       | LOCAL=f268ffd2b9b354d847e105dc507aecc9e00ffbc0d5fde2a9fa5b1ba6bd3f14f6 REMOTE=LOST
[1695/3625] Checking is LOST | E:\01.userData\ZhuoMian\Github_Releases_批量下载 xray\Xray-core\v1.8.8\Xray-linux-arm32-v7a.zip      | LOCAL=fac8429eb1c814bf0a8004fb92ef8b312e7ef9d2dd246a5a728c427c134ca524 REMOTE=LOST
[1696/3625] Checking is LOST | E:\01.userData\ZhuoMian\Github_Releases_批量下载 xray\Xray-core\v1.8.8\Xray-linux-arm64-v8a.zip      | LOCAL=6be5b6fc97ad0620ae07d7e134a95b16df6644dc248cb5ef85cf08d7c22d4982 REMOTE=LOST
[1697/3625] Checking is LOST | E:\01.userData\ZhuoMian\Github_Releases_批量下载 xray\Xray-core\v1.8.8\Xray-linux-loong64.zip        | LOCAL=9f82f3ad4f5ac8aa6657b9f145177e57c0b07a04e8d9ac4ce8d6aa9c8d420084 REMOTE=LOST
[1698/3625] Checking is LOST | E:\01.userData\ZhuoMian\Github_Releases_批量下载 xray\Xray-core\v1.8.8\Xray-linux-mips32.zip         | LOCAL=2f5b94d3f2e9f92ee657954d8051ae77540c5cedf8dc419a239f3419d20df5ee REMOTE=LOST
[1699/3625] Checking is LOST | E:\01.userData\ZhuoMian\Github_Releases_批量下载 xray\Xray-core\v1.8.8\Xray-linux-mips32le.zip       | LOCAL=18c448e91f67db5ae514c97e4f28b6e963a35f1bb73fc064901274b3d2fe0225 REMOTE=LOST
[1700/3625] Checking is LOST | E:\01.userData\ZhuoMian\Github_Releases_批量下载 xray\Xray-core\v1.8.8\Xray-linux-mips64.zip         | LOCAL=654041b93ec05d97f6846b76e173a28553548e616bd672e282ff7b31d5386bb7 REMOTE=LOST
[1701/3625] Checking is LOST | E:\01.userData\ZhuoMian\Github_Releases_批量下载 xray\Xray-core\v1.8.8\Xray-linux-mips64le.zip       | LOCAL=604a78ad0dacaf4aa549b246901d02cc99e9f9d3a81dd34abd05c41daa288b59 REMOTE=LOST
[1702/3625] Checking is LOST | E:\01.userData\ZhuoMian\Github_Releases_批量下载 xray\Xray-core\v1.8.8\Xray-linux-ppc64.zip          | LOCAL=8458899d8c7a5ce8ad0409ae22387ca105198bcb12f3b987c59e864d0de559eb REMOTE=LOST
[1703/3625] Checking is LOST | E:\01.userData\ZhuoMian\Github_Releases_批量下载 xray\Xray-core\v1.8.8\Xray-linux-ppc64le.zip        | LOCAL=2ec86e458b27e246fcd4d200ab1699f1f17f0a249fea0b423a2a122fa1b6da00 REMOTE=LOST
[1704/3625] Checking is LOST | E:\01.userData\ZhuoMian\Github_Releases_批量下载 xray\Xray-core\v1.8.8\Xray-linux-riscv64.zip        | LOCAL=e555f1cea32fd5f2e0bbf6290709f94a8f4b3e77d45fa21b3328e33b06af35cf REMOTE=LOST
[1705/3625] Checking is LOST | E:\01.userData\ZhuoMian\Github_Releases_批量下载 xray\Xray-core\v1.8.8\Xray-linux-s390x.zip          | LOCAL=904e032bfe5e299688af4b106109067eb320c14a904abf8fd6de96206842dd6c REMOTE=LOST
[1706/3625] Checking is LOST | E:\01.userData\ZhuoMian\Github_Releases_批量下载 xray\Xray-core\v1.8.8\Xray-macos-64.zip             | LOCAL=c7f47b28a63300f44f513ee674f41d3d7e54616fa3e8933839c810e0b66929bf REMOTE=LOST
[1707/3625] Checking is LOST | E:\01.userData\ZhuoMian\Github_Releases_批量下载 xray\Xray-core\v1.8.8\Xray-macos-arm64-v8a.zip      | LOCAL=7e43142d6f0e8eb0f7b28a4e7aaf5f59a09f87facf2efc59a27fee0d22cb9ec3 REMOTE=LOST
[1708/3625] Checking is LOST | E:\01.userData\ZhuoMian\Github_Releases_批量下载 xray\Xray-core\v1.8.8\Xray-openbsd-32.zip           | LOCAL=24040e3940872a2eeaf6d1d85fd6c7bae119357fcac24919e232e4fc3761281f REMOTE=LOST
[1709/3625] Checking is LOST | E:\01.userData\ZhuoMian\Github_Releases_批量下载 xray\Xray-core\v1.8.8\Xray-openbsd-64.zip           | LOCAL=82c6516996737f64ce786ed1b55f6a795b3bd1acb2af32db311c37ce8a409afb REMOTE=LOST
[1710/3625] Checking is LOST | E:\01.userData\ZhuoMian\Github_Releases_批量下载 xray\Xray-core\v1.8.8\Xray-openbsd-arm32-v7a.zip    | LOCAL=3b5f27d95afcb281ab871394bb4d132b74b394135715e782c7d6a5555db918b3 REMOTE=LOST
[1711/3625] Checking is LOST | E:\01.userData\ZhuoMian\Github_Releases_批量下载 xray\Xray-core\v1.8.8\Xray-openbsd-arm64-v8a.zip    | LOCAL=6c8f83d11b6bb68bf2c642b08b188c94115183677cb37837e503605ef6e02ce0 REMOTE=LOST
[1712/3625] Checking is LOST | E:\01.userData\ZhuoMian\Github_Releases_批量下载 xray\Xray-core\v1.8.8\Xray-windows-32.zip           | LOCAL=3e1002b946bccfb060a016c9cc72e235df8f2ee06dda39486001cef22c0979ef REMOTE=LOST
[1713/3625] Checking is LOST | E:\01.userData\ZhuoMian\Github_Releases_批量下载 xray\Xray-core\v1.8.8\Xray-windows-64.zip           | LOCAL=9229bf7c90e321873502d58e4a466d519758babc12c79b4aaba0b7481a1901bb REMOTE=LOST
[1714/3625] Checking is LOST | E:\01.userData\ZhuoMian\Github_Releases_批量下载 xray\Xray-core\v1.8.8\Xray-windows-arm32-v7a.zip    | LOCAL=dec1bd3bdd94e69b6bf7aac43319bd26413f2ceac796b656495b2ba9f8ac5414 REMOTE=LOST
[1715/3625] Checking is LOST | E:\01.userData\ZhuoMian\Github_Releases_批量下载 xray\Xray-core\v1.8.8\Xray-windows-arm64-v8a.zip    | LOCAL=d0a5b9a2b9c34a6915356d2e25d992eda2406c53db94c344efd48ca97ff50e8a REMOTE=LOST
[1716/3625] Checking is LOST | E:\01.userData\ZhuoMian\Github_Releases_批量下载 xray\Xray-core\v1.8.9\Xray-android-arm64-v8a.zip    | LOCAL=dd27490dcc4256a10b6359e7f071e3f8095a0b14e34756454dda2d327cd12dad REMOTE=LOST
[1717/3625] Checking is LOST | E:\01.userData\ZhuoMian\Github_Releases_批量下载 xray\Xray-core\v1.8.9\Xray-freebsd-32.zip           | LOCAL=dabd799079b5d560ddc9911370ca8b154270a88de4a5e1b118f2c0669b75fa4f REMOTE=LOST
[1718/3625] Checking is LOST | E:\01.userData\ZhuoMian\Github_Releases_批量下载 xray\Xray-core\v1.8.9\Xray-freebsd-64.zip           | LOCAL=1df3e2923c6b40af93f5a86d001eccd353cb3fff61bf0cdaa371af4441c48f8f REMOTE=LOST
[1719/3625] Checking is LOST | E:\01.userData\ZhuoMian\Github_Releases_批量下载 xray\Xray-core\v1.8.9\Xray-freebsd-arm32-v7a.zip    | LOCAL=cc80e474f11f939ab2e345b822a2f96a8b007c1c10e56271bfaba37756530c5b REMOTE=LOST
[1720/3625] Checking is LOST | E:\01.userData\ZhuoMian\Github_Releases_批量下载 xray\Xray-core\v1.8.9\Xray-freebsd-arm64-v8a.zip    | LOCAL=be7142f613bbc1c504fdbd051f992027774a16a93528416b0db4bdac20cad413 REMOTE=LOST
[1721/3625] Checking is LOST | E:\01.userData\ZhuoMian\Github_Releases_批量下载 xray\Xray-core\v1.8.9\Xray-linux-32.zip             | LOCAL=692ce554fe100d904dc1976e7a99cc0fdc7be74f3e9c919f11a427a8ba93b716 REMOTE=LOST
[1722/3625] Checking is LOST | E:\01.userData\ZhuoMian\Github_Releases_批量下载 xray\Xray-core\v1.8.9\Xray-linux-64.zip             | LOCAL=84cf993a859d459ebf1e684fa8f4a7d9cd235a439819661c69af8f447a49e5bd REMOTE=LOST
[1723/3625] Checking is LOST | E:\01.userData\ZhuoMian\Github_Releases_批量下载 xray\Xray-core\v1.8.9\Xray-linux-arm32-v5.zip       | LOCAL=76e0730a71b7f510d978d5700d87d318017fb19efa7981ac44ba591ec53bdb28 REMOTE=LOST
[1724/3625] Checking is LOST | E:\01.userData\ZhuoMian\Github_Releases_批量下载 xray\Xray-core\v1.8.9\Xray-linux-arm32-v6.zip       | LOCAL=3b325e68f726c49b82285fd9d764d1fd73b49fdcab38f9ad3a8a4b9efb69763b REMOTE=LOST
[1725/3625] Checking is LOST | E:\01.userData\ZhuoMian\Github_Releases_批量下载 xray\Xray-core\v1.8.9\Xray-linux-arm32-v7a.zip      | LOCAL=af659af3cdeec84314e437176e55762ed85e7b87ebcd28de2d2a722c1f870ef7 REMOTE=LOST
[1726/3625] Checking is LOST | E:\01.userData\ZhuoMian\Github_Releases_批量下载 xray\Xray-core\v1.8.9\Xray-linux-arm64-v8a.zip      | LOCAL=36cf68d48105d542aeb4f44e68c82a5deb896bb1339ff2fd7a373c024af5384f REMOTE=LOST
[1727/3625] Checking is LOST | E:\01.userData\ZhuoMian\Github_Releases_批量下载 xray\Xray-core\v1.8.9\Xray-linux-loong64.zip        | LOCAL=8e1425d9246f9fdd261c00d522e671e6b043700685f5b2a65f0bac9bd996c276 REMOTE=LOST
[1728/3625] Checking is LOST | E:\01.userData\ZhuoMian\Github_Releases_批量下载 xray\Xray-core\v1.8.9\Xray-linux-mips32.zip         | LOCAL=a46bea8f773bd075d52b8b149a1421772dbf444bbbd5c6d3cd79b0f6a65f29d8 REMOTE=LOST
[1729/3625] Checking is LOST | E:\01.userData\ZhuoMian\Github_Releases_批量下载 xray\Xray-core\v1.8.9\Xray-linux-mips32le.zip       | LOCAL=73891f7b92892f6ac70548397ae37c1875e6c56301573f2ffef7c97bc86739f5 REMOTE=LOST
[1730/3625] Checking is LOST | E:\01.userData\ZhuoMian\Github_Releases_批量下载 xray\Xray-core\v1.8.9\Xray-linux-mips64.zip         | LOCAL=87192951a0904f7c660a7ba35443d4d8f96bbc485d0b74cb28826634f04047b8 REMOTE=LOST
[1731/3625] Checking is LOST | E:\01.userData\ZhuoMian\Github_Releases_批量下载 xray\Xray-core\v1.8.9\Xray-linux-mips64le.zip       | LOCAL=b92317598b7ce8f32c4b9875f7d6e41c28884275c0ccfa2ab40a8c8d4da2425f REMOTE=LOST
[1732/3625] Checking is LOST | E:\01.userData\ZhuoMian\Github_Releases_批量下载 xray\Xray-core\v1.8.9\Xray-linux-ppc64.zip          | LOCAL=db5975a8042274aec14c41051e4dca8abfad0f3b1e91ab91b9114839c2674596 REMOTE=LOST
[1733/3625] Checking is LOST | E:\01.userData\ZhuoMian\Github_Releases_批量下载 xray\Xray-core\v1.8.9\Xray-linux-ppc64le.zip        | LOCAL=14dcb259d9ffd28f0feafde99c52377a53d29564eef42065ade2f449e6bbda93 REMOTE=LOST
[1734/3625] Checking is LOST | E:\01.userData\ZhuoMian\Github_Releases_批量下载 xray\Xray-core\v1.8.9\Xray-linux-riscv64.zip        | LOCAL=e450081b4e605e47d40f04ccfd821241c32c1a7e41f445df8ea1a3620b90d16c REMOTE=LOST
[1735/3625] Checking is LOST | E:\01.userData\ZhuoMian\Github_Releases_批量下载 xray\Xray-core\v1.8.9\Xray-linux-s390x.zip          | LOCAL=b25cd05dffad448bd7948f44c41fd69c52414b466a45a72a3e347f1b5ca9bc7b REMOTE=LOST
[1736/3625] Checking is LOST | E:\01.userData\ZhuoMian\Github_Releases_批量下载 xray\Xray-core\v1.8.9\Xray-macos-64.zip             | LOCAL=376c2a1f2d1e8bd78aa65f96b4f5e0a35525b4045b084126d9226a7de8650bcb REMOTE=LOST
[1737/3625] Checking is LOST | E:\01.userData\ZhuoMian\Github_Releases_批量下载 xray\Xray-core\v1.8.9\Xray-macos-arm64-v8a.zip      | LOCAL=6bca32f1d2d71ad650cf2d80c66d99f61ac6b7ad775a269cfdc5dc911f55af47 REMOTE=LOST
[1738/3625] Checking is LOST | E:\01.userData\ZhuoMian\Github_Releases_批量下载 xray\Xray-core\v1.8.9\Xray-openbsd-32.zip           | LOCAL=2cfb945eb335f0251c9a48011276e24791a19dda8b93dcb35ee496ff74d1b880 REMOTE=LOST
[1739/3625] Checking is LOST | E:\01.userData\ZhuoMian\Github_Releases_批量下载 xray\Xray-core\v1.8.9\Xray-openbsd-64.zip           | LOCAL=fd57f71832c2e5c27749c5dc349b7c03ec38bba5cfa506ea02ffe4f94190558b REMOTE=LOST
[1740/3625] Checking is LOST | E:\01.userData\ZhuoMian\Github_Releases_批量下载 xray\Xray-core\v1.8.9\Xray-openbsd-arm32-v7a.zip    | LOCAL=e1abda87852f4636dbcad9f6d39495684a0b4f1da69435a755d51645f61c04b6 REMOTE=LOST
[1741/3625] Checking is LOST | E:\01.userData\ZhuoMian\Github_Releases_批量下载 xray\Xray-core\v1.8.9\Xray-openbsd-arm64-v8a.zip    | LOCAL=5997f4c9d7dce093d2fa395a260bf78d9131c45b48d02c725c911cf07398eba4 REMOTE=LOST
[1742/3625] Checking is LOST | E:\01.userData\ZhuoMian\Github_Releases_批量下载 xray\Xray-core\v1.8.9\Xray-windows-32.zip           | LOCAL=6d188ad0a19553d78f49eeea727394e4465bf8479fb0745250016b33786e39d9 REMOTE=LOST
[1743/3625] Checking is LOST | E:\01.userData\ZhuoMian\Github_Releases_批量下载 xray\Xray-core\v1.8.9\Xray-windows-64.zip           | LOCAL=314d05bc616afa5af8a4576bfc0bc961823f8ef4c05928490ce9ee9f3825c4ea REMOTE=LOST
[1744/3625] Checking is LOST | E:\01.userData\ZhuoMian\Github_Releases_批量下载 xray\Xray-core\v1.8.9\Xray-windows-arm32-v7a.zip    | LOCAL=471b25fec9236200dbacdcf23f059f1174133cd5f4a98d938dea260c0bf58aa4 REMOTE=LOST
[1745/3625] Checking is LOST | E:\01.userData\ZhuoMian\Github_Releases_批量下载 xray\Xray-core\v1.8.9\Xray-windows-arm64-v8a.zip    | LOCAL=7ccd953264dc16947cc429d1ed8bcc83e6e37b86f13001fd7bd39437d5fcce00 REMOTE=LOST
[1746/3625] Checking is LOST | E:\01.userData\ZhuoMian\Github_Releases_批量下载 xray\Xray-core\v24.10.16\Xray-android-arm64-v8a.zip | LOCAL=f8f4821ec7274edad9b70251a1041951c7e41625fbe7eefc250b4be7dd85fdc8 REMOTE=LOST
[1747/3625] Checking is LOST | E:\01.userData\ZhuoMian\Github_Releases_批量下载 xray\Xray-core\v24.10.16\Xray-freebsd-32.zip        | LOCAL=0dcae703f24f618e7591c329008d4ee8e44ffa4f15ba8607a47ae2cc4a257e6a REMOTE=LOST
[1748/3625] Checking is LOST | E:\01.userData\ZhuoMian\Github_Releases_批量下载 xray\Xray-core\v24.10.16\Xray-freebsd-64.zip        | LOCAL=71328a5eebe4368eea206c54bded2b0bf68d6ebe5b1f609aa4baddfc14c30255 REMOTE=LOST
[1749/3625] Checking is LOST | E:\01.userData\ZhuoMian\Github_Releases_批量下载 xray\Xray-core\v24.10.16\Xray-freebsd-arm32-v7a.zip | LOCAL=0dd1a402586b5af17fe6e8dad7cc54925a5af450e96d0790b5adbdaf84a9da67 REMOTE=LOST
[1750/3625] Checking is LOST | E:\01.userData\ZhuoMian\Github_Releases_批量下载 xray\Xray-core\v24.10.16\Xray-freebsd-arm64-v8a.zip | LOCAL=20d897d67544f8c59826cea6cfa2c97351201e8ba9e5af139ea2e0b33716d054 REMOTE=LOST
[1751/3625] Checking is LOST | E:\01.userData\ZhuoMian\Github_Releases_批量下载 xray\Xray-core\v24.10.16\Xray-linux-32.zip          | LOCAL=985311bcc203cbce3d7cc38b70895d0f36c6de6c78e9bdf4b161d322b452bf6b REMOTE=LOST
[1752/3625] Checking is LOST | E:\01.userData\ZhuoMian\Github_Releases_批量下载 xray\Xray-core\v24.10.16\Xray-linux-64.zip          | LOCAL=f7c2bceddd69fefd99fcf56a17e64096f96dd616990b297784c618d83f33b7ca REMOTE=LOST
[1753/3625] Checking is LOST | E:\01.userData\ZhuoMian\Github_Releases_批量下载 xray\Xray-core\v24.10.16\Xray-linux-arm32-v5.zip    | LOCAL=7fae092d9518515e6b8b7d2bc73e93596b0d64f30bbe7a107525066cd4827c86 REMOTE=LOST
[1754/3625] Checking is LOST | E:\01.userData\ZhuoMian\Github_Releases_批量下载 xray\Xray-core\v24.10.16\Xray-linux-arm32-v6.zip    | LOCAL=0a01445467bcd6295a040cd5471b40182cc64e921421d9b477eaecbd94660e01 REMOTE=LOST
[1755/3625] Checking is LOST | E:\01.userData\ZhuoMian\Github_Releases_批量下载 xray\Xray-core\v24.10.16\Xray-linux-arm32-v7a.zip   | LOCAL=2c91046e2f436e5419db08a9fea7f30b418b674f795482f03e5830fa86f5fdc2 REMOTE=LOST
[1756/3625] Checking is LOST | E:\01.userData\ZhuoMian\Github_Releases_批量下载 xray\Xray-core\v24.10.16\Xray-linux-arm64-v8a.zip   | LOCAL=7f83c95d71c3584cdb7f32812748b421e07945a28baa40f663c106afa19800a7 REMOTE=LOST
[1757/3625] Checking is LOST | E:\01.userData\ZhuoMian\Github_Releases_批量下载 xray\Xray-core\v24.10.16\Xray-linux-loong64.zip     | LOCAL=5eeb2dabc3bb09e0813be6f79aa202e364ce7112b7e2d01c1b8b7df650928e17 REMOTE=LOST
[1758/3625] Checking is LOST | E:\01.userData\ZhuoMian\Github_Releases_批量下载 xray\Xray-core\v24.10.16\Xray-linux-mips32.zip      | LOCAL=cd0451bb3cd4707694957c1dd06ec0a080cdb5a7052cac5016b19227c11e2d40 REMOTE=LOST
[1759/3625] Checking is LOST | E:\01.userData\ZhuoMian\Github_Releases_批量下载 xray\Xray-core\v24.10.16\Xray-linux-mips32le.zip    | LOCAL=05b2fc2251ccdfd30133281efd18bbb1cee76138f2b07155eedae01b1f15a30a REMOTE=LOST
[1760/3625] Checking is LOST | E:\01.userData\ZhuoMian\Github_Releases_批量下载 xray\Xray-core\v24.10.16\Xray-linux-mips64.zip      | LOCAL=06d45476889649d8ea1e1c78d4f2e20840656a415c22f5442b3fffb5267fb532 REMOTE=LOST
[1761/3625] Checking is LOST | E:\01.userData\ZhuoMian\Github_Releases_批量下载 xray\Xray-core\v24.10.16\Xray-linux-mips64le.zip    | LOCAL=f74ad075b0a5f8daad25f4a2e659c08ed9c549fa747999efb7754113f15215a1 REMOTE=LOST
[1762/3625] Checking is LOST | E:\01.userData\ZhuoMian\Github_Releases_批量下载 xray\Xray-core\v24.10.16\Xray-linux-ppc64.zip       | LOCAL=080c80aa1f37021f8b7fd27d0bbcab639ec6c538259dfa7c464297b4f4db0b2f REMOTE=LOST
[1763/3625] Checking is LOST | E:\01.userData\ZhuoMian\Github_Releases_批量下载 xray\Xray-core\v24.10.16\Xray-linux-ppc64le.zip     | LOCAL=6d226284e81277504bc9ea2d5e2a954d05799c118e9c8440572d97fec4d6b46c REMOTE=LOST
[1764/3625] Checking is LOST | E:\01.userData\ZhuoMian\Github_Releases_批量下载 xray\Xray-core\v24.10.16\Xray-linux-riscv64.zip     | LOCAL=7fd120391ad0d7debe1bd7bec8091099ae3995649cd2f8c90491b0fbd2cda006 REMOTE=LOST
[1765/3625] Checking is LOST | E:\01.userData\ZhuoMian\Github_Releases_批量下载 xray\Xray-core\v24.10.16\Xray-linux-s390x.zip       | LOCAL=3976a4621467de1d4d8f0ebf2d1b324549f42b2715cfbda3a1329b72c3232c4a REMOTE=LOST
[1766/3625] Checking is LOST | E:\01.userData\ZhuoMian\Github_Releases_批量下载 xray\Xray-core\v24.10.16\Xray-macos-64.zip          | LOCAL=1df2d1fd50c386d51ba36825dd19fc976c74f76d392d0da4b247f8018216be39 REMOTE=LOST
[1767/3625] Checking is LOST | E:\01.userData\ZhuoMian\Github_Releases_批量下载 xray\Xray-core\v24.10.16\Xray-macos-arm64-v8a.zip   | LOCAL=25c0f5a7a907edae6fe287387a55f9d7c5ce42cf0739b8c6bdf086b9770d9341 REMOTE=LOST
[1768/3625] Checking is LOST | E:\01.userData\ZhuoMian\Github_Releases_批量下载 xray\Xray-core\v24.10.16\Xray-openbsd-32.zip        | LOCAL=6857a5cbe6c1643fa56224e0f2da19171fe1f91385215dc80d219eecf041bdd1 REMOTE=LOST
[1769/3625] Checking is LOST | E:\01.userData\ZhuoMian\Github_Releases_批量下载 xray\Xray-core\v24.10.16\Xray-openbsd-64.zip        | LOCAL=6f3a9a3a2133bc20cb5c98370ff0f10c9d9ece5e767c35867050e8b0cbbf2b6a REMOTE=LOST
[1770/3625] Checking is LOST | E:\01.userData\ZhuoMian\Github_Releases_批量下载 xray\Xray-core\v24.10.16\Xray-openbsd-arm32-v7a.zip | LOCAL=300fb9068ebfa7efc9cb1903ebbab5a211a0fdf808338c73d0a661f09a4ec161 REMOTE=LOST
[1771/3625] Checking is LOST | E:\01.userData\ZhuoMian\Github_Releases_批量下载 xray\Xray-core\v24.10.16\Xray-openbsd-arm64-v8a.zip | LOCAL=5cee7b402311fa05e60d915cba8aae01beb65019c93f2ea14c6c06b2f4ce3ab8 REMOTE=LOST
[1772/3625] Checking is LOST | E:\01.userData\ZhuoMian\Github_Releases_批量下载 xray\Xray-core\v24.10.16\Xray-win7-32.zip           | LOCAL=9fd04c23a00a553e0cf29bef29f6ceb32840742972af10ed5063b8be0295fd4a REMOTE=LOST
[1773/3625] Checking is LOST | E:\01.userData\ZhuoMian\Github_Releases_批量下载 xray\Xray-core\v24.10.16\Xray-win7-64.zip           | LOCAL=bb6ea4ea2676ea8fc428d46593b589b234d3261e01397e0b3cdf97a67fc29d77 REMOTE=LOST
[1774/3625] Checking is LOST | E:\01.userData\ZhuoMian\Github_Releases_批量下载 xray\Xray-core\v24.10.16\Xray-windows-32.zip        | LOCAL=f8e1ee17437e48c06cfef8ead700bc7d1c1df893011cf81ea58eadd6f8202002 REMOTE=LOST
[1775/3625] Checking is LOST | E:\01.userData\ZhuoMian\Github_Releases_批量下载 xray\Xray-core\v24.10.16\Xray-windows-64.zip        | LOCAL=ee8bc258e8e07264f3ad7af6021d483cc2f75bf6bf2a0eb2f5cf2364fe95d19b REMOTE=LOST
[1776/3625] Checking is LOST | E:\01.userData\ZhuoMian\Github_Releases_批量下载 xray\Xray-core\v24.10.16\Xray-windows-arm32-v7a.zip | LOCAL=cc45b99bc989ab316e5e9afaa433bc9dd56d077627a396a0a992d0a2ec9d100e REMOTE=LOST
[1777/3625] Checking is LOST | E:\01.userData\ZhuoMian\Github_Releases_批量下载 xray\Xray-core\v24.10.16\Xray-windows-arm64-v8a.zip | LOCAL=24c2fc3102edee4031caa9f69c350914243701dec3521d0cbf9d1f1edd96bafb REMOTE=LOST
[1778/3625] Checking is LOST | E:\01.userData\ZhuoMian\Github_Releases_批量下载 xray\Xray-core\v24.10.31\Xray-android-arm64-v8a.zip | LOCAL=b8b75474a220172f3df450ca61e7f5b79978b8829c7503aae9d62142e6f38f05 REMOTE=LOST
[1779/3625] Checking is LOST | E:\01.userData\ZhuoMian\Github_Releases_批量下载 xray\Xray-core\v24.10.31\Xray-freebsd-32.zip        | LOCAL=8ed4f5622aff9ab2e0e4b0090fe08a9b729d3423a848e92491bc5f331be44e86 REMOTE=LOST
[1780/3625] Checking is LOST | E:\01.userData\ZhuoMian\Github_Releases_批量下载 xray\Xray-core\v24.10.31\Xray-freebsd-64.zip        | LOCAL=5ef98428e6523f8c9488d548b9d7fcadce43908d988934994f4a61d8f3a01b07 REMOTE=LOST
[1781/3625] Checking is LOST | E:\01.userData\ZhuoMian\Github_Releases_批量下载 xray\Xray-core\v24.10.31\Xray-freebsd-arm32-v7a.zip | LOCAL=f927befe2205810b0de40274cdb2b36c60c64aeded6d68f05f6f50fd8d4a4b8e REMOTE=LOST
[1782/3625] Checking is LOST | E:\01.userData\ZhuoMian\Github_Releases_批量下载 xray\Xray-core\v24.10.31\Xray-freebsd-arm64-v8a.zip | LOCAL=6f40f5a073c62abd56c1423e85c58487ed38a892c114e336a337ada1bab1f93b REMOTE=LOST
[1783/3625] Checking is LOST | E:\01.userData\ZhuoMian\Github_Releases_批量下载 xray\Xray-core\v24.10.31\Xray-linux-32.zip          | LOCAL=3d06f39174f81ffbbb2c1ea7fa1555f84283cd9b5e0b4e6f708c7bd254c5bb98 REMOTE=LOST
[1784/3625] Checking is LOST | E:\01.userData\ZhuoMian\Github_Releases_批量下载 xray\Xray-core\v24.10.31\Xray-linux-64.zip          | LOCAL=3d3ccdbfc4c6a63eb4a5267456acb6df45f2b055aae4d751d376b378a79e7b6a REMOTE=LOST
[1785/3625] Checking is LOST | E:\01.userData\ZhuoMian\Github_Releases_批量下载 xray\Xray-core\v24.10.31\Xray-linux-arm32-v5.zip    | LOCAL=51682fa0920a898ad1ee5987960860cf8dde274500b64c1aadb2d530b98911ae REMOTE=LOST
[1786/3625] Checking is LOST | E:\01.userData\ZhuoMian\Github_Releases_批量下载 xray\Xray-core\v24.10.31\Xray-linux-arm32-v6.zip    | LOCAL=181e976bb2d82b0beba2e98aaa7edf286bbbce810ae0cbe0a17cfad0d879b758 REMOTE=LOST
[1787/3625] Checking is LOST | E:\01.userData\ZhuoMian\Github_Releases_批量下载 xray\Xray-core\v24.10.31\Xray-linux-arm32-v7a.zip   | LOCAL=2b39fa03d99ef3a18c41ba4df3a45ef889ee1f0831e93278fbd0f7be4f264a85 REMOTE=LOST
[1788/3625] Checking is LOST | E:\01.userData\ZhuoMian\Github_Releases_批量下载 xray\Xray-core\v24.10.31\Xray-linux-arm64-v8a.zip   | LOCAL=4f1dae3bf549312fe43d7410ac50afe58a85d0efa36040b6f63ebc4f492138b6 REMOTE=LOST
[1789/3625] Checking is LOST | E:\01.userData\ZhuoMian\Github_Releases_批量下载 xray\Xray-core\v24.10.31\Xray-linux-loong64.zip     | LOCAL=b7b4b6c30df59eb2d24584030a0f0bf4bf74061a6ca0a3e9967eedf6c0944ffd REMOTE=LOST
[1790/3625] Checking is LOST | E:\01.userData\ZhuoMian\Github_Releases_批量下载 xray\Xray-core\v24.10.31\Xray-linux-mips32.zip      | LOCAL=0fd44cbd447b4ae851f47fcc3a9cf2ecb31b5280f91f56572af0cb29e5ce29b8 REMOTE=LOST
[1791/3625] Checking is LOST | E:\01.userData\ZhuoMian\Github_Releases_批量下载 xray\Xray-core\v24.10.31\Xray-linux-mips32le.zip    | LOCAL=a40c113c56b83ed9142a1e4e762bc4460f163256f6627148a253008f942720c2 REMOTE=LOST
[1792/3625] Checking is LOST | E:\01.userData\ZhuoMian\Github_Releases_批量下载 xray\Xray-core\v24.10.31\Xray-linux-mips64.zip      | LOCAL=eeb6dcc4ce00490600cf07c9f31ae54199a77b28b3bf6bc6177041ca7a9ee127 REMOTE=LOST
[1793/3625] Checking is LOST | E:\01.userData\ZhuoMian\Github_Releases_批量下载 xray\Xray-core\v24.10.31\Xray-linux-mips64le.zip    | LOCAL=715442fd2d41cf06f8c5f96253e4a08d69d5accc49888ac6f3cdee559c737944 REMOTE=LOST
[1794/3625] Checking is LOST | E:\01.userData\ZhuoMian\Github_Releases_批量下载 xray\Xray-core\v24.10.31\Xray-linux-ppc64.zip       | LOCAL=179051881ffbdd5bdb8ba4e6b9c9e133bc8330b6d410366d11da7d2ed386f904 REMOTE=LOST
[1795/3625] Checking is LOST | E:\01.userData\ZhuoMian\Github_Releases_批量下载 xray\Xray-core\v24.10.31\Xray-linux-ppc64le.zip     | LOCAL=e03bd95d99c3a6901faeca26d66d596983895eb96035425391d7ba8e851e4f11 REMOTE=LOST
[1796/3625] Checking is LOST | E:\01.userData\ZhuoMian\Github_Releases_批量下载 xray\Xray-core\v24.10.31\Xray-linux-riscv64.zip     | LOCAL=d76d145bc24477208f805675ed442cab903c0bb67ce20ecb824f2b3f7d0f0c1d REMOTE=LOST
[1797/3625] Checking is LOST | E:\01.userData\ZhuoMian\Github_Releases_批量下载 xray\Xray-core\v24.10.31\Xray-linux-s390x.zip       | LOCAL=378430b28766873fd338478866d583cc9963ccd6de5a84bff3709dc09daacca8 REMOTE=LOST
[1798/3625] Checking is LOST | E:\01.userData\ZhuoMian\Github_Releases_批量下载 xray\Xray-core\v24.10.31\Xray-macos-64.zip          | LOCAL=c828e0a3205703b2aed83da1f5007984f6cb39bf4764ca1ee9747e11db0f412e REMOTE=LOST
[1799/3625] Checking is LOST | E:\01.userData\ZhuoMian\Github_Releases_批量下载 xray\Xray-core\v24.10.31\Xray-macos-arm64-v8a.zip   | LOCAL=6ef5b3676abba4c85159faf649bd9540fc3ffd8734c8de38880727b49182d967 REMOTE=LOST
[1800/3625] Checking is LOST | E:\01.userData\ZhuoMian\Github_Releases_批量下载 xray\Xray-core\v24.10.31\Xray-openbsd-32.zip        | LOCAL=cdc64f4196bd595f1e0f05f3d7822645b165afee844a14e4363f9e479f8a0474 REMOTE=LOST
[1801/3625] Checking is LOST | E:\01.userData\ZhuoMian\Github_Releases_批量下载 xray\Xray-core\v24.10.31\Xray-openbsd-64.zip        | LOCAL=05d2b9e82bd68159243d1d10c6edcd2cc75745352d678b70dc17f8c591c32636 REMOTE=LOST
[1802/3625] Checking is LOST | E:\01.userData\ZhuoMian\Github_Releases_批量下载 xray\Xray-core\v24.10.31\Xray-openbsd-arm32-v7a.zip | LOCAL=efcce62ccc5e3b5422ed638e7b70d1073deecc51e73aa5c09b48858b2ff00be7 REMOTE=LOST
[1803/3625] Checking is LOST | E:\01.userData\ZhuoMian\Github_Releases_批量下载 xray\Xray-core\v24.10.31\Xray-openbsd-arm64-v8a.zip | LOCAL=ad4a9a007fe2db5e4831503815afda1827e613253f0f254cc395e3b262a20ef9 REMOTE=LOST
[1804/3625] Checking is LOST | E:\01.userData\ZhuoMian\Github_Releases_批量下载 xray\Xray-core\v24.10.31\Xray-win7-32.zip           | LOCAL=8abd55460bbd7a5fafe8892fa7e37ee4c14cff541a3965ddb8363af7231cd082 REMOTE=LOST
[1805/3625] Checking is LOST | E:\01.userData\ZhuoMian\Github_Releases_批量下载 xray\Xray-core\v24.10.31\Xray-win7-64.zip           | LOCAL=f38d221bb01dd9659ff5bc4d1b19b6d07461e5334f3625555a5b7e754024722a REMOTE=LOST
[1806/3625] Checking is LOST | E:\01.userData\ZhuoMian\Github_Releases_批量下载 xray\Xray-core\v24.10.31\Xray-windows-32.zip        | LOCAL=3a401d124106c4dc6f6b1599898a035756f7767e3684f96c313be3311d12eb03 REMOTE=LOST
[1807/3625] Checking is LOST | E:\01.userData\ZhuoMian\Github_Releases_批量下载 xray\Xray-core\v24.10.31\Xray-windows-64.zip        | LOCAL=07bd158687eeb693b32cbe00f754485b1e41efe6749071eac232c27bccc8b935 REMOTE=LOST
[1808/3625] Checking is LOST | E:\01.userData\ZhuoMian\Github_Releases_批量下载 xray\Xray-core\v24.10.31\Xray-windows-arm32-v7a.zip | LOCAL=73a0b0e5488b75f5854cae2df8e4528df9224d9b715fb2102315de585ae2aa66 REMOTE=LOST
[1809/3625] Checking is LOST | E:\01.userData\ZhuoMian\Github_Releases_批量下载 xray\Xray-core\v24.10.31\Xray-windows-arm64-v8a.zip | LOCAL=1da24aa89df54c4a139c55e5653188fa28ebe724d1e34cdfac5d8c3421e87404 REMOTE=LOST
[1810/3625] Checking is LOST | E:\01.userData\ZhuoMian\Github_Releases_批量下载 xray\Xray-core\v24.11.11\Xray-android-arm64-v8a.zip | LOCAL=309f4fda6647b9b46eae3f4c695d3275f92a4a656a5bd43875e43aa36d57e841 REMOTE=LOST
[1811/3625] Checking is LOST | E:\01.userData\ZhuoMian\Github_Releases_批量下载 xray\Xray-core\v24.11.11\Xray-freebsd-32.zip        | LOCAL=88c8b1c036a7fb2742e18e0cb3c7928c0e69f152bb802aa4c61371233a6ec1d7 REMOTE=LOST
[1812/3625] Checking is LOST | E:\01.userData\ZhuoMian\Github_Releases_批量下载 xray\Xray-core\v24.11.11\Xray-freebsd-64.zip        | LOCAL=f19b149c8503687564253c2d3b4582fb6ead062c0b1d18e99a0a4abe2e9f5c71 REMOTE=LOST
[1813/3625] Checking is LOST | E:\01.userData\ZhuoMian\Github_Releases_批量下载 xray\Xray-core\v24.11.11\Xray-freebsd-arm32-v7a.zip | LOCAL=fc0edc7a82c3042c1fc6baa7c00f19513c764b5ed6412b7d3fdf40d085518fd4 REMOTE=LOST
[1814/3625] Checking is LOST | E:\01.userData\ZhuoMian\Github_Releases_批量下载 xray\Xray-core\v24.11.11\Xray-freebsd-arm64-v8a.zip | LOCAL=921791cc4b3d775c1abe5dbd68b09bbc8ef9d6fe1c603dc55ce3f7671180e771 REMOTE=LOST
[1815/3625] Checking is LOST | E:\01.userData\ZhuoMian\Github_Releases_批量下载 xray\Xray-core\v24.11.11\Xray-linux-32.zip          | LOCAL=edb4712578c76af0094c75a97a871e463ef6865f3288cec23fd32429d00d1cf6 REMOTE=LOST
[1816/3625] Checking is LOST | E:\01.userData\ZhuoMian\Github_Releases_批量下载 xray\Xray-core\v24.11.11\Xray-linux-64.zip          | LOCAL=576efbcaf24577889429fdc8af2c590838622eff37059322a306823ed22561fc REMOTE=LOST
[1817/3625] Checking is LOST | E:\01.userData\ZhuoMian\Github_Releases_批量下载 xray\Xray-core\v24.11.11\Xray-linux-arm32-v5.zip    | LOCAL=0eb61869def17c6aec7ed223cab8cb7a00830a6eb30f02db42af5a91a0212b23 REMOTE=LOST
[1818/3625] Checking is LOST | E:\01.userData\ZhuoMian\Github_Releases_批量下载 xray\Xray-core\v24.11.11\Xray-linux-arm32-v6.zip    | LOCAL=722a77dbe49513cfc67a4e9574d879bddc23404787dd9263081f99af6e4bdaa2 REMOTE=LOST
[1819/3625] Checking is LOST | E:\01.userData\ZhuoMian\Github_Releases_批量下载 xray\Xray-core\v24.11.11\Xray-linux-arm32-v7a.zip   | LOCAL=ea12987509cb596830a84940fc9b25408a0d1cd7faa1728fe96a0759676fb175 REMOTE=LOST
[1820/3625] Checking is LOST | E:\01.userData\ZhuoMian\Github_Releases_批量下载 xray\Xray-core\v24.11.11\Xray-linux-arm64-v8a.zip   | LOCAL=776591f3b0b0661a45bdfad40bd2e0d18873d066f78242e05e260cf27f6b11d7 REMOTE=LOST
[1821/3625] Checking is LOST | E:\01.userData\ZhuoMian\Github_Releases_批量下载 xray\Xray-core\v24.11.11\Xray-linux-loong64.zip     | LOCAL=24d0858945586818e1f89661fe648cf8eacf2afe83384ce74c0a0e89d85ca36e REMOTE=LOST
[1822/3625] Checking is LOST | E:\01.userData\ZhuoMian\Github_Releases_批量下载 xray\Xray-core\v24.11.11\Xray-linux-mips32.zip      | LOCAL=5fe9d7f60326b6c3ba7be23b568e8cc78921ee6a117b9cad1edd262f33e75efb REMOTE=LOST
[1823/3625] Checking is LOST | E:\01.userData\ZhuoMian\Github_Releases_批量下载 xray\Xray-core\v24.11.11\Xray-linux-mips32le.zip    | LOCAL=79b984283f698602a83ffa624f2152dd87e9b30bf27c4b8f8564e9c03edd3e45 REMOTE=LOST
[1824/3625] Checking is LOST | E:\01.userData\ZhuoMian\Github_Releases_批量下载 xray\Xray-core\v24.11.11\Xray-linux-mips64.zip      | LOCAL=0e787b4ff216d8303430cf24df8fff7387b7e7cd37e10299a4ad67948f48c0c7 REMOTE=LOST
[1825/3625] Checking is LOST | E:\01.userData\ZhuoMian\Github_Releases_批量下载 xray\Xray-core\v24.11.11\Xray-linux-mips64le.zip    | LOCAL=1b51533be9e4d4ef9df6442831a3388c1a269ac4c06f8d81d21c4b2c84012ab2 REMOTE=LOST
[1826/3625] Checking is LOST | E:\01.userData\ZhuoMian\Github_Releases_批量下载 xray\Xray-core\v24.11.11\Xray-linux-ppc64.zip       | LOCAL=5787e27486cb9d0267d5c05c08911bce4efaa126697d9b18ef78f8871281656a REMOTE=LOST
[1827/3625] Checking is LOST | E:\01.userData\ZhuoMian\Github_Releases_批量下载 xray\Xray-core\v24.11.11\Xray-linux-ppc64le.zip     | LOCAL=a29b3dc10d7a7222858327c793637f5559422c8b4de1babca488c8eee1d8fb09 REMOTE=LOST
[1828/3625] Checking is LOST | E:\01.userData\ZhuoMian\Github_Releases_批量下载 xray\Xray-core\v24.11.11\Xray-linux-riscv64.zip     | LOCAL=5d4a4c8bfd1d3280f423812aaa3b1cf787036ee161011b22cec756b4807a2b6a REMOTE=LOST
[1829/3625] Checking is LOST | E:\01.userData\ZhuoMian\Github_Releases_批量下载 xray\Xray-core\v24.11.11\Xray-linux-s390x.zip       | LOCAL=fe80d28f991990b1806943c9d216cb1d4fbeb00a763e06e7d0aea3540a7861a4 REMOTE=LOST
[1830/3625] Checking is LOST | E:\01.userData\ZhuoMian\Github_Releases_批量下载 xray\Xray-core\v24.11.11\Xray-macos-64.zip          | LOCAL=e37af29edebb42a7e205ccd6254235974053e657375c74dce23365f01875b401 REMOTE=LOST
[1831/3625] Checking is LOST | E:\01.userData\ZhuoMian\Github_Releases_批量下载 xray\Xray-core\v24.11.11\Xray-macos-arm64-v8a.zip   | LOCAL=7387bf3a63d18b6b2ff4ab3ea814f5c68b541d7b4e7a007af317330326dddeaf REMOTE=LOST
[1832/3625] Checking is LOST | E:\01.userData\ZhuoMian\Github_Releases_批量下载 xray\Xray-core\v24.11.11\Xray-openbsd-32.zip        | LOCAL=a5b5765bf17b0832b0678c17c9bdfabf01a16506b7be0dde72a481d4296537ab REMOTE=LOST
[1833/3625] Checking is LOST | E:\01.userData\ZhuoMian\Github_Releases_批量下载 xray\Xray-core\v24.11.11\Xray-openbsd-64.zip        | LOCAL=153dfdd1ff30c8d62787e1797447d6957c7cb20fc65557dcd4e69d82379f17b5 REMOTE=LOST
[1834/3625] Checking is LOST | E:\01.userData\ZhuoMian\Github_Releases_批量下载 xray\Xray-core\v24.11.11\Xray-openbsd-arm32-v7a.zip | LOCAL=da74f965dd87606073b602dc36ef9b29df8986e6da8c7f6082296defd44912da REMOTE=LOST
[1835/3625] Checking is LOST | E:\01.userData\ZhuoMian\Github_Releases_批量下载 xray\Xray-core\v24.11.11\Xray-openbsd-arm64-v8a.zip | LOCAL=801d6e2dc1f762bc0c8da1e3e31cc8b4e0fa6e0a4470dae73f336cbfd9888761 REMOTE=LOST
[1836/3625] Checking is LOST | E:\01.userData\ZhuoMian\Github_Releases_批量下载 xray\Xray-core\v24.11.11\Xray-win7-32.zip           | LOCAL=7acb1e737cf203bb4f29fc5a8007e25a023249c82e3fd2ddedf75dce525e53bc REMOTE=LOST
[1837/3625] Checking is LOST | E:\01.userData\ZhuoMian\Github_Releases_批量下载 xray\Xray-core\v24.11.11\Xray-win7-64.zip           | LOCAL=aa781ebdaee59d00e645656b163d1ee6481b1c865c2865815bc353b610e5ad54 REMOTE=LOST
[1838/3625] Checking is LOST | E:\01.userData\ZhuoMian\Github_Releases_批量下载 xray\Xray-core\v24.11.11\Xray-windows-32.zip        | LOCAL=faab74e2f4ff715ef1e4ed2fbdb193ceb316ff854ee8b573c61a58ee8e3ba471 REMOTE=LOST
[1839/3625] Checking is LOST | E:\01.userData\ZhuoMian\Github_Releases_批量下载 xray\Xray-core\v24.11.11\Xray-windows-64.zip        | LOCAL=342aa2c384836500c7cdb08090b6149ac5f79f4c31460895a31b1ab7400a1d30 REMOTE=LOST
[1840/3625] Checking is LOST | E:\01.userData\ZhuoMian\Github_Releases_批量下载 xray\Xray-core\v24.11.11\Xray-windows-arm32-v7a.zip | LOCAL=8ad31a4f1b0a56eb5817cc0387ad36b8a96ed6e1374bc3d532cd73516342e25d REMOTE=LOST
[1841/3625] Checking is LOST | E:\01.userData\ZhuoMian\Github_Releases_批量下载 xray\Xray-core\v24.11.11\Xray-windows-arm64-v8a.zip | LOCAL=dd2ed6a136cda6f8cb7f65b98d3f49af1ae9a86d88242686ad9807032e34c629 REMOTE=LOST
[1842/3625] Checking is LOST | E:\01.userData\ZhuoMian\Github_Releases_批量下载 xray\Xray-core\v24.11.21\Xray-android-arm64-v8a.zip | LOCAL=516645e3a9ed2d3fffff0d1fccf431b64de48eef6d56ff58c027e56a6097388a REMOTE=LOST
[1843/3625] Checking is LOST | E:\01.userData\ZhuoMian\Github_Releases_批量下载 xray\Xray-core\v24.11.21\Xray-freebsd-32.zip        | LOCAL=dfb511a02cf3d6fc0bfd75861ce98a5dbe02524f26c19bd857476e8fd612776c REMOTE=LOST
[1844/3625] Checking is LOST | E:\01.userData\ZhuoMian\Github_Releases_批量下载 xray\Xray-core\v24.11.21\Xray-freebsd-64.zip        | LOCAL=22f356dc2dafd1199eeac76e3c3c7ba825ca70866225b3bbcc5353401f68a9e3 REMOTE=LOST
[1845/3625] Checking is LOST | E:\01.userData\ZhuoMian\Github_Releases_批量下载 xray\Xray-core\v24.11.21\Xray-freebsd-arm32-v7a.zip | LOCAL=3b3e23368be7d9ee2f6fb447fab7e916ad7a4d08780547dd1f5a2c537c62a6b5 REMOTE=LOST
[1846/3625] Checking is LOST | E:\01.userData\ZhuoMian\Github_Releases_批量下载 xray\Xray-core\v24.11.21\Xray-freebsd-arm64-v8a.zip | LOCAL=12112a3a78bb1d6923aec31402a634790efec189df4dc5b30e41268738d2ff2f REMOTE=LOST
[1847/3625] Checking is LOST | E:\01.userData\ZhuoMian\Github_Releases_批量下载 xray\Xray-core\v24.11.21\Xray-linux-32.zip          | LOCAL=cb9ec14e2cdd9e4ccde00e699a244386b8dac85d79a45a0b7b07c45e235347bc REMOTE=LOST
[1848/3625] Checking is LOST | E:\01.userData\ZhuoMian\Github_Releases_批量下载 xray\Xray-core\v24.11.21\Xray-linux-64.zip          | LOCAL=084bf895408cbd872f4973c73f6b9f84e8e4f819b9152edb19adf721446aee28 REMOTE=LOST
[1849/3625] Checking is LOST | E:\01.userData\ZhuoMian\Github_Releases_批量下载 xray\Xray-core\v24.11.21\Xray-linux-arm32-v5.zip    | LOCAL=880561d037dcc8e7bafd833d1269cbaa42d764c1f868f2e0ce0d471e180cd48c REMOTE=LOST
[1850/3625] Checking is LOST | E:\01.userData\ZhuoMian\Github_Releases_批量下载 xray\Xray-core\v24.11.21\Xray-linux-arm32-v6.zip    | LOCAL=f50609471975e8365edd198166fe770da04a462c5213dd70f1bcc8bd7fdb530e REMOTE=LOST
[1851/3625] Checking is LOST | E:\01.userData\ZhuoMian\Github_Releases_批量下载 xray\Xray-core\v24.11.21\Xray-linux-arm32-v7a.zip   | LOCAL=ead37c199daae58f0082fa51b161084af01741ed21520a2e8ed8f8e02d8db681 REMOTE=LOST
[1852/3625] Checking is LOST | E:\01.userData\ZhuoMian\Github_Releases_批量下载 xray\Xray-core\v24.11.21\Xray-linux-arm64-v8a.zip   | LOCAL=8369d4ffc27640369646d860af9b2681319858ca3b3534409c875c1518acaa92 REMOTE=LOST
[1853/3625] Checking is LOST | E:\01.userData\ZhuoMian\Github_Releases_批量下载 xray\Xray-core\v24.11.21\Xray-linux-loong64.zip     | LOCAL=5c5956ffa9e7a5bab566b732dce25641fa76a82777a6c26b42e4033e98d764a2 REMOTE=LOST
[1854/3625] Checking is LOST | E:\01.userData\ZhuoMian\Github_Releases_批量下载 xray\Xray-core\v24.11.21\Xray-linux-mips32.zip      | LOCAL=b86cbebd5f59916373579699c50af6bfa78ca5fbb3479c75bf9458724d85c897 REMOTE=LOST
[1855/3625] Checking is LOST | E:\01.userData\ZhuoMian\Github_Releases_批量下载 xray\Xray-core\v24.11.21\Xray-linux-mips32le.zip    | LOCAL=431d7945ddafa67d4a09188b4e5cb909eca7b178df8a4b7e2e0ea8f59c62a987 REMOTE=LOST
[1856/3625] Checking is LOST | E:\01.userData\ZhuoMian\Github_Releases_批量下载 xray\Xray-core\v24.11.21\Xray-linux-mips64.zip      | LOCAL=298bf6e62edf1daf8438fba6f96602c0515e759f57050b71a3c668f1b5d6665c REMOTE=LOST
[1857/3625] Checking is LOST | E:\01.userData\ZhuoMian\Github_Releases_批量下载 xray\Xray-core\v24.11.21\Xray-linux-mips64le.zip    | LOCAL=407ee7567752592ea3df5222b2721c810f4db70468509542671af4ea3fc5c461 REMOTE=LOST
[1858/3625] Checking is LOST | E:\01.userData\ZhuoMian\Github_Releases_批量下载 xray\Xray-core\v24.11.21\Xray-linux-ppc64.zip       | LOCAL=cc9bb958cd262b8145e40160de978d416106d16e5e8dc045f76296689a711114 REMOTE=LOST
[1859/3625] Checking is LOST | E:\01.userData\ZhuoMian\Github_Releases_批量下载 xray\Xray-core\v24.11.21\Xray-linux-ppc64le.zip     | LOCAL=83b3ee09659b5ba022769c4583a11d42dd651f90a768b822f73ea578c3798ee0 REMOTE=LOST
[1860/3625] Checking is LOST | E:\01.userData\ZhuoMian\Github_Releases_批量下载 xray\Xray-core\v24.11.21\Xray-linux-riscv64.zip     | LOCAL=5d1f9034434def10d7d1e390008b80d93a96bc7c0d755d0e87b0e85fa2470566 REMOTE=LOST
[1861/3625] Checking is LOST | E:\01.userData\ZhuoMian\Github_Releases_批量下载 xray\Xray-core\v24.11.21\Xray-linux-s390x.zip       | LOCAL=85b7d54578ae2ba365e89dde588d203d5f4667fa1bd4f6c42766e971008703c8 REMOTE=LOST
[1862/3625] Checking is LOST | E:\01.userData\ZhuoMian\Github_Releases_批量下载 xray\Xray-core\v24.11.21\Xray-macos-64.zip          | LOCAL=25aeccd970dab548a16c6b97316e67bb20003bc83a061eb72c929a35c648d0b1 REMOTE=LOST
[1863/3625] Checking is LOST | E:\01.userData\ZhuoMian\Github_Releases_批量下载 xray\Xray-core\v24.11.21\Xray-macos-arm64-v8a.zip   | LOCAL=72913f131a7c5fcfab74ce725eb2c5aedc2218f41f96ffe319f1a87de09feeab REMOTE=LOST
[1864/3625] Checking is LOST | E:\01.userData\ZhuoMian\Github_Releases_批量下载 xray\Xray-core\v24.11.21\Xray-openbsd-32.zip        | LOCAL=a37a0e19a3ca9162ae6203a2c6ed3c9d8be5bdfc426c41912ce7724dcb03c8c3 REMOTE=LOST
[1865/3625] Checking is LOST | E:\01.userData\ZhuoMian\Github_Releases_批量下载 xray\Xray-core\v24.11.21\Xray-openbsd-64.zip        | LOCAL=1c76fd04242ab9217d1fafb372e09e6538d9ec42b35cf4e84b14e8b070a47bfc REMOTE=LOST
[1866/3625] Checking is LOST | E:\01.userData\ZhuoMian\Github_Releases_批量下载 xray\Xray-core\v24.11.21\Xray-openbsd-arm32-v7a.zip | LOCAL=0aadc814570ff588099c02c1207ec02ed52b1242009b407db752ff37fb1eca14 REMOTE=LOST
[1867/3625] Checking is LOST | E:\01.userData\ZhuoMian\Github_Releases_批量下载 xray\Xray-core\v24.11.21\Xray-openbsd-arm64-v8a.zip | LOCAL=e4f1a3c2d6c8e0cd77aad29201eb997ecfadfc13a3f65ab1c1c74d1347f08ee0 REMOTE=LOST
[1868/3625] Checking is LOST | E:\01.userData\ZhuoMian\Github_Releases_批量下载 xray\Xray-core\v24.11.21\Xray-win7-32.zip           | LOCAL=b8f6a4a9f049596b52ca3bbe5b3ab90d0029e170d72db30f03dd30bbccea7c7b REMOTE=LOST
[1869/3625] Checking is LOST | E:\01.userData\ZhuoMian\Github_Releases_批量下载 xray\Xray-core\v24.11.21\Xray-win7-64.zip           | LOCAL=8b1a7672f8ed01a2cae8572c6c08e6a732b682a9869764c4defcc121e45e68d1 REMOTE=LOST
[1870/3625] Checking is LOST | E:\01.userData\ZhuoMian\Github_Releases_批量下载 xray\Xray-core\v24.11.21\Xray-windows-32.zip        | LOCAL=322ee74c970f837cedccb47ba1b2cb68442e65d1726a1e18cf0230a1f02f02fc REMOTE=LOST
[1871/3625] Checking is LOST | E:\01.userData\ZhuoMian\Github_Releases_批量下载 xray\Xray-core\v24.11.21\Xray-windows-64.zip        | LOCAL=92cdf85e550a69be06f1420a4982e8ec7fe918efe8185b551b48e2fc4767343f REMOTE=LOST
[1872/3625] Checking is LOST | E:\01.userData\ZhuoMian\Github_Releases_批量下载 xray\Xray-core\v24.11.21\Xray-windows-arm32-v7a.zip | LOCAL=e5486cf5623d1a1ada33e58681ea2f579a6c4dcc4a44fef322bd989157211b38 REMOTE=LOST
[1873/3625] Checking is LOST | E:\01.userData\ZhuoMian\Github_Releases_批量下载 xray\Xray-core\v24.11.21\Xray-windows-arm64-v8a.zip | LOCAL=88d5aff400eef4497088867600793dd48bfbbc11efdb6a175f4c645b57e87e05 REMOTE=LOST
[1874/3625] Checking is LOST | E:\01.userData\ZhuoMian\Github_Releases_批量下载 xray\Xray-core\v24.11.30\Xray-android-arm64-v8a.zip | LOCAL=a72c6bb8a965f035367416b12506b823ee6afc18ad7a58a8c67557d41cd4e1f6 REMOTE=LOST
[1875/3625] Checking is LOST | E:\01.userData\ZhuoMian\Github_Releases_批量下载 xray\Xray-core\v24.11.30\Xray-freebsd-32.zip        | LOCAL=49a5bde200f987d6434283da13be1cefa8fcb26b6b36870760df81f3cf1bba01 REMOTE=LOST
[1876/3625] Checking is LOST | E:\01.userData\ZhuoMian\Github_Releases_批量下载 xray\Xray-core\v24.11.30\Xray-freebsd-64.zip        | LOCAL=78b45f578770f0bf51b55b6cf3d84c367c0578f0ba91c8faab31be078b39af3b REMOTE=LOST
[1877/3625] Checking is LOST | E:\01.userData\ZhuoMian\Github_Releases_批量下载 xray\Xray-core\v24.11.30\Xray-freebsd-arm32-v7a.zip | LOCAL=1bf4768b4550548d029527f0a8d3e15e39ce1443a741ef18fda1e015e922da6a REMOTE=LOST
[1878/3625] Checking is LOST | E:\01.userData\ZhuoMian\Github_Releases_批量下载 xray\Xray-core\v24.11.30\Xray-freebsd-arm64-v8a.zip | LOCAL=43d6ca3a0934b0d10cfabca28ea03634df405fe9fe7d651797d909e35ebb0d8d REMOTE=LOST
[1879/3625] Checking is LOST | E:\01.userData\ZhuoMian\Github_Releases_批量下载 xray\Xray-core\v24.11.30\Xray-linux-32.zip          | LOCAL=7ebf695cf9d1ff21bcf6d32423c6c7b6407388b12ea50e3c339d22baa0d7f1c6 REMOTE=LOST
[1880/3625] Checking is LOST | E:\01.userData\ZhuoMian\Github_Releases_批量下载 xray\Xray-core\v24.11.30\Xray-linux-64.zip          | LOCAL=679d6ec1c2ecabd84ad1e2deab6e52789c52f0a387902cc72e135a3bb3949554 REMOTE=LOST
[1881/3625] Checking is LOST | E:\01.userData\ZhuoMian\Github_Releases_批量下载 xray\Xray-core\v24.11.30\Xray-linux-arm32-v5.zip    | LOCAL=08c904ccf1acabf0447c41ce3837714821b2fdc141ab951246e09b6c33f511be REMOTE=LOST
[1882/3625] Checking is LOST | E:\01.userData\ZhuoMian\Github_Releases_批量下载 xray\Xray-core\v24.11.30\Xray-linux-arm32-v6.zip    | LOCAL=0cac4f12052e1d3981085464ba79d9baf7ffc70915aaa8731b9d722f4565e4ee REMOTE=LOST
[1883/3625] Checking is LOST | E:\01.userData\ZhuoMian\Github_Releases_批量下载 xray\Xray-core\v24.11.30\Xray-linux-arm32-v7a.zip   | LOCAL=e5470bc98b208191de220125624f80adbf15b787deb8b54353c5869e1d0aad7f REMOTE=LOST
[1884/3625] Checking is LOST | E:\01.userData\ZhuoMian\Github_Releases_批量下载 xray\Xray-core\v24.11.30\Xray-linux-arm64-v8a.zip   | LOCAL=9c36a345e580897dbe1eb677d39022bf5d0149814ec10308099e1ea1b630a6de REMOTE=LOST
[1885/3625] Checking is LOST | E:\01.userData\ZhuoMian\Github_Releases_批量下载 xray\Xray-core\v24.11.30\Xray-linux-loong64.zip     | LOCAL=624416ae58fbc439980051752958fe021c57c297d3a31306bb576b09754f94b5 REMOTE=LOST
[1886/3625] Checking is LOST | E:\01.userData\ZhuoMian\Github_Releases_批量下载 xray\Xray-core\v24.11.30\Xray-linux-mips32.zip      | LOCAL=09db31b8d6fc0b8b85fea4b53767bcc66a3d008f3a4443c99754224a241b63ef REMOTE=LOST
[1887/3625] Checking is LOST | E:\01.userData\ZhuoMian\Github_Releases_批量下载 xray\Xray-core\v24.11.30\Xray-linux-mips32le.zip    | LOCAL=d0cf384713c611781ac00f6c9c7020da3cff34200e4fe1205410f465d3c66550 REMOTE=LOST
[1888/3625] Checking is LOST | E:\01.userData\ZhuoMian\Github_Releases_批量下载 xray\Xray-core\v24.11.30\Xray-linux-mips64.zip      | LOCAL=fbf2568ba6976a5f9ba89fbd53ce54c9f21383a95a1465d7f46392b7c714d962 REMOTE=LOST
[1889/3625] Checking is LOST | E:\01.userData\ZhuoMian\Github_Releases_批量下载 xray\Xray-core\v24.11.30\Xray-linux-mips64le.zip    | LOCAL=e0648fbd94ccb2636e2ec3d9e114a2b65802632936ccd2045b2af1bdc890d39f REMOTE=LOST
[1890/3625] Checking is LOST | E:\01.userData\ZhuoMian\Github_Releases_批量下载 xray\Xray-core\v24.11.30\Xray-linux-ppc64.zip       | LOCAL=ccfa3f32e1cdcd725863908a1eeac15f05a9e842a6ed322173c2bc1c8baf10e1 REMOTE=LOST
[1891/3625] Checking is LOST | E:\01.userData\ZhuoMian\Github_Releases_批量下载 xray\Xray-core\v24.11.30\Xray-linux-ppc64le.zip     | LOCAL=92637086b7f33789c230520868ccf672f46848853c919bd2140a29891dd1f6d6 REMOTE=LOST
[1892/3625] Checking is LOST | E:\01.userData\ZhuoMian\Github_Releases_批量下载 xray\Xray-core\v24.11.30\Xray-linux-riscv64.zip     | LOCAL=6d5841beac5535196af82329f20477ecc05671d838de5b8d0a16cc07bef412c5 REMOTE=LOST
[1893/3625] Checking is LOST | E:\01.userData\ZhuoMian\Github_Releases_批量下载 xray\Xray-core\v24.11.30\Xray-linux-s390x.zip       | LOCAL=05d77ac4f642f3a247f9ebcfcc8f98a43f3fa7da83c0470bf7104caf0edc9325 REMOTE=LOST
[1894/3625] Checking is LOST | E:\01.userData\ZhuoMian\Github_Releases_批量下载 xray\Xray-core\v24.11.30\Xray-macos-64.zip          | LOCAL=bb9d1f1563a173a86aac6136db53261ecd3ee2a0a357968273edbd69d976d938 REMOTE=LOST
[1895/3625] Checking is LOST | E:\01.userData\ZhuoMian\Github_Releases_批量下载 xray\Xray-core\v24.11.30\Xray-macos-arm64-v8a.zip   | LOCAL=8580be19d2356b1679ff2d1e77c7999d674bd69d16e36a9edad42cd7be8ad329 REMOTE=LOST
[1896/3625] Checking is LOST | E:\01.userData\ZhuoMian\Github_Releases_批量下载 xray\Xray-core\v24.11.30\Xray-openbsd-32.zip        | LOCAL=05f667fa4ee9a5478f49ed7cba3fb6db4570fd2c1e636609f8c55c56a9b64661 REMOTE=LOST
[1897/3625] Checking is LOST | E:\01.userData\ZhuoMian\Github_Releases_批量下载 xray\Xray-core\v24.11.30\Xray-openbsd-64.zip        | LOCAL=b41be2dde585bdf21845f493462a0d1a3f7970fd8e1e5412894bfe7b159747df REMOTE=LOST
[1898/3625] Checking is LOST | E:\01.userData\ZhuoMian\Github_Releases_批量下载 xray\Xray-core\v24.11.30\Xray-openbsd-arm32-v7a.zip | LOCAL=e5b2463f762b568ce3a3fc8307af1d73be4459c13aeb2d19c9f2baa1a7348fa8 REMOTE=LOST
[1899/3625] Checking is LOST | E:\01.userData\ZhuoMian\Github_Releases_批量下载 xray\Xray-core\v24.11.30\Xray-openbsd-arm64-v8a.zip | LOCAL=0594fd71486cdb3d9d513ebc40e4a613175863d8414372c10fa590cf4d8b0e47 REMOTE=LOST
[1900/3625] Checking is LOST | E:\01.userData\ZhuoMian\Github_Releases_批量下载 xray\Xray-core\v24.11.30\Xray-win7-32.zip           | LOCAL=938cd5100044503200921c72e6920b4b6001cfa4c25d37830f39865253176af7 REMOTE=LOST
[1901/3625] Checking is LOST | E:\01.userData\ZhuoMian\Github_Releases_批量下载 xray\Xray-core\v24.11.30\Xray-win7-64.zip           | LOCAL=ec1fb5790c556c6490a69354fe1d6f9056db1d068d4d565d2ef10fcbb882ddd2 REMOTE=LOST
[1902/3625] Checking is LOST | E:\01.userData\ZhuoMian\Github_Releases_批量下载 xray\Xray-core\v24.11.30\Xray-windows-32.zip        | LOCAL=00638a3be30be9f2dbda59705eb09f4101d11b5667a2ca90eb3d10d37b6a1983 REMOTE=LOST
[1903/3625] Checking is LOST | E:\01.userData\ZhuoMian\Github_Releases_批量下载 xray\Xray-core\v24.11.30\Xray-windows-64.zip        | LOCAL=576e46a4d17ea08ef7c3120ec747581709412083cc0e69d2c3ead72ee001897f REMOTE=LOST
[1904/3625] Checking is LOST | E:\01.userData\ZhuoMian\Github_Releases_批量下载 xray\Xray-core\v24.11.30\Xray-windows-arm32-v7a.zip | LOCAL=a2ee7d04389821d2ff408efaa3dc8d40a9516837a83cebe0fb014515e91ed34b REMOTE=LOST
[1905/3625] Checking is LOST | E:\01.userData\ZhuoMian\Github_Releases_批量下载 xray\Xray-core\v24.11.30\Xray-windows-arm64-v8a.zip | LOCAL=3dfd27ff24afa5838ae0b392e289d411cd2d834d59cef023ef2ddc3886cf1a10 REMOTE=LOST
[1906/3625] Checking is LOST | E:\01.userData\ZhuoMian\Github_Releases_批量下载 xray\Xray-core\v24.11.5\Xray-android-arm64-v8a.zip  | LOCAL=da5645de10b9756ac4524dfe1184fdac51abcd34910d6172adbc6f8f4afe118f REMOTE=LOST
[1907/3625] Checking is LOST | E:\01.userData\ZhuoMian\Github_Releases_批量下载 xray\Xray-core\v24.11.5\Xray-freebsd-32.zip         | LOCAL=1e0491cc261b05f9cd12b9eec85bd016c86464a3626afca68c8aaf29846d16b1 REMOTE=LOST
[1908/3625] Checking is LOST | E:\01.userData\ZhuoMian\Github_Releases_批量下载 xray\Xray-core\v24.11.5\Xray-freebsd-64.zip         | LOCAL=f143b1ec4f181f65f9ff5e0240d0aa7abca8d6665afe3936cdeefd27150b2780 REMOTE=LOST
[1909/3625] Checking is LOST | E:\01.userData\ZhuoMian\Github_Releases_批量下载 xray\Xray-core\v24.11.5\Xray-freebsd-arm32-v7a.zip  | LOCAL=0926ff7ea74b2796d68cc584fa325459a3ee9c4fd915e6e99449acfd126efe31 REMOTE=LOST
[1910/3625] Checking is LOST | E:\01.userData\ZhuoMian\Github_Releases_批量下载 xray\Xray-core\v24.11.5\Xray-freebsd-arm64-v8a.zip  | LOCAL=9aafac47ffae448a8cbc2307982affc337cc88d0f85126fc3936cfa5638cc772 REMOTE=LOST
[1911/3625] Checking is LOST | E:\01.userData\ZhuoMian\Github_Releases_批量下载 xray\Xray-core\v24.11.5\Xray-linux-32.zip           | LOCAL=169d83a643557b85eec53f06f66d2a0bbc5ad37c0e3d2a031db817414d4bef77 REMOTE=LOST
[1912/3625] Checking is LOST | E:\01.userData\ZhuoMian\Github_Releases_批量下载 xray\Xray-core\v24.11.5\Xray-linux-64.zip           | LOCAL=1b0990a61006061fc9d3d7ef4645a689a7dd8959e85ff747813faa9d63baab17 REMOTE=LOST
[1913/3625] Checking is LOST | E:\01.userData\ZhuoMian\Github_Releases_批量下载 xray\Xray-core\v24.11.5\Xray-linux-arm32-v5.zip     | LOCAL=6f579db28f11264109fe102a539c17f00a6c5133185aa21f6d979cd687895136 REMOTE=LOST
[1914/3625] Checking is LOST | E:\01.userData\ZhuoMian\Github_Releases_批量下载 xray\Xray-core\v24.11.5\Xray-linux-arm32-v6.zip     | LOCAL=555f7eaf2c32778ebe4c2a4ad92082127ffd37a38eca500089bc97429b55ac7f REMOTE=LOST
[1915/3625] Checking is LOST | E:\01.userData\ZhuoMian\Github_Releases_批量下载 xray\Xray-core\v24.11.5\Xray-linux-arm32-v7a.zip    | LOCAL=36c9aaa4220963a31344a456d2b7383b44b3917ce18d2a82a316facbea9090c8 REMOTE=LOST
[1916/3625] Checking is LOST | E:\01.userData\ZhuoMian\Github_Releases_批量下载 xray\Xray-core\v24.11.5\Xray-linux-arm64-v8a.zip    | LOCAL=9883f5464fc2936e576f00c7e512bb281cb5b5ae8963959e23501bc1eb4735ba REMOTE=LOST
[1917/3625] Checking is LOST | E:\01.userData\ZhuoMian\Github_Releases_批量下载 xray\Xray-core\v24.11.5\Xray-linux-loong64.zip      | LOCAL=7381e1a5ae4c9cf07db1fb401034a826dbc6a4480cf025dd921119d007af846d REMOTE=LOST
[1918/3625] Checking is LOST | E:\01.userData\ZhuoMian\Github_Releases_批量下载 xray\Xray-core\v24.11.5\Xray-linux-mips32.zip       | LOCAL=79c1086c0125495245cfa9e5f0d061ba80dc204ac61c3a4f083019f2719d6755 REMOTE=LOST
[1919/3625] Checking is LOST | E:\01.userData\ZhuoMian\Github_Releases_批量下载 xray\Xray-core\v24.11.5\Xray-linux-mips32le.zip     | LOCAL=4cc7bcc901b583204d6eda9f41f92835296ff44ecbc8b521ed5bb052757602a5 REMOTE=LOST
[1920/3625] Checking is LOST | E:\01.userData\ZhuoMian\Github_Releases_批量下载 xray\Xray-core\v24.11.5\Xray-linux-mips64.zip       | LOCAL=235ad017e7422b93fbfb50356f0368c1b3941e3e53bcfa50e7b13ae3bbe6cd6a REMOTE=LOST
[1921/3625] Checking is LOST | E:\01.userData\ZhuoMian\Github_Releases_批量下载 xray\Xray-core\v24.11.5\Xray-linux-mips64le.zip     | LOCAL=e3ccfacd21ea21c677637196bf47ead11270550649cd431e0d928ab7a6d4423d REMOTE=LOST
[1922/3625] Checking is LOST | E:\01.userData\ZhuoMian\Github_Releases_批量下载 xray\Xray-core\v24.11.5\Xray-linux-ppc64.zip        | LOCAL=4e2bf2a739e5df535eabe2adcc66605b390c43969945bfbbaf5a3aa57bb94f0c REMOTE=LOST
[1923/3625] Checking is LOST | E:\01.userData\ZhuoMian\Github_Releases_批量下载 xray\Xray-core\v24.11.5\Xray-linux-ppc64le.zip      | LOCAL=f3b7c43e367bca2f62a33a78f9b1dd2c55923e7ba1256765f4ba129eb55bb46b REMOTE=LOST
[1924/3625] Checking is LOST | E:\01.userData\ZhuoMian\Github_Releases_批量下载 xray\Xray-core\v24.11.5\Xray-linux-riscv64.zip      | LOCAL=b3a03519361d8f59d1aad23c6290380ecf76b22209cc53900c33b41451e434d0 REMOTE=LOST
[1925/3625] Checking is LOST | E:\01.userData\ZhuoMian\Github_Releases_批量下载 xray\Xray-core\v24.11.5\Xray-linux-s390x.zip        | LOCAL=437b5e0d84190332734f52e1f0b5edf8bb82e18413bf8b6c7880eb510f63b59e REMOTE=LOST
[1926/3625] Checking is LOST | E:\01.userData\ZhuoMian\Github_Releases_批量下载 xray\Xray-core\v24.11.5\Xray-macos-64.zip           | LOCAL=803fe8210415de80d23587cefa2c04c11898608738e75ff349142a4419d6e2d8 REMOTE=LOST
[1927/3625] Checking is LOST | E:\01.userData\ZhuoMian\Github_Releases_批量下载 xray\Xray-core\v24.11.5\Xray-macos-arm64-v8a.zip    | LOCAL=e69f6bbeef54d627a31f4a724ece4b6a1bd173a51d349add90f9bb6cf3674084 REMOTE=LOST
[1928/3625] Checking is LOST | E:\01.userData\ZhuoMian\Github_Releases_批量下载 xray\Xray-core\v24.11.5\Xray-openbsd-32.zip         | LOCAL=302b8c908e0ddcdddc2259c0bbcb3901f74f033f51d579f2f35f30568a1cd25e REMOTE=LOST
[1929/3625] Checking is LOST | E:\01.userData\ZhuoMian\Github_Releases_批量下载 xray\Xray-core\v24.11.5\Xray-openbsd-64.zip         | LOCAL=a1128afb285e4148ae6b71594ce9c0aea87ab08a987db05ddf91c62cc78a56e6 REMOTE=LOST
[1930/3625] Checking is LOST | E:\01.userData\ZhuoMian\Github_Releases_批量下载 xray\Xray-core\v24.11.5\Xray-openbsd-arm32-v7a.zip  | LOCAL=fc513853ab03b474e129b3635b1dfec2237e11aa67394bebce4e8681f8cea848 REMOTE=LOST
[1931/3625] Checking is LOST | E:\01.userData\ZhuoMian\Github_Releases_批量下载 xray\Xray-core\v24.11.5\Xray-openbsd-arm64-v8a.zip  | LOCAL=9e885b1cdc39d14e01b853febcfc74b64c0dbb6dcd5405b9ba7b54d0340aa18a REMOTE=LOST
[1932/3625] Checking is LOST | E:\01.userData\ZhuoMian\Github_Releases_批量下载 xray\Xray-core\v24.11.5\Xray-win7-32.zip            | LOCAL=82216eee2d614d59e14e54d6764b16bbed4409c7abf68a454d9764d94b935f4e REMOTE=LOST
[1933/3625] Checking is LOST | E:\01.userData\ZhuoMian\Github_Releases_批量下载 xray\Xray-core\v24.11.5\Xray-win7-64.zip            | LOCAL=68ac0370ed3aeab95f6736f4723a0651c40983896d4b2842dfe94c0298aec978 REMOTE=LOST
[1934/3625] Checking is LOST | E:\01.userData\ZhuoMian\Github_Releases_批量下载 xray\Xray-core\v24.11.5\Xray-windows-32.zip         | LOCAL=80b9434b9b69049635adaa4789b7fb20a908d9b223b1aa625d5c845ebff48d94 REMOTE=LOST
[1935/3625] Checking is LOST | E:\01.userData\ZhuoMian\Github_Releases_批量下载 xray\Xray-core\v24.11.5\Xray-windows-64.zip         | LOCAL=5c4eb89eccae428dc799b31a11b15f816fc24fc17146feea107bcde8c4bee826 REMOTE=LOST
[1936/3625] Checking is LOST | E:\01.userData\ZhuoMian\Github_Releases_批量下载 xray\Xray-core\v24.11.5\Xray-windows-arm32-v7a.zip  | LOCAL=91b00a602b6afcdc2a849e1fd8a34919e44e074c7de9ea434c27d722901c1981 REMOTE=LOST
[1937/3625] Checking is LOST | E:\01.userData\ZhuoMian\Github_Releases_批量下载 xray\Xray-core\v24.11.5\Xray-windows-arm64-v8a.zip  | LOCAL=f84e1a6b48d42a9b7e3f6ea2164333cc267a8cd27b1176266f1de43c9d4d303f REMOTE=LOST
[1938/3625] Checking is LOST | E:\01.userData\ZhuoMian\Github_Releases_批量下载 xray\Xray-core\v24.12.15\Xray-android-arm64-v8a.zip | LOCAL=1e6973d651ef04a32f40c9a5a1e4af5ac5a3f3fa97fd9257396951fede299e52 REMOTE=LOST
[1939/3625] Checking is LOST | E:\01.userData\ZhuoMian\Github_Releases_批量下载 xray\Xray-core\v24.12.15\Xray-freebsd-32.zip        | LOCAL=5fe425e6087afc9c8ab2bb75abc72b1b40662084b55f5d5bd8740373af8c6578 REMOTE=LOST
[1940/3625] Checking is LOST | E:\01.userData\ZhuoMian\Github_Releases_批量下载 xray\Xray-core\v24.12.15\Xray-freebsd-64.zip        | LOCAL=ff0d5d775bbd58b38f3d76546e24e5bf483776dc0e022b63412497ea01011c5c REMOTE=LOST
[1941/3625] Checking is LOST | E:\01.userData\ZhuoMian\Github_Releases_批量下载 xray\Xray-core\v24.12.15\Xray-freebsd-arm32-v7a.zip | LOCAL=6e609e8833b907e1637334cf4716df06b576348859ca1f0ebd5f7d8201c064cf REMOTE=LOST
[1942/3625] Checking is LOST | E:\01.userData\ZhuoMian\Github_Releases_批量下载 xray\Xray-core\v24.12.15\Xray-freebsd-arm64-v8a.zip | LOCAL=8d4fba3aa7a059876d10ff505c9d646fbfb24cdcc1b4d640f9710e4960903d32 REMOTE=LOST
[1943/3625] Checking is LOST | E:\01.userData\ZhuoMian\Github_Releases_批量下载 xray\Xray-core\v24.12.15\Xray-linux-32.zip          | LOCAL=c7347a2e7d43e092bbdff0281445657f819fd42b99115d5a0512a207df0af645 REMOTE=LOST
[1944/3625] Checking is LOST | E:\01.userData\ZhuoMian\Github_Releases_批量下载 xray\Xray-core\v24.12.15\Xray-linux-64.zip          | LOCAL=5102020cbf455f60787c9623cf661f27741738fd7c1b7e8d9e72ff52c995459b REMOTE=LOST
[1945/3625] Checking is LOST | E:\01.userData\ZhuoMian\Github_Releases_批量下载 xray\Xray-core\v24.12.15\Xray-linux-arm32-v5.zip    | LOCAL=cb11a6009768a87283591f72338e8d9a04eeaccedeccc9900564c32a49fc2514 REMOTE=LOST
[1946/3625] Checking is LOST | E:\01.userData\ZhuoMian\Github_Releases_批量下载 xray\Xray-core\v24.12.15\Xray-linux-arm32-v6.zip    | LOCAL=e82076fc47cc3aedf3fd8a96afd41b08e448493675d78f3c693b5f67e7f7f12a REMOTE=LOST
[1947/3625] Checking is LOST | E:\01.userData\ZhuoMian\Github_Releases_批量下载 xray\Xray-core\v24.12.15\Xray-linux-arm32-v7a.zip   | LOCAL=ecf9fa4bdf3a09d57436b3a005d984f863c8175f12f8f2bc6e6ade9f4bc6cd97 REMOTE=LOST
[1948/3625] Checking is LOST | E:\01.userData\ZhuoMian\Github_Releases_批量下载 xray\Xray-core\v24.12.15\Xray-linux-arm64-v8a.zip   | LOCAL=589d5dcac7dadaf3a797b2e18b229da20309cdff78a4990539b709da2e0c33e2 REMOTE=LOST
[1949/3625] Checking is LOST | E:\01.userData\ZhuoMian\Github_Releases_批量下载 xray\Xray-core\v24.12.15\Xray-linux-loong64.zip     | LOCAL=466bc31ec8545bd005125f9116f589b480847aef800b227ea41d062f190d1053 REMOTE=LOST
[1950/3625] Checking is LOST | E:\01.userData\ZhuoMian\Github_Releases_批量下载 xray\Xray-core\v24.12.15\Xray-linux-mips32.zip      | LOCAL=283aa8b15b955085acd0747f53380792c235918da0b37d1619c50f70b0d174c1 REMOTE=LOST
[1951/3625] Checking is LOST | E:\01.userData\ZhuoMian\Github_Releases_批量下载 xray\Xray-core\v24.12.15\Xray-linux-mips32le.zip    | LOCAL=149fe28919deecd249a1505e64b1f65a2404f6cb3d1f2aed80b764a1c8817db3 REMOTE=LOST
[1952/3625] Checking is LOST | E:\01.userData\ZhuoMian\Github_Releases_批量下载 xray\Xray-core\v24.12.15\Xray-linux-mips64.zip      | LOCAL=e1ca78d8653216e3772ee6d409981ac0c11b1c28eb157e06471a0edd6b83b5f8 REMOTE=LOST
[1953/3625] Checking is LOST | E:\01.userData\ZhuoMian\Github_Releases_批量下载 xray\Xray-core\v24.12.15\Xray-linux-mips64le.zip    | LOCAL=3c84dbcd7708b88727b48d4fde1ba1025024a8c3a5f3d288c68a6af6197a3c07 REMOTE=LOST
[1954/3625] Checking is LOST | E:\01.userData\ZhuoMian\Github_Releases_批量下载 xray\Xray-core\v24.12.15\Xray-linux-ppc64.zip       | LOCAL=d0458204d461bfeb00f3c6ceef423c400824f854d6e57f91d42df04f564ec7f1 REMOTE=LOST
[1955/3625] Checking is LOST | E:\01.userData\ZhuoMian\Github_Releases_批量下载 xray\Xray-core\v24.12.15\Xray-linux-ppc64le.zip     | LOCAL=8783eef5323d992372d68a37148e69865d03f92eb0da27b805a6aa41dfb664ee REMOTE=LOST
[1956/3625] Checking is LOST | E:\01.userData\ZhuoMian\Github_Releases_批量下载 xray\Xray-core\v24.12.15\Xray-linux-riscv64.zip     | LOCAL=2ab28110312eccd38b824248ea6bd11d0ff352c0646980fbfcbf59e7547894b0 REMOTE=LOST
[1957/3625] Checking is LOST | E:\01.userData\ZhuoMian\Github_Releases_批量下载 xray\Xray-core\v24.12.15\Xray-linux-s390x.zip       | LOCAL=93b95696a9e3bfac73daa604b41b64d849b56e8dc2d3cd8b7be66cff69e334ed REMOTE=LOST
[1958/3625] Checking is LOST | E:\01.userData\ZhuoMian\Github_Releases_批量下载 xray\Xray-core\v24.12.15\Xray-macos-64.zip          | LOCAL=05c340c3ae763956f6d8b97f28d2397291946a49bff22eba83635f26e1276a6e REMOTE=LOST
[1959/3625] Checking is LOST | E:\01.userData\ZhuoMian\Github_Releases_批量下载 xray\Xray-core\v24.12.15\Xray-macos-arm64-v8a.zip   | LOCAL=b92aa591c216790da214429a15add1b1734c88a4b2e21b8682c563ae9d86e929 REMOTE=LOST
[1960/3625] Checking is LOST | E:\01.userData\ZhuoMian\Github_Releases_批量下载 xray\Xray-core\v24.12.15\Xray-openbsd-32.zip        | LOCAL=b55a7f4b46f6f65189896f82aaf7ff0d9b5536647d79258a81211a6f8017e7c7 REMOTE=LOST
[1961/3625] Checking is LOST | E:\01.userData\ZhuoMian\Github_Releases_批量下载 xray\Xray-core\v24.12.15\Xray-openbsd-64.zip        | LOCAL=1ae071b9e7392122b39171c1aa1acc898e819f95aaa3a6797362fe25c4f9a269 REMOTE=LOST
[1962/3625] Checking is LOST | E:\01.userData\ZhuoMian\Github_Releases_批量下载 xray\Xray-core\v24.12.15\Xray-openbsd-arm32-v7a.zip | LOCAL=4815536c5ff685ebca11ad52eca185ceb73281e7226b0cd353f9422fe99cfe55 REMOTE=LOST
[1963/3625] Checking is LOST | E:\01.userData\ZhuoMian\Github_Releases_批量下载 xray\Xray-core\v24.12.15\Xray-openbsd-arm64-v8a.zip | LOCAL=097d2e09cad99732e6b5d4b2315c1d8ee86c3dc07ebe1025a43f4e083371f0f7 REMOTE=LOST
[1964/3625] Checking is LOST | E:\01.userData\ZhuoMian\Github_Releases_批量下载 xray\Xray-core\v24.12.15\Xray-win7-32.zip           | LOCAL=2ada388cbdb395acdd26b92dbe39a875c495ef3fe0cf9f6083ebe577b532fb9a REMOTE=LOST
[1965/3625] Checking is LOST | E:\01.userData\ZhuoMian\Github_Releases_批量下载 xray\Xray-core\v24.12.15\Xray-win7-64.zip           | LOCAL=7a445a6d7ad21eca326cb8b3cc0f941e77acec5215b0a615418ddb9222377194 REMOTE=LOST
[1966/3625] Checking is LOST | E:\01.userData\ZhuoMian\Github_Releases_批量下载 xray\Xray-core\v24.12.15\Xray-windows-32.zip        | LOCAL=5e48a7c23121f10e356aa47aca8fa6afac110f76b44b4bf3e989faee5c23a952 REMOTE=LOST
[1967/3625] Checking is LOST | E:\01.userData\ZhuoMian\Github_Releases_批量下载 xray\Xray-core\v24.12.15\Xray-windows-64.zip        | LOCAL=09dd293a86aeadf877c4eb8928c29131a7e9b99b23b6b79b05c09873343f2871 REMOTE=LOST
[1968/3625] Checking is LOST | E:\01.userData\ZhuoMian\Github_Releases_批量下载 xray\Xray-core\v24.12.15\Xray-windows-arm32-v7a.zip | LOCAL=b0e3553412e9974b90debf1f678e5d2e33874c0199bbbebf76b1b551f364d78c REMOTE=LOST
[1969/3625] Checking is LOST | E:\01.userData\ZhuoMian\Github_Releases_批量下载 xray\Xray-core\v24.12.15\Xray-windows-arm64-v8a.zip | LOCAL=a164dee67977237197171f7e8d9fbc2ec61773dd9855b3cf87c658ba6ee075f7 REMOTE=LOST
[1970/3625] Checking is LOST | E:\01.userData\ZhuoMian\Github_Releases_批量下载 xray\Xray-core\v24.12.18\Xray-android-arm64-v8a.zip | LOCAL=e6b8850c95d809b59566a7da737609d3ce8c6a294636a077d4767a3f9452a725 REMOTE=LOST
[1971/3625] Checking is LOST | E:\01.userData\ZhuoMian\Github_Releases_批量下载 xray\Xray-core\v24.12.18\Xray-freebsd-32.zip        | LOCAL=bd2e061e2d02821bd737bbf2d512f1f0bd91487ca617b224d70f85875e77442f REMOTE=LOST
[1972/3625] Checking is LOST | E:\01.userData\ZhuoMian\Github_Releases_批量下载 xray\Xray-core\v24.12.18\Xray-freebsd-64.zip        | LOCAL=0a5d22d136de139dd38ecda5bf47f57f23975c395f222f240c6d13223a38eb00 REMOTE=LOST
[1973/3625] Checking is LOST | E:\01.userData\ZhuoMian\Github_Releases_批量下载 xray\Xray-core\v24.12.18\Xray-freebsd-arm32-v7a.zip | LOCAL=6b3fa3111ea0358405dd36df36e9f47ea389c99264d4fb996842f84627a9cc11 REMOTE=LOST
[1974/3625] Checking is LOST | E:\01.userData\ZhuoMian\Github_Releases_批量下载 xray\Xray-core\v24.12.18\Xray-freebsd-arm64-v8a.zip | LOCAL=e6ffc09f1e72b9c3340d2c04047889ea15ae76b87e4f2c282bc9b38dd862377d REMOTE=LOST
[1975/3625] Checking is LOST | E:\01.userData\ZhuoMian\Github_Releases_批量下载 xray\Xray-core\v24.12.18\Xray-linux-32.zip          | LOCAL=8b556217e724a0c34ea673056ac611d01c5d20458a7cd5d357146dbe2d47b88c REMOTE=LOST
[1976/3625] Checking is LOST | E:\01.userData\ZhuoMian\Github_Releases_批量下载 xray\Xray-core\v24.12.18\Xray-linux-64.zip          | LOCAL=17aaa20ce8926cca18a29d99f09b5a50dba0572a175f4ff143305f9680f2e281 REMOTE=LOST
[1977/3625] Checking is LOST | E:\01.userData\ZhuoMian\Github_Releases_批量下载 xray\Xray-core\v24.12.18\Xray-linux-arm32-v5.zip    | LOCAL=2ed9626f9fe834c22ac60dc3f5aff2ffbf39aa63847255ca90f0482d76f7375d REMOTE=LOST
[1978/3625] Checking is LOST | E:\01.userData\ZhuoMian\Github_Releases_批量下载 xray\Xray-core\v24.12.18\Xray-linux-arm32-v6.zip    | LOCAL=d77437c3b6c7a5f369d4953c1509d638323547de136157a26df95659516772c2 REMOTE=LOST
[1979/3625] Checking is LOST | E:\01.userData\ZhuoMian\Github_Releases_批量下载 xray\Xray-core\v24.12.18\Xray-linux-arm32-v7a.zip   | LOCAL=4652a19ac752e9ca31f103dcbd1ee1b388b7858eceb7ff0fd6ca0a4f7b509c07 REMOTE=LOST
[1980/3625] Checking is LOST | E:\01.userData\ZhuoMian\Github_Releases_批量下载 xray\Xray-core\v24.12.18\Xray-linux-arm64-v8a.zip   | LOCAL=2819f0817d730042245513f95b5d378f922e4a4191a1f0564ebb49726c649c98 REMOTE=LOST
[1981/3625] Checking is LOST | E:\01.userData\ZhuoMian\Github_Releases_批量下载 xray\Xray-core\v24.12.18\Xray-linux-loong64.zip     | LOCAL=04ae2d689f4403ad8fe9d6b7da5dd3e7a91900f0d58d6813b4dcebe3a17e3aeb REMOTE=LOST
[1982/3625] Checking is LOST | E:\01.userData\ZhuoMian\Github_Releases_批量下载 xray\Xray-core\v24.12.18\Xray-linux-mips32.zip      | LOCAL=126662cad4641bb72208a2ee0de6da25c457f22b006746826b9e6b850c42c503 REMOTE=LOST
[1983/3625] Checking is LOST | E:\01.userData\ZhuoMian\Github_Releases_批量下载 xray\Xray-core\v24.12.18\Xray-linux-mips32le.zip    | LOCAL=f28109917c84474abdbbba5e0637027ab6cdc4950835312f30bfda8d347c6bd0 REMOTE=LOST
[1984/3625] Checking is LOST | E:\01.userData\ZhuoMian\Github_Releases_批量下载 xray\Xray-core\v24.12.18\Xray-linux-mips64.zip      | LOCAL=2411a071e05f9e96a681e0f4675608d84cd8bf2738ce7459f5a1b5ea693cf350 REMOTE=LOST
[1985/3625] Checking is LOST | E:\01.userData\ZhuoMian\Github_Releases_批量下载 xray\Xray-core\v24.12.18\Xray-linux-mips64le.zip    | LOCAL=69fa71c54f2f4fd20eccf57d368a43ca571a2f12b355427f257a82d41da4ae2c REMOTE=LOST
[1986/3625] Checking is LOST | E:\01.userData\ZhuoMian\Github_Releases_批量下载 xray\Xray-core\v24.12.18\Xray-linux-ppc64.zip       | LOCAL=efd53188df5eeaa35173e9a4569ba29c758ddfeebed881f25128cced267f22f8 REMOTE=LOST
[1987/3625] Checking is LOST | E:\01.userData\ZhuoMian\Github_Releases_批量下载 xray\Xray-core\v24.12.18\Xray-linux-ppc64le.zip     | LOCAL=8558235ae3e679150448b633ab7b88c64fbedb07fcb6e23c23e69d59e46b6d3f REMOTE=LOST
[1988/3625] Checking is LOST | E:\01.userData\ZhuoMian\Github_Releases_批量下载 xray\Xray-core\v24.12.18\Xray-linux-riscv64.zip     | LOCAL=bb5fec51f0ca1528e29ea6a4c115e1a866e00686eb388b301fc19cb19b47ca91 REMOTE=LOST
[1989/3625] Checking is LOST | E:\01.userData\ZhuoMian\Github_Releases_批量下载 xray\Xray-core\v24.12.18\Xray-linux-s390x.zip       | LOCAL=7a0ecab9b6f736da7acca2966ddc3b6ddb62d21781de63e4b7bfd690032e0b4b REMOTE=LOST
[1990/3625] Checking is LOST | E:\01.userData\ZhuoMian\Github_Releases_批量下载 xray\Xray-core\v24.12.18\Xray-macos-64.zip          | LOCAL=97b4d97908b6fc85470967b07ba96d65041322c6d75ea03daffdaf72e9b5fc35 REMOTE=LOST
[1991/3625] Checking is LOST | E:\01.userData\ZhuoMian\Github_Releases_批量下载 xray\Xray-core\v24.12.18\Xray-macos-arm64-v8a.zip   | LOCAL=df7e4f8ddb7b37d49434338dfb59568cf0dff09c98d984b4e97aacc26e1d7da6 REMOTE=LOST
[1992/3625] Checking is LOST | E:\01.userData\ZhuoMian\Github_Releases_批量下载 xray\Xray-core\v24.12.18\Xray-openbsd-32.zip        | LOCAL=ea9666d1a45cf9023fac69942b0967d4116d214764d004245a42894890fae273 REMOTE=LOST
[1993/3625] Checking is LOST | E:\01.userData\ZhuoMian\Github_Releases_批量下载 xray\Xray-core\v24.12.18\Xray-openbsd-64.zip        | LOCAL=dfbed3a061b28aa3eabce69ed5fbd7a255ed873627f96f196d2996956d450354 REMOTE=LOST
[1994/3625] Checking is LOST | E:\01.userData\ZhuoMian\Github_Releases_批量下载 xray\Xray-core\v24.12.18\Xray-openbsd-arm32-v7a.zip | LOCAL=6cb09ba8ba15afdb1fa007384ca314da4fc18ebcf6e0811ff048988bfedb4b7e REMOTE=LOST
[1995/3625] Checking is LOST | E:\01.userData\ZhuoMian\Github_Releases_批量下载 xray\Xray-core\v24.12.18\Xray-openbsd-arm64-v8a.zip | LOCAL=6234a435caeff10ec971786430085636ae03b747cf8eca2fef1972300c81a08b REMOTE=LOST
[1996/3625] Checking is LOST | E:\01.userData\ZhuoMian\Github_Releases_批量下载 xray\Xray-core\v24.12.18\Xray-win7-32.zip           | LOCAL=09f694f1669f5346c60ed9f372a486d4293cb2d7cc18ec6a5177bc2438ff362e REMOTE=LOST
[1997/3625] Checking is LOST | E:\01.userData\ZhuoMian\Github_Releases_批量下载 xray\Xray-core\v24.12.18\Xray-win7-64.zip           | LOCAL=992d0611ffc55f5c60e0389eb90fae89e2769f5a259f2926df0090396356c7ab REMOTE=LOST
[1998/3625] Checking is LOST | E:\01.userData\ZhuoMian\Github_Releases_批量下载 xray\Xray-core\v24.12.18\Xray-windows-32.zip        | LOCAL=1108771e916670f383b7a6d6372688395b267fb4d6aefb75f13bccffcc1dcec5 REMOTE=LOST
[1999/3625] Checking is LOST | E:\01.userData\ZhuoMian\Github_Releases_批量下载 xray\Xray-core\v24.12.18\Xray-windows-64.zip        | LOCAL=8fe8822cd8a8fc5270ea822fda4770a7099304e8da87926b31ea8b6375df0312 REMOTE=LOST
[2000/3625] Checking is LOST | E:\01.userData\ZhuoMian\Github_Releases_批量下载 xray\Xray-core\v24.12.18\Xray-windows-arm32-v7a.zip | LOCAL=e4d5b88fddcd1cffbd9b23b5b61f1df62b344a6896d0a87932c7928e826b49e1 REMOTE=LOST
[2001/3625] Checking is LOST | E:\01.userData\ZhuoMian\Github_Releases_批量下载 xray\Xray-core\v24.12.18\Xray-windows-arm64-v8a.zip | LOCAL=fbeeb69bda16f140d8e66573b210541ecc929fa6d2c654527b235fa703d43e23 REMOTE=LOST
[2002/3625] Checking is LOST | E:\01.userData\ZhuoMian\Github_Releases_批量下载 xray\Xray-core\v24.12.28\Xray-android-arm64-v8a.zip | LOCAL=b26085ca7af77d7ac0eb20ad229059502364db5fdb90480bbdf66f22d86a3f49 REMOTE=LOST
[2003/3625] Checking is LOST | E:\01.userData\ZhuoMian\Github_Releases_批量下载 xray\Xray-core\v24.12.28\Xray-freebsd-32.zip        | LOCAL=4443bae0a2a827cb824d13b34f433f39faceeffcfa44b7a85a09872244802f57 REMOTE=LOST
[2004/3625] Checking is LOST | E:\01.userData\ZhuoMian\Github_Releases_批量下载 xray\Xray-core\v24.12.28\Xray-freebsd-64.zip        | LOCAL=643ea421672961e4b8a12472e319f5dab3e7ce87660a1d2683ed5eb0207c5342 REMOTE=LOST
[2005/3625] Checking is LOST | E:\01.userData\ZhuoMian\Github_Releases_批量下载 xray\Xray-core\v24.12.28\Xray-freebsd-arm32-v7a.zip | LOCAL=827745b3752bb485f5ff6e3ce7831cf00838a80dd1bde145840ac2da886c8c70 REMOTE=LOST
[2006/3625] Checking is LOST | E:\01.userData\ZhuoMian\Github_Releases_批量下载 xray\Xray-core\v24.12.28\Xray-freebsd-arm64-v8a.zip | LOCAL=7c608e943d3becbb089accb977a9ad9cbb00f88307e07dac6cf0cbfe9e2cf375 REMOTE=LOST
[2007/3625] Checking is LOST | E:\01.userData\ZhuoMian\Github_Releases_批量下载 xray\Xray-core\v24.12.28\Xray-linux-32.zip          | LOCAL=e9f3aff4dbddaf40c602a5a5e8c824da6fe752abbc08d3cb530800dd86c78570 REMOTE=LOST
[2008/3625] Checking is LOST | E:\01.userData\ZhuoMian\Github_Releases_批量下载 xray\Xray-core\v24.12.28\Xray-linux-64.zip          | LOCAL=0cf838d7f2c1a72444e2a89fd996c0bc78c014ba43267e272ef235cc1ed5e8dc REMOTE=LOST
[2009/3625] Checking is LOST | E:\01.userData\ZhuoMian\Github_Releases_批量下载 xray\Xray-core\v24.12.28\Xray-linux-arm32-v5.zip    | LOCAL=61f30e5f91258800bc5df08e46a6f908d6da8f75abe72658d7bd3abf73a56068 REMOTE=LOST
[2010/3625] Checking is LOST | E:\01.userData\ZhuoMian\Github_Releases_批量下载 xray\Xray-core\v24.12.28\Xray-linux-arm32-v6.zip    | LOCAL=882cc320294f6fd61d6e43cade6cafb8783071f411d8858ecc79e7e070282b82 REMOTE=LOST
[2011/3625] Checking is LOST | E:\01.userData\ZhuoMian\Github_Releases_批量下载 xray\Xray-core\v24.12.28\Xray-linux-arm32-v7a.zip   | LOCAL=ebfeb15b66983bf27931be5b0b7052e0a2c6bc4bccf259158d1a720a0628d6b7 REMOTE=LOST
[2012/3625] Checking is LOST | E:\01.userData\ZhuoMian\Github_Releases_批量下载 xray\Xray-core\v24.12.28\Xray-linux-arm64-v8a.zip   | LOCAL=46fa64cc22df89524213f0a8156861fbb32c26858f94f991fcfed4ea07ec0819 REMOTE=LOST
[2013/3625] Checking is LOST | E:\01.userData\ZhuoMian\Github_Releases_批量下载 xray\Xray-core\v24.12.28\Xray-linux-loong64.zip     | LOCAL=9cd0029a3644d81a0d3b8ed30448cef49f3a762d219d1d628a54ea1898961c21 REMOTE=LOST
[2014/3625] Checking is LOST | E:\01.userData\ZhuoMian\Github_Releases_批量下载 xray\Xray-core\v24.12.28\Xray-linux-mips32.zip      | LOCAL=afd326c629bb192ddde8627c57355efa25f3823b342720062ae2f741c44e1f4d REMOTE=LOST
[2015/3625] Checking is LOST | E:\01.userData\ZhuoMian\Github_Releases_批量下载 xray\Xray-core\v24.12.28\Xray-linux-mips32le.zip    | LOCAL=6adb92bb2c681b59cc2e55ee9e3ef0fdda9d9b82a7bb17c5ed601917df7154d6 REMOTE=LOST
[2016/3625] Checking is LOST | E:\01.userData\ZhuoMian\Github_Releases_批量下载 xray\Xray-core\v24.12.28\Xray-linux-mips64.zip      | LOCAL=5f9e33b1de4d044c2d1b27f33021f851d8e5bbff19c08807d51465035136ca9a REMOTE=LOST
[2017/3625] Checking is LOST | E:\01.userData\ZhuoMian\Github_Releases_批量下载 xray\Xray-core\v24.12.28\Xray-linux-mips64le.zip    | LOCAL=6e56d48f2a806b8c6b3dc8d1a64ebc7e2e65cc67f5682e59394e6ed2c7a0685c REMOTE=LOST
[2018/3625] Checking is LOST | E:\01.userData\ZhuoMian\Github_Releases_批量下载 xray\Xray-core\v24.12.28\Xray-linux-ppc64.zip       | LOCAL=2cf92c1b686805910d965a054b035a05ed7f144a44215d184008c6da8275d76b REMOTE=LOST
[2019/3625] Checking is LOST | E:\01.userData\ZhuoMian\Github_Releases_批量下载 xray\Xray-core\v24.12.28\Xray-linux-ppc64le.zip     | LOCAL=0160f9f3b9286ba57012fddb57f29d07b2c2a49db96d47c3c8853275d4829792 REMOTE=LOST
[2020/3625] Checking is LOST | E:\01.userData\ZhuoMian\Github_Releases_批量下载 xray\Xray-core\v24.12.28\Xray-linux-riscv64.zip     | LOCAL=44c987030124abfe55e5736e7988323738dc62022666c20d679a0648eed6483b REMOTE=LOST
[2021/3625] Checking is LOST | E:\01.userData\ZhuoMian\Github_Releases_批量下载 xray\Xray-core\v24.12.28\Xray-linux-s390x.zip       | LOCAL=3b7ebaf56e212a4008e4d41676354ce3a32708be3e79ef0aaec80ba68103b79d REMOTE=LOST
[2022/3625] Checking is LOST | E:\01.userData\ZhuoMian\Github_Releases_批量下载 xray\Xray-core\v24.12.28\Xray-macos-64.zip          | LOCAL=fffe72c005a5c816ba2d5d52993ba1a61cb03854165bc81853d1f88866e14d48 REMOTE=LOST
[2023/3625] Checking is LOST | E:\01.userData\ZhuoMian\Github_Releases_批量下载 xray\Xray-core\v24.12.28\Xray-macos-arm64-v8a.zip   | LOCAL=fbb8175a6ad8739b0a27f68bc2d67ffa4c232494c6ab6d0f6c37d72391db400b REMOTE=LOST
[2024/3625] Checking is LOST | E:\01.userData\ZhuoMian\Github_Releases_批量下载 xray\Xray-core\v24.12.28\Xray-openbsd-32.zip        | LOCAL=32263db9c3beeff246fa4e8778d008d46d82baebed6a380ff697ae5941f7879c REMOTE=LOST
[2025/3625] Checking is LOST | E:\01.userData\ZhuoMian\Github_Releases_批量下载 xray\Xray-core\v24.12.28\Xray-openbsd-64.zip        | LOCAL=b08b46ce030a0faf70e9f97e58f28484b690ca949a6a5983fa81dac96261df8b REMOTE=LOST
[2026/3625] Checking is LOST | E:\01.userData\ZhuoMian\Github_Releases_批量下载 xray\Xray-core\v24.12.28\Xray-openbsd-arm32-v7a.zip | LOCAL=f47bf6c115bfb8dbfcca8f9017db109e94ad8ef10458483a3adb4fdd00ddffe3 REMOTE=LOST
[2027/3625] Checking is LOST | E:\01.userData\ZhuoMian\Github_Releases_批量下载 xray\Xray-core\v24.12.28\Xray-openbsd-arm64-v8a.zip | LOCAL=56863107ac6cd8eec90cf48f3ca32da7575f7af606cb4ffabd709675098e9539 REMOTE=LOST
[2028/3625] Checking is LOST | E:\01.userData\ZhuoMian\Github_Releases_批量下载 xray\Xray-core\v24.12.28\Xray-win7-32.zip           | LOCAL=b9d5c0b619cfd7410e0b6c46127cd2b6281d2a611b2d816bd26d0b338ab3a0a6 REMOTE=LOST
[2029/3625] Checking is LOST | E:\01.userData\ZhuoMian\Github_Releases_批量下载 xray\Xray-core\v24.12.28\Xray-win7-64.zip           | LOCAL=1422ff63f0eadd2fe6ddcffbd3df0ce4a721c722fd5113328a08ecd21a8b9ba0 REMOTE=LOST
[2030/3625] Checking is LOST | E:\01.userData\ZhuoMian\Github_Releases_批量下载 xray\Xray-core\v24.12.28\Xray-windows-32.zip        | LOCAL=eb1966e617948b282b9fcf9bd932368a80efcf3b8a9addbe60e7042b91021728 REMOTE=LOST
[2031/3625] Checking is LOST | E:\01.userData\ZhuoMian\Github_Releases_批量下载 xray\Xray-core\v24.12.28\Xray-windows-64.zip        | LOCAL=8ef1546fd11d691b2bbd11aaee9848b276fd3deccd018ef2f3257d186eca87fa REMOTE=LOST
[2032/3625] Checking is LOST | E:\01.userData\ZhuoMian\Github_Releases_批量下载 xray\Xray-core\v24.12.28\Xray-windows-arm32-v7a.zip | LOCAL=27255039a49c382932348f7116e29a515fb8effecc3098b3eeff489eb3d50de9 REMOTE=LOST
[2033/3625] Checking is LOST | E:\01.userData\ZhuoMian\Github_Releases_批量下载 xray\Xray-core\v24.12.28\Xray-windows-arm64-v8a.zip | LOCAL=3da6c3c7d8d85691c6e64c86ba7926893c8dca15ae13094202daf265ae47b312 REMOTE=LOST
[2034/3625] Checking is LOST | E:\01.userData\ZhuoMian\Github_Releases_批量下载 xray\Xray-core\v24.12.31\Xray-android-arm64-v8a.zip | LOCAL=446022b73ce547e437b55f623197416d54e50564ab865a0ca8b118c20c8d8207 REMOTE=LOST
[2035/3625] Checking is LOST | E:\01.userData\ZhuoMian\Github_Releases_批量下载 xray\Xray-core\v24.12.31\Xray-freebsd-32.zip        | LOCAL=bbb462a5cbd4ee5cf8c2bcae3eb4c3c113186fcc66e610683ad3086817315118 REMOTE=LOST
[2036/3625] Checking is LOST | E:\01.userData\ZhuoMian\Github_Releases_批量下载 xray\Xray-core\v24.12.31\Xray-freebsd-64.zip        | LOCAL=a53adc1164d0425a3d8c745c3b3e4515ea7e5a51f0e9d909a673bc74eff83298 REMOTE=LOST
[2037/3625] Checking is LOST | E:\01.userData\ZhuoMian\Github_Releases_批量下载 xray\Xray-core\v24.12.31\Xray-freebsd-arm32-v7a.zip | LOCAL=232a24d6f73b2b2b1e3d633a6849cbc8158ac14e91210fe27e9e6f33a22a679d REMOTE=LOST
[2038/3625] Checking is LOST | E:\01.userData\ZhuoMian\Github_Releases_批量下载 xray\Xray-core\v24.12.31\Xray-freebsd-arm64-v8a.zip | LOCAL=34bebeccf12f34de4da37448eabb28fb49a2711afefdbf29d1cfe0b899c77fae REMOTE=LOST
[2039/3625] Checking is LOST | E:\01.userData\ZhuoMian\Github_Releases_批量下载 xray\Xray-core\v24.12.31\Xray-linux-32.zip          | LOCAL=75e295c37f96610da56c1e5a3cf8c92d7d11a176336797b781e8bde8d6f7abb9 REMOTE=LOST
[2040/3625] Checking is LOST | E:\01.userData\ZhuoMian\Github_Releases_批量下载 xray\Xray-core\v24.12.31\Xray-linux-64.zip          | LOCAL=445353d406081585a5e2958ed05372e3bf90ec6e4301d5ae7177231bb554077f REMOTE=LOST
[2041/3625] Checking is LOST | E:\01.userData\ZhuoMian\Github_Releases_批量下载 xray\Xray-core\v24.12.31\Xray-linux-arm32-v5.zip    | LOCAL=44cadfebf5348e3f16db0deb173d3cc74095647d4f6f3e75f1e9dd3e018ac180 REMOTE=LOST
[2042/3625] Checking is LOST | E:\01.userData\ZhuoMian\Github_Releases_批量下载 xray\Xray-core\v24.12.31\Xray-linux-arm32-v6.zip    | LOCAL=882fb3e284ed9965d948e6daae3e81d1dc5c7c5e8373627859395a0ae8db6cea REMOTE=LOST
[2043/3625] Checking is LOST | E:\01.userData\ZhuoMian\Github_Releases_批量下载 xray\Xray-core\v24.12.31\Xray-linux-arm32-v7a.zip   | LOCAL=6236e1ed2a4788f5c1dc9b733e0c13080596d02625a3d70903d0d8e4916961ea REMOTE=LOST
[2044/3625] Checking is LOST | E:\01.userData\ZhuoMian\Github_Releases_批量下载 xray\Xray-core\v24.12.31\Xray-linux-arm64-v8a.zip   | LOCAL=746333b1bf9ad8b860fe77d9f5ba94588449923519de38947eaca4112527f7b8 REMOTE=LOST
[2045/3625] Checking is LOST | E:\01.userData\ZhuoMian\Github_Releases_批量下载 xray\Xray-core\v24.12.31\Xray-linux-loong64.zip     | LOCAL=57050c88d7b8b097c154146ea5d790e4b09228c2d10bf66a2237bbbdc2aa1f74 REMOTE=LOST
[2046/3625] Checking is LOST | E:\01.userData\ZhuoMian\Github_Releases_批量下载 xray\Xray-core\v24.12.31\Xray-linux-mips32.zip      | LOCAL=5151d6d347d5bfe4ea5915cbca498f1338a51a65878827ca2109a741eaa725a4 REMOTE=LOST
[2047/3625] Checking is LOST | E:\01.userData\ZhuoMian\Github_Releases_批量下载 xray\Xray-core\v24.12.31\Xray-linux-mips32le.zip    | LOCAL=aaa0e4a6080a5fc2349854f69c3a7e6abe5e7c7c1ac5fc877f8e1c6d27900119 REMOTE=LOST
[2048/3625] Checking is LOST | E:\01.userData\ZhuoMian\Github_Releases_批量下载 xray\Xray-core\v24.12.31\Xray-linux-mips64.zip      | LOCAL=e70f1f2b6782b81abb4a657cc33609460888fad1753fdbfa56b1be597c61cf38 REMOTE=LOST
[2049/3625] Checking is LOST | E:\01.userData\ZhuoMian\Github_Releases_批量下载 xray\Xray-core\v24.12.31\Xray-linux-mips64le.zip    | LOCAL=5f2630b52a76cd81f23bae4734b48835525ad20365f5374e4668d6e401cfa6c7 REMOTE=LOST
[2050/3625] Checking is LOST | E:\01.userData\ZhuoMian\Github_Releases_批量下载 xray\Xray-core\v24.12.31\Xray-linux-ppc64.zip       | LOCAL=3007cf13efb23287954ee6633f0c573f18bdbaa747a651f4827289e9722812c7 REMOTE=LOST
[2051/3625] Checking is LOST | E:\01.userData\ZhuoMian\Github_Releases_批量下载 xray\Xray-core\v24.12.31\Xray-linux-ppc64le.zip     | LOCAL=24743addc507145d72945ae362a6ac245cb00fb65284b866e3e09206c292cf4f REMOTE=LOST
[2052/3625] Checking is LOST | E:\01.userData\ZhuoMian\Github_Releases_批量下载 xray\Xray-core\v24.12.31\Xray-linux-riscv64.zip     | LOCAL=627c452a795bc7092a72601f414eb699e69df9ac1588786a9bb88341168611dd REMOTE=LOST
[2053/3625] Checking is LOST | E:\01.userData\ZhuoMian\Github_Releases_批量下载 xray\Xray-core\v24.12.31\Xray-linux-s390x.zip       | LOCAL=dbf05cd2f9e25f0f129f585eddee4f3638a7d1cc917b67ab975699b77946e805 REMOTE=LOST
[2054/3625] Checking is LOST | E:\01.userData\ZhuoMian\Github_Releases_批量下载 xray\Xray-core\v24.12.31\Xray-macos-64.zip          | LOCAL=c8c65ec19221795ebd09667eadd155261a6f552b954358abd58c3dfb4b6458c8 REMOTE=LOST
[2055/3625] Checking is LOST | E:\01.userData\ZhuoMian\Github_Releases_批量下载 xray\Xray-core\v24.12.31\Xray-macos-arm64-v8a.zip   | LOCAL=cdb880fb56d6cf3ab459e91515d9f55b7ac77618a26870a723fe5580a473c7ea REMOTE=LOST
[2056/3625] Checking is LOST | E:\01.userData\ZhuoMian\Github_Releases_批量下载 xray\Xray-core\v24.12.31\Xray-openbsd-32.zip        | LOCAL=a6e59321440a9e345850a95eddf48fde30c6eac60c524e1463ce5710580fb73e REMOTE=LOST
[2057/3625] Checking is LOST | E:\01.userData\ZhuoMian\Github_Releases_批量下载 xray\Xray-core\v24.12.31\Xray-openbsd-64.zip        | LOCAL=25ae4a7b24abc0e8648dec51e40193c181a0f0be39235f1061072f82e16dc6c2 REMOTE=LOST
[2058/3625] Checking is LOST | E:\01.userData\ZhuoMian\Github_Releases_批量下载 xray\Xray-core\v24.12.31\Xray-openbsd-arm32-v7a.zip | LOCAL=a3bca921935e1715810c822a6d13dc710edc2976399a8b7d23fdfdb1c4d8fdf0 REMOTE=LOST
[2059/3625] Checking is LOST | E:\01.userData\ZhuoMian\Github_Releases_批量下载 xray\Xray-core\v24.12.31\Xray-openbsd-arm64-v8a.zip | LOCAL=951fdd10d81caacb7619ff4ce6be8e405c6a5f5a331ceea5b8c16611a6aadb39 REMOTE=LOST
[2060/3625] Checking is LOST | E:\01.userData\ZhuoMian\Github_Releases_批量下载 xray\Xray-core\v24.12.31\Xray-win7-32.zip           | LOCAL=69020e9d1e69b1342e136ecbd45da9d568ec0f6bed5f6046f647466ffe03f5f1 REMOTE=LOST
[2061/3625] Checking is LOST | E:\01.userData\ZhuoMian\Github_Releases_批量下载 xray\Xray-core\v24.12.31\Xray-win7-64.zip           | LOCAL=a92f83419386eee4498259af68b1d7860b6dc861e79bc53cae156c2825e0c007 REMOTE=LOST
[2062/3625] Checking is LOST | E:\01.userData\ZhuoMian\Github_Releases_批量下载 xray\Xray-core\v24.12.31\Xray-windows-32.zip        | LOCAL=a8436ae3f03cdc6af5a598811eef4d73177971b7b82ffeecc28e11ca9ecafda2 REMOTE=LOST
[2063/3625] Checking is LOST | E:\01.userData\ZhuoMian\Github_Releases_批量下载 xray\Xray-core\v24.12.31\Xray-windows-64.zip        | LOCAL=b5e765ed60e37942744e6550f74567d5df619b32fa7eac6350ad14711250fb1f REMOTE=LOST
[2064/3625] Checking is LOST | E:\01.userData\ZhuoMian\Github_Releases_批量下载 xray\Xray-core\v24.12.31\Xray-windows-arm32-v7a.zip | LOCAL=a147ea0adfc9b1c9d203c3808837b66b028a5ab45c933973985e1273cfc99eb1 REMOTE=LOST
[2065/3625] Checking is LOST | E:\01.userData\ZhuoMian\Github_Releases_批量下载 xray\Xray-core\v24.12.31\Xray-windows-arm64-v8a.zip | LOCAL=eefc3cec8d49ae3fc35b362c21e8f1f66f94f536dd3bfdfdb589675a16b0c311 REMOTE=LOST
[2066/3625] Checking is LOST | E:\01.userData\ZhuoMian\Github_Releases_批量下载 xray\Xray-core\v24.9.16\Xray-android-arm64-v8a.zip  | LOCAL=88a24bdcb5b40197de4c5b06f4094b22a8cfb4498728794b5524bd38d2d79c21 REMOTE=LOST
[2067/3625] Checking is LOST | E:\01.userData\ZhuoMian\Github_Releases_批量下载 xray\Xray-core\v24.9.16\Xray-freebsd-32.zip         | LOCAL=1ea4ac05b5a727a24c5c6cc62067df340e3e8c63f95df9df41855c01dba02615 REMOTE=LOST
[2068/3625] Checking is LOST | E:\01.userData\ZhuoMian\Github_Releases_批量下载 xray\Xray-core\v24.9.16\Xray-freebsd-64.zip         | LOCAL=694e7b0118d408650e73ff60994fcc902363c82e1682c25bde3cbd8346fde68d REMOTE=LOST
[2069/3625] Checking is LOST | E:\01.userData\ZhuoMian\Github_Releases_批量下载 xray\Xray-core\v24.9.16\Xray-freebsd-arm32-v7a.zip  | LOCAL=57ec31c89e7c3625ec73a094772b65a14aa3868b6dc385924f775ce45a38cb85 REMOTE=LOST
[2070/3625] Checking is LOST | E:\01.userData\ZhuoMian\Github_Releases_批量下载 xray\Xray-core\v24.9.16\Xray-freebsd-arm64-v8a.zip  | LOCAL=7791002007bef2742427c58b3e153f184da7df959401e0bc9c3ae33b5b0497be REMOTE=LOST
[2071/3625] Checking is LOST | E:\01.userData\ZhuoMian\Github_Releases_批量下载 xray\Xray-core\v24.9.16\Xray-linux-32.zip           | LOCAL=abc49cbcc6531e65dcda4a144bd255d019912f3231f2a9772f7727231d88bc43 REMOTE=LOST
[2072/3625] Checking is LOST | E:\01.userData\ZhuoMian\Github_Releases_批量下载 xray\Xray-core\v24.9.16\Xray-linux-64.zip           | LOCAL=5aefc78aaf074a4665ae9138c8dccb06ce45031335d8451fb313e495f5af7e04 REMOTE=LOST
[2073/3625] Checking is LOST | E:\01.userData\ZhuoMian\Github_Releases_批量下载 xray\Xray-core\v24.9.16\Xray-linux-arm32-v5.zip     | LOCAL=52e2c55cf30e45107b5524a4fe14f739e16ad189d16d55d98025270289c054fa REMOTE=LOST
[2074/3625] Checking is LOST | E:\01.userData\ZhuoMian\Github_Releases_批量下载 xray\Xray-core\v24.9.16\Xray-linux-arm32-v6.zip     | LOCAL=1b23774bb8047dfa78c6109e3a3033dd30e341bec2f139701838857ecf62a2b6 REMOTE=LOST
[2075/3625] Checking is LOST | E:\01.userData\ZhuoMian\Github_Releases_批量下载 xray\Xray-core\v24.9.16\Xray-linux-arm32-v7a.zip    | LOCAL=1ea9211a932cda452f0fb36177490f8da26547cf6052ce1723de178462598019 REMOTE=LOST
[2076/3625] Checking is LOST | E:\01.userData\ZhuoMian\Github_Releases_批量下载 xray\Xray-core\v24.9.16\Xray-linux-arm64-v8a.zip    | LOCAL=7148fab887819856fbbd2ebd05a4faa2d10f134c2e035a116f9660084eb8cdf0 REMOTE=LOST
[2077/3625] Checking is LOST | E:\01.userData\ZhuoMian\Github_Releases_批量下载 xray\Xray-core\v24.9.16\Xray-linux-loong64.zip      | LOCAL=eca9d11667fdaacc0e64f8d758ca83f184fee4d34f99e44f62320535cd83258d REMOTE=LOST
[2078/3625] Checking is LOST | E:\01.userData\ZhuoMian\Github_Releases_批量下载 xray\Xray-core\v24.9.16\Xray-linux-mips32.zip       | LOCAL=23a699929dcc91e61f180a2146f0a5431237900658418a62e7fdf87745dd0a3a REMOTE=LOST
[2079/3625] Checking is LOST | E:\01.userData\ZhuoMian\Github_Releases_批量下载 xray\Xray-core\v24.9.16\Xray-linux-mips32le.zip     | LOCAL=ea377d10cad2bdf767f2721cf613b1fadc6a1e6f37ba26729a38636f09bf8fea REMOTE=LOST
[2080/3625] Checking is LOST | E:\01.userData\ZhuoMian\Github_Releases_批量下载 xray\Xray-core\v24.9.16\Xray-linux-mips64.zip       | LOCAL=c552dcd12534d56d47ef9c2dcf26da0a16e769120639f1fb8b60c6c3827be482 REMOTE=LOST
[2081/3625] Checking is LOST | E:\01.userData\ZhuoMian\Github_Releases_批量下载 xray\Xray-core\v24.9.16\Xray-linux-mips64le.zip     | LOCAL=308da76f92441f3432b0562814b99cc396ab5114c3da29394ecd04102a989930 REMOTE=LOST
[2082/3625] Checking is LOST | E:\01.userData\ZhuoMian\Github_Releases_批量下载 xray\Xray-core\v24.9.16\Xray-linux-ppc64.zip        | LOCAL=d50fa1f9a432470296718b6c8b57ee610d18c732266c755174ede995b7d2171f REMOTE=LOST
[2083/3625] Checking is LOST | E:\01.userData\ZhuoMian\Github_Releases_批量下载 xray\Xray-core\v24.9.16\Xray-linux-ppc64le.zip      | LOCAL=12443197ace2de3258a67c48e39ed7524675762d9f389800d61f78b592c9c219 REMOTE=LOST
[2084/3625] Checking is LOST | E:\01.userData\ZhuoMian\Github_Releases_批量下载 xray\Xray-core\v24.9.16\Xray-linux-riscv64.zip      | LOCAL=933401fecb465233a8eb57e6068b8d3d7f9a9dd8882a4e20e3113f43011aa886 REMOTE=LOST
[2085/3625] Checking is LOST | E:\01.userData\ZhuoMian\Github_Releases_批量下载 xray\Xray-core\v24.9.16\Xray-linux-s390x.zip        | LOCAL=3356b10d834663ab5799c89efa8be93b5580535c3382def35a05227b4a4640f9 REMOTE=LOST
[2086/3625] Checking is LOST | E:\01.userData\ZhuoMian\Github_Releases_批量下载 xray\Xray-core\v24.9.16\Xray-macos-64.zip           | LOCAL=616b3a18b5ee3f4e5fb51f9b34fb4eeff126da6dee3a954692d26550196695db REMOTE=LOST
[2087/3625] Checking is LOST | E:\01.userData\ZhuoMian\Github_Releases_批量下载 xray\Xray-core\v24.9.16\Xray-macos-arm64-v8a.zip    | LOCAL=57c4d1a80fb58d30f0b0f4c3528f69aac5afe4e94ab2e070eec7fae6f174061c REMOTE=LOST
[2088/3625] Checking is LOST | E:\01.userData\ZhuoMian\Github_Releases_批量下载 xray\Xray-core\v24.9.16\Xray-openbsd-32.zip         | LOCAL=e8437c3e69890e4f15e0236c230a58258dc88f5f1ea98e39627fa85a684490ea REMOTE=LOST
[2089/3625] Checking is LOST | E:\01.userData\ZhuoMian\Github_Releases_批量下载 xray\Xray-core\v24.9.16\Xray-openbsd-64.zip         | LOCAL=d791171006a88b01c7b46bd7d534edcfb85d0cb056318e89f7c7fc14340ec949 REMOTE=LOST
[2090/3625] Checking is LOST | E:\01.userData\ZhuoMian\Github_Releases_批量下载 xray\Xray-core\v24.9.16\Xray-openbsd-arm32-v7a.zip  | LOCAL=95bd816101d287ac7ac0de1c2b41ec0b40c15d9e9cbc1cae4b2731c1c126c1be REMOTE=LOST
[2091/3625] Checking is LOST | E:\01.userData\ZhuoMian\Github_Releases_批量下载 xray\Xray-core\v24.9.16\Xray-openbsd-arm64-v8a.zip  | LOCAL=a89120079576dcd4500e65681c0953d18117cd0cf7ea13eace33bd3d131191cd REMOTE=LOST
[2092/3625] Checking is LOST | E:\01.userData\ZhuoMian\Github_Releases_批量下载 xray\Xray-core\v24.9.16\Xray-win7-32.zip            | LOCAL=1f897f89f62319b7f42d36c2766e60b8efc0ea11a3465e6a5c760cec875a530d REMOTE=LOST
[2093/3625] Checking is LOST | E:\01.userData\ZhuoMian\Github_Releases_批量下载 xray\Xray-core\v24.9.16\Xray-win7-64.zip            | LOCAL=83018ecbf776252a47ffe26b0765937ed6b5a1b4f945ec284085e656fe758bb7 REMOTE=LOST
[2094/3625] Checking is LOST | E:\01.userData\ZhuoMian\Github_Releases_批量下载 xray\Xray-core\v24.9.16\Xray-windows-32.zip         | LOCAL=6c998ca8c26924cb642434e89f5d4a79e3d790121c073a2aaac7daaebe9e8d53 REMOTE=LOST
[2095/3625] Checking is LOST | E:\01.userData\ZhuoMian\Github_Releases_批量下载 xray\Xray-core\v24.9.16\Xray-windows-64.zip         | LOCAL=58e453b3ccedda2e33732020fc46a8782cfb0588e3b35ee5b41048ed7499b17b REMOTE=LOST
[2096/3625] Checking is LOST | E:\01.userData\ZhuoMian\Github_Releases_批量下载 xray\Xray-core\v24.9.16\Xray-windows-arm32-v7a.zip  | LOCAL=2fec466c36d8c377bb3f558d3ab7bf2b941c65ec8ae4397a5c90304ef18f5ffb REMOTE=LOST
[2097/3625] Checking is LOST | E:\01.userData\ZhuoMian\Github_Releases_批量下载 xray\Xray-core\v24.9.16\Xray-windows-arm64-v8a.zip  | LOCAL=6d78b29e4af6d1186c1c416516386bdd502df83bcb7049d807942226fca366f0 REMOTE=LOST
[2098/3625] Checking is LOST | E:\01.userData\ZhuoMian\Github_Releases_批量下载 xray\Xray-core\v24.9.19\Xray-android-arm64-v8a.zip  | LOCAL=8fcdef59792faa63a308049fa2b7d33667548dfa32c0c5911a2b14efc69f3941 REMOTE=LOST
[2099/3625] Checking is LOST | E:\01.userData\ZhuoMian\Github_Releases_批量下载 xray\Xray-core\v24.9.19\Xray-freebsd-32.zip         | LOCAL=ffd15220f9da83e8671c12a0eaf178b69c68d8d1d53e1bf26c8a55e7374863f4 REMOTE=LOST
[2100/3625] Checking is LOST | E:\01.userData\ZhuoMian\Github_Releases_批量下载 xray\Xray-core\v24.9.19\Xray-freebsd-64.zip         | LOCAL=3efe3b314eb2a1af1ad833e9a084db9245f01233c6fb489e14140c79010405a5 REMOTE=LOST
[2101/3625] Checking is LOST | E:\01.userData\ZhuoMian\Github_Releases_批量下载 xray\Xray-core\v24.9.19\Xray-freebsd-arm32-v7a.zip  | LOCAL=cc3928462174d32d62230e2944d25ebbee9e2b7ad3841ee7f641d8b54518572a REMOTE=LOST
[2102/3625] Checking is LOST | E:\01.userData\ZhuoMian\Github_Releases_批量下载 xray\Xray-core\v24.9.19\Xray-freebsd-arm64-v8a.zip  | LOCAL=4aaa809db9c688bb06a453dbcb69dfcdd0eff614a0dbd8ea485180c0e841ff75 REMOTE=LOST
[2103/3625] Checking is LOST | E:\01.userData\ZhuoMian\Github_Releases_批量下载 xray\Xray-core\v24.9.19\Xray-linux-32.zip           | LOCAL=432e9a9faed3e75089fef30881882f96856d3d1bdf9deefa779013937e37371e REMOTE=LOST
[2104/3625] Checking is LOST | E:\01.userData\ZhuoMian\Github_Releases_批量下载 xray\Xray-core\v24.9.19\Xray-linux-64.zip           | LOCAL=b5e2b42f18d0dc50a27382eda8e6ac5361f6bc26f9e31718e7626b918de94731 REMOTE=LOST
[2105/3625] Checking is LOST | E:\01.userData\ZhuoMian\Github_Releases_批量下载 xray\Xray-core\v24.9.19\Xray-linux-arm32-v5.zip     | LOCAL=e938ff95bdf506c4329de204dd4c846401de0479e92966775d3b76722cbe298c REMOTE=LOST
[2106/3625] Checking is LOST | E:\01.userData\ZhuoMian\Github_Releases_批量下载 xray\Xray-core\v24.9.19\Xray-linux-arm32-v6.zip     | LOCAL=2a970ed159b0b8281388f3f2be2fe8d9341adc537cdb75811c19222c0a80f005 REMOTE=LOST
[2107/3625] Checking is LOST | E:\01.userData\ZhuoMian\Github_Releases_批量下载 xray\Xray-core\v24.9.19\Xray-linux-arm32-v7a.zip    | LOCAL=f57cd245ebf4059938ed2971dd07a36b640f31ab64af22513770ee86535dcd30 REMOTE=LOST
[2108/3625] Checking is LOST | E:\01.userData\ZhuoMian\Github_Releases_批量下载 xray\Xray-core\v24.9.19\Xray-linux-arm64-v8a.zip    | LOCAL=65f6a527b0b22818fd37908579eb4d7f277a9ff13276d6b55bddb9b62c6edc3e REMOTE=LOST
[2109/3625] Checking is LOST | E:\01.userData\ZhuoMian\Github_Releases_批量下载 xray\Xray-core\v24.9.19\Xray-linux-loong64.zip      | LOCAL=a93298e8feb1f098b031c8accbcf300c70090a09b2807e7c39b3d5870048c676 REMOTE=LOST
[2110/3625] Checking is LOST | E:\01.userData\ZhuoMian\Github_Releases_批量下载 xray\Xray-core\v24.9.19\Xray-linux-mips32.zip       | LOCAL=ba7cd30f3878fdd61324cec5d9c0c0bdb2d153c202c023e976d975863a1b2fdc REMOTE=LOST
[2111/3625] Checking is LOST | E:\01.userData\ZhuoMian\Github_Releases_批量下载 xray\Xray-core\v24.9.19\Xray-linux-mips32le.zip     | LOCAL=fcb7b712ab2eeb1c2f02f5373e42a6a7b4dcd33f691f11f562c7272494ca433c REMOTE=LOST
[2112/3625] Checking is LOST | E:\01.userData\ZhuoMian\Github_Releases_批量下载 xray\Xray-core\v24.9.19\Xray-linux-mips64.zip       | LOCAL=4342b73eaf4f8bd680e39738b2af362a21ce552eeceaf397a42aad2319c8182b REMOTE=LOST
[2113/3625] Checking is LOST | E:\01.userData\ZhuoMian\Github_Releases_批量下载 xray\Xray-core\v24.9.19\Xray-linux-mips64le.zip     | LOCAL=f254936d3a823122bb633c3b67adea444ba11b6cef87f0b8cfc97e871493c720 REMOTE=LOST
[2114/3625] Checking is LOST | E:\01.userData\ZhuoMian\Github_Releases_批量下载 xray\Xray-core\v24.9.19\Xray-linux-ppc64.zip        | LOCAL=d051573616991b3a5e36ccf15806258ed49a8e05fed7c32ce6d0a56678a45fff REMOTE=LOST
[2115/3625] Checking is LOST | E:\01.userData\ZhuoMian\Github_Releases_批量下载 xray\Xray-core\v24.9.19\Xray-linux-ppc64le.zip      | LOCAL=07784b9819ecaa34c535f475f3b0ee93565e09a34f80743a0ac1a10b63ad7341 REMOTE=LOST
[2116/3625] Checking is LOST | E:\01.userData\ZhuoMian\Github_Releases_批量下载 xray\Xray-core\v24.9.19\Xray-linux-riscv64.zip      | LOCAL=631e96cdfccbdb25ea6547a993b798bb957a28ec269ff81bda6137fdb9d5a820 REMOTE=LOST
[2117/3625] Checking is LOST | E:\01.userData\ZhuoMian\Github_Releases_批量下载 xray\Xray-core\v24.9.19\Xray-linux-s390x.zip        | LOCAL=c5bab4ad8eadaa7684e45a3485286502e6ff72d4f2208c958b3102d3ef47c3c8 REMOTE=LOST
[2118/3625] Checking is LOST | E:\01.userData\ZhuoMian\Github_Releases_批量下载 xray\Xray-core\v24.9.19\Xray-macos-64.zip           | LOCAL=b37502240061477b5b3c4f202862109f9d48b89fb99cf6341c60174ac9504574 REMOTE=LOST
[2119/3625] Checking is LOST | E:\01.userData\ZhuoMian\Github_Releases_批量下载 xray\Xray-core\v24.9.19\Xray-macos-arm64-v8a.zip    | LOCAL=1ce8361f9f5d73b8f397c6dfebcce3674542cbd5a3ce0476cdeece9bdf333317 REMOTE=LOST
[2120/3625] Checking is LOST | E:\01.userData\ZhuoMian\Github_Releases_批量下载 xray\Xray-core\v24.9.19\Xray-openbsd-32.zip         | LOCAL=2b3d702a21d16fa91c54d6f46304339e5a68a3f4386e59a40631598f6ba6d2dc REMOTE=LOST
[2121/3625] Checking is LOST | E:\01.userData\ZhuoMian\Github_Releases_批量下载 xray\Xray-core\v24.9.19\Xray-openbsd-64.zip         | LOCAL=3c1b9cff7d7d9bd41cd8d5a0af4e2080a865078531b8901b12904de5682be2df REMOTE=LOST
[2122/3625] Checking is LOST | E:\01.userData\ZhuoMian\Github_Releases_批量下载 xray\Xray-core\v24.9.19\Xray-openbsd-arm32-v7a.zip  | LOCAL=ece8ea6bbe11bb0ebbcb4f33349ce6c099c903e8363548e13b8ad5b1065d8c69 REMOTE=LOST
[2123/3625] Checking is LOST | E:\01.userData\ZhuoMian\Github_Releases_批量下载 xray\Xray-core\v24.9.19\Xray-openbsd-arm64-v8a.zip  | LOCAL=3897fe4d11339bc3c66400f0e70fc2a6d40a733ebdccd33b75dce2e3b4ccb1d1 REMOTE=LOST
[2124/3625] Checking is LOST | E:\01.userData\ZhuoMian\Github_Releases_批量下载 xray\Xray-core\v24.9.19\Xray-win7-32.zip            | LOCAL=f03287dbd971331ba79fdb29eee47c1b04f2ad27d0febff3d9ca5b0979c27322 REMOTE=LOST
[2125/3625] Checking is LOST | E:\01.userData\ZhuoMian\Github_Releases_批量下载 xray\Xray-core\v24.9.19\Xray-win7-64.zip            | LOCAL=8275561a2350e889892fc9ad6ba9e792617b6dc24ac24bdecc74082c713a8332 REMOTE=LOST
[2126/3625] Checking is LOST | E:\01.userData\ZhuoMian\Github_Releases_批量下载 xray\Xray-core\v24.9.19\Xray-windows-32.zip         | LOCAL=5737c7682e78ab3893464cd44b746b0c554696129c2b5ae60a63a9ad054935f7 REMOTE=LOST
[2127/3625] Checking is LOST | E:\01.userData\ZhuoMian\Github_Releases_批量下载 xray\Xray-core\v24.9.19\Xray-windows-64.zip         | LOCAL=b47c6ed26bb4caaf3f043cd68136dd40e05bc9adfda35278bb509d535b80ddbc REMOTE=LOST
[2128/3625] Checking is LOST | E:\01.userData\ZhuoMian\Github_Releases_批量下载 xray\Xray-core\v24.9.19\Xray-windows-arm32-v7a.zip  | LOCAL=14fe88463db2fd3fa28a7a47faab4307ccf4b496d1f7a6c0ea955b8d839f0a24 REMOTE=LOST
[2129/3625] Checking is LOST | E:\01.userData\ZhuoMian\Github_Releases_批量下载 xray\Xray-core\v24.9.19\Xray-windows-arm64-v8a.zip  | LOCAL=8c8f90863293b80c30228b6c41d898d61de8e9d46135f66f22f7efbdac0b8b2f REMOTE=LOST
[2130/3625] Checking is LOST | E:\01.userData\ZhuoMian\Github_Releases_批量下载 xray\Xray-core\v24.9.30\Xray-android-arm64-v8a.zip  | LOCAL=7092516c55e6923c2103d2b096157a665a168fd2e479a3993bbaf53575613ae0 REMOTE=LOST
[2131/3625] Checking is LOST | E:\01.userData\ZhuoMian\Github_Releases_批量下载 xray\Xray-core\v24.9.30\Xray-freebsd-32.zip         | LOCAL=9a7ab495239bff428bf16ff806ce055bb977773aab26f6aa6a51994b71574c0f REMOTE=LOST
[2132/3625] Checking is LOST | E:\01.userData\ZhuoMian\Github_Releases_批量下载 xray\Xray-core\v24.9.30\Xray-freebsd-64.zip         | LOCAL=b634c8bcc36bd3122175f43d4a0460c8422a07c3c01608ff4c0d30c67eb998dd REMOTE=LOST
[2133/3625] Checking is LOST | E:\01.userData\ZhuoMian\Github_Releases_批量下载 xray\Xray-core\v24.9.30\Xray-freebsd-arm32-v7a.zip  | LOCAL=6ec44599b22d3cfe769b8d487c6f7a032d015ae4391586ce3418c5ee658e9471 REMOTE=LOST
[2134/3625] Checking is LOST | E:\01.userData\ZhuoMian\Github_Releases_批量下载 xray\Xray-core\v24.9.30\Xray-freebsd-arm64-v8a.zip  | LOCAL=ea0cd307961da6fae5120eb7c7aceae542e34e2b799f154d613259485b39ab7f REMOTE=LOST
[2135/3625] Checking is LOST | E:\01.userData\ZhuoMian\Github_Releases_批量下载 xray\Xray-core\v24.9.30\Xray-linux-32.zip           | LOCAL=4f9c97fd8a1a8b6692474576f62bc731837c7f0231a8e00254bb0179cea64afa REMOTE=LOST
[2136/3625] Checking is LOST | E:\01.userData\ZhuoMian\Github_Releases_批量下载 xray\Xray-core\v24.9.30\Xray-linux-64.zip           | LOCAL=6779570990a39f9431bfbf3c7793422c5701cfd0232259b60eeb845fa56f1059 REMOTE=LOST
[2137/3625] Checking is LOST | E:\01.userData\ZhuoMian\Github_Releases_批量下载 xray\Xray-core\v24.9.30\Xray-linux-arm32-v5.zip     | LOCAL=a1bb288f4109149ae9b888dc10f969e4e8331099e274e5bb6029005aaa0d34b2 REMOTE=LOST
[2138/3625] Checking is LOST | E:\01.userData\ZhuoMian\Github_Releases_批量下载 xray\Xray-core\v24.9.30\Xray-linux-arm32-v6.zip     | LOCAL=ae1056ab65255547527e0a7f1b7909e3f41a0d417d91e70d3866277a5e7cce9f REMOTE=LOST
[2139/3625] Checking is LOST | E:\01.userData\ZhuoMian\Github_Releases_批量下载 xray\Xray-core\v24.9.30\Xray-linux-arm32-v7a.zip    | LOCAL=d5775d8e054269023cbfd3e66e379ed50ffc6c4fab02983975822419c507305e REMOTE=LOST
[2140/3625] Checking is LOST | E:\01.userData\ZhuoMian\Github_Releases_批量下载 xray\Xray-core\v24.9.30\Xray-linux-arm64-v8a.zip    | LOCAL=c506267b336ee9f011d7e796115952eea68e0ca237a044e8d62c71c1e6db51be REMOTE=LOST
[2141/3625] Checking is LOST | E:\01.userData\ZhuoMian\Github_Releases_批量下载 xray\Xray-core\v24.9.30\Xray-linux-loong64.zip      | LOCAL=72f0e82787e7df238d288ccd7fa7efd86f4057ad7b1008aca6e1b4c848e950e9 REMOTE=LOST
[2142/3625] Checking is LOST | E:\01.userData\ZhuoMian\Github_Releases_批量下载 xray\Xray-core\v24.9.30\Xray-linux-mips32.zip       | LOCAL=b1442dbb3dc75c72b344f80b290fba6f6cafdcc12512d1631ecadc1869f5825d REMOTE=LOST
[2143/3625] Checking is LOST | E:\01.userData\ZhuoMian\Github_Releases_批量下载 xray\Xray-core\v24.9.30\Xray-linux-mips32le.zip     | LOCAL=aa8cd3db51161af7ee7356391f2b0e0ad8453dc6c3f067636c41f4fc6d30a3bb REMOTE=LOST
[2144/3625] Checking is LOST | E:\01.userData\ZhuoMian\Github_Releases_批量下载 xray\Xray-core\v24.9.30\Xray-linux-mips64.zip       | LOCAL=bcfb756ae806bcd8c9a3353516a490a7d1ffec367e883716d4904b48dac734a6 REMOTE=LOST
[2145/3625] Checking is LOST | E:\01.userData\ZhuoMian\Github_Releases_批量下载 xray\Xray-core\v24.9.30\Xray-linux-mips64le.zip     | LOCAL=84adab9846905722e850fc628ca01c80cc74fef2c778d9bd88a6bed029ddf5cc REMOTE=LOST
[2146/3625] Checking is LOST | E:\01.userData\ZhuoMian\Github_Releases_批量下载 xray\Xray-core\v24.9.30\Xray-linux-ppc64.zip        | LOCAL=edc25b2443b040dafd10b788d692a6bdb2faaad8cfe38bf9e7b99bfb07e54600 REMOTE=LOST
[2147/3625] Checking is LOST | E:\01.userData\ZhuoMian\Github_Releases_批量下载 xray\Xray-core\v24.9.30\Xray-linux-ppc64le.zip      | LOCAL=3a542835bfd5a0d38cac151320d2ee00009caeb4725da0e8e5a0a7700ac3d765 REMOTE=LOST
[2148/3625] Checking is LOST | E:\01.userData\ZhuoMian\Github_Releases_批量下载 xray\Xray-core\v24.9.30\Xray-linux-riscv64.zip      | LOCAL=0e6b0d822b6bee623a2e1010496971304c04c2358c2a7187eecbe2e08eff7207 REMOTE=LOST
[2149/3625] Checking is LOST | E:\01.userData\ZhuoMian\Github_Releases_批量下载 xray\Xray-core\v24.9.30\Xray-linux-s390x.zip        | LOCAL=6182f04f731b4e32e6a77eb2172674b349e8190177953cbcfcda67abe551b875 REMOTE=LOST
[2150/3625] Checking is LOST | E:\01.userData\ZhuoMian\Github_Releases_批量下载 xray\Xray-core\v24.9.30\Xray-macos-64.zip           | LOCAL=1407dd2e2e4c916a033bf5eda60f5e3f541ae70fe4b90e7275d15ffc6ad18fcb REMOTE=LOST
[2151/3625] Checking is LOST | E:\01.userData\ZhuoMian\Github_Releases_批量下载 xray\Xray-core\v24.9.30\Xray-macos-arm64-v8a.zip    | LOCAL=06ba2ad4918d61f09583cb9ec6083e5fbf3b27a62da2103c96e6c7e3c0a142ee REMOTE=LOST
[2152/3625] Checking is LOST | E:\01.userData\ZhuoMian\Github_Releases_批量下载 xray\Xray-core\v24.9.30\Xray-openbsd-32.zip         | LOCAL=5302824b155d0963f6789da8943974c503fbb0063bda56ae50b29d6b37cc6dee REMOTE=LOST
[2153/3625] Checking is LOST | E:\01.userData\ZhuoMian\Github_Releases_批量下载 xray\Xray-core\v24.9.30\Xray-openbsd-64.zip         | LOCAL=ee7a1756b4dd245c1c782e5e8bfdcbf793af28060f2ee285276099dbca14c4be REMOTE=LOST
[2154/3625] Checking is LOST | E:\01.userData\ZhuoMian\Github_Releases_批量下载 xray\Xray-core\v24.9.30\Xray-openbsd-arm32-v7a.zip  | LOCAL=6de1ea340ac1f9b1a04bd894c42fe92c261a8dca90e6d0709416a85884fefd0b REMOTE=LOST
[2155/3625] Checking is LOST | E:\01.userData\ZhuoMian\Github_Releases_批量下载 xray\Xray-core\v24.9.30\Xray-openbsd-arm64-v8a.zip  | LOCAL=96c11c24921f20e3b013d0062e27c66ac754d7a856dbaf8d06ff1783a085d9a6 REMOTE=LOST
[2156/3625] Checking is LOST | E:\01.userData\ZhuoMian\Github_Releases_批量下载 xray\Xray-core\v24.9.30\Xray-win7-32.zip            | LOCAL=4fd47b0bdd2438ae2267315d8a0ce8031aac918c42485fc26246b987a2f362c6 REMOTE=LOST
[2157/3625] Checking is LOST | E:\01.userData\ZhuoMian\Github_Releases_批量下载 xray\Xray-core\v24.9.30\Xray-win7-64.zip            | LOCAL=f9075f1a0237e53a1fc76bb4d64649a3cb04d665308672019e52d3927bfff810 REMOTE=LOST
[2158/3625] Checking is LOST | E:\01.userData\ZhuoMian\Github_Releases_批量下载 xray\Xray-core\v24.9.30\Xray-windows-32.zip         | LOCAL=298bff7b77a395ba13e68ac2b38451a551072f05d9dd47e395641b4a69cf9e27 REMOTE=LOST
[2159/3625] Checking is LOST | E:\01.userData\ZhuoMian\Github_Releases_批量下载 xray\Xray-core\v24.9.30\Xray-windows-64.zip         | LOCAL=9c6ee7e8a4d286f6d98ce49c7edffc8e3b5dd109f20edc5cbde64ad7fbd7ca9c REMOTE=LOST
[2160/3625] Checking is LOST | E:\01.userData\ZhuoMian\Github_Releases_批量下载 xray\Xray-core\v24.9.30\Xray-windows-arm32-v7a.zip  | LOCAL=49127790355e60db0b81998a279f0ed6c36141e77d3766cb3ec7fb4b2114b4e5 REMOTE=LOST
[2161/3625] Checking is LOST | E:\01.userData\ZhuoMian\Github_Releases_批量下载 xray\Xray-core\v24.9.30\Xray-windows-arm64-v8a.zip  | LOCAL=292b538de418416e38a6fe2a3cb4d3585ed603291b3bd0024ea5ca28023ad009 REMOTE=LOST
[2162/3625] Checking is LOST | E:\01.userData\ZhuoMian\Github_Releases_批量下载 xray\Xray-core\v24.9.7\Xray-android-arm64-v8a.zip   | LOCAL=b8edbcf95a2f397dc4f8f26bf2cc5859fe4cbd33641f94f3a7841673927eb1c9 REMOTE=LOST
[2163/3625] Checking is LOST | E:\01.userData\ZhuoMian\Github_Releases_批量下载 xray\Xray-core\v24.9.7\Xray-freebsd-32.zip          | LOCAL=03fd2174fec6f5e2a51e3b57bdf26d1ad3bb9e78ce9a1df543715a0867f54ed3 REMOTE=LOST
[2164/3625] Checking is LOST | E:\01.userData\ZhuoMian\Github_Releases_批量下载 xray\Xray-core\v24.9.7\Xray-freebsd-64.zip          | LOCAL=1faf494a4181973663c51a7169b23427c14b16e60c4c51aa0c9c9bb1dcdd2920 REMOTE=LOST
[2165/3625] Checking is LOST | E:\01.userData\ZhuoMian\Github_Releases_批量下载 xray\Xray-core\v24.9.7\Xray-freebsd-arm32-v7a.zip   | LOCAL=3c67e18b23434b675dcf86b3ea2fdd27aa3f59a16d73528771b028c7ca6c6da8 REMOTE=LOST
[2166/3625] Checking is LOST | E:\01.userData\ZhuoMian\Github_Releases_批量下载 xray\Xray-core\v24.9.7\Xray-freebsd-arm64-v8a.zip   | LOCAL=916abfb667530336dbb3052f4a02bb7f90c32f630a7e57fc47ca12a0071c2a81 REMOTE=LOST
[2167/3625] Checking is LOST | E:\01.userData\ZhuoMian\Github_Releases_批量下载 xray\Xray-core\v24.9.7\Xray-linux-32.zip            | LOCAL=25cfef1ca42177f2486aed93396196b5bdfca6b6363c21a10a6fda231ac67b3a REMOTE=LOST
[2168/3625] Checking is LOST | E:\01.userData\ZhuoMian\Github_Releases_批量下载 xray\Xray-core\v24.9.7\Xray-linux-64.zip            | LOCAL=51c5624a1eaf58e7450bcc808daa4605e58b4c717b4cc0633ecd7dd99be4e8ef REMOTE=LOST
[2169/3625] Checking is LOST | E:\01.userData\ZhuoMian\Github_Releases_批量下载 xray\Xray-core\v24.9.7\Xray-linux-arm32-v5.zip      | LOCAL=e948672cffc5ed71f23844796c1d023e420f893f4804f4a502e17b2c64aa061b REMOTE=LOST
[2170/3625] Checking is LOST | E:\01.userData\ZhuoMian\Github_Releases_批量下载 xray\Xray-core\v24.9.7\Xray-linux-arm32-v6.zip      | LOCAL=c60bbb7907e636e67ba83aae12f2ea9edc63521ad3c60a23fc24ada44f989142 REMOTE=LOST
[2171/3625] Checking is LOST | E:\01.userData\ZhuoMian\Github_Releases_批量下载 xray\Xray-core\v24.9.7\Xray-linux-arm32-v7a.zip     | LOCAL=0147f37b737138dc637231c0b55321115e3d0d003ae90dd25f1ee97585213531 REMOTE=LOST
[2172/3625] Checking is LOST | E:\01.userData\ZhuoMian\Github_Releases_批量下载 xray\Xray-core\v24.9.7\Xray-linux-arm64-v8a.zip     | LOCAL=523f5adc3dcc6560fe773b4fc231b8c3f177f3e07d124d6c6c4c1d60a3519797 REMOTE=LOST
[2173/3625] Checking is LOST | E:\01.userData\ZhuoMian\Github_Releases_批量下载 xray\Xray-core\v24.9.7\Xray-linux-loong64.zip       | LOCAL=670a786e0e66e9ceeedc9ef6fc8b27945edf0d9484e28ae7660751a5c938a851 REMOTE=LOST
[2174/3625] Checking is LOST | E:\01.userData\ZhuoMian\Github_Releases_批量下载 xray\Xray-core\v24.9.7\Xray-linux-mips32.zip        | LOCAL=e244fe3688467bc216f22d5ed9a9b4892dbddb15033b43394712a2e15f904b3c REMOTE=LOST
[2175/3625] Checking is LOST | E:\01.userData\ZhuoMian\Github_Releases_批量下载 xray\Xray-core\v24.9.7\Xray-linux-mips32le.zip      | LOCAL=9cd9cbeb63beeb3892036a996e920ab4b3f549fd0cb1d826cf3b1c23e09f244a REMOTE=LOST
[2176/3625] Checking is LOST | E:\01.userData\ZhuoMian\Github_Releases_批量下载 xray\Xray-core\v24.9.7\Xray-linux-mips64.zip        | LOCAL=0e7a71f2ddac3f08a24383fae9767cd271b49b581a165c3cf73bb0325011ccf2 REMOTE=LOST
[2177/3625] Checking is LOST | E:\01.userData\ZhuoMian\Github_Releases_批量下载 xray\Xray-core\v24.9.7\Xray-linux-mips64le.zip      | LOCAL=8cacf25ee96973c33aee273dffdcaa447484fbd74025d726338f09a309148eaf REMOTE=LOST
[2178/3625] Checking is LOST | E:\01.userData\ZhuoMian\Github_Releases_批量下载 xray\Xray-core\v24.9.7\Xray-linux-ppc64.zip         | LOCAL=f3a55d3e5c6459967b7ed3e6a16ca0d967adf3db9280e20ec28473e6246dd473 REMOTE=LOST
[2179/3625] Checking is LOST | E:\01.userData\ZhuoMian\Github_Releases_批量下载 xray\Xray-core\v24.9.7\Xray-linux-ppc64le.zip       | LOCAL=c7649ab0370fadacb05c9657e67c44ed07c33bef6991439c032737b04ec271d8 REMOTE=LOST
[2180/3625] Checking is LOST | E:\01.userData\ZhuoMian\Github_Releases_批量下载 xray\Xray-core\v24.9.7\Xray-linux-riscv64.zip       | LOCAL=0dff8bc16cd6ab66c4fa0705f3062071053df1ae931229dae0529e514657152b REMOTE=LOST
[2181/3625] Checking is LOST | E:\01.userData\ZhuoMian\Github_Releases_批量下载 xray\Xray-core\v24.9.7\Xray-linux-s390x.zip         | LOCAL=6ee7cc064572717aad2634b64496956c291a23533aa1e6d92dbc9eb5d1b1b3d0 REMOTE=LOST
[2182/3625] Checking is LOST | E:\01.userData\ZhuoMian\Github_Releases_批量下载 xray\Xray-core\v24.9.7\Xray-macos-64.zip            | LOCAL=c3fc924eadfe558de87d668094a94df939d60facc2caab4aaa6d087b1d3672b9 REMOTE=LOST
[2183/3625] Checking is LOST | E:\01.userData\ZhuoMian\Github_Releases_批量下载 xray\Xray-core\v24.9.7\Xray-macos-arm64-v8a.zip     | LOCAL=3eb5cf4c4b801fed2d383bf7db9efad7df393ee30b7a66645c3589db3fd67863 REMOTE=LOST
[2184/3625] Checking is LOST | E:\01.userData\ZhuoMian\Github_Releases_批量下载 xray\Xray-core\v24.9.7\Xray-openbsd-32.zip          | LOCAL=f9a0df9b9466e0f247917e830a63fb39846e6cb9b1a2d6fc9fa1eed39cfa452c REMOTE=LOST
[2185/3625] Checking is LOST | E:\01.userData\ZhuoMian\Github_Releases_批量下载 xray\Xray-core\v24.9.7\Xray-openbsd-64.zip          | LOCAL=60eef40422f30f62a11ce0d9ebc8d2698515c7fc4c1adaeddb8c59415ed856e4 REMOTE=LOST
[2186/3625] Checking is LOST | E:\01.userData\ZhuoMian\Github_Releases_批量下载 xray\Xray-core\v24.9.7\Xray-openbsd-arm32-v7a.zip   | LOCAL=3519fcc8d740607619134cc9051fdcf88061cb23d18b125dae13cffc2f303f2b REMOTE=LOST
[2187/3625] Checking is LOST | E:\01.userData\ZhuoMian\Github_Releases_批量下载 xray\Xray-core\v24.9.7\Xray-openbsd-arm64-v8a.zip   | LOCAL=545ca55a3a85ee02391a0ab49b612955d2a319476b94ba7d934cbeda88e285dd REMOTE=LOST
[2188/3625] Checking is LOST | E:\01.userData\ZhuoMian\Github_Releases_批量下载 xray\Xray-core\v24.9.7\Xray-win7-32.zip             | LOCAL=665b9c9cc90a2e96ea8779d0b829050dfc2344cf1ecf6fe2278294b5b8fe76d9 REMOTE=LOST
[2189/3625] Checking is LOST | E:\01.userData\ZhuoMian\Github_Releases_批量下载 xray\Xray-core\v24.9.7\Xray-win7-64.zip             | LOCAL=4e5b05a3d86baab1fbeb1944e12686f0fb5bfae26d7dfbf3ec3cc6a4ad3d0df2 REMOTE=LOST
[2190/3625] Checking is LOST | E:\01.userData\ZhuoMian\Github_Releases_批量下载 xray\Xray-core\v24.9.7\Xray-windows-32.zip          | LOCAL=16a00eeef784ce8a7af336a577b14d89baa3fc4e5e84f0e43d6cd06fecebf127 REMOTE=LOST
[2191/3625] Checking is LOST | E:\01.userData\ZhuoMian\Github_Releases_批量下载 xray\Xray-core\v24.9.7\Xray-windows-64.zip          | LOCAL=151749d0cc9fb301cd0d4479fff7cb48ffcc4ea3ef7d0f1fd62c5505c2dc58d4 REMOTE=LOST
[2192/3625] Checking is LOST | E:\01.userData\ZhuoMian\Github_Releases_批量下载 xray\Xray-core\v24.9.7\Xray-windows-arm32-v7a.zip   | LOCAL=78316c3b9be5873c90a143a91fa08f6cb582563bd91f7d6a8d32d5ccb96755a0 REMOTE=LOST
[2193/3625] Checking is LOST | E:\01.userData\ZhuoMian\Github_Releases_批量下载 xray\Xray-core\v24.9.7\Xray-windows-arm64-v8a.zip   | LOCAL=98bdb27ead2ad913ed6e14e60c299f39c32305621ebdf8a9ff6b572f71555456 REMOTE=LOST
[2194/3625] Checking is LOST | E:\01.userData\ZhuoMian\Github_Releases_批量下载 xray\Xray-core\v25.1.1\Xray-android-arm64-v8a.zip   | LOCAL=7f65dcfab15765bec3dfdae8f10ccf3b313acd6024dbc0f460f78e85aa860b2c REMOTE=LOST
[2195/3625] Checking is LOST | E:\01.userData\ZhuoMian\Github_Releases_批量下载 xray\Xray-core\v25.1.1\Xray-freebsd-32.zip          | LOCAL=2b3a8cbd80ec9569b4a7a9cb4cc1c8851f9836c6db4292b78476a37df818d74b REMOTE=LOST
[2196/3625] Checking is LOST | E:\01.userData\ZhuoMian\Github_Releases_批量下载 xray\Xray-core\v25.1.1\Xray-freebsd-64.zip          | LOCAL=81c45355dc4050e3455870fa6d59488fc85a69d56537255dc0ea3291304eae77 REMOTE=LOST
[2197/3625] Checking is LOST | E:\01.userData\ZhuoMian\Github_Releases_批量下载 xray\Xray-core\v25.1.1\Xray-freebsd-arm32-v7a.zip   | LOCAL=f82158ad35777ba089dc3e57a905863a633092817dc9b2d9a4348a0271f2f1ad REMOTE=LOST
[2198/3625] Checking is LOST | E:\01.userData\ZhuoMian\Github_Releases_批量下载 xray\Xray-core\v25.1.1\Xray-freebsd-arm64-v8a.zip   | LOCAL=380dad71c648662b9459d6a2a8d82db68b7f5d2983965b7af8563197551d18e1 REMOTE=LOST
[2199/3625] Checking is LOST | E:\01.userData\ZhuoMian\Github_Releases_批量下载 xray\Xray-core\v25.1.1\Xray-linux-32.zip            | LOCAL=f2db4da43cf57bbaba4747b0854dc23c20babccea8ba55ee03600aa9e2ff6200 REMOTE=LOST
[2200/3625] Checking is LOST | E:\01.userData\ZhuoMian\Github_Releases_批量下载 xray\Xray-core\v25.1.1\Xray-linux-64.zip            | LOCAL=c80979e097aa304fab7d749bc371e8329f453a4c6a8c5d8f71dc12ab0e653fb3 REMOTE=LOST
[2201/3625] Checking is LOST | E:\01.userData\ZhuoMian\Github_Releases_批量下载 xray\Xray-core\v25.1.1\Xray-linux-arm32-v5.zip      | LOCAL=4d8227721248323df096235bd6dbe734473af9e74d3361c6700859b4d546fa74 REMOTE=LOST
[2202/3625] Checking is LOST | E:\01.userData\ZhuoMian\Github_Releases_批量下载 xray\Xray-core\v25.1.1\Xray-linux-arm32-v6.zip      | LOCAL=1949982500014b6f050d078a23d3a11fd17225cf632907c2952bc801d3404761 REMOTE=LOST
[2203/3625] Checking is LOST | E:\01.userData\ZhuoMian\Github_Releases_批量下载 xray\Xray-core\v25.1.1\Xray-linux-arm32-v7a.zip     | LOCAL=9fd6e52a7523bf8f844677b599265dc4e0cbeb275f1929336b81429b7e6b4e83 REMOTE=LOST
[2204/3625] Checking is LOST | E:\01.userData\ZhuoMian\Github_Releases_批量下载 xray\Xray-core\v25.1.1\Xray-linux-arm64-v8a.zip     | LOCAL=d1c5e6982a939c35e1344469aea13b664280d1dc65c286d8c8dedbf9d1625705 REMOTE=LOST
[2205/3625] Checking is LOST | E:\01.userData\ZhuoMian\Github_Releases_批量下载 xray\Xray-core\v25.1.1\Xray-linux-loong64.zip       | LOCAL=85cf1a26a94aa3af7443f2a852a2ee8d6795e9b3e7fcd878686c837881ff37a6 REMOTE=LOST
[2206/3625] Checking is LOST | E:\01.userData\ZhuoMian\Github_Releases_批量下载 xray\Xray-core\v25.1.1\Xray-linux-mips32.zip        | LOCAL=3e6a3930872a8e72b74e42f4638d88bc6b721ff991f50e693a265e089d58966c REMOTE=LOST
[2207/3625] Checking is LOST | E:\01.userData\ZhuoMian\Github_Releases_批量下载 xray\Xray-core\v25.1.1\Xray-linux-mips32le.zip      | LOCAL=3f997b9ea8091ac72cd2b65d8d8db2af70a1b1e0adb80ba7acd90ba5d74c8e93 REMOTE=LOST
[2208/3625] Checking is LOST | E:\01.userData\ZhuoMian\Github_Releases_批量下载 xray\Xray-core\v25.1.1\Xray-linux-mips64.zip        | LOCAL=5cf6518a9473025116282c8954de61b6539f6f677b9aedaab3de7369a6326c2d REMOTE=LOST
[2209/3625] Checking is LOST | E:\01.userData\ZhuoMian\Github_Releases_批量下载 xray\Xray-core\v25.1.1\Xray-linux-mips64le.zip      | LOCAL=c2667c4bc44dc0f43a1478e954221b61e10b03be71150163c2e4374f1dde16ee REMOTE=LOST
[2210/3625] Checking is LOST | E:\01.userData\ZhuoMian\Github_Releases_批量下载 xray\Xray-core\v25.1.1\Xray-linux-ppc64.zip         | LOCAL=e38de8c27b9e584da694aea95a6c1591ebd4dc08f1d2bb97f56ba8eb3d65598f REMOTE=LOST
[2211/3625] Checking is LOST | E:\01.userData\ZhuoMian\Github_Releases_批量下载 xray\Xray-core\v25.1.1\Xray-linux-ppc64le.zip       | LOCAL=1c48257fa4a2c97404221201753b2084a7a5e399607a2c9cd7d08e48ad593c54 REMOTE=LOST
[2212/3625] Checking is LOST | E:\01.userData\ZhuoMian\Github_Releases_批量下载 xray\Xray-core\v25.1.1\Xray-linux-riscv64.zip       | LOCAL=f2168f7002c3cbef5dfe780cdbcfb2d5288823bb87850479cfddc41d0ba9877e REMOTE=LOST
[2213/3625] Checking is LOST | E:\01.userData\ZhuoMian\Github_Releases_批量下载 xray\Xray-core\v25.1.1\Xray-linux-s390x.zip         | LOCAL=ea92697b808de61cc6ed3123a1f1fbd20715ab7e95986715f7c0417f1b54510d REMOTE=LOST
[2214/3625] Checking is LOST | E:\01.userData\ZhuoMian\Github_Releases_批量下载 xray\Xray-core\v25.1.1\Xray-macos-64.zip            | LOCAL=2d4b505e2c9257e54aa45912039d2dc72ab836d7a686ef935e328f0d2bf0a144 REMOTE=LOST
[2215/3625] Checking is LOST | E:\01.userData\ZhuoMian\Github_Releases_批量下载 xray\Xray-core\v25.1.1\Xray-macos-arm64-v8a.zip     | LOCAL=5c755f72553082f74d89e2518a571979d0a7a7bfee4e05452e0104d7e6c4fd99 REMOTE=LOST
[2216/3625] Checking is LOST | E:\01.userData\ZhuoMian\Github_Releases_批量下载 xray\Xray-core\v25.1.1\Xray-openbsd-32.zip          | LOCAL=1a8f07889f6385d0132e6d2d94154ce87af1d85d82b6a0d4a331dd05a17e2ff0 REMOTE=LOST
[2217/3625] Checking is LOST | E:\01.userData\ZhuoMian\Github_Releases_批量下载 xray\Xray-core\v25.1.1\Xray-openbsd-64.zip          | LOCAL=c7de16229dcd2eee7c42a3b1682c1fe85f49e247a8417edb189a1a3d0b697162 REMOTE=LOST
[2218/3625] Checking is LOST | E:\01.userData\ZhuoMian\Github_Releases_批量下载 xray\Xray-core\v25.1.1\Xray-openbsd-arm32-v7a.zip   | LOCAL=78affdbbc1e8223f5d7d7fe346c82e84b2b3bfaeeba65a2410f3d243b18b9955 REMOTE=LOST
[2219/3625] Checking is LOST | E:\01.userData\ZhuoMian\Github_Releases_批量下载 xray\Xray-core\v25.1.1\Xray-openbsd-arm64-v8a.zip   | LOCAL=0ef897cd75c75257692fd3cfab66c04782eb576c5a02f19878ae71c160721940 REMOTE=LOST
[2220/3625] Checking is LOST | E:\01.userData\ZhuoMian\Github_Releases_批量下载 xray\Xray-core\v25.1.1\Xray-win7-32.zip             | LOCAL=8bd9b78fa584cb84a02c7c842e71b6b867a53a08447d9488dbd347d7e4f0649a REMOTE=LOST
[2221/3625] Checking is LOST | E:\01.userData\ZhuoMian\Github_Releases_批量下载 xray\Xray-core\v25.1.1\Xray-win7-64.zip             | LOCAL=aa6435e8dcf5097174480bf8a787290b19add9be7d1c69693e0c2418ca679b97 REMOTE=LOST
[2222/3625] Checking is LOST | E:\01.userData\ZhuoMian\Github_Releases_批量下载 xray\Xray-core\v25.1.1\Xray-windows-32.zip          | LOCAL=c89f299f556b4537e10369e7c092c225832b0e6bce73abf22cd19a56ba7d288b REMOTE=LOST
[2223/3625] Checking is LOST | E:\01.userData\ZhuoMian\Github_Releases_批量下载 xray\Xray-core\v25.1.1\Xray-windows-64.zip          | LOCAL=1a98ba0ee4cbd2f7ea3e44d69dadbeb00d306678c2fdeb26946df5a4a5e4d3bd REMOTE=LOST
[2224/3625] Checking is LOST | E:\01.userData\ZhuoMian\Github_Releases_批量下载 xray\Xray-core\v25.1.1\Xray-windows-arm32-v7a.zip   | LOCAL=88606543f2d183e464b7c79b3c92a0a8585d622ffe0c71fe45370d29ee9f4107 REMOTE=LOST
[2225/3625] Checking is LOST | E:\01.userData\ZhuoMian\Github_Releases_批量下载 xray\Xray-core\v25.1.1\Xray-windows-arm64-v8a.zip   | LOCAL=c419fa6d2793bfddaf768ad0c50828e4c640f1f15e6c73e54368674fb4249d74 REMOTE=LOST
[2226/3625] Checking is LOST | E:\01.userData\ZhuoMian\Github_Releases_批量下载 xray\Xray-core\v25.1.30\Xray-android-arm64-v8a.zip  | LOCAL=605cb4a31cac70a6f37aa4ecc25b94198960194fa534d5e04fbb089638bcb0b1 REMOTE=LOST
[2227/3625] Checking is LOST | E:\01.userData\ZhuoMian\Github_Releases_批量下载 xray\Xray-core\v25.1.30\Xray-freebsd-32.zip         | LOCAL=577a1130d750599e61c8490466820a87ebfcbd5549797be7323050b73e3b9c34 REMOTE=LOST
[2228/3625] Checking is LOST | E:\01.userData\ZhuoMian\Github_Releases_批量下载 xray\Xray-core\v25.1.30\Xray-freebsd-64.zip         | LOCAL=81a08f805b64295eb53929c3d2a2671cc7f19e5fb25a02a89c211b43feda06f1 REMOTE=LOST
[2229/3625] Checking is LOST | E:\01.userData\ZhuoMian\Github_Releases_批量下载 xray\Xray-core\v25.1.30\Xray-freebsd-arm32-v7a.zip  | LOCAL=7dfe1bee7aa7886320ac13aec582af62ff1ea036cd5649281513b598b22dad2c REMOTE=LOST
[2230/3625] Checking is LOST | E:\01.userData\ZhuoMian\Github_Releases_批量下载 xray\Xray-core\v25.1.30\Xray-freebsd-arm64-v8a.zip  | LOCAL=2ea5f9b0c5b52403ed142c4319b6fac528061d13c84bdc4d5626c3d32aeb4637 REMOTE=LOST
[2231/3625] Checking is LOST | E:\01.userData\ZhuoMian\Github_Releases_批量下载 xray\Xray-core\v25.1.30\Xray-linux-32.zip           | LOCAL=0320036cd4f037956771adc5930aed4911bc11aa03e8a30186c56c9090f2adcc REMOTE=LOST
[2232/3625] Checking is LOST | E:\01.userData\ZhuoMian\Github_Releases_批量下载 xray\Xray-core\v25.1.30\Xray-linux-64.zip           | LOCAL=20db837e3c33cce9a804c7d991b722a7cbd37bad4b7fc6200457f0b1c63084f2 REMOTE=LOST
[2233/3625] Checking is LOST | E:\01.userData\ZhuoMian\Github_Releases_批量下载 xray\Xray-core\v25.1.30\Xray-linux-arm32-v5.zip     | LOCAL=45413fd20eec02450e8fc686a038cee7c00e1690f542876e5230610e4c90cf9b REMOTE=LOST
[2234/3625] Checking is LOST | E:\01.userData\ZhuoMian\Github_Releases_批量下载 xray\Xray-core\v25.1.30\Xray-linux-arm32-v6.zip     | LOCAL=1af13556c645441f4b51419fc61d10a4dd44b02be95d54cd9eef4deed8b019e0 REMOTE=LOST
[2235/3625] Checking is LOST | E:\01.userData\ZhuoMian\Github_Releases_批量下载 xray\Xray-core\v25.1.30\Xray-linux-arm32-v7a.zip    | LOCAL=0e0e07ff7483d813628d9287f607468c1acbbaaf84845fd60e702da233bc7168 REMOTE=LOST
[2236/3625] Checking is LOST | E:\01.userData\ZhuoMian\Github_Releases_批量下载 xray\Xray-core\v25.1.30\Xray-linux-arm64-v8a.zip    | LOCAL=5f1b3a4b0155c2d6e710ab3e7eca64f3d3226be0295c188e8085b96835490d1d REMOTE=LOST
[2237/3625] Checking is LOST | E:\01.userData\ZhuoMian\Github_Releases_批量下载 xray\Xray-core\v25.1.30\Xray-linux-loong64.zip      | LOCAL=931e2fcbdfafc9870dfbaea60baa2de4491ab7e274a4792883602112604acfb0 REMOTE=LOST
[2238/3625] Checking is LOST | E:\01.userData\ZhuoMian\Github_Releases_批量下载 xray\Xray-core\v25.1.30\Xray-linux-mips32.zip       | LOCAL=d05985837bbcffe1ab99ffad36b9ed378337ea29ca7bc828d297116630516733 REMOTE=LOST
[2239/3625] Checking is LOST | E:\01.userData\ZhuoMian\Github_Releases_批量下载 xray\Xray-core\v25.1.30\Xray-linux-mips32le.zip     | LOCAL=3a82db793aaab8b8b3abf76a818efa9ae2e0df2c8aa312fc36a09a1d722f76b8 REMOTE=LOST
[2240/3625] Checking is LOST | E:\01.userData\ZhuoMian\Github_Releases_批量下载 xray\Xray-core\v25.1.30\Xray-linux-mips64.zip       | LOCAL=951667067e4e06a8b8ff2dbb4ad3690ec02977c7e159f9c1c0a73a3730e25cb6 REMOTE=LOST
[2241/3625] Checking is LOST | E:\01.userData\ZhuoMian\Github_Releases_批量下载 xray\Xray-core\v25.1.30\Xray-linux-mips64le.zip     | LOCAL=88e0df8646376f6709e46ff2c53ea5d4fb4b6478f0ff0183993b60204059d559 REMOTE=LOST
[2242/3625] Checking is LOST | E:\01.userData\ZhuoMian\Github_Releases_批量下载 xray\Xray-core\v25.1.30\Xray-linux-ppc64.zip        | LOCAL=422a70a3e8c8bf352c97166ee81bb7bf76b77d966af85dd48b56a1d247841ad8 REMOTE=LOST
[2243/3625] Checking is LOST | E:\01.userData\ZhuoMian\Github_Releases_批量下载 xray\Xray-core\v25.1.30\Xray-linux-ppc64le.zip      | LOCAL=e002953b1a2dfa1c1bb82a5c62afe4431349f86090e1ccadf54d674acd21ec0d REMOTE=LOST
[2244/3625] Checking is LOST | E:\01.userData\ZhuoMian\Github_Releases_批量下载 xray\Xray-core\v25.1.30\Xray-linux-riscv64.zip      | LOCAL=afcf778b16f2e1480f4fe5d35b647b36f259a5e7cbf82e422f1a9e7476952e0d REMOTE=LOST
[2245/3625] Checking is LOST | E:\01.userData\ZhuoMian\Github_Releases_批量下载 xray\Xray-core\v25.1.30\Xray-linux-s390x.zip        | LOCAL=489606e6085da794423bf7e27a9a629919fd0aba128c29bbb5c871facdc6cf37 REMOTE=LOST
[2246/3625] Checking is LOST | E:\01.userData\ZhuoMian\Github_Releases_批量下载 xray\Xray-core\v25.1.30\Xray-macos-64.zip           | LOCAL=f2b7f541260e88c0cc72b8e39c21cd8e1eedd61b703c3a99c38af1426f740da7 REMOTE=LOST
[2247/3625] Checking is LOST | E:\01.userData\ZhuoMian\Github_Releases_批量下载 xray\Xray-core\v25.1.30\Xray-macos-arm64-v8a.zip    | LOCAL=9a85d80918d22fc74bbc5aefac9713ea5d20d8f522d4fd11429336015b3dbc67 REMOTE=LOST
[2248/3625] Checking is LOST | E:\01.userData\ZhuoMian\Github_Releases_批量下载 xray\Xray-core\v25.1.30\Xray-openbsd-32.zip         | LOCAL=c2b1614792f0f42858d36df4d95337c0e373cfeb9296646c2a8c9fb9b3d83aec REMOTE=LOST
[2249/3625] Checking is LOST | E:\01.userData\ZhuoMian\Github_Releases_批量下载 xray\Xray-core\v25.1.30\Xray-openbsd-64.zip         | LOCAL=367de41b0face0a4f5e91bc81fc83a5032eca5797b6ca742bbfe845747b10df7 REMOTE=LOST
[2250/3625] Checking is LOST | E:\01.userData\ZhuoMian\Github_Releases_批量下载 xray\Xray-core\v25.1.30\Xray-openbsd-arm32-v7a.zip  | LOCAL=4fc5f01098e3cd9d27c2bfb3d0539634846b4b660690cc5788bc6213006b86a9 REMOTE=LOST
[2251/3625] Checking is LOST | E:\01.userData\ZhuoMian\Github_Releases_批量下载 xray\Xray-core\v25.1.30\Xray-openbsd-arm64-v8a.zip  | LOCAL=5896f305cffc7074016d4b3e2236b6b1f5d2b7ea1b41ff0810e70e367fcfe776 REMOTE=LOST
[2252/3625] Checking is LOST | E:\01.userData\ZhuoMian\Github_Releases_批量下载 xray\Xray-core\v25.1.30\Xray-win7-32.zip            | LOCAL=3d5b907e61ae0a480d12daea64794b5fe363e170bc4cdda2e88ce2c4002d6d84 REMOTE=LOST
[2253/3625] Checking is LOST | E:\01.userData\ZhuoMian\Github_Releases_批量下载 xray\Xray-core\v25.1.30\Xray-win7-64.zip            | LOCAL=29a355aced16d0c7d333901a5109703aa1db91c4f244ff2210858c015a4e0c77 REMOTE=LOST
[2254/3625] Checking is LOST | E:\01.userData\ZhuoMian\Github_Releases_批量下载 xray\Xray-core\v25.1.30\Xray-windows-32.zip         | LOCAL=6c49ed35745f1921e10080779dd978e386078fa0a2b07a6e10500a815130f74d REMOTE=LOST
[2255/3625] Checking is LOST | E:\01.userData\ZhuoMian\Github_Releases_批量下载 xray\Xray-core\v25.1.30\Xray-windows-64.zip         | LOCAL=802c9eff248bdb7e5154b3fbd2132c4ecf4a215b33b4dfde5166ef981765bb7b REMOTE=LOST
[2256/3625] Checking is LOST | E:\01.userData\ZhuoMian\Github_Releases_批量下载 xray\Xray-core\v25.1.30\Xray-windows-arm32-v7a.zip  | LOCAL=708c09688f1b38c1aca795696d59d537993fb24bfb64d31b61fcf00a181cee2e REMOTE=LOST
[2257/3625] Checking is LOST | E:\01.userData\ZhuoMian\Github_Releases_批量下载 xray\Xray-core\v25.1.30\Xray-windows-arm64-v8a.zip  | LOCAL=2f23b99ec9a64f71e9f124136e75968ff5c549aacf47862eeac91eb26529113f REMOTE=LOST
[2390/3625] Checking is LOST | E:\01.userData\ZhuoMian\Github_Releases_批量下载 xray\Xray-core\v25.2.18\Xray-android-arm64-v8a.zip  | LOCAL=ca7f56656224fa93dc6851f578ca687eb5c518d035e8ce13dd113b1686c694c7 REMOTE=LOST
[2391/3625] Checking is LOST | E:\01.userData\ZhuoMian\Github_Releases_批量下载 xray\Xray-core\v25.2.18\Xray-freebsd-32.zip         | LOCAL=b36bcec50cec6bb59b02e58600711a4c20d3ec393934414862884454d380a22a REMOTE=LOST
[2392/3625] Checking is LOST | E:\01.userData\ZhuoMian\Github_Releases_批量下载 xray\Xray-core\v25.2.18\Xray-freebsd-64.zip         | LOCAL=e34688615f7f35a23c5db867d538668ae3aa074e472b50faa88d724903c91343 REMOTE=LOST
[2393/3625] Checking is LOST | E:\01.userData\ZhuoMian\Github_Releases_批量下载 xray\Xray-core\v25.2.18\Xray-freebsd-arm32-v7a.zip  | LOCAL=084f8a5875875a4108102912a87ad65240ae6fdd9d5c9c4add0e6562422ddf3d REMOTE=LOST
[2394/3625] Checking is LOST | E:\01.userData\ZhuoMian\Github_Releases_批量下载 xray\Xray-core\v25.2.18\Xray-freebsd-arm64-v8a.zip  | LOCAL=6385894c5c04cd6230ffc5a5a1e19a052de205517a24e8f6dc03789dd11d0d44 REMOTE=LOST
[2395/3625] Checking is LOST | E:\01.userData\ZhuoMian\Github_Releases_批量下载 xray\Xray-core\v25.2.18\Xray-linux-32.zip           | LOCAL=86b4f1a80503f264f4e0ef6948ea2351aa904c4081c8431ae7136f0dd0c4822f REMOTE=LOST
[2396/3625] Checking is LOST | E:\01.userData\ZhuoMian\Github_Releases_批量下载 xray\Xray-core\v25.2.18\Xray-linux-64.zip           | LOCAL=dce463df6cd8aab53a3166801ceb83d59aa21e85ef2b16d74eef903c0404f4cc REMOTE=LOST
[2397/3625] Checking is LOST | E:\01.userData\ZhuoMian\Github_Releases_批量下载 xray\Xray-core\v25.2.18\Xray-linux-arm32-v5.zip     | LOCAL=33ddcc653555666a1a74e1e310c8b9c87098dc400c3f51f73586ebc43e3280de REMOTE=LOST
[2398/3625] Checking is LOST | E:\01.userData\ZhuoMian\Github_Releases_批量下载 xray\Xray-core\v25.2.18\Xray-linux-arm32-v6.zip     | LOCAL=95dee1fb00580f2bbea7d15ad96662203c5ace09c2317a47b6f386aa3d788d32 REMOTE=LOST
[2399/3625] Checking is LOST | E:\01.userData\ZhuoMian\Github_Releases_批量下载 xray\Xray-core\v25.2.18\Xray-linux-arm32-v7a.zip    | LOCAL=73203319957e09e7b7f78b12ac00ef6fbe249ec8bc128aa9ce9e2f8ef6bf1b5b REMOTE=LOST
[2400/3625] Checking is LOST | E:\01.userData\ZhuoMian\Github_Releases_批量下载 xray\Xray-core\v25.2.18\Xray-linux-arm64-v8a.zip    | LOCAL=ddb42038f187a0f25d14b1620280a86c92045dd9202e6f2bef1e9ff2eca4208d REMOTE=LOST
[2401/3625] Checking is LOST | E:\01.userData\ZhuoMian\Github_Releases_批量下载 xray\Xray-core\v25.2.18\Xray-linux-loong64.zip      | LOCAL=2bfc48aeed53be8e446ae6349994864e9a998396a62dc1d651089b0f7be48c87 REMOTE=LOST
[2402/3625] Checking is LOST | E:\01.userData\ZhuoMian\Github_Releases_批量下载 xray\Xray-core\v25.2.18\Xray-linux-mips32.zip       | LOCAL=49898ef6c282a3c7bc39c9cab70252294709aca43352f20eb9d78f8498ea240e REMOTE=LOST
[2403/3625] Checking is LOST | E:\01.userData\ZhuoMian\Github_Releases_批量下载 xray\Xray-core\v25.2.18\Xray-linux-mips32le.zip     | LOCAL=99acefe2d1cd497848313787479f3b4dcc86f582ffd3effe5bf65c7f27ab9a3a REMOTE=LOST
[2404/3625] Checking is LOST | E:\01.userData\ZhuoMian\Github_Releases_批量下载 xray\Xray-core\v25.2.18\Xray-linux-mips64.zip       | LOCAL=daf40ffb63fa420bc961697a1da1b86ecc3a30915d95bb0e4130e9a81c5c7232 REMOTE=LOST
[2405/3625] Checking is LOST | E:\01.userData\ZhuoMian\Github_Releases_批量下载 xray\Xray-core\v25.2.18\Xray-linux-mips64le.zip     | LOCAL=bc21aedbfda1ca1fe58219841eb7256e010d83c12835ceb7315889a2ba7f4419 REMOTE=LOST
[2406/3625] Checking is LOST | E:\01.userData\ZhuoMian\Github_Releases_批量下载 xray\Xray-core\v25.2.18\Xray-linux-ppc64.zip        | LOCAL=63494944b49f5b6a4e509a50e15c5c5115422ba6086cc86767669ce5677999ff REMOTE=LOST
[2407/3625] Checking is LOST | E:\01.userData\ZhuoMian\Github_Releases_批量下载 xray\Xray-core\v25.2.18\Xray-linux-ppc64le.zip      | LOCAL=6e4575ac2ca19e6f47f112e452331f36223c82272050bb00459e4f2db014971b REMOTE=LOST
[2408/3625] Checking is LOST | E:\01.userData\ZhuoMian\Github_Releases_批量下载 xray\Xray-core\v25.2.18\Xray-linux-riscv64.zip      | LOCAL=20dc1cb75450fa491d831975eeae3fcd1d458e1b81ba40046f6aee3f065f7cb4 REMOTE=LOST
[2409/3625] Checking is LOST | E:\01.userData\ZhuoMian\Github_Releases_批量下载 xray\Xray-core\v25.2.18\Xray-linux-s390x.zip        | LOCAL=86ec59d9a5b87bf46e18c7bc4fce5c85a668a384d76a1be44d3bce06d1916102 REMOTE=LOST
[2410/3625] Checking is LOST | E:\01.userData\ZhuoMian\Github_Releases_批量下载 xray\Xray-core\v25.2.18\Xray-macos-64.zip           | LOCAL=77c3c824d18abcef7d8ee361cbc13d54d49ac39b6cfabd3af01bbce74b768bc8 REMOTE=LOST
[2411/3625] Checking is LOST | E:\01.userData\ZhuoMian\Github_Releases_批量下载 xray\Xray-core\v25.2.18\Xray-macos-arm64-v8a.zip    | LOCAL=036f7f95b35b4b913158d924ada89ac0c38f7738311d107ba7d10900b59c9cbc REMOTE=LOST
[2412/3625] Checking is LOST | E:\01.userData\ZhuoMian\Github_Releases_批量下载 xray\Xray-core\v25.2.18\Xray-openbsd-32.zip         | LOCAL=8e4ac257f905049fbcb147b2a5c771598b6509b63dcca0a72e8e7c8ad6710c1d REMOTE=LOST
[2413/3625] Checking is LOST | E:\01.userData\ZhuoMian\Github_Releases_批量下载 xray\Xray-core\v25.2.18\Xray-openbsd-64.zip         | LOCAL=b58c049c945cb18b8bd2f9278ca68aad86daec8901b997f238b05e128e3dd3f7 REMOTE=LOST
[2414/3625] Checking is LOST | E:\01.userData\ZhuoMian\Github_Releases_批量下载 xray\Xray-core\v25.2.18\Xray-openbsd-arm32-v7a.zip  | LOCAL=9bc9a9102d38d033eb788d8a2d0f3b0e0043132c142d5d5cc8fab5fbce8227ed REMOTE=LOST
[2415/3625] Checking is LOST | E:\01.userData\ZhuoMian\Github_Releases_批量下载 xray\Xray-core\v25.2.18\Xray-openbsd-arm64-v8a.zip  | LOCAL=bb7172ee4fc50363c161a3c76b6fd7064923bb7563ce8b9c4f22b619b5cc49a5 REMOTE=LOST
[2416/3625] Checking is LOST | E:\01.userData\ZhuoMian\Github_Releases_批量下载 xray\Xray-core\v25.2.18\Xray-win7-32.zip            | LOCAL=b8c37d74863015c3b4c71d2a6ef088ea013ed2009334ea46fc1d7a453edc259f REMOTE=LOST
[2417/3625] Checking is LOST | E:\01.userData\ZhuoMian\Github_Releases_批量下载 xray\Xray-core\v25.2.18\Xray-win7-64.zip            | LOCAL=49821dae675adfcad550ebef604ce0634bc8620c84271a5fa198fa7846397e52 REMOTE=LOST
[2418/3625] Checking is LOST | E:\01.userData\ZhuoMian\Github_Releases_批量下载 xray\Xray-core\v25.2.18\Xray-windows-32.zip         | LOCAL=24df67eb962edd435748b93325866e0639285f21284ad7d26af560b3ddda338d REMOTE=LOST
[2419/3625] Checking is LOST | E:\01.userData\ZhuoMian\Github_Releases_批量下载 xray\Xray-core\v25.2.18\Xray-windows-64.zip         | LOCAL=0be9d6e9f7c323f7f19bf553cf616e9c3eb391a1bfe3100279205f2d96ee4407 REMOTE=LOST
[2420/3625] Checking is LOST | E:\01.userData\ZhuoMian\Github_Releases_批量下载 xray\Xray-core\v25.2.18\Xray-windows-arm32-v7a.zip  | LOCAL=46611652f98736ba9fae95f9d0ace6ce08ff96d2707f610e27fb539039554623 REMOTE=LOST
[2421/3625] Checking is LOST | E:\01.userData\ZhuoMian\Github_Releases_批量下载 xray\Xray-core\v25.2.18\Xray-windows-arm64-v8a.zip  | LOCAL=bfde6abf8510267e4da7938bffa75a94125f80197e8f24516610349b05e13d98 REMOTE=LOST
[2422/3625] Checking is LOST | E:\01.userData\ZhuoMian\Github_Releases_批量下载 xray\Xray-core\v25.2.21\Xray-android-arm64-v8a.zip  | LOCAL=b754ebac1409a3bfd740c4601ae896286453aefbb2b0355a63b8cfa20e4d615f REMOTE=LOST
[2423/3625] Checking is LOST | E:\01.userData\ZhuoMian\Github_Releases_批量下载 xray\Xray-core\v25.2.21\Xray-freebsd-32.zip         | LOCAL=6f260b0a937005f6799747bb7841a63e450cd2c57dd0198f74c4d408599c172f REMOTE=LOST
[2424/3625] Checking is LOST | E:\01.userData\ZhuoMian\Github_Releases_批量下载 xray\Xray-core\v25.2.21\Xray-freebsd-64.zip         | LOCAL=7737d3fee05304869422ff4828a9db4c4586af137c3f47bbf04f9b8354d6b996 REMOTE=LOST
[2425/3625] Checking is LOST | E:\01.userData\ZhuoMian\Github_Releases_批量下载 xray\Xray-core\v25.2.21\Xray-freebsd-arm32-v7a.zip  | LOCAL=dadec116b4eb4c2565774ffc00aad34829d272849fdd87052e0a70d710405ee2 REMOTE=LOST
[2426/3625] Checking is LOST | E:\01.userData\ZhuoMian\Github_Releases_批量下载 xray\Xray-core\v25.2.21\Xray-freebsd-arm64-v8a.zip  | LOCAL=9160c67c41f1ab260d9812fc61dd9ef39f45162ed88cb0e8a9d592c794e6d5e0 REMOTE=LOST
[2427/3625] Checking is LOST | E:\01.userData\ZhuoMian\Github_Releases_批量下载 xray\Xray-core\v25.2.21\Xray-linux-32.zip           | LOCAL=1df58103ed2917a97443ff31cd75299a6a7e51d83d554016f47c3c8d1fa0e0d2 REMOTE=LOST
[2428/3625] Checking is LOST | E:\01.userData\ZhuoMian\Github_Releases_批量下载 xray\Xray-core\v25.2.21\Xray-linux-64.zip           | LOCAL=3e90f0bbb5bbb2b397f46fec96b0eb4a240448bf8d282666da2f80cbaaa24fe7 REMOTE=LOST
[2429/3625] Checking is LOST | E:\01.userData\ZhuoMian\Github_Releases_批量下载 xray\Xray-core\v25.2.21\Xray-linux-arm32-v5.zip     | LOCAL=89a694a026484aa9c24d43f40ed4cdeec908308f739e6f8669b81d87917fed89 REMOTE=LOST
[2430/3625] Checking is LOST | E:\01.userData\ZhuoMian\Github_Releases_批量下载 xray\Xray-core\v25.2.21\Xray-linux-arm32-v6.zip     | LOCAL=8b95c4930058957bf08b5808d07cb65c9ffa01b53c0405e18b95479c1a0d4a5c REMOTE=LOST
[2431/3625] Checking is LOST | E:\01.userData\ZhuoMian\Github_Releases_批量下载 xray\Xray-core\v25.2.21\Xray-linux-arm32-v7a.zip    | LOCAL=9280dd4dec1d71d9d344a399b8ee0e653881959dd200ebd9ee96658a51a95667 REMOTE=LOST
[2432/3625] Checking is LOST | E:\01.userData\ZhuoMian\Github_Releases_批量下载 xray\Xray-core\v25.2.21\Xray-linux-arm64-v8a.zip    | LOCAL=5f4d82f0d02a8646a0af0debd027503c2a8a752f04dd7f0539037ca877bb2e33 REMOTE=LOST
[2433/3625] Checking is LOST | E:\01.userData\ZhuoMian\Github_Releases_批量下载 xray\Xray-core\v25.2.21\Xray-linux-loong64.zip      | LOCAL=7d962d42795e25cf957e2583c921e0aa8d5c4a3873cde73596b7c60df8f1b18c REMOTE=LOST
[2434/3625] Checking is LOST | E:\01.userData\ZhuoMian\Github_Releases_批量下载 xray\Xray-core\v25.2.21\Xray-linux-mips32.zip       | LOCAL=8707bf44edf6b48edfb9c5cd9ac05252c7df5e2ff34f22a027e0069adb984d42 REMOTE=LOST
[2435/3625] Checking is LOST | E:\01.userData\ZhuoMian\Github_Releases_批量下载 xray\Xray-core\v25.2.21\Xray-linux-mips32le.zip     | LOCAL=0937a5ccb0debe7a00e4a792c8e0fa6b69fc73b11c69b87a0c2d560a9b2f90c4 REMOTE=LOST
[2436/3625] Checking is LOST | E:\01.userData\ZhuoMian\Github_Releases_批量下载 xray\Xray-core\v25.2.21\Xray-linux-mips64.zip       | LOCAL=223f1b511ce88c382ce7d1f69e4d97d25c6f4f4cbcc4af6cc9d1d56443083e2c REMOTE=LOST
[2437/3625] Checking is LOST | E:\01.userData\ZhuoMian\Github_Releases_批量下载 xray\Xray-core\v25.2.21\Xray-linux-mips64le.zip     | LOCAL=f2d4dfee479297f1f945e343c45d6c8e2232651056252b6510af40e196aeee4d REMOTE=LOST
[2438/3625] Checking is LOST | E:\01.userData\ZhuoMian\Github_Releases_批量下载 xray\Xray-core\v25.2.21\Xray-linux-ppc64.zip        | LOCAL=3506ffedaa7a47bfb9f05ca9222037289ecd7da669de75813633c04238e6eb1b REMOTE=LOST
[2439/3625] Checking is LOST | E:\01.userData\ZhuoMian\Github_Releases_批量下载 xray\Xray-core\v25.2.21\Xray-linux-ppc64le.zip      | LOCAL=e1c495167efa2accb9f962786d74c2cbeef0f4eda41405d52e1c359c859be4d3 REMOTE=LOST
[2440/3625] Checking is LOST | E:\01.userData\ZhuoMian\Github_Releases_批量下载 xray\Xray-core\v25.2.21\Xray-linux-riscv64.zip      | LOCAL=9e1a53d675435f5a7e11beda6bf280dc5837f7f0d7e22ddea4d6a2093e3d0a26 REMOTE=LOST
[2441/3625] Checking is LOST | E:\01.userData\ZhuoMian\Github_Releases_批量下载 xray\Xray-core\v25.2.21\Xray-linux-s390x.zip        | LOCAL=d4b525b90ee72a04154b7eb814c8dc7b8c54e535c8ae4336dac37397b3a89657 REMOTE=LOST
[2442/3625] Checking is LOST | E:\01.userData\ZhuoMian\Github_Releases_批量下载 xray\Xray-core\v25.2.21\Xray-macos-64.zip           | LOCAL=5dd7ba5e2271a75959b8ebcb805b4efd325757048b7499bf59fb149bb4dfc9ec REMOTE=LOST
[2443/3625] Checking is LOST | E:\01.userData\ZhuoMian\Github_Releases_批量下载 xray\Xray-core\v25.2.21\Xray-macos-arm64-v8a.zip    | LOCAL=a87dd73f791d0c6c74c334701bb69830e6581b21ecd46a24dee64f0ea3c41532 REMOTE=LOST
[2444/3625] Checking is LOST | E:\01.userData\ZhuoMian\Github_Releases_批量下载 xray\Xray-core\v25.2.21\Xray-openbsd-32.zip         | LOCAL=3e9c162cf2f6bc6d6d7f7a9ff3c0a58791d34ec5e0556467416759341de36843 REMOTE=LOST
[2445/3625] Checking is LOST | E:\01.userData\ZhuoMian\Github_Releases_批量下载 xray\Xray-core\v25.2.21\Xray-openbsd-64.zip         | LOCAL=c7954fa96d299b05d9ac641c45157c9d7a10487f4f74dd5ceceb96e6728d1082 REMOTE=LOST
[2446/3625] Checking is LOST | E:\01.userData\ZhuoMian\Github_Releases_批量下载 xray\Xray-core\v25.2.21\Xray-openbsd-arm32-v7a.zip  | LOCAL=e399e5293f5330d46b18ceafa4c4508100d9ea984a846600939e2c8626167a59 REMOTE=LOST
[2447/3625] Checking is LOST | E:\01.userData\ZhuoMian\Github_Releases_批量下载 xray\Xray-core\v25.2.21\Xray-openbsd-arm64-v8a.zip  | LOCAL=e48fcfe61c9bd93a869c387f4b5869b805ce5427330a9fd26702e14b8fd0c4c5 REMOTE=LOST
[2448/3625] Checking is LOST | E:\01.userData\ZhuoMian\Github_Releases_批量下载 xray\Xray-core\v25.2.21\Xray-win7-32.zip            | LOCAL=dd8d902ec32a546d5865bca6e3b18a75417c5ebbde5bd6f33d76817380466b2c REMOTE=LOST
[2449/3625] Checking is LOST | E:\01.userData\ZhuoMian\Github_Releases_批量下载 xray\Xray-core\v25.2.21\Xray-win7-64.zip            | LOCAL=86bb087a43c4388fa8b5234cfdf53622af3e0c10f8eeffa7afef8627f454fb99 REMOTE=LOST
[2450/3625] Checking is LOST | E:\01.userData\ZhuoMian\Github_Releases_批量下载 xray\Xray-core\v25.2.21\Xray-windows-32.zip         | LOCAL=c4d3f8a758e7d6bbb89235b24a48fd0c286b30f37e54192e5588ecf74fd94fc2 REMOTE=LOST
[2451/3625] Checking is LOST | E:\01.userData\ZhuoMian\Github_Releases_批量下载 xray\Xray-core\v25.2.21\Xray-windows-64.zip         | LOCAL=867f1661a638fc6ec4b386b3f9776ff714dd9dd46191697388923657d369cef5 REMOTE=LOST
[2452/3625] Checking is LOST | E:\01.userData\ZhuoMian\Github_Releases_批量下载 xray\Xray-core\v25.2.21\Xray-windows-arm32-v7a.zip  | LOCAL=6090254ac5feb1ee3344f6ea17a720dd698692a169008f2abb98a51d69a92d1c REMOTE=LOST
[2453/3625] Checking is LOST | E:\01.userData\ZhuoMian\Github_Releases_批量下载 xray\Xray-core\v25.2.21\Xray-windows-arm64-v8a.zip  | LOCAL=1a8746a55670fffdaea712ddbb16463b5829c648e3f017f5d5c7cacf1c2bc402 REMOTE=LOST
[2454/3625] Checking is LOST | E:\01.userData\ZhuoMian\Github_Releases_批量下载 xray\Xray-core\v25.3.3\Xray-android-arm64-v8a.zip   | LOCAL=48adb02918c4d8b917f70f234e7c58f5c303c3d6dd490b8e8c06e58e29a0102f REMOTE=LOST
[2455/3625] Checking is LOST | E:\01.userData\ZhuoMian\Github_Releases_批量下载 xray\Xray-core\v25.3.3\Xray-freebsd-32.zip          | LOCAL=e35c5c2d396a80b549f424cd74487bf239f574c97c3f8a6300e73a1afc4d0319 REMOTE=LOST
[2456/3625] Checking is LOST | E:\01.userData\ZhuoMian\Github_Releases_批量下载 xray\Xray-core\v25.3.3\Xray-freebsd-64.zip          | LOCAL=fecb75e12e42d785b8000a9e1f6364aa3289c00f249a83a22a1d4114413f89f4 REMOTE=LOST
[2457/3625] Checking is LOST | E:\01.userData\ZhuoMian\Github_Releases_批量下载 xray\Xray-core\v25.3.3\Xray-freebsd-arm32-v7a.zip   | LOCAL=5eeefcb719c63c98839cb8f566bea16d6a8481c6660f068c2adcf929992f2595 REMOTE=LOST
[2458/3625] Checking is LOST | E:\01.userData\ZhuoMian\Github_Releases_批量下载 xray\Xray-core\v25.3.3\Xray-freebsd-arm64-v8a.zip   | LOCAL=19d9975312e22e7788740a8f437039bc4a7ee40ddba4e5c001ec2f61713264e4 REMOTE=LOST
[2459/3625] Checking is LOST | E:\01.userData\ZhuoMian\Github_Releases_批量下载 xray\Xray-core\v25.3.3\Xray-linux-32.zip            | LOCAL=928fcfd3ab0ee4deddbc43a6e0682b2e4d4a2a879176bafa67074c24deb7a773 REMOTE=LOST
[2460/3625] Checking is LOST | E:\01.userData\ZhuoMian\Github_Releases_批量下载 xray\Xray-core\v25.3.3\Xray-linux-64.zip            | LOCAL=bc795e0a3230b1d9ff043d15a88b8c8692f225bf0fd10821427921ffd7b0a470 REMOTE=LOST
[2461/3625] Checking is LOST | E:\01.userData\ZhuoMian\Github_Releases_批量下载 xray\Xray-core\v25.3.3\Xray-linux-arm32-v5.zip      | LOCAL=09ad88de5bef6cc30e1c4a3e98824b9d9c87aad384edf0317b7cac7665ab7d75 REMOTE=LOST
[2462/3625] Checking is LOST | E:\01.userData\ZhuoMian\Github_Releases_批量下载 xray\Xray-core\v25.3.3\Xray-linux-arm32-v6.zip      | LOCAL=e7772e1b906d368b5d6abc2d2f9e7a6833c6bbe78652fcb2644837ac670a8e0d REMOTE=LOST
[2463/3625] Checking is LOST | E:\01.userData\ZhuoMian\Github_Releases_批量下载 xray\Xray-core\v25.3.3\Xray-linux-arm32-v7a.zip     | LOCAL=dcdd63468b7073f899c3eb24b6937bceff9f1cad36e82366381f237c11ae8e4e REMOTE=LOST
[2464/3625] Checking is LOST | E:\01.userData\ZhuoMian\Github_Releases_批量下载 xray\Xray-core\v25.3.3\Xray-linux-arm64-v8a.zip     | LOCAL=cf701422ce68aaa4d2f977ba41ce6a1c7b85e80e5527ae8340761360c9816dd9 REMOTE=LOST
[2465/3625] Checking is LOST | E:\01.userData\ZhuoMian\Github_Releases_批量下载 xray\Xray-core\v25.3.3\Xray-linux-loong64.zip       | LOCAL=f5759e85eb16b4521e1554ffe9c693628dfad078d186bafda2549edbc3ba2ca5 REMOTE=LOST
[2466/3625] Checking is LOST | E:\01.userData\ZhuoMian\Github_Releases_批量下载 xray\Xray-core\v25.3.3\Xray-linux-mips32.zip        | LOCAL=42846c4888fa11170689244076d1d28d0e0cc86cd39013cb169e8fc4b4e094c1 REMOTE=LOST
[2467/3625] Checking is LOST | E:\01.userData\ZhuoMian\Github_Releases_批量下载 xray\Xray-core\v25.3.3\Xray-linux-mips32le.zip      | LOCAL=9b8e7f1ca55409c71f90f8d9cec288194fef11730735721e54e9f51499c3936c REMOTE=LOST
[2468/3625] Checking is LOST | E:\01.userData\ZhuoMian\Github_Releases_批量下载 xray\Xray-core\v25.3.3\Xray-linux-mips64.zip        | LOCAL=6d1476ca28bc81c512edbf5918e884f8712021b2019e189853b04296d3813ee6 REMOTE=LOST
[2469/3625] Checking is LOST | E:\01.userData\ZhuoMian\Github_Releases_批量下载 xray\Xray-core\v25.3.3\Xray-linux-mips64le.zip      | LOCAL=caff9fd0f4b6d8330b6e566167fb372388b3ce867592ac1edb58f6484138c681 REMOTE=LOST
[2470/3625] Checking is LOST | E:\01.userData\ZhuoMian\Github_Releases_批量下载 xray\Xray-core\v25.3.3\Xray-linux-ppc64.zip         | LOCAL=c38b9a45c10fc0f696f92a1fc082d768c2bda4dd672785a7fa46eab1a41bd5ba REMOTE=LOST
[2471/3625] Checking is LOST | E:\01.userData\ZhuoMian\Github_Releases_批量下载 xray\Xray-core\v25.3.3\Xray-linux-ppc64le.zip       | LOCAL=f5d9fd01ed5a2b039e7c5a51f201ee29fd73d3ae76341941354416c316638aab REMOTE=LOST
[2472/3625] Checking is LOST | E:\01.userData\ZhuoMian\Github_Releases_批量下载 xray\Xray-core\v25.3.3\Xray-linux-riscv64.zip       | LOCAL=e94f6a8fd20e4fd9034d2ad1717c991b6f26b3ba9a129df7480c17cb5b0e723d REMOTE=LOST
[2473/3625] Checking is LOST | E:\01.userData\ZhuoMian\Github_Releases_批量下载 xray\Xray-core\v25.3.3\Xray-linux-s390x.zip         | LOCAL=aae61a4cc19b50c24344cf882741c5a357c8c4a4c61b96216dd7056b6778b1fa REMOTE=LOST
[2474/3625] Checking is LOST | E:\01.userData\ZhuoMian\Github_Releases_批量下载 xray\Xray-core\v25.3.3\Xray-macos-64.zip            | LOCAL=f8389de38519d9f63031925d514c8fd9b641afda3c8820b7e917afec9430b5ca REMOTE=LOST
[2475/3625] Checking is LOST | E:\01.userData\ZhuoMian\Github_Releases_批量下载 xray\Xray-core\v25.3.3\Xray-macos-arm64-v8a.zip     | LOCAL=bc891fb12271ed76488ec79ebec124bd40281c056a2212827b390cbe29e57e86 REMOTE=LOST
[2476/3625] Checking is LOST | E:\01.userData\ZhuoMian\Github_Releases_批量下载 xray\Xray-core\v25.3.3\Xray-openbsd-32.zip          | LOCAL=2fbf962a6707c1ab7473895c67d3cf8a14d1c2231b637859487e841d68e69449 REMOTE=LOST
[2477/3625] Checking is LOST | E:\01.userData\ZhuoMian\Github_Releases_批量下载 xray\Xray-core\v25.3.3\Xray-openbsd-64.zip          | LOCAL=1492f6784d6668820e652a9431a0e647155fd3e4f18397d6800c285c9b29427f REMOTE=LOST
[2478/3625] Checking is LOST | E:\01.userData\ZhuoMian\Github_Releases_批量下载 xray\Xray-core\v25.3.3\Xray-openbsd-arm32-v7a.zip   | LOCAL=82c76ea775e327a3cd7102064a88cbb62e785d9265870450109f45f0be2e97a1 REMOTE=LOST
[2479/3625] Checking is LOST | E:\01.userData\ZhuoMian\Github_Releases_批量下载 xray\Xray-core\v25.3.3\Xray-openbsd-arm64-v8a.zip   | LOCAL=64d81002147a7af81fba12b129763b66c098a573478904d410f2ea059f50f5aa REMOTE=LOST
[2480/3625] Checking is LOST | E:\01.userData\ZhuoMian\Github_Releases_批量下载 xray\Xray-core\v25.3.3\Xray-win7-32.zip             | LOCAL=95c68b19d2eaffaade855574f3ee98d676fa7c9f52f407bb507fe690e1f34041 REMOTE=LOST
[2481/3625] Checking is LOST | E:\01.userData\ZhuoMian\Github_Releases_批量下载 xray\Xray-core\v25.3.3\Xray-win7-64.zip             | LOCAL=e1520cc65dc55baa040157e49a2179a21a93a8015c81254b087f63a450b58243 REMOTE=LOST
[2482/3625] Checking is LOST | E:\01.userData\ZhuoMian\Github_Releases_批量下载 xray\Xray-core\v25.3.3\Xray-windows-32.zip          | LOCAL=d9539207bd98a585c8ef16271dc878b962100d0a9af550a28656927cb6fa4a2d REMOTE=LOST
[2483/3625] Checking is LOST | E:\01.userData\ZhuoMian\Github_Releases_批量下载 xray\Xray-core\v25.3.3\Xray-windows-64.zip          | LOCAL=f122616e9385228fd263d5069003595452413038571873bcbbee07891a1bce97 REMOTE=LOST
[2484/3625] Checking is LOST | E:\01.userData\ZhuoMian\Github_Releases_批量下载 xray\Xray-core\v25.3.3\Xray-windows-arm32-v7a.zip   | LOCAL=723c1d0e43cad386d88386528cb305b655f914eac9e0c0fd77ecde1a70bb2365 REMOTE=LOST
[2485/3625] Checking is LOST | E:\01.userData\ZhuoMian\Github_Releases_批量下载 xray\Xray-core\v25.3.3\Xray-windows-arm64-v8a.zip   | LOCAL=8506154c04aee8b84487e9e0440bfcb71c0eb7a3706f307060966c223cb739de REMOTE=LOST
[2486/3625] Checking is LOST | E:\01.userData\ZhuoMian\Github_Releases_批量下载 xray\Xray-core\v25.3.31\Xray-android-arm64-v8a.zip  | LOCAL=29e1bbafe1a1b85c85176a3a4912ecc536591a5079e39877dfb3dc32cc9bda8f REMOTE=LOST
[2487/3625] Checking is LOST | E:\01.userData\ZhuoMian\Github_Releases_批量下载 xray\Xray-core\v25.3.31\Xray-freebsd-32.zip         | LOCAL=85237fb2d43c1c4f644ac885ff8d98d5c3dbde8b1420b98904067c89ceb2399c REMOTE=LOST
[2488/3625] Checking is LOST | E:\01.userData\ZhuoMian\Github_Releases_批量下载 xray\Xray-core\v25.3.31\Xray-freebsd-64.zip         | LOCAL=f6fd9fb51cf21e0129d7195986bd73fecda15c5192990a891754e4562ce4d61b REMOTE=LOST
[2489/3625] Checking is LOST | E:\01.userData\ZhuoMian\Github_Releases_批量下载 xray\Xray-core\v25.3.31\Xray-freebsd-arm32-v7a.zip  | LOCAL=3c755c70eabef4ff47ddc9e9023b39c8540bb4c8de82eed39888a269047656be REMOTE=LOST
[2490/3625] Checking is LOST | E:\01.userData\ZhuoMian\Github_Releases_批量下载 xray\Xray-core\v25.3.31\Xray-freebsd-arm64-v8a.zip  | LOCAL=d326fb6b3d51cab6d61117fc855cd4ddd65fc92bc57b85c774ba2a51d142887b REMOTE=LOST
[2491/3625] Checking is LOST | E:\01.userData\ZhuoMian\Github_Releases_批量下载 xray\Xray-core\v25.3.31\Xray-linux-32.zip           | LOCAL=71665ceae37d8cba00b2d274cdf89d9f79418fe35fadc0461dc424e88f859c22 REMOTE=LOST
[2492/3625] Checking is LOST | E:\01.userData\ZhuoMian\Github_Releases_批量下载 xray\Xray-core\v25.3.31\Xray-linux-64.zip           | LOCAL=e6953f583fe5aa1b100c657383171a651bac7c43966277e9aa750fed0986edc3 REMOTE=LOST
[2493/3625] Checking is LOST | E:\01.userData\ZhuoMian\Github_Releases_批量下载 xray\Xray-core\v25.3.31\Xray-linux-arm32-v5.zip     | LOCAL=3bd3241f48910a72168a7cf7f695ed0498ef5dfcf67790dc12b726ac711c8d8f REMOTE=LOST
[2494/3625] Checking is LOST | E:\01.userData\ZhuoMian\Github_Releases_批量下载 xray\Xray-core\v25.3.31\Xray-linux-arm32-v6.zip     | LOCAL=69a1eef375057843bf971b0d21988c742ffc1585ed3c5cba4fceaa10fdcff9da REMOTE=LOST
[2495/3625] Checking is LOST | E:\01.userData\ZhuoMian\Github_Releases_批量下载 xray\Xray-core\v25.3.31\Xray-linux-arm32-v7a.zip    | LOCAL=1ca57528e5f7230115b39ad98a940f78f9fe35731feb5e1d71780940617506b7 REMOTE=LOST
[2496/3625] Checking is LOST | E:\01.userData\ZhuoMian\Github_Releases_批量下载 xray\Xray-core\v25.3.31\Xray-linux-arm64-v8a.zip    | LOCAL=8e41992bed22322e208e1f907410454d81e2f22dd03daccd3d51e1f0355a7e7c REMOTE=LOST
[2497/3625] Checking is LOST | E:\01.userData\ZhuoMian\Github_Releases_批量下载 xray\Xray-core\v25.3.31\Xray-linux-loong64.zip      | LOCAL=a315cee754a9b2dedc2dc0fc2b65cf3b32dbac20180d1b25ba45eea445101e4f REMOTE=LOST
[2498/3625] Checking is LOST | E:\01.userData\ZhuoMian\Github_Releases_批量下载 xray\Xray-core\v25.3.31\Xray-linux-mips32.zip       | LOCAL=cdd1426f349686a9af7be96b7466b6c2cab196c144fdd51a35909b8112174ed9 REMOTE=LOST
[2499/3625] Checking is LOST | E:\01.userData\ZhuoMian\Github_Releases_批量下载 xray\Xray-core\v25.3.31\Xray-linux-mips32le.zip     | LOCAL=dd4f52d81a54752a4a21c6132b1bb20dfc76a1d9c15dcb98d514873f405f964a REMOTE=LOST
[2500/3625] Checking is LOST | E:\01.userData\ZhuoMian\Github_Releases_批量下载 xray\Xray-core\v25.3.31\Xray-linux-mips64.zip       | LOCAL=8a4122fa33f89ef7cafa483d71fb76cd2088c980f6f6179b0da1b040766daf37 REMOTE=LOST
[2501/3625] Checking is LOST | E:\01.userData\ZhuoMian\Github_Releases_批量下载 xray\Xray-core\v25.3.31\Xray-linux-mips64le.zip     | LOCAL=387c39a63fa7a9b25e0c0b4f14c4ea4afb26bcc479a1e1bc418ec6faeb462951 REMOTE=LOST
[2502/3625] Checking is LOST | E:\01.userData\ZhuoMian\Github_Releases_批量下载 xray\Xray-core\v25.3.31\Xray-linux-ppc64.zip        | LOCAL=a4b48ac358de990a55601dcaf11a750f230cbb55ee07b791f78173d6b529bcbd REMOTE=LOST
[2503/3625] Checking is LOST | E:\01.userData\ZhuoMian\Github_Releases_批量下载 xray\Xray-core\v25.3.31\Xray-linux-ppc64le.zip      | LOCAL=7d1f10672fd066862641a933b2160cb41ea34b29958fb0d36f43b094ddcb7cb0 REMOTE=LOST
[2504/3625] Checking is LOST | E:\01.userData\ZhuoMian\Github_Releases_批量下载 xray\Xray-core\v25.3.31\Xray-linux-riscv64.zip      | LOCAL=515a061084ead72415cdedec3b7fdda8b4ce69e0a566b6029fb53502d76bd14f REMOTE=LOST
[2505/3625] Checking is LOST | E:\01.userData\ZhuoMian\Github_Releases_批量下载 xray\Xray-core\v25.3.31\Xray-linux-s390x.zip        | LOCAL=5ba29bc62152c1ffdd42df90e3a5c4c418576e7c07a75f05101026ce69eaf34b REMOTE=LOST
[2506/3625] Checking is LOST | E:\01.userData\ZhuoMian\Github_Releases_批量下载 xray\Xray-core\v25.3.31\Xray-macos-64.zip           | LOCAL=776db14fb627d082a4c18f329207df5886ccc8ef05f9d237fccffda6ba3e2374 REMOTE=LOST
[2507/3625] Checking is LOST | E:\01.userData\ZhuoMian\Github_Releases_批量下载 xray\Xray-core\v25.3.31\Xray-macos-arm64-v8a.zip    | LOCAL=5a105eb6cee02d0a1124ab0302a9ef952d8e6d5e68c16b8eb686328edc20d222 REMOTE=LOST
[2508/3625] Checking is LOST | E:\01.userData\ZhuoMian\Github_Releases_批量下载 xray\Xray-core\v25.3.31\Xray-openbsd-32.zip         | LOCAL=74ec77878519192140ffb27acdfab34be83e77b71fbd3eac0501ca4085780ecf REMOTE=LOST
[2509/3625] Checking is LOST | E:\01.userData\ZhuoMian\Github_Releases_批量下载 xray\Xray-core\v25.3.31\Xray-openbsd-64.zip         | LOCAL=38347bd58c02bbce8ec41c9010ca61b94a9e3287a511364e96cd998a25237c43 REMOTE=LOST
[2510/3625] Checking is LOST | E:\01.userData\ZhuoMian\Github_Releases_批量下载 xray\Xray-core\v25.3.31\Xray-openbsd-arm32-v7a.zip  | LOCAL=d8569bd0c0d9c5b158e1101cd56d401d5318e4715c3a7cad5cbfb53b56153d70 REMOTE=LOST
[2511/3625] Checking is LOST | E:\01.userData\ZhuoMian\Github_Releases_批量下载 xray\Xray-core\v25.3.31\Xray-openbsd-arm64-v8a.zip  | LOCAL=4a2cd4e4def5789ad22d44d4711837cb6415f7dca7b187cc3712a8c4370936b6 REMOTE=LOST
[2512/3625] Checking is LOST | E:\01.userData\ZhuoMian\Github_Releases_批量下载 xray\Xray-core\v25.3.31\Xray-win7-32.zip            | LOCAL=a9127d31f7b214a85f22d068496ff5a54e6857f8ba45b3e5e451fcaa0f6b2439 REMOTE=LOST
[2513/3625] Checking is LOST | E:\01.userData\ZhuoMian\Github_Releases_批量下载 xray\Xray-core\v25.3.31\Xray-win7-64.zip            | LOCAL=91afc778377e2199da2c1799419b43227c7003429a4527ec874c504ee50cb128 REMOTE=LOST
[2514/3625] Checking is LOST | E:\01.userData\ZhuoMian\Github_Releases_批量下载 xray\Xray-core\v25.3.31\Xray-windows-32.zip         | LOCAL=a419a12da664776e63cde4283508b1c181da359bedd8b171de743d352e07b039 REMOTE=LOST
[2515/3625] Checking is LOST | E:\01.userData\ZhuoMian\Github_Releases_批量下载 xray\Xray-core\v25.3.31\Xray-windows-64.zip         | LOCAL=6040acac9e32728e8e9326f1eb0b098f3a8274b4ab188ac9edf6a9d28abd657f REMOTE=LOST
[2516/3625] Checking is LOST | E:\01.userData\ZhuoMian\Github_Releases_批量下载 xray\Xray-core\v25.3.31\Xray-windows-arm32-v7a.zip  | LOCAL=4e53f4c4323e7b91ae004ea72b4f4c7ec759d93caf2954b13e7d8e2b509b21b7 REMOTE=LOST
[2517/3625] Checking is LOST | E:\01.userData\ZhuoMian\Github_Releases_批量下载 xray\Xray-core\v25.3.31\Xray-windows-arm64-v8a.zip  | LOCAL=5309ef90642ce36f986923092d6a1b2011a8ace426b48ac36272512a7b269c87 REMOTE=LOST
[2518/3625] Checking is LOST | E:\01.userData\ZhuoMian\Github_Releases_批量下载 xray\Xray-core\v25.3.6\Xray-android-arm64-v8a.zip   | LOCAL=79d5871ee0402028183fefcbcd187df3f745dff0d2ae9646b5f3c7a04dd3129f REMOTE=LOST
[2519/3625] Checking is LOST | E:\01.userData\ZhuoMian\Github_Releases_批量下载 xray\Xray-core\v25.3.6\Xray-freebsd-32.zip          | LOCAL=f3e37adb9825b0b6e393385190d905b146a5696b9b9f37463999a73bc0f44aeb REMOTE=LOST
[2520/3625] Checking is LOST | E:\01.userData\ZhuoMian\Github_Releases_批量下载 xray\Xray-core\v25.3.6\Xray-freebsd-64.zip          | LOCAL=e24faaf2d17a667480b7fa1fe45d85208e51d72e4240a05320629b6df5d12ffc REMOTE=LOST
[2521/3625] Checking is LOST | E:\01.userData\ZhuoMian\Github_Releases_批量下载 xray\Xray-core\v25.3.6\Xray-freebsd-arm32-v7a.zip   | LOCAL=e402ab1f318f21fa45074ce82e5bebf1d6670e4561552fe74496ed0661ff0cfc REMOTE=LOST
[2522/3625] Checking is LOST | E:\01.userData\ZhuoMian\Github_Releases_批量下载 xray\Xray-core\v25.3.6\Xray-freebsd-arm64-v8a.zip   | LOCAL=d1312cf70ade7e03c74d411c89ae1d3034cf59e6cbce83e7bfd2bd47950ac50c REMOTE=LOST
[2523/3625] Checking is LOST | E:\01.userData\ZhuoMian\Github_Releases_批量下载 xray\Xray-core\v25.3.6\Xray-linux-32.zip            | LOCAL=4c2f888f1c4d199f053c232ea80256e12741d2621e496279a7dacffa2695776d REMOTE=LOST
[2524/3625] Checking is LOST | E:\01.userData\ZhuoMian\Github_Releases_批量下载 xray\Xray-core\v25.3.6\Xray-linux-64.zip            | LOCAL=82d4be3a5ed8bd2621df9c9913c3a2761b86a42ae8485da836f7447ff2ec3d4d REMOTE=LOST
[2525/3625] Checking is LOST | E:\01.userData\ZhuoMian\Github_Releases_批量下载 xray\Xray-core\v25.3.6\Xray-linux-arm32-v5.zip      | LOCAL=9cc934da7dd40a403d7e9a2032b09cfb179732c8d508f2fcede98cc92b2eb94f REMOTE=LOST
[2526/3625] Checking is LOST | E:\01.userData\ZhuoMian\Github_Releases_批量下载 xray\Xray-core\v25.3.6\Xray-linux-arm32-v6.zip      | LOCAL=b9855fa95687df286ff8f22d599ad1f767550161a22b70a1151493dd6b943fa5 REMOTE=LOST
[2527/3625] Checking is LOST | E:\01.userData\ZhuoMian\Github_Releases_批量下载 xray\Xray-core\v25.3.6\Xray-linux-arm32-v7a.zip     | LOCAL=f184c8344941a4ac0bc198174f3eba08cfebfdc6588a03887ca1bdb53100e6f7 REMOTE=LOST
[2528/3625] Checking is LOST | E:\01.userData\ZhuoMian\Github_Releases_批量下载 xray\Xray-core\v25.3.6\Xray-linux-arm64-v8a.zip     | LOCAL=1595f446b3d3a2bfe4a737e3cdb4c189c8c4e271322a7a2a0f5ea735b9511e80 REMOTE=LOST
[2529/3625] Checking is LOST | E:\01.userData\ZhuoMian\Github_Releases_批量下载 xray\Xray-core\v25.3.6\Xray-linux-loong64.zip       | LOCAL=de253ce566edf68c78a77c5b9a6f9f25c31a129fb7d5989611771ca8d616ee3a REMOTE=LOST
[2530/3625] Checking is LOST | E:\01.userData\ZhuoMian\Github_Releases_批量下载 xray\Xray-core\v25.3.6\Xray-linux-mips32.zip        | LOCAL=2ac86c63079f9d9ab6a341c14d8a9c21a711dd8f78a161f0141d1d70c03cc7d1 REMOTE=LOST
[2531/3625] Checking is LOST | E:\01.userData\ZhuoMian\Github_Releases_批量下载 xray\Xray-core\v25.3.6\Xray-linux-mips32le.zip      | LOCAL=dbe4ea65ef13dc59a4450e60df7896deac0fa6d917e7ba9b65c88b7ce50faaac REMOTE=LOST
[2532/3625] Checking is LOST | E:\01.userData\ZhuoMian\Github_Releases_批量下载 xray\Xray-core\v25.3.6\Xray-linux-mips64.zip        | LOCAL=a8ad343c3838ad006fe1000ce81fe4a85bd93c8a1b2054e8c6318a3092241680 REMOTE=LOST
[2533/3625] Checking is LOST | E:\01.userData\ZhuoMian\Github_Releases_批量下载 xray\Xray-core\v25.3.6\Xray-linux-mips64le.zip      | LOCAL=49bb02c08d253acc089c0b09489187f2122cc27bcce531fd7ba99b8c47541074 REMOTE=LOST
[2534/3625] Checking is LOST | E:\01.userData\ZhuoMian\Github_Releases_批量下载 xray\Xray-core\v25.3.6\Xray-linux-ppc64.zip         | LOCAL=67f19052e433dd52e9013c0a7b7a300bcccc578f626610d0731656042b005185 REMOTE=LOST
[2535/3625] Checking is LOST | E:\01.userData\ZhuoMian\Github_Releases_批量下载 xray\Xray-core\v25.3.6\Xray-linux-ppc64le.zip       | LOCAL=3952b0c88ac8eea7032c8d310716b3562a15abe097d70b55758b78e84c653a72 REMOTE=LOST
[2536/3625] Checking is LOST | E:\01.userData\ZhuoMian\Github_Releases_批量下载 xray\Xray-core\v25.3.6\Xray-linux-riscv64.zip       | LOCAL=6cf7a5f9eef1877f812fed2d4a03b88ce545c5f88ffdde466de0e14f34c0eb08 REMOTE=LOST
[2537/3625] Checking is LOST | E:\01.userData\ZhuoMian\Github_Releases_批量下载 xray\Xray-core\v25.3.6\Xray-linux-s390x.zip         | LOCAL=c005d074b95098a4a4f8a13413705d64b59ae8957371a7b8ac5b999ac1161dae REMOTE=LOST
[2538/3625] Checking is LOST | E:\01.userData\ZhuoMian\Github_Releases_批量下载 xray\Xray-core\v25.3.6\Xray-macos-64.zip            | LOCAL=cc773fca109d45de4ad3a62eedf5142391c61c3048eb80b6370ce97bf5d0a075 REMOTE=LOST
[2539/3625] Checking is LOST | E:\01.userData\ZhuoMian\Github_Releases_批量下载 xray\Xray-core\v25.3.6\Xray-macos-arm64-v8a.zip     | LOCAL=0d8486ab2eb089abcbc47a7c8d2004490c98dc8fd2ca760915ad746667aa7d7b REMOTE=LOST
[2540/3625] Checking is LOST | E:\01.userData\ZhuoMian\Github_Releases_批量下载 xray\Xray-core\v25.3.6\Xray-openbsd-32.zip          | LOCAL=5b679f17f0731372bdf2e980682eeeed8259e205ad480d0a8ba109147e0a3ed4 REMOTE=LOST
[2541/3625] Checking is LOST | E:\01.userData\ZhuoMian\Github_Releases_批量下载 xray\Xray-core\v25.3.6\Xray-openbsd-64.zip          | LOCAL=ab87e36b8053daa3c1f015bbe8f846b926f95550ea463404375e953cbe1e60c8 REMOTE=LOST
[2542/3625] Checking is LOST | E:\01.userData\ZhuoMian\Github_Releases_批量下载 xray\Xray-core\v25.3.6\Xray-openbsd-arm32-v7a.zip   | LOCAL=26b09a35343c5e7720183c8b00206a83e38bd28762cee54712a3c2a370f95cee REMOTE=LOST
[2543/3625] Checking is LOST | E:\01.userData\ZhuoMian\Github_Releases_批量下载 xray\Xray-core\v25.3.6\Xray-openbsd-arm64-v8a.zip   | LOCAL=16ea4ec72db83f928057dac7c5507eac5c2a1544264281b5f4c2cf678088f274 REMOTE=LOST
[2544/3625] Checking is LOST | E:\01.userData\ZhuoMian\Github_Releases_批量下载 xray\Xray-core\v25.3.6\Xray-win7-32.zip             | LOCAL=f419ceb3a48d0aaedb9142ff8677866a4e36fccc1f31fddc4a0f24304ae7dc81 REMOTE=LOST
[2545/3625] Checking is LOST | E:\01.userData\ZhuoMian\Github_Releases_批量下载 xray\Xray-core\v25.3.6\Xray-win7-64.zip             | LOCAL=28c950717083003b0a923d2ceae756d64696b22e2744463fe0e92de4fbe3c3e5 REMOTE=LOST
[2546/3625] Checking is LOST | E:\01.userData\ZhuoMian\Github_Releases_批量下载 xray\Xray-core\v25.3.6\Xray-windows-32.zip          | LOCAL=9febe39bec2df96d43dd8177929e2f5575d8ba99f3f24260210cbdcbd32905ae REMOTE=LOST
[2547/3625] Checking is LOST | E:\01.userData\ZhuoMian\Github_Releases_批量下载 xray\Xray-core\v25.3.6\Xray-windows-64.zip          | LOCAL=f407478fdc4a6b1760599b4d043ee99cadd396cb019b32ffb702ce154014b262 REMOTE=LOST
[2548/3625] Checking is LOST | E:\01.userData\ZhuoMian\Github_Releases_批量下载 xray\Xray-core\v25.3.6\Xray-windows-arm32-v7a.zip   | LOCAL=92e2f24140aaba698bad56af9a9322c209221d58e9be5b0e4d7e835a90ef0e1a REMOTE=LOST
[2549/3625] Checking is LOST | E:\01.userData\ZhuoMian\Github_Releases_批量下载 xray\Xray-core\v25.3.6\Xray-windows-arm64-v8a.zip   | LOCAL=aeb9ea9ea2d9c318711dfba89f91e83fe6b046ec92967a0a57675e46192151fe REMOTE=LOST
[2550/3625] Checking is LOST | E:\01.userData\ZhuoMian\Github_Releases_批量下载 xray\Xray-core\v25.4.30\Xray-android-amd64.zip      | LOCAL=207068fb04c3b047a3aad7bd2786b80e3269fa220b9fe4d9fa829788428d23f0 REMOTE=LOST
[2551/3625] Checking is LOST | E:\01.userData\ZhuoMian\Github_Releases_批量下载 xray\Xray-core\v25.4.30\Xray-android-arm64-v8a.zip  | LOCAL=ff8f986ddf87d33e2972cc92df1fed560dbdc2fd1f26f6493abc8b0e47f0ba6e REMOTE=LOST
[2552/3625] Checking is LOST | E:\01.userData\ZhuoMian\Github_Releases_批量下载 xray\Xray-core\v25.4.30\Xray-freebsd-32.zip         | LOCAL=6f77b43b2d41a86ac0c617dfeb9fdd1b7486ee90cb6e37a662fb573e7c15a783 REMOTE=LOST
[2553/3625] Checking is LOST | E:\01.userData\ZhuoMian\Github_Releases_批量下载 xray\Xray-core\v25.4.30\Xray-freebsd-64.zip         | LOCAL=3600053e2071c33d46b9c259c90d6b6e5d549d1899064ce47f77210448fe21cd REMOTE=LOST
[2554/3625] Checking is LOST | E:\01.userData\ZhuoMian\Github_Releases_批量下载 xray\Xray-core\v25.4.30\Xray-freebsd-arm32-v7a.zip  | LOCAL=dec849a24eeb60722fbad09edb96ca2a70156ccabe3068508d49f3750a8bca98 REMOTE=LOST
[2555/3625] Checking is LOST | E:\01.userData\ZhuoMian\Github_Releases_批量下载 xray\Xray-core\v25.4.30\Xray-freebsd-arm64-v8a.zip  | LOCAL=125ae08dee9dfa3bdc99a732d02c09136f334aab36776d0749432a41de02edff REMOTE=LOST
[2556/3625] Checking is LOST | E:\01.userData\ZhuoMian\Github_Releases_批量下载 xray\Xray-core\v25.4.30\Xray-linux-32.zip           | LOCAL=8c1a48d006623844f22bd8272721e8bc8fd9a932ece063e40f514af9a1581c2d REMOTE=LOST
[2557/3625] Checking is LOST | E:\01.userData\ZhuoMian\Github_Releases_批量下载 xray\Xray-core\v25.4.30\Xray-linux-64.zip           | LOCAL=09fad7b189dbbb9d9c732c02dd148e00b7e123f743124e6d8c946a5a4009264a REMOTE=LOST
[2558/3625] Checking is LOST | E:\01.userData\ZhuoMian\Github_Releases_批量下载 xray\Xray-core\v25.4.30\Xray-linux-arm32-v5.zip     | LOCAL=25ab3961d20edf53eafab9897c477091abd6860579189987180bad3381902cb7 REMOTE=LOST
[2559/3625] Checking is LOST | E:\01.userData\ZhuoMian\Github_Releases_批量下载 xray\Xray-core\v25.4.30\Xray-linux-arm32-v6.zip     | LOCAL=bacdd240c201a493f85b2ecb76784a03d79594f74e521b20b6691aa500de407d REMOTE=LOST
[2560/3625] Checking is LOST | E:\01.userData\ZhuoMian\Github_Releases_批量下载 xray\Xray-core\v25.4.30\Xray-linux-arm32-v7a.zip    | LOCAL=0198c96e59ac23c75f746c9fcf45f683d290d95e30fed5ba505006d67e285ed0 REMOTE=LOST
[2561/3625] Checking is LOST | E:\01.userData\ZhuoMian\Github_Releases_批量下载 xray\Xray-core\v25.4.30\Xray-linux-arm64-v8a.zip    | LOCAL=9e474d9281d0178fa937e58ce80a812c30bcde5b542310d7b2a6faff97db635f REMOTE=LOST
[2562/3625] Checking is LOST | E:\01.userData\ZhuoMian\Github_Releases_批量下载 xray\Xray-core\v25.4.30\Xray-linux-loong64.zip      | LOCAL=cc845e61a5a17f8026e82f1a2a1279f95ea8999ed270398a2761ee81ff6b2cd8 REMOTE=LOST
[2563/3625] Checking is LOST | E:\01.userData\ZhuoMian\Github_Releases_批量下载 xray\Xray-core\v25.4.30\Xray-linux-mips32.zip       | LOCAL=302719e88543914a6b2e627ce851a750118488ae912e6bd42c29aa4a105b74c3 REMOTE=LOST
[2564/3625] Checking is LOST | E:\01.userData\ZhuoMian\Github_Releases_批量下载 xray\Xray-core\v25.4.30\Xray-linux-mips32le.zip     | LOCAL=8bf806686b2be716c50f79f75d8595b72bc19988093d9b0bce8e2dbb14767004 REMOTE=LOST
[2565/3625] Checking is LOST | E:\01.userData\ZhuoMian\Github_Releases_批量下载 xray\Xray-core\v25.4.30\Xray-linux-mips64.zip       | LOCAL=7abff967618d2a7a8259aa155a939321af05b46cb06f91e2b88d56390845db6b REMOTE=LOST
[2566/3625] Checking is LOST | E:\01.userData\ZhuoMian\Github_Releases_批量下载 xray\Xray-core\v25.4.30\Xray-linux-mips64le.zip     | LOCAL=fc13386deead9d123cf0b501170f0b2ae1f8d1b393da81410d6843606cbf1f06 REMOTE=LOST
[2567/3625] Checking is LOST | E:\01.userData\ZhuoMian\Github_Releases_批量下载 xray\Xray-core\v25.4.30\Xray-linux-ppc64.zip        | LOCAL=ca107b4fa834f284074224f4445949cf6fc18f30893107c15d550417beb8f052 REMOTE=LOST
[2568/3625] Checking is LOST | E:\01.userData\ZhuoMian\Github_Releases_批量下载 xray\Xray-core\v25.4.30\Xray-linux-ppc64le.zip      | LOCAL=f104b7b79fdcb24b43b23c31c32c4696cab6bd86a2a7c02cc55005773988c225 REMOTE=LOST
[2569/3625] Checking is LOST | E:\01.userData\ZhuoMian\Github_Releases_批量下载 xray\Xray-core\v25.4.30\Xray-linux-riscv64.zip      | LOCAL=76bb228468a6c8a8a7615cc8acd8ba61fe982cd5c0313e8cf346e1ce393c9945 REMOTE=LOST
[2570/3625] Checking is LOST | E:\01.userData\ZhuoMian\Github_Releases_批量下载 xray\Xray-core\v25.4.30\Xray-linux-s390x.zip        | LOCAL=4560628859c720872c8d2d3518ad83a82745be7e114b3b7d24c0eff3458ffd5b REMOTE=LOST
[2571/3625] Checking is LOST | E:\01.userData\ZhuoMian\Github_Releases_批量下载 xray\Xray-core\v25.4.30\Xray-macos-64.zip           | LOCAL=83a8addbf6c95af76f0447ba6ea269f5c9396efb6103518790654f3d3e277d43 REMOTE=LOST
[2572/3625] Checking is LOST | E:\01.userData\ZhuoMian\Github_Releases_批量下载 xray\Xray-core\v25.4.30\Xray-macos-arm64-v8a.zip    | LOCAL=db5e1eba81e282d93395a6ab322f2179a25ce84fdf71274e05c0e3f8d2ff1be1 REMOTE=LOST
[2573/3625] Checking is LOST | E:\01.userData\ZhuoMian\Github_Releases_批量下载 xray\Xray-core\v25.4.30\Xray-openbsd-32.zip         | LOCAL=130c6402347d9664ae716ca9fc4022e9a3dd67215f63e707c60fc7234fb6afe4 REMOTE=LOST
[2574/3625] Checking is LOST | E:\01.userData\ZhuoMian\Github_Releases_批量下载 xray\Xray-core\v25.4.30\Xray-openbsd-64.zip         | LOCAL=9ff745b9a924a38a568c4f774a425d7577a4f224fa749be133f2ae1be1c7594a REMOTE=LOST
[2575/3625] Checking is LOST | E:\01.userData\ZhuoMian\Github_Releases_批量下载 xray\Xray-core\v25.4.30\Xray-openbsd-arm32-v7a.zip  | LOCAL=5ef27a4d1268a3e06672263436f6cad9fe62ac026bbf5697721293861ae9e77c REMOTE=LOST
[2576/3625] Checking is LOST | E:\01.userData\ZhuoMian\Github_Releases_批量下载 xray\Xray-core\v25.4.30\Xray-openbsd-arm64-v8a.zip  | LOCAL=8fd8fda573df9fb097aabc4fd17a5231ba38ed958a0ee4d33364bca2bb282917 REMOTE=LOST
[2577/3625] Checking is LOST | E:\01.userData\ZhuoMian\Github_Releases_批量下载 xray\Xray-core\v25.4.30\Xray-win7-32.zip            | LOCAL=fefc4ed969ba12f3c3f63ac78314c9797025120a3e12e163c3f664073394ee71 REMOTE=LOST
[2578/3625] Checking is LOST | E:\01.userData\ZhuoMian\Github_Releases_批量下载 xray\Xray-core\v25.4.30\Xray-win7-64.zip            | LOCAL=3c73ef27de1e7fb74809109d63f4107f404a99c903c1bbc7eaf3e3e2eb575ef0 REMOTE=LOST
[2579/3625] Checking is LOST | E:\01.userData\ZhuoMian\Github_Releases_批量下载 xray\Xray-core\v25.4.30\Xray-windows-32.zip         | LOCAL=75a09d7cfae439173eb22e55564c7772db977b43b60783fbaa2f704a71aa3be1 REMOTE=LOST
[2580/3625] Checking is LOST | E:\01.userData\ZhuoMian\Github_Releases_批量下载 xray\Xray-core\v25.4.30\Xray-windows-64.zip         | LOCAL=7ab4573e079825b8885f03504c3d77e9f6278a2c8ddc69a2802d50cefad42544 REMOTE=LOST
[2581/3625] Checking is LOST | E:\01.userData\ZhuoMian\Github_Releases_批量下载 xray\Xray-core\v25.4.30\Xray-windows-arm32-v7a.zip  | LOCAL=7d0bf037f968f1d15072fd41c3afab794077029274d3de755c85b4b20f319f52 REMOTE=LOST
[2582/3625] Checking is LOST | E:\01.userData\ZhuoMian\Github_Releases_批量下载 xray\Xray-core\v25.4.30\Xray-windows-arm64-v8a.zip  | LOCAL=104472d6411fb5f3ab975f7d033da54f2aa3971872bcdc18cd89150497de6cce REMOTE=LOST
[2583/3625] Checking is LOST | E:\01.userData\ZhuoMian\Github_Releases_批量下载 xray\Xray-core\v25.5.16\Xray-android-amd64.zip      | LOCAL=aa2a26005716f40c193e327264fdc1821a7a6db96017563e13cd8af4d5a5aced REMOTE=LOST
[2584/3625] Checking is LOST | E:\01.userData\ZhuoMian\Github_Releases_批量下载 xray\Xray-core\v25.5.16\Xray-android-arm64-v8a.zip  | LOCAL=c3c57211428c86b9daef73491683696ea482e496ade1bc4e9a5cd09d98d6d806 REMOTE=LOST
[2585/3625] Checking is LOST | E:\01.userData\ZhuoMian\Github_Releases_批量下载 xray\Xray-core\v25.5.16\Xray-freebsd-32.zip         | LOCAL=d8f8f4b204c4ab31ab66687a983ee4ca07c575b012a83eec61692f5eee425742 REMOTE=LOST
[2586/3625] Checking is LOST | E:\01.userData\ZhuoMian\Github_Releases_批量下载 xray\Xray-core\v25.5.16\Xray-freebsd-64.zip         | LOCAL=dca8cb32afc042ba804c47db61f3ac1a3573a530356e7fb0831212d7f4cb2162 REMOTE=LOST
[2587/3625] Checking is LOST | E:\01.userData\ZhuoMian\Github_Releases_批量下载 xray\Xray-core\v25.5.16\Xray-freebsd-arm32-v7a.zip  | LOCAL=00de1ef744e672b5e382648ffa8275d9b2a83610070d81798d1db44486db662b REMOTE=LOST
[2588/3625] Checking is LOST | E:\01.userData\ZhuoMian\Github_Releases_批量下载 xray\Xray-core\v25.5.16\Xray-freebsd-arm64-v8a.zip  | LOCAL=099b9be0245436159265b9d61d15a41e19b6e7bace9751bfe585c8204833468a REMOTE=LOST
[2589/3625] Checking is LOST | E:\01.userData\ZhuoMian\Github_Releases_批量下载 xray\Xray-core\v25.5.16\Xray-linux-32.zip           | LOCAL=7aa8c255fc80dd9632036a6a5e37d2595eebea7a37301aaa0160588e3fb0d1a1 REMOTE=LOST
[2590/3625] Checking is LOST | E:\01.userData\ZhuoMian\Github_Releases_批量下载 xray\Xray-core\v25.5.16\Xray-linux-64.zip           | LOCAL=7679da6a3bb9dc2b3ce82d7f9f64ac1bb0e4bd6c3b9a0926613e5fc88abef25a REMOTE=LOST
[2591/3625] Checking is LOST | E:\01.userData\ZhuoMian\Github_Releases_批量下载 xray\Xray-core\v25.5.16\Xray-linux-arm32-v5.zip     | LOCAL=ae10a0a16b358479a98dc32cf19f89705e36a76851394f1676efb1585092adfe REMOTE=LOST
[2592/3625] Checking is LOST | E:\01.userData\ZhuoMian\Github_Releases_批量下载 xray\Xray-core\v25.5.16\Xray-linux-arm32-v6.zip     | LOCAL=edb87d25f4339e9cbc99ed4d3c134347c83e1586b0bbdadacebb287bb9de4511 REMOTE=LOST
[2593/3625] Checking is LOST | E:\01.userData\ZhuoMian\Github_Releases_批量下载 xray\Xray-core\v25.5.16\Xray-linux-arm32-v7a.zip    | LOCAL=9b3c6dabca58cd8ca6812e222da1fc29bf943c40e6024192ac64d6becf097e1c REMOTE=LOST
[2594/3625] Checking is LOST | E:\01.userData\ZhuoMian\Github_Releases_批量下载 xray\Xray-core\v25.5.16\Xray-linux-arm64-v8a.zip    | LOCAL=e2b446f89692abc372676611093297d55d30cbe4718b38379b30a2f2cd132d00 REMOTE=LOST
[2595/3625] Checking is LOST | E:\01.userData\ZhuoMian\Github_Releases_批量下载 xray\Xray-core\v25.5.16\Xray-linux-loong64.zip      | LOCAL=31d920510f78c4e8cee3a241f679f8eb3d878f142de2026277e1bdf6cb492a36 REMOTE=LOST
[2596/3625] Checking is LOST | E:\01.userData\ZhuoMian\Github_Releases_批量下载 xray\Xray-core\v25.5.16\Xray-linux-mips32.zip       | LOCAL=65dd9557aa9f2991f0a3ce1b1da9405ae5d2999fb7a845d1ca07c881659c1cf3 REMOTE=LOST
[2597/3625] Checking is LOST | E:\01.userData\ZhuoMian\Github_Releases_批量下载 xray\Xray-core\v25.5.16\Xray-linux-mips32le.zip     | LOCAL=3c85da1cdf940aad516a954dd8a8fca32aea74d11816b19b57c12cfa532fdda5 REMOTE=LOST
[2598/3625] Checking is LOST | E:\01.userData\ZhuoMian\Github_Releases_批量下载 xray\Xray-core\v25.5.16\Xray-linux-mips64.zip       | LOCAL=8d2fde2bee9a2156a109518de6b79384dc5f5ac04d38d97506e18dc09f8f9ed4 REMOTE=LOST
[2599/3625] Checking is LOST | E:\01.userData\ZhuoMian\Github_Releases_批量下载 xray\Xray-core\v25.5.16\Xray-linux-mips64le.zip     | LOCAL=34807fb519978767dd9ff4959690eed4f1259b89fbd8c713082469dd418fcc1c REMOTE=LOST
[2600/3625] Checking is LOST | E:\01.userData\ZhuoMian\Github_Releases_批量下载 xray\Xray-core\v25.5.16\Xray-linux-ppc64.zip        | LOCAL=6c9eee423c7482faf3ae0331c77f3b5701b01565f4075204f1f70d45a8c6e0e8 REMOTE=LOST
[2601/3625] Checking is LOST | E:\01.userData\ZhuoMian\Github_Releases_批量下载 xray\Xray-core\v25.5.16\Xray-linux-ppc64le.zip      | LOCAL=30829150001741cad47a58396219a6459ba9974de675a5c107a3447ce9c5a224 REMOTE=LOST
[2602/3625] Checking is LOST | E:\01.userData\ZhuoMian\Github_Releases_批量下载 xray\Xray-core\v25.5.16\Xray-linux-riscv64.zip      | LOCAL=9fead140eb6ea82b1df64eb13e7273b04d41c3415aaf520cd91c76b3846aa2f1 REMOTE=LOST
[2603/3625] Checking is LOST | E:\01.userData\ZhuoMian\Github_Releases_批量下载 xray\Xray-core\v25.5.16\Xray-linux-s390x.zip        | LOCAL=4fe755899e0d13a393c504f85e22443d60bc40d778a1006df1a3a804a3978746 REMOTE=LOST
[2604/3625] Checking is LOST | E:\01.userData\ZhuoMian\Github_Releases_批量下载 xray\Xray-core\v25.5.16\Xray-macos-64.zip           | LOCAL=3e1220d75263f3641cdad34d3674c7172e88218c9acb8a20ded11442cef25c6d REMOTE=LOST
[2605/3625] Checking is LOST | E:\01.userData\ZhuoMian\Github_Releases_批量下载 xray\Xray-core\v25.5.16\Xray-macos-arm64-v8a.zip    | LOCAL=86470a38128f04d5bc4d61eea47518f886761bc4282ece560f03d1f0670808d3 REMOTE=LOST
[2606/3625] Checking is LOST | E:\01.userData\ZhuoMian\Github_Releases_批量下载 xray\Xray-core\v25.5.16\Xray-openbsd-32.zip         | LOCAL=3c041b9a05be26ba00514ed7b8d0844620be47997c6bb27dcd4017853ed091a6 REMOTE=LOST
[2607/3625] Checking is LOST | E:\01.userData\ZhuoMian\Github_Releases_批量下载 xray\Xray-core\v25.5.16\Xray-openbsd-64.zip         | LOCAL=96542fd1aafa94179289fdbf1945a9620cc2293ff408bdd039e1a8acdf120253 REMOTE=LOST
[2608/3625] Checking is LOST | E:\01.userData\ZhuoMian\Github_Releases_批量下载 xray\Xray-core\v25.5.16\Xray-openbsd-arm32-v7a.zip  | LOCAL=fbe3e30f581b9ca975ca8fe59e016e898e2a5834270620497a545e90771c2396 REMOTE=LOST
[2609/3625] Checking is LOST | E:\01.userData\ZhuoMian\Github_Releases_批量下载 xray\Xray-core\v25.5.16\Xray-openbsd-arm64-v8a.zip  | LOCAL=7ba530b8b2123528b767882a65a8ee37f3caa11a5db331074295a6b5b5bb4449 REMOTE=LOST
[2610/3625] Checking is LOST | E:\01.userData\ZhuoMian\Github_Releases_批量下载 xray\Xray-core\v25.5.16\Xray-win7-32.zip            | LOCAL=28a3959407b43526d170f074c5eb01bbe99da4742aef092be85c9f480d0f01c0 REMOTE=LOST
[2611/3625] Checking is LOST | E:\01.userData\ZhuoMian\Github_Releases_批量下载 xray\Xray-core\v25.5.16\Xray-win7-64.zip            | LOCAL=62e48ef124bb5440399f6deeb23dc854e38f60bb83c45bc70b1216e067cb83e2 REMOTE=LOST
[2612/3625] Checking is LOST | E:\01.userData\ZhuoMian\Github_Releases_批量下载 xray\Xray-core\v25.5.16\Xray-windows-32.zip         | LOCAL=749fe7362f7aa458a24dbbf54c4b090b6ca8dfb107aabce4f3a4622982056431 REMOTE=LOST
[2613/3625] Checking is LOST | E:\01.userData\ZhuoMian\Github_Releases_批量下载 xray\Xray-core\v25.5.16\Xray-windows-64.zip         | LOCAL=e76d9f73f1b243424f471f36a2c0da7c784bca16c55861c9fa6f932d38356437 REMOTE=LOST
[2614/3625] Checking is LOST | E:\01.userData\ZhuoMian\Github_Releases_批量下载 xray\Xray-core\v25.5.16\Xray-windows-arm32-v7a.zip  | LOCAL=ad722179da10bbe4cb44cd87530d0fea4137f3df73d1a80e328b9cbe17b04829 REMOTE=LOST
[2615/3625] Checking is LOST | E:\01.userData\ZhuoMian\Github_Releases_批量下载 xray\Xray-core\v25.5.16\Xray-windows-arm64-v8a.zip  | LOCAL=850021ff01005f1110893be1de7a7ca69301459dab80245953c0518b06a23d48 REMOTE=LOST
