[2258/3625] Checking is OK   | E:\01.userData\ZhuoMian\Github_Releases_批量下载 xray\Xray-core\v25.10.15\Xray-android-amd64.zip     | LOCAL=b6a7163d36c7516a95707083ee517b3b7222867b41c7b711c4f9e9def333c2c2 REMOTE=b6a7163d36c7516a95707083ee517b3b7222867b41c7b711c4f9e9def333c2c2
[2259/3625] Checking is OK   | E:\01.userData\ZhuoMian\Github_Releases_批量下载 xray\Xray-core\v25.10.15\Xray-android-arm64-v8a.zip | LOCAL=87755c85db26ec0abd4d03a4e37d152ad668038b63f1c2c1cac24e484f3b24c6 REMOTE=87755c85db26ec0abd4d03a4e37d152ad668038b63f1c2c1cac24e484f3b24c6
[2260/3625] Checking is OK   | E:\01.userData\ZhuoMian\Github_Releases_批量下载 xray\Xray-core\v25.10.15\Xray-freebsd-32.zip        | LOCAL=5291f88b537df59e4a12f626e09e88a89234c11a183a27080edf38c9ef134621 REMOTE=5291f88b537df59e4a12f626e09e88a89234c11a183a27080edf38c9ef134621
[2261/3625] Checking is OK   | E:\01.userData\ZhuoMian\Github_Releases_批量下载 xray\Xray-core\v25.10.15\Xray-freebsd-64.zip        | LOCAL=3a805127b9042e5245822a23ca521605465bca5f35468af997e249d05346361c REMOTE=3a805127b9042e5245822a23ca521605465bca5f35468af997e249d05346361c
[2262/3625] Checking is OK   | E:\01.userData\ZhuoMian\Github_Releases_批量下载 xray\Xray-core\v25.10.15\Xray-freebsd-arm32-v7a.zip | LOCAL=97fdd10e15b3a38f55100d164b6d7610a5de155eea523ac68743d67fb645a323 REMOTE=97fdd10e15b3a38f55100d164b6d7610a5de155eea523ac68743d67fb645a323
[2263/3625] Checking is OK   | E:\01.userData\ZhuoMian\Github_Releases_批量下载 xray\Xray-core\v25.10.15\Xray-freebsd-arm64-v8a.zip | LOCAL=04050775a6012ff33de5a06eee4fe8c93ab082ce8f906471bfd78ce4453f8586 REMOTE=04050775a6012ff33de5a06eee4fe8c93ab082ce8f906471bfd78ce4453f8586
[2264/3625] Checking is OK   | E:\01.userData\ZhuoMian\Github_Releases_批量下载 xray\Xray-core\v25.10.15\Xray-linux-32.zip          | LOCAL=0f29240f3ff025de57bfaeb0a8a7c06ff28c2cd8312e2a0761f382319da625d7 REMOTE=0f29240f3ff025de57bfaeb0a8a7c06ff28c2cd8312e2a0761f382319da625d7
[2265/3625] Checking is OK   | E:\01.userData\ZhuoMian\Github_Releases_批量下载 xray\Xray-core\v25.10.15\Xray-linux-64.zip          | LOCAL=df22ad60c1251c9fb63d7f85b3677872edf61c6715eba64b06adbfec658f4938 REMOTE=df22ad60c1251c9fb63d7f85b3677872edf61c6715eba64b06adbfec658f4938
[2266/3625] Checking is OK   | E:\01.userData\ZhuoMian\Github_Releases_批量下载 xray\Xray-core\v25.10.15\Xray-linux-arm32-v5.zip    | LOCAL=c0e731c88b29772aa7e78989b7f47712595b2582d430539648abe2af9a45f8d7 REMOTE=c0e731c88b29772aa7e78989b7f47712595b2582d430539648abe2af9a45f8d7
[2267/3625] Checking is OK   | E:\01.userData\ZhuoMian\Github_Releases_批量下载 xray\Xray-core\v25.10.15\Xray-linux-arm32-v6.zip    | LOCAL=40b028c6cc39a6945f8d3afc70041bef3b1808f75971ac57a283a35a06164a98 REMOTE=40b028c6cc39a6945f8d3afc70041bef3b1808f75971ac57a283a35a06164a98
[2268/3625] Checking is OK   | E:\01.userData\ZhuoMian\Github_Releases_批量下载 xray\Xray-core\v25.10.15\Xray-linux-arm32-v7a.zip   | LOCAL=e3a164313124d043bf4cc6f2f912accf34810654700242f9a18f7307ce843d3a REMOTE=e3a164313124d043bf4cc6f2f912accf34810654700242f9a18f7307ce843d3a
[2269/3625] Checking is OK   | E:\01.userData\ZhuoMian\Github_Releases_批量下载 xray\Xray-core\v25.10.15\Xray-linux-arm64-v8a.zip   | LOCAL=67ea391812f90fa17e29a60c8faa834bcf30ead0f84eb6b2bbd2d398d56b759e REMOTE=67ea391812f90fa17e29a60c8faa834bcf30ead0f84eb6b2bbd2d398d56b759e
[2270/3625] Checking is OK   | E:\01.userData\ZhuoMian\Github_Releases_批量下载 xray\Xray-core\v25.10.15\Xray-linux-loong64.zip     | LOCAL=048c845e9cb18312b9d71026a99a511e2674bda5869670345a722a2783fdd24d REMOTE=048c845e9cb18312b9d71026a99a511e2674bda5869670345a722a2783fdd24d
[2271/3625] Checking is OK   | E:\01.userData\ZhuoMian\Github_Releases_批量下载 xray\Xray-core\v25.10.15\Xray-linux-mips32.zip      | LOCAL=7efb31491d9f338d05948f56450f783064828ea51a62a61cad432062b4137d7b REMOTE=7efb31491d9f338d05948f56450f783064828ea51a62a61cad432062b4137d7b
[2272/3625] Checking is OK   | E:\01.userData\ZhuoMian\Github_Releases_批量下载 xray\Xray-core\v25.10.15\Xray-linux-mips32le.zip    | LOCAL=672fa2ee09c64a2dbb95251f36e259633d562036f88b6847fc9fcf843037f86e REMOTE=672fa2ee09c64a2dbb95251f36e259633d562036f88b6847fc9fcf843037f86e
[2273/3625] Checking is OK   | E:\01.userData\ZhuoMian\Github_Releases_批量下载 xray\Xray-core\v25.10.15\Xray-linux-mips64.zip      | LOCAL=0819a6de8c6b01cd341f31c98c16aba9ff0077a2cdbb65ece447d2edbafedb3b REMOTE=0819a6de8c6b01cd341f31c98c16aba9ff0077a2cdbb65ece447d2edbafedb3b
[2274/3625] Checking is OK   | E:\01.userData\ZhuoMian\Github_Releases_批量下载 xray\Xray-core\v25.10.15\Xray-linux-mips64le.zip    | LOCAL=e17bd86a4f0933ca03efa1f1ea773df021e1de1a35742934530227fe0c7ab2a8 REMOTE=e17bd86a4f0933ca03efa1f1ea773df021e1de1a35742934530227fe0c7ab2a8
[2275/3625] Checking is OK   | E:\01.userData\ZhuoMian\Github_Releases_批量下载 xray\Xray-core\v25.10.15\Xray-linux-ppc64.zip       | LOCAL=dbcc6c08bb051d70607baa5028489d5128eb3d7612a1f9071efff523274610f9 REMOTE=dbcc6c08bb051d70607baa5028489d5128eb3d7612a1f9071efff523274610f9
[2276/3625] Checking is OK   | E:\01.userData\ZhuoMian\Github_Releases_批量下载 xray\Xray-core\v25.10.15\Xray-linux-ppc64le.zip     | LOCAL=796ba6d4fc83a1c44eff077696f0787f394fd7d0e1a54c0f2d5a34c77a60c145 REMOTE=796ba6d4fc83a1c44eff077696f0787f394fd7d0e1a54c0f2d5a34c77a60c145
[2277/3625] Checking is OK   | E:\01.userData\ZhuoMian\Github_Releases_批量下载 xray\Xray-core\v25.10.15\Xray-linux-riscv64.zip     | LOCAL=ead8b94d2ad7e8fa1d62563dfb68ddb0ac8c06dc0fd9860526b3d86be71098a3 REMOTE=ead8b94d2ad7e8fa1d62563dfb68ddb0ac8c06dc0fd9860526b3d86be71098a3
[2278/3625] Checking is OK   | E:\01.userData\ZhuoMian\Github_Releases_批量下载 xray\Xray-core\v25.10.15\Xray-linux-s390x.zip       | LOCAL=a84bf6efc5eb7947ba535d1f85c73d3fc52df194a3065e03e18c2c37a095d5a0 REMOTE=a84bf6efc5eb7947ba535d1f85c73d3fc52df194a3065e03e18c2c37a095d5a0
[2279/3625] Checking is OK   | E:\01.userData\ZhuoMian\Github_Releases_批量下载 xray\Xray-core\v25.10.15\Xray-macos-64.zip          | LOCAL=6037d5377165a7bf80abcc3208305db3683844e682ac498cfd752a58e4beceec REMOTE=6037d5377165a7bf80abcc3208305db3683844e682ac498cfd752a58e4beceec
[2280/3625] Checking is OK   | E:\01.userData\ZhuoMian\Github_Releases_批量下载 xray\Xray-core\v25.10.15\Xray-macos-arm64-v8a.zip   | LOCAL=916eee655b9500c28d6b59bf01987aa6db3cd6efca073f0322a582b7ab1002c3 REMOTE=916eee655b9500c28d6b59bf01987aa6db3cd6efca073f0322a582b7ab1002c3
[2281/3625] Checking is OK   | E:\01.userData\ZhuoMian\Github_Releases_批量下载 xray\Xray-core\v25.10.15\Xray-openbsd-32.zip        | LOCAL=60cdf7540123a9ed3157d3cbb2c38292d0a744ff3a9080949616cb0b01d00755 REMOTE=60cdf7540123a9ed3157d3cbb2c38292d0a744ff3a9080949616cb0b01d00755
[2282/3625] Checking is OK   | E:\01.userData\ZhuoMian\Github_Releases_批量下载 xray\Xray-core\v25.10.15\Xray-openbsd-64.zip        | LOCAL=be328b6654fd13a1d4b7a9bb3008bcf83e5323465608a8ef652627c33fab7cc7 REMOTE=be328b6654fd13a1d4b7a9bb3008bcf83e5323465608a8ef652627c33fab7cc7
[2283/3625] Checking is OK   | E:\01.userData\ZhuoMian\Github_Releases_批量下载 xray\Xray-core\v25.10.15\Xray-openbsd-arm32-v7a.zip | LOCAL=7e991bf99de999f26d606ab46952558f4cd613fd557696c309516987246c0e3b REMOTE=7e991bf99de999f26d606ab46952558f4cd613fd557696c309516987246c0e3b
[2284/3625] Checking is OK   | E:\01.userData\ZhuoMian\Github_Releases_批量下载 xray\Xray-core\v25.10.15\Xray-openbsd-arm64-v8a.zip | LOCAL=f07c0440298cdb763fa2edeff7cb3ea63dc94698179d1366f5a953d22d2094e2 REMOTE=f07c0440298cdb763fa2edeff7cb3ea63dc94698179d1366f5a953d22d2094e2
[2285/3625] Checking is OK   | E:\01.userData\ZhuoMian\Github_Releases_批量下载 xray\Xray-core\v25.10.15\Xray-win7-32.zip           | LOCAL=712685e16f08051ebf9e4d19a54f238c78d0e644f23a7055cd8286c71da1bcbc REMOTE=712685e16f08051ebf9e4d19a54f238c78d0e644f23a7055cd8286c71da1bcbc
[2286/3625] Checking is OK   | E:\01.userData\ZhuoMian\Github_Releases_批量下载 xray\Xray-core\v25.10.15\Xray-win7-64.zip           | LOCAL=0135612ea8e23bdf02c05aa316160992aecc242b08fc5ea7e21af3a7aac513da REMOTE=0135612ea8e23bdf02c05aa316160992aecc242b08fc5ea7e21af3a7aac513da
[2287/3625] Checking is OK   | E:\01.userData\ZhuoMian\Github_Releases_批量下载 xray\Xray-core\v25.10.15\Xray-windows-32.zip        | LOCAL=75db053ef3f746fcd7f2778292e56256fc20b0c4088efc2f23b0a60fde4e2a4c REMOTE=75db053ef3f746fcd7f2778292e56256fc20b0c4088efc2f23b0a60fde4e2a4c
[2288/3625] Checking is OK   | E:\01.userData\ZhuoMian\Github_Releases_批量下载 xray\Xray-core\v25.10.15\Xray-windows-64.zip        | LOCAL=bdda983f3ea16e8ec33822e3a04f27e0983797885507e4e3b52c6ae33d602341 REMOTE=bdda983f3ea16e8ec33822e3a04f27e0983797885507e4e3b52c6ae33d602341
[2289/3625] Checking is OK   | E:\01.userData\ZhuoMian\Github_Releases_批量下载 xray\Xray-core\v25.10.15\Xray-windows-arm32-v7a.zip | LOCAL=560597ef61ee7a9ccf49bed56f48752f205e75e87127a3b97df0d15bbd3a193e REMOTE=560597ef61ee7a9ccf49bed56f48752f205e75e87127a3b97df0d15bbd3a193e
[2290/3625] Checking is OK   | E:\01.userData\ZhuoMian\Github_Releases_批量下载 xray\Xray-core\v25.10.15\Xray-windows-arm64-v8a.zip | LOCAL=17782a4db3651c0d8061ff19bcdd0a0ab6ba58b0715565c57540cbbef832d938 REMOTE=17782a4db3651c0d8061ff19bcdd0a0ab6ba58b0715565c57540cbbef832d938
[2291/3625] Checking is OK   | E:\01.userData\ZhuoMian\Github_Releases_批量下载 xray\Xray-core\v25.12.1\Xray-android-amd64.zip      | LOCAL=1b7afab8689d3b1adac755cbd5e01bcae04fa32f419bf59da61f6ac08af1061a REMOTE=1b7afab8689d3b1adac755cbd5e01bcae04fa32f419bf59da61f6ac08af1061a
[2292/3625] Checking is OK   | E:\01.userData\ZhuoMian\Github_Releases_批量下载 xray\Xray-core\v25.12.1\Xray-android-arm64-v8a.zip  | LOCAL=a9deec93d1f13d7976ad764ec296986c1610138e218623f44a5f1a3faedbf409 REMOTE=a9deec93d1f13d7976ad764ec296986c1610138e218623f44a5f1a3faedbf409
[2293/3625] Checking is OK   | E:\01.userData\ZhuoMian\Github_Releases_批量下载 xray\Xray-core\v25.12.1\Xray-freebsd-32.zip         | LOCAL=e2f0c0cfaded1e87e33d4b6b8f9ccb2b981fc9a9b62c5a67265d24f8bd41a605 REMOTE=e2f0c0cfaded1e87e33d4b6b8f9ccb2b981fc9a9b62c5a67265d24f8bd41a605
[2294/3625] Checking is OK   | E:\01.userData\ZhuoMian\Github_Releases_批量下载 xray\Xray-core\v25.12.1\Xray-freebsd-64.zip         | LOCAL=36eef432d643c997ea1350c670249d5b3e73c852227ebcd3d7ea5874fcbc45f4 REMOTE=36eef432d643c997ea1350c670249d5b3e73c852227ebcd3d7ea5874fcbc45f4
[2295/3625] Checking is OK   | E:\01.userData\ZhuoMian\Github_Releases_批量下载 xray\Xray-core\v25.12.1\Xray-freebsd-arm32-v7a.zip  | LOCAL=718ba3e2d682f32228adf9c3848fc74545fbb705e42464a61868ae3ae9758529 REMOTE=718ba3e2d682f32228adf9c3848fc74545fbb705e42464a61868ae3ae9758529
[2296/3625] Checking is OK   | E:\01.userData\ZhuoMian\Github_Releases_批量下载 xray\Xray-core\v25.12.1\Xray-freebsd-arm64-v8a.zip  | LOCAL=5e125bb192032999be452af781214f795419a687bcdce1efd51285adac122cdb REMOTE=5e125bb192032999be452af781214f795419a687bcdce1efd51285adac122cdb
[2297/3625] Checking is OK   | E:\01.userData\ZhuoMian\Github_Releases_批量下载 xray\Xray-core\v25.12.1\Xray-linux-32.zip           | LOCAL=eecc3240736936cfb36e5592e17b878945953580f2f1706cada65ac320d051c6 REMOTE=eecc3240736936cfb36e5592e17b878945953580f2f1706cada65ac320d051c6
[2298/3625] Checking is OK   | E:\01.userData\ZhuoMian\Github_Releases_批量下载 xray\Xray-core\v25.12.1\Xray-linux-64.zip           | LOCAL=1a16fca9a1ba4e8259d8b0b91c428b3ec0adee0d0cd9127ce0d98a055cef083b REMOTE=1a16fca9a1ba4e8259d8b0b91c428b3ec0adee0d0cd9127ce0d98a055cef083b
[2299/3625] Checking is OK   | E:\01.userData\ZhuoMian\Github_Releases_批量下载 xray\Xray-core\v25.12.1\Xray-linux-arm32-v5.zip     | LOCAL=193063e066fa2473ce3966487f73d1dfab746c62e360f13260ee9c8518dcd1c3 REMOTE=193063e066fa2473ce3966487f73d1dfab746c62e360f13260ee9c8518dcd1c3
[2300/3625] Checking is OK   | E:\01.userData\ZhuoMian\Github_Releases_批量下载 xray\Xray-core\v25.12.1\Xray-linux-arm32-v6.zip     | LOCAL=114194a48afc07752c4d9fe100b3112f0bc02c732c680f708124c0858a9a3dd5 REMOTE=114194a48afc07752c4d9fe100b3112f0bc02c732c680f708124c0858a9a3dd5
[2301/3625] Checking is OK   | E:\01.userData\ZhuoMian\Github_Releases_批量下载 xray\Xray-core\v25.12.1\Xray-linux-arm32-v7a.zip    | LOCAL=ce5eefc21a60b775795f15047be33f754847bc1f882830c3173826285bc7b6f7 REMOTE=ce5eefc21a60b775795f15047be33f754847bc1f882830c3173826285bc7b6f7
[2302/3625] Checking is OK   | E:\01.userData\ZhuoMian\Github_Releases_批量下载 xray\Xray-core\v25.12.1\Xray-linux-arm64-v8a.zip    | LOCAL=685e7365211f899305964d82780ef07b76b287fb108aae328d68f4b37b061a86 REMOTE=685e7365211f899305964d82780ef07b76b287fb108aae328d68f4b37b061a86
[2303/3625] Checking is OK   | E:\01.userData\ZhuoMian\Github_Releases_批量下载 xray\Xray-core\v25.12.1\Xray-linux-loong64.zip      | LOCAL=af85c2881b4f2bb96920fa496b91c7e1f21a64d3f9862eec45640be4d5949da5 REMOTE=af85c2881b4f2bb96920fa496b91c7e1f21a64d3f9862eec45640be4d5949da5
[2304/3625] Checking is OK   | E:\01.userData\ZhuoMian\Github_Releases_批量下载 xray\Xray-core\v25.12.1\Xray-linux-mips32.zip       | LOCAL=05111195c1475af4a737da143ed85e14cca63109a530667d4a25852c7b1031ef REMOTE=05111195c1475af4a737da143ed85e14cca63109a530667d4a25852c7b1031ef
[2305/3625] Checking is OK   | E:\01.userData\ZhuoMian\Github_Releases_批量下载 xray\Xray-core\v25.12.1\Xray-linux-mips32le.zip     | LOCAL=00eb58b0c75d5b229a6941a82032dbd0c9256eed6449e593799a24234bba2042 REMOTE=00eb58b0c75d5b229a6941a82032dbd0c9256eed6449e593799a24234bba2042
[2306/3625] Checking is OK   | E:\01.userData\ZhuoMian\Github_Releases_批量下载 xray\Xray-core\v25.12.1\Xray-linux-mips64.zip       | LOCAL=0c9e3a0bee9aaa7e8b986669b68858cac462b7a8cc13a94a8c263c50bee8152b REMOTE=0c9e3a0bee9aaa7e8b986669b68858cac462b7a8cc13a94a8c263c50bee8152b
[2307/3625] Checking is OK   | E:\01.userData\ZhuoMian\Github_Releases_批量下载 xray\Xray-core\v25.12.1\Xray-linux-mips64le.zip     | LOCAL=bcf2e250a6954130ac8737961b56795ff9d7effc0337c2c6b8b4368f74d4ed21 REMOTE=bcf2e250a6954130ac8737961b56795ff9d7effc0337c2c6b8b4368f74d4ed21
[2308/3625] Checking is OK   | E:\01.userData\ZhuoMian\Github_Releases_批量下载 xray\Xray-core\v25.12.1\Xray-linux-ppc64.zip        | LOCAL=cc041b86aba79bc67b748ec7652ed3e74c76d1f3716df5dc897ab79e3c8e6da5 REMOTE=cc041b86aba79bc67b748ec7652ed3e74c76d1f3716df5dc897ab79e3c8e6da5
[2309/3625] Checking is OK   | E:\01.userData\ZhuoMian\Github_Releases_批量下载 xray\Xray-core\v25.12.1\Xray-linux-ppc64le.zip      | LOCAL=3b4958ed6bec634bf7f97ef948b70c93aff69944c2f7382d62c04a7cf5528832 REMOTE=3b4958ed6bec634bf7f97ef948b70c93aff69944c2f7382d62c04a7cf5528832
[2310/3625] Checking is OK   | E:\01.userData\ZhuoMian\Github_Releases_批量下载 xray\Xray-core\v25.12.1\Xray-linux-riscv64.zip      | LOCAL=74756d56dce370f130b1dc3a13a291de7e43e5bad9e367f20e6f3be24c6c71f4 REMOTE=74756d56dce370f130b1dc3a13a291de7e43e5bad9e367f20e6f3be24c6c71f4
[2311/3625] Checking is OK   | E:\01.userData\ZhuoMian\Github_Releases_批量下载 xray\Xray-core\v25.12.1\Xray-linux-s390x.zip        | LOCAL=b44d769cc2560107c9676ba0a4b680ce399672f2812075fd0e142d7c75e057c6 REMOTE=b44d769cc2560107c9676ba0a4b680ce399672f2812075fd0e142d7c75e057c6
[2312/3625] Checking is OK   | E:\01.userData\ZhuoMian\Github_Releases_批量下载 xray\Xray-core\v25.12.1\Xray-macos-64.zip           | LOCAL=d203e01f031d1be63bf0a73ef033d20a4eb3ec251fb32cb932da8a9f50ec6cfb REMOTE=d203e01f031d1be63bf0a73ef033d20a4eb3ec251fb32cb932da8a9f50ec6cfb
[2313/3625] Checking is OK   | E:\01.userData\ZhuoMian\Github_Releases_批量下载 xray\Xray-core\v25.12.1\Xray-macos-arm64-v8a.zip    | LOCAL=b58646f1a6207bacd0f4d8b33abe757e900c2a359c83c3d0d9da82d8b31ac7fd REMOTE=b58646f1a6207bacd0f4d8b33abe757e900c2a359c83c3d0d9da82d8b31ac7fd
[2314/3625] Checking is OK   | E:\01.userData\ZhuoMian\Github_Releases_批量下载 xray\Xray-core\v25.12.1\Xray-openbsd-32.zip         | LOCAL=013abceadddd244f9dc0b6333a8c3947c29d7002ad5f272fbb14ae3549d41ea7 REMOTE=013abceadddd244f9dc0b6333a8c3947c29d7002ad5f272fbb14ae3549d41ea7
[2315/3625] Checking is OK   | E:\01.userData\ZhuoMian\Github_Releases_批量下载 xray\Xray-core\v25.12.1\Xray-openbsd-64.zip         | LOCAL=71cc13eb94acc66e58690a2342c730ba2478396ef0fc46947d279640b9700039 REMOTE=71cc13eb94acc66e58690a2342c730ba2478396ef0fc46947d279640b9700039
[2316/3625] Checking is OK   | E:\01.userData\ZhuoMian\Github_Releases_批量下载 xray\Xray-core\v25.12.1\Xray-openbsd-arm32-v7a.zip  | LOCAL=dc0bda99d3da086ff34ff33d6ca840c9241d70678b0c8e04b451f2b82ff2a682 REMOTE=dc0bda99d3da086ff34ff33d6ca840c9241d70678b0c8e04b451f2b82ff2a682
[2317/3625] Checking is OK   | E:\01.userData\ZhuoMian\Github_Releases_批量下载 xray\Xray-core\v25.12.1\Xray-openbsd-arm64-v8a.zip  | LOCAL=d8f8dcc4dd22ebf8d59ec05ee4482f5e1ed32fd3b2e9205e92d6bcf54c427588 REMOTE=d8f8dcc4dd22ebf8d59ec05ee4482f5e1ed32fd3b2e9205e92d6bcf54c427588
[2318/3625] Checking is OK   | E:\01.userData\ZhuoMian\Github_Releases_批量下载 xray\Xray-core\v25.12.1\Xray-win7-32.zip            | LOCAL=dd0ab628d99d2c2159b642c40757e8f305498882acc935755b80eb7dfe981693 REMOTE=dd0ab628d99d2c2159b642c40757e8f305498882acc935755b80eb7dfe981693
[2319/3625] Checking is OK   | E:\01.userData\ZhuoMian\Github_Releases_批量下载 xray\Xray-core\v25.12.1\Xray-win7-64.zip            | LOCAL=1e70196f5aebf72cd8d1fbf4d5586f63ddd248d075f9621d1db399d8c25cbeb2 REMOTE=1e70196f5aebf72cd8d1fbf4d5586f63ddd248d075f9621d1db399d8c25cbeb2
[2320/3625] Checking is OK   | E:\01.userData\ZhuoMian\Github_Releases_批量下载 xray\Xray-core\v25.12.1\Xray-windows-32.zip         | LOCAL=816942ed2314f3d21cd4b2bffb97d2dce6916d6453d25aed79d317f8c5e4c4bd REMOTE=816942ed2314f3d21cd4b2bffb97d2dce6916d6453d25aed79d317f8c5e4c4bd
[2321/3625] Checking is OK   | E:\01.userData\ZhuoMian\Github_Releases_批量下载 xray\Xray-core\v25.12.1\Xray-windows-64.zip         | LOCAL=d828ce3b2af73186a9ce588214885b452d468c9cf89633ca309b7692ed39b831 REMOTE=d828ce3b2af73186a9ce588214885b452d468c9cf89633ca309b7692ed39b831
[2322/3625] Checking is OK   | E:\01.userData\ZhuoMian\Github_Releases_批量下载 xray\Xray-core\v25.12.1\Xray-windows-arm32-v7a.zip  | LOCAL=7d4029fa0b5a62e8451464666cf151bdbdce88df909adb868f46dc21bf479363 REMOTE=7d4029fa0b5a62e8451464666cf151bdbdce88df909adb868f46dc21bf479363
[2323/3625] Checking is OK   | E:\01.userData\ZhuoMian\Github_Releases_批量下载 xray\Xray-core\v25.12.1\Xray-windows-arm64-v8a.zip  | LOCAL=8c34dcbbf211897dee384fb6e7387a7c70770680e94bbe47c878d0e9ce6b4c50 REMOTE=8c34dcbbf211897dee384fb6e7387a7c70770680e94bbe47c878d0e9ce6b4c50
[2324/3625] Checking is OK   | E:\01.userData\ZhuoMian\Github_Releases_批量下载 xray\Xray-core\v25.12.2\Xray-android-amd64.zip      | LOCAL=680aba3c167a8bb63f57a046cfb52b57460e0d074ed3264dde39650fecc575aa REMOTE=680aba3c167a8bb63f57a046cfb52b57460e0d074ed3264dde39650fecc575aa
[2325/3625] Checking is OK   | E:\01.userData\ZhuoMian\Github_Releases_批量下载 xray\Xray-core\v25.12.2\Xray-android-arm64-v8a.zip  | LOCAL=6001acb8ae8bf702789d3851c471bea68d68fde42aa5c02beabae65b3ed2b88f REMOTE=6001acb8ae8bf702789d3851c471bea68d68fde42aa5c02beabae65b3ed2b88f
[2326/3625] Checking is OK   | E:\01.userData\ZhuoMian\Github_Releases_批量下载 xray\Xray-core\v25.12.2\Xray-freebsd-32.zip         | LOCAL=0d16b87c8389411132d647b55fab932c7276eaddd766b37408a5370ec36c4c61 REMOTE=0d16b87c8389411132d647b55fab932c7276eaddd766b37408a5370ec36c4c61
[2327/3625] Checking is OK   | E:\01.userData\ZhuoMian\Github_Releases_批量下载 xray\Xray-core\v25.12.2\Xray-freebsd-64.zip         | LOCAL=a67619acec7e6c2cc1868754cd785f0ba84044b8cacb83b2bb0b464b07b73d84 REMOTE=a67619acec7e6c2cc1868754cd785f0ba84044b8cacb83b2bb0b464b07b73d84
[2328/3625] Checking is OK   | E:\01.userData\ZhuoMian\Github_Releases_批量下载 xray\Xray-core\v25.12.2\Xray-freebsd-arm32-v7a.zip  | LOCAL=2ff514b4e60f1bcd583b372a1749a07d5a4befd40f4b1cac2228a3d415e25980 REMOTE=2ff514b4e60f1bcd583b372a1749a07d5a4befd40f4b1cac2228a3d415e25980
[2329/3625] Checking is OK   | E:\01.userData\ZhuoMian\Github_Releases_批量下载 xray\Xray-core\v25.12.2\Xray-freebsd-arm64-v8a.zip  | LOCAL=c1b81aaa11cb2b9a6ec9d24e318c9b867f7e86f9c2032d1652afd0fc1fb08c2f REMOTE=c1b81aaa11cb2b9a6ec9d24e318c9b867f7e86f9c2032d1652afd0fc1fb08c2f
[2330/3625] Checking is OK   | E:\01.userData\ZhuoMian\Github_Releases_批量下载 xray\Xray-core\v25.12.2\Xray-linux-32.zip           | LOCAL=4763cf33801b86e7bc1df5d6adc2e7293cddf9b31cb7f96a8558a5c845300781 REMOTE=4763cf33801b86e7bc1df5d6adc2e7293cddf9b31cb7f96a8558a5c845300781
[2331/3625] Checking is OK   | E:\01.userData\ZhuoMian\Github_Releases_批量下载 xray\Xray-core\v25.12.2\Xray-linux-64.zip           | LOCAL=442144ccf601fc9ff31d7ebb110908364a18e3adeac2bb546e4cacd53489622f REMOTE=442144ccf601fc9ff31d7ebb110908364a18e3adeac2bb546e4cacd53489622f
[2332/3625] Checking is OK   | E:\01.userData\ZhuoMian\Github_Releases_批量下载 xray\Xray-core\v25.12.2\Xray-linux-arm32-v5.zip     | LOCAL=a3997fa7a04a5e53172fd99f84d0fdc949c2a6ecf0684a352d3110c75531e0e7 REMOTE=a3997fa7a04a5e53172fd99f84d0fdc949c2a6ecf0684a352d3110c75531e0e7
[2333/3625] Checking is OK   | E:\01.userData\ZhuoMian\Github_Releases_批量下载 xray\Xray-core\v25.12.2\Xray-linux-arm32-v6.zip     | LOCAL=0588c93350a03fc1a927262f9b894baa1110f2fa1110dbdd44e68d44b091bde5 REMOTE=0588c93350a03fc1a927262f9b894baa1110f2fa1110dbdd44e68d44b091bde5
[2334/3625] Checking is OK   | E:\01.userData\ZhuoMian\Github_Releases_批量下载 xray\Xray-core\v25.12.2\Xray-linux-arm32-v7a.zip    | LOCAL=d459f853fd59b05cc76c8f28e63bd1128734ff56a315a6ad479771116825bfc5 REMOTE=d459f853fd59b05cc76c8f28e63bd1128734ff56a315a6ad479771116825bfc5
[2335/3625] Checking is OK   | E:\01.userData\ZhuoMian\Github_Releases_批量下载 xray\Xray-core\v25.12.2\Xray-linux-arm64-v8a.zip    | LOCAL=daac7d22c12326cbc0c2e43880cd165ae4e1e88a8c1494b5057ad7cf62c913be REMOTE=daac7d22c12326cbc0c2e43880cd165ae4e1e88a8c1494b5057ad7cf62c913be
[2336/3625] Checking is OK   | E:\01.userData\ZhuoMian\Github_Releases_批量下载 xray\Xray-core\v25.12.2\Xray-linux-loong64.zip      | LOCAL=c38c95e06e54d28f0c827210fe5c34d26038fe2ced356bce9b9c7d36ac92cf62 REMOTE=c38c95e06e54d28f0c827210fe5c34d26038fe2ced356bce9b9c7d36ac92cf62
[2337/3625] Checking is OK   | E:\01.userData\ZhuoMian\Github_Releases_批量下载 xray\Xray-core\v25.12.2\Xray-linux-mips32.zip       | LOCAL=29800044f3fd6b6f124f69f4be7b7f52a8032139ec3eedb9ad7778863ed454e4 REMOTE=29800044f3fd6b6f124f69f4be7b7f52a8032139ec3eedb9ad7778863ed454e4
[2338/3625] Checking is OK   | E:\01.userData\ZhuoMian\Github_Releases_批量下载 xray\Xray-core\v25.12.2\Xray-linux-mips32le.zip     | LOCAL=75e69f8748289723318899414f8e8d5639148f8a8e54eed63827e1622a7d39ee REMOTE=75e69f8748289723318899414f8e8d5639148f8a8e54eed63827e1622a7d39ee
[2339/3625] Checking is OK   | E:\01.userData\ZhuoMian\Github_Releases_批量下载 xray\Xray-core\v25.12.2\Xray-linux-mips64.zip       | LOCAL=1f12e7bf95bb6c40a4752ac3585068f756d02adc2368ba518e130d32a9f49710 REMOTE=1f12e7bf95bb6c40a4752ac3585068f756d02adc2368ba518e130d32a9f49710
[2340/3625] Checking is OK   | E:\01.userData\ZhuoMian\Github_Releases_批量下载 xray\Xray-core\v25.12.2\Xray-linux-mips64le.zip     | LOCAL=c0dd374d40fa21d9be1e8372207e7e7266d81fde91109cd7b6d77a7ebb63fb83 REMOTE=c0dd374d40fa21d9be1e8372207e7e7266d81fde91109cd7b6d77a7ebb63fb83
[2341/3625] Checking is OK   | E:\01.userData\ZhuoMian\Github_Releases_批量下载 xray\Xray-core\v25.12.2\Xray-linux-ppc64.zip        | LOCAL=af46d9e91dd99cb6fc3143119bb28c80387f64533240d064db8728cd695616bf REMOTE=af46d9e91dd99cb6fc3143119bb28c80387f64533240d064db8728cd695616bf
[2342/3625] Checking is OK   | E:\01.userData\ZhuoMian\Github_Releases_批量下载 xray\Xray-core\v25.12.2\Xray-linux-ppc64le.zip      | LOCAL=1a3114648fe6f394af6e1cb57c55b715e5683e32ab92142c6a50d13d66eb5ee3 REMOTE=1a3114648fe6f394af6e1cb57c55b715e5683e32ab92142c6a50d13d66eb5ee3
[2343/3625] Checking is OK   | E:\01.userData\ZhuoMian\Github_Releases_批量下载 xray\Xray-core\v25.12.2\Xray-linux-riscv64.zip      | LOCAL=41a5998b1b7ff41107221bd5cba8b3964685b5ae0fb696d3fac34aa301d490d2 REMOTE=41a5998b1b7ff41107221bd5cba8b3964685b5ae0fb696d3fac34aa301d490d2
[2344/3625] Checking is OK   | E:\01.userData\ZhuoMian\Github_Releases_批量下载 xray\Xray-core\v25.12.2\Xray-linux-s390x.zip        | LOCAL=df63e6c803bfa7e67f9b8c1036c961621226f3941bb61657055caf4a8112db8f REMOTE=df63e6c803bfa7e67f9b8c1036c961621226f3941bb61657055caf4a8112db8f
[2345/3625] Checking is OK   | E:\01.userData\ZhuoMian\Github_Releases_批量下载 xray\Xray-core\v25.12.2\Xray-macos-64.zip           | LOCAL=5da7c481c7e5d2c3562929d206d9a615440ee4c5d941db53d1c04f7de9bd6356 REMOTE=5da7c481c7e5d2c3562929d206d9a615440ee4c5d941db53d1c04f7de9bd6356
[2346/3625] Checking is OK   | E:\01.userData\ZhuoMian\Github_Releases_批量下载 xray\Xray-core\v25.12.2\Xray-macos-arm64-v8a.zip    | LOCAL=f8f116dd950bf3a60372509a5699558d5ca48c9537495d3b0ba2e30a6f88d7d1 REMOTE=f8f116dd950bf3a60372509a5699558d5ca48c9537495d3b0ba2e30a6f88d7d1
[2347/3625] Checking is OK   | E:\01.userData\ZhuoMian\Github_Releases_批量下载 xray\Xray-core\v25.12.2\Xray-openbsd-32.zip         | LOCAL=2ed76e8874257d0430e6f7a496cedf184501ea73b1ca590963a7283459baeda2 REMOTE=2ed76e8874257d0430e6f7a496cedf184501ea73b1ca590963a7283459baeda2
[2348/3625] Checking is OK   | E:\01.userData\ZhuoMian\Github_Releases_批量下载 xray\Xray-core\v25.12.2\Xray-openbsd-64.zip         | LOCAL=07770b63b64b559b781eb29e6d51252d2f8e880e5488058de09bff01c76d8680 REMOTE=07770b63b64b559b781eb29e6d51252d2f8e880e5488058de09bff01c76d8680
[2349/3625] Checking is OK   | E:\01.userData\ZhuoMian\Github_Releases_批量下载 xray\Xray-core\v25.12.2\Xray-openbsd-arm32-v7a.zip  | LOCAL=5460b6ddbda3bc00b2eb36990d79c61c6a5ae4992c9bc511468244757ef916df REMOTE=5460b6ddbda3bc00b2eb36990d79c61c6a5ae4992c9bc511468244757ef916df
[2350/3625] Checking is OK   | E:\01.userData\ZhuoMian\Github_Releases_批量下载 xray\Xray-core\v25.12.2\Xray-openbsd-arm64-v8a.zip  | LOCAL=42547acd9e1ee37229e9af1b3f740ff8536b6b3ca30625a07d82ea7c59a2e912 REMOTE=42547acd9e1ee37229e9af1b3f740ff8536b6b3ca30625a07d82ea7c59a2e912
[2351/3625] Checking is OK   | E:\01.userData\ZhuoMian\Github_Releases_批量下载 xray\Xray-core\v25.12.2\Xray-win7-32.zip            | LOCAL=2f753bc39f5b2f131cae81b6e0852ccb266d8c6739e185203084dbbe26e882f5 REMOTE=2f753bc39f5b2f131cae81b6e0852ccb266d8c6739e185203084dbbe26e882f5
[2352/3625] Checking is OK   | E:\01.userData\ZhuoMian\Github_Releases_批量下载 xray\Xray-core\v25.12.2\Xray-win7-64.zip            | LOCAL=fee96b0ee94e73547be19d9692815c2cf60a3906b1d89ed017663ade80bc00b0 REMOTE=fee96b0ee94e73547be19d9692815c2cf60a3906b1d89ed017663ade80bc00b0
[2353/3625] Checking is OK   | E:\01.userData\ZhuoMian\Github_Releases_批量下载 xray\Xray-core\v25.12.2\Xray-windows-32.zip         | LOCAL=157787f2f99c1dc15f680e4c207a4b9e6262fa3e1a17fc91af5d546e12b0ac5f REMOTE=157787f2f99c1dc15f680e4c207a4b9e6262fa3e1a17fc91af5d546e12b0ac5f
[2354/3625] Checking is OK   | E:\01.userData\ZhuoMian\Github_Releases_批量下载 xray\Xray-core\v25.12.2\Xray-windows-64.zip         | LOCAL=12590312c72ff32e105fcc64402c500a53fe9d364e576ca58ab9f071866634fb REMOTE=12590312c72ff32e105fcc64402c500a53fe9d364e576ca58ab9f071866634fb
[2355/3625] Checking is OK   | E:\01.userData\ZhuoMian\Github_Releases_批量下载 xray\Xray-core\v25.12.2\Xray-windows-arm32-v7a.zip  | LOCAL=85d8aaf2665e66d40f9afdd8d044038cbad472625a41314e8978271f81f760de REMOTE=85d8aaf2665e66d40f9afdd8d044038cbad472625a41314e8978271f81f760de
[2356/3625] Checking is OK   | E:\01.userData\ZhuoMian\Github_Releases_批量下载 xray\Xray-core\v25.12.2\Xray-windows-arm64-v8a.zip  | LOCAL=6a62d91fb2f449735fbef9006b075c8c55d9823deddd2c1cf1e76f93beeeb87b REMOTE=6a62d91fb2f449735fbef9006b075c8c55d9823deddd2c1cf1e76f93beeeb87b
[2357/3625] Checking is OK   | E:\01.userData\ZhuoMian\Github_Releases_批量下载 xray\Xray-core\v25.12.8\Xray-android-amd64.zip      | LOCAL=2f83265ed8d688f3e42e006b06cda856f390706e8fca37b1123b5127fbac7922 REMOTE=2f83265ed8d688f3e42e006b06cda856f390706e8fca37b1123b5127fbac7922
[2358/3625] Checking is OK   | E:\01.userData\ZhuoMian\Github_Releases_批量下载 xray\Xray-core\v25.12.8\Xray-android-arm64-v8a.zip  | LOCAL=670dd5c114b0e1e61d32623b7df8009ef9e5f965b3efa7a8c89a0289420e5b77 REMOTE=670dd5c114b0e1e61d32623b7df8009ef9e5f965b3efa7a8c89a0289420e5b77
[2359/3625] Checking is OK   | E:\01.userData\ZhuoMian\Github_Releases_批量下载 xray\Xray-core\v25.12.8\Xray-freebsd-32.zip         | LOCAL=ae8f4c98f90245050fcac467b38a60670243f9fe70f8b3e247a8fa10a6156ecb REMOTE=ae8f4c98f90245050fcac467b38a60670243f9fe70f8b3e247a8fa10a6156ecb
[2360/3625] Checking is OK   | E:\01.userData\ZhuoMian\Github_Releases_批量下载 xray\Xray-core\v25.12.8\Xray-freebsd-64.zip         | LOCAL=3ce2b2eed3dab63ed14ad5460174c2d54606b18ae899e1a5cdcbd534345ca28f REMOTE=3ce2b2eed3dab63ed14ad5460174c2d54606b18ae899e1a5cdcbd534345ca28f
[2361/3625] Checking is OK   | E:\01.userData\ZhuoMian\Github_Releases_批量下载 xray\Xray-core\v25.12.8\Xray-freebsd-arm32-v7a.zip  | LOCAL=eb0b52dba9ea33634d27ccb5a4fd6def7881387e2bf112e888aee43bcaeaa178 REMOTE=eb0b52dba9ea33634d27ccb5a4fd6def7881387e2bf112e888aee43bcaeaa178
[2362/3625] Checking is OK   | E:\01.userData\ZhuoMian\Github_Releases_批量下载 xray\Xray-core\v25.12.8\Xray-freebsd-arm64-v8a.zip  | LOCAL=2d41f68c5d638528b3e23189075c86470d9afd1fd08ad19690eab6ee08a84dea REMOTE=2d41f68c5d638528b3e23189075c86470d9afd1fd08ad19690eab6ee08a84dea
[2363/3625] Checking is OK   | E:\01.userData\ZhuoMian\Github_Releases_批量下载 xray\Xray-core\v25.12.8\Xray-linux-32.zip           | LOCAL=d40c82739aaf82f3a8d260cdc061de95bc02cbbc181f5a0388b4db5904f02b44 REMOTE=d40c82739aaf82f3a8d260cdc061de95bc02cbbc181f5a0388b4db5904f02b44
[2364/3625] Checking is OK   | E:\01.userData\ZhuoMian\Github_Releases_批量下载 xray\Xray-core\v25.12.8\Xray-linux-64.zip           | LOCAL=97f20fed49750c24fc389c2946549ba2a374907e07e9adb2ce75799dd80088d9 REMOTE=97f20fed49750c24fc389c2946549ba2a374907e07e9adb2ce75799dd80088d9
[2365/3625] Checking is OK   | E:\01.userData\ZhuoMian\Github_Releases_批量下载 xray\Xray-core\v25.12.8\Xray-linux-arm32-v5.zip     | LOCAL=f0144f01b9d4948e85c24c7997902d074097d88911a99d86894cafe5aa1b1578 REMOTE=f0144f01b9d4948e85c24c7997902d074097d88911a99d86894cafe5aa1b1578
[2366/3625] Checking is OK   | E:\01.userData\ZhuoMian\Github_Releases_批量下载 xray\Xray-core\v25.12.8\Xray-linux-arm32-v6.zip     | LOCAL=6348c02e90e41ba86a9b624cb1068357bdad27ab6187257e53174ff4d05d7c76 REMOTE=6348c02e90e41ba86a9b624cb1068357bdad27ab6187257e53174ff4d05d7c76
[2367/3625] Checking is OK   | E:\01.userData\ZhuoMian\Github_Releases_批量下载 xray\Xray-core\v25.12.8\Xray-linux-arm32-v7a.zip    | LOCAL=ffa5450bdc9fbc964ad00d1aed075960efdee7fcefb854055068d9fa1d9ddfe1 REMOTE=ffa5450bdc9fbc964ad00d1aed075960efdee7fcefb854055068d9fa1d9ddfe1
[2368/3625] Checking is OK   | E:\01.userData\ZhuoMian\Github_Releases_批量下载 xray\Xray-core\v25.12.8\Xray-linux-arm64-v8a.zip    | LOCAL=fdffb733313d784afea143e6bd3fd6ad7d521fb337e966a0e042bb823172309e REMOTE=fdffb733313d784afea143e6bd3fd6ad7d521fb337e966a0e042bb823172309e
[2369/3625] Checking is OK   | E:\01.userData\ZhuoMian\Github_Releases_批量下载 xray\Xray-core\v25.12.8\Xray-linux-loong64.zip      | LOCAL=05a40c405d376e2d92faad61a12aee500264c7ce1b3ddf1b589f0908ff581242 REMOTE=05a40c405d376e2d92faad61a12aee500264c7ce1b3ddf1b589f0908ff581242
[2370/3625] Checking is OK   | E:\01.userData\ZhuoMian\Github_Releases_批量下载 xray\Xray-core\v25.12.8\Xray-linux-mips32.zip       | LOCAL=1d58a5ef8e8339939c0e685b739486a73231e3e0653f40d4b12a7edbc32e1df1 REMOTE=1d58a5ef8e8339939c0e685b739486a73231e3e0653f40d4b12a7edbc32e1df1
[2371/3625] Checking is OK   | E:\01.userData\ZhuoMian\Github_Releases_批量下载 xray\Xray-core\v25.12.8\Xray-linux-mips32le.zip     | LOCAL=5a6329b81a3f6a61dcb443c92420f52f232e5a44ed1253b84a803bc40cee01e0 REMOTE=5a6329b81a3f6a61dcb443c92420f52f232e5a44ed1253b84a803bc40cee01e0
[2372/3625] Checking is OK   | E:\01.userData\ZhuoMian\Github_Releases_批量下载 xray\Xray-core\v25.12.8\Xray-linux-mips64.zip       | LOCAL=346c949f3c1d8012c839b2a6d5fdbce6de10e0cfb382f87778c27eeeced0b74f REMOTE=346c949f3c1d8012c839b2a6d5fdbce6de10e0cfb382f87778c27eeeced0b74f
[2373/3625] Checking is OK   | E:\01.userData\ZhuoMian\Github_Releases_批量下载 xray\Xray-core\v25.12.8\Xray-linux-mips64le.zip     | LOCAL=9c4ee9ed1a99711b173edff5c7e702d75bb45258e0a60e65cd5959ce3e8edbaf REMOTE=9c4ee9ed1a99711b173edff5c7e702d75bb45258e0a60e65cd5959ce3e8edbaf
[2374/3625] Checking is OK   | E:\01.userData\ZhuoMian\Github_Releases_批量下载 xray\Xray-core\v25.12.8\Xray-linux-ppc64.zip        | LOCAL=480e0c08b0412d7ab0f3436555e9ee3426fd54892f01cac05d8bcd4265eb3747 REMOTE=480e0c08b0412d7ab0f3436555e9ee3426fd54892f01cac05d8bcd4265eb3747
[2375/3625] Checking is OK   | E:\01.userData\ZhuoMian\Github_Releases_批量下载 xray\Xray-core\v25.12.8\Xray-linux-ppc64le.zip      | LOCAL=bb3ffeb2e774fd164882767797a3c58c92fde6ad22b03850080908f3dbba5ce8 REMOTE=bb3ffeb2e774fd164882767797a3c58c92fde6ad22b03850080908f3dbba5ce8
[2376/3625] Checking is OK   | E:\01.userData\ZhuoMian\Github_Releases_批量下载 xray\Xray-core\v25.12.8\Xray-linux-riscv64.zip      | LOCAL=b4417cab7b974bbd9e1ce85e92a0097b64d97b5529eb9fcbafccdd7ebf4bf3cf REMOTE=b4417cab7b974bbd9e1ce85e92a0097b64d97b5529eb9fcbafccdd7ebf4bf3cf
[2377/3625] Checking is OK   | E:\01.userData\ZhuoMian\Github_Releases_批量下载 xray\Xray-core\v25.12.8\Xray-linux-s390x.zip        | LOCAL=184939bbab50de2641b245559c25314159e0e4f5600cc1df8ee3c41cf155a255 REMOTE=184939bbab50de2641b245559c25314159e0e4f5600cc1df8ee3c41cf155a255
[2378/3625] Checking is OK   | E:\01.userData\ZhuoMian\Github_Releases_批量下载 xray\Xray-core\v25.12.8\Xray-macos-64.zip           | LOCAL=ad584beddddd414011ed719e3aebd70adc5198ab48d669cfdee5b7be6dbbb882 REMOTE=ad584beddddd414011ed719e3aebd70adc5198ab48d669cfdee5b7be6dbbb882
[2379/3625] Checking is OK   | E:\01.userData\ZhuoMian\Github_Releases_批量下载 xray\Xray-core\v25.12.8\Xray-macos-arm64-v8a.zip    | LOCAL=cde3406670061f4b9fad672727d1e616e6c335db2fb414456991c0246a368c7c REMOTE=cde3406670061f4b9fad672727d1e616e6c335db2fb414456991c0246a368c7c
[2380/3625] Checking is OK   | E:\01.userData\ZhuoMian\Github_Releases_批量下载 xray\Xray-core\v25.12.8\Xray-openbsd-32.zip         | LOCAL=19467d679fedfb408cb6d1bf2af36e9967e84cd0dd7c751917a92e4dfae514f5 REMOTE=19467d679fedfb408cb6d1bf2af36e9967e84cd0dd7c751917a92e4dfae514f5
[2381/3625] Checking is OK   | E:\01.userData\ZhuoMian\Github_Releases_批量下载 xray\Xray-core\v25.12.8\Xray-openbsd-64.zip         | LOCAL=d860ee0df4c9fb43e972f7108f882182a16d520f665c7b4d333c51114d80b7b1 REMOTE=d860ee0df4c9fb43e972f7108f882182a16d520f665c7b4d333c51114d80b7b1
[2382/3625] Checking is OK   | E:\01.userData\ZhuoMian\Github_Releases_批量下载 xray\Xray-core\v25.12.8\Xray-openbsd-arm32-v7a.zip  | LOCAL=4b93dd666fb6bf79a18bb25c9a08a7baf1f5149a4c89d8220d5b842be398b462 REMOTE=4b93dd666fb6bf79a18bb25c9a08a7baf1f5149a4c89d8220d5b842be398b462
[2383/3625] Checking is OK   | E:\01.userData\ZhuoMian\Github_Releases_批量下载 xray\Xray-core\v25.12.8\Xray-openbsd-arm64-v8a.zip  | LOCAL=a6be1bcfa9ee8c22af2b84a903833213ac7a0a262f403c3d7cb665746e51f6e7 REMOTE=a6be1bcfa9ee8c22af2b84a903833213ac7a0a262f403c3d7cb665746e51f6e7
[2384/3625] Checking is OK   | E:\01.userData\ZhuoMian\Github_Releases_批量下载 xray\Xray-core\v25.12.8\Xray-win7-32.zip            | LOCAL=7901445578ae2871171ba58df1ba12df0b479798a06b12fea667d796dc4d1daa REMOTE=7901445578ae2871171ba58df1ba12df0b479798a06b12fea667d796dc4d1daa
[2385/3625] Checking is OK   | E:\01.userData\ZhuoMian\Github_Releases_批量下载 xray\Xray-core\v25.12.8\Xray-win7-64.zip            | LOCAL=ddb8c2fa1cd72296125b498adbbf9b3dac6e2e53d315e0d416f7243f722bb4a3 REMOTE=ddb8c2fa1cd72296125b498adbbf9b3dac6e2e53d315e0d416f7243f722bb4a3
[2386/3625] Checking is OK   | E:\01.userData\ZhuoMian\Github_Releases_批量下载 xray\Xray-core\v25.12.8\Xray-windows-32.zip         | LOCAL=b270190001fd9e566b8c1dc5f4bd8dac62d261d26fe23b7e42953e11adcde8f9 REMOTE=b270190001fd9e566b8c1dc5f4bd8dac62d261d26fe23b7e42953e11adcde8f9
[2387/3625] Checking is OK   | E:\01.userData\ZhuoMian\Github_Releases_批量下载 xray\Xray-core\v25.12.8\Xray-windows-64.zip         | LOCAL=5419794670658e14519409320752329375e0fd8a57089f373b3febe9bf3ec5d5 REMOTE=5419794670658e14519409320752329375e0fd8a57089f373b3febe9bf3ec5d5
[2388/3625] Checking is OK   | E:\01.userData\ZhuoMian\Github_Releases_批量下载 xray\Xray-core\v25.12.8\Xray-windows-arm32-v7a.zip  | LOCAL=4ebaf8db780bac40b45dda34917ae4fbdbbda12330bbc2c0caa393b064f98be5 REMOTE=4ebaf8db780bac40b45dda34917ae4fbdbbda12330bbc2c0caa393b064f98be5
[2389/3625] Checking is OK   | E:\01.userData\ZhuoMian\Github_Releases_批量下载 xray\Xray-core\v25.12.8\Xray-windows-arm64-v8a.zip  | LOCAL=f36d91150da82203e3f1244fc931010c1786a5ba47826d6dc4e51e678cbdcf2b REMOTE=f36d91150da82203e3f1244fc931010c1786a5ba47826d6dc4e51e678cbdcf2b
[2616/3625] Checking is OK   | E:\01.userData\ZhuoMian\Github_Releases_批量下载 xray\Xray-core\v25.6.7\Xray-android-amd64.zip       | LOCAL=f9dd6fd7975d09bce0327ae4d53b497574c8b3d3965e5d49e845ea2ac99f3ed5 REMOTE=f9dd6fd7975d09bce0327ae4d53b497574c8b3d3965e5d49e845ea2ac99f3ed5
[2617/3625] Checking is OK   | E:\01.userData\ZhuoMian\Github_Releases_批量下载 xray\Xray-core\v25.6.7\Xray-android-arm64-v8a.zip   | LOCAL=c5895515f71ed6930f2f36bba479fd6b12c9bc49cd96df78dc3a69a285853f1c REMOTE=c5895515f71ed6930f2f36bba479fd6b12c9bc49cd96df78dc3a69a285853f1c
[2618/3625] Checking is OK   | E:\01.userData\ZhuoMian\Github_Releases_批量下载 xray\Xray-core\v25.6.7\Xray-freebsd-32.zip          | LOCAL=3db03e312fa58c1bdc9154dacd017d88a50cc47e5c0100dbe7c5e2ab2e871e8a REMOTE=3db03e312fa58c1bdc9154dacd017d88a50cc47e5c0100dbe7c5e2ab2e871e8a
[2619/3625] Checking is OK   | E:\01.userData\ZhuoMian\Github_Releases_批量下载 xray\Xray-core\v25.6.7\Xray-freebsd-64.zip          | LOCAL=8dbd576108fa03ca72ebd1caacec341e850cb553ddb71a1ef11158a0a7fbdd37 REMOTE=8dbd576108fa03ca72ebd1caacec341e850cb553ddb71a1ef11158a0a7fbdd37
[2620/3625] Checking is OK   | E:\01.userData\ZhuoMian\Github_Releases_批量下载 xray\Xray-core\v25.6.7\Xray-freebsd-arm32-v7a.zip   | LOCAL=f70beea3b0ea7feeb158d5ef426b6764883032e7239825d9d91e526051e3904c REMOTE=f70beea3b0ea7feeb158d5ef426b6764883032e7239825d9d91e526051e3904c
[2621/3625] Checking is OK   | E:\01.userData\ZhuoMian\Github_Releases_批量下载 xray\Xray-core\v25.6.7\Xray-freebsd-arm64-v8a.zip   | LOCAL=e0bf853a580dc3010d81e8b9befea2281d2c579b1c9ed149105afce89076c79f REMOTE=e0bf853a580dc3010d81e8b9befea2281d2c579b1c9ed149105afce89076c79f
[2622/3625] Checking is OK   | E:\01.userData\ZhuoMian\Github_Releases_批量下载 xray\Xray-core\v25.6.7\Xray-linux-32.zip            | LOCAL=c9bb00cc159c4e6781eca7871f31e09bc021ed2e49dd8a0aa8bb3ab23900441e REMOTE=c9bb00cc159c4e6781eca7871f31e09bc021ed2e49dd8a0aa8bb3ab23900441e
[2623/3625] Checking is OK   | E:\01.userData\ZhuoMian\Github_Releases_批量下载 xray\Xray-core\v25.6.7\Xray-linux-64.zip            | LOCAL=d3dd0cb3b1275c0c713b925548f29e78dc972bc2d765532029d979cbdce231a3 REMOTE=d3dd0cb3b1275c0c713b925548f29e78dc972bc2d765532029d979cbdce231a3
[2624/3625] Checking is OK   | E:\01.userData\ZhuoMian\Github_Releases_批量下载 xray\Xray-core\v25.6.7\Xray-linux-arm32-v5.zip      | LOCAL=471df88428fee0512bd50c7e3a3fe5e3ec79fb7c78c856238029d68118ccfab0 REMOTE=471df88428fee0512bd50c7e3a3fe5e3ec79fb7c78c856238029d68118ccfab0
[2625/3625] Checking is OK   | E:\01.userData\ZhuoMian\Github_Releases_批量下载 xray\Xray-core\v25.6.7\Xray-linux-arm32-v6.zip      | LOCAL=190e42f46b63c400886d6a51c877946c25f92d1a4a4d39150edb42f839f8ac91 REMOTE=190e42f46b63c400886d6a51c877946c25f92d1a4a4d39150edb42f839f8ac91
[2626/3625] Checking is OK   | E:\01.userData\ZhuoMian\Github_Releases_批量下载 xray\Xray-core\v25.6.7\Xray-linux-arm32-v7a.zip     | LOCAL=fc284e4139cf1c70b3fb1978d96db32ef6e2b433480c83bf93b949e7e6bc6b6f REMOTE=fc284e4139cf1c70b3fb1978d96db32ef6e2b433480c83bf93b949e7e6bc6b6f
[2627/3625] Checking is OK   | E:\01.userData\ZhuoMian\Github_Releases_批量下载 xray\Xray-core\v25.6.7\Xray-linux-arm64-v8a.zip     | LOCAL=5be9325767dd841e2ee9aacfd6bdd641347d3dabff01f29bce20e82082fd67b2 REMOTE=5be9325767dd841e2ee9aacfd6bdd641347d3dabff01f29bce20e82082fd67b2
[2628/3625] Checking is OK   | E:\01.userData\ZhuoMian\Github_Releases_批量下载 xray\Xray-core\v25.6.7\Xray-linux-loong64.zip       | LOCAL=1305077f55b4dfe0312ed9978e6c4d334472780fdbe0c77cab0d610101681943 REMOTE=1305077f55b4dfe0312ed9978e6c4d334472780fdbe0c77cab0d610101681943
[2629/3625] Checking is OK   | E:\01.userData\ZhuoMian\Github_Releases_批量下载 xray\Xray-core\v25.6.7\Xray-linux-mips32.zip        | LOCAL=cbd5598748ee0df992d432c574bdeb56a362b8217b91ea6ecdb6886ddad21e9a REMOTE=cbd5598748ee0df992d432c574bdeb56a362b8217b91ea6ecdb6886ddad21e9a
[2630/3625] Checking is OK   | E:\01.userData\ZhuoMian\Github_Releases_批量下载 xray\Xray-core\v25.6.7\Xray-linux-mips32le.zip      | LOCAL=4a89fda39df3cd017dcd307bd994e0ecd83e782a7e964626abdc26f01e943cd7 REMOTE=4a89fda39df3cd017dcd307bd994e0ecd83e782a7e964626abdc26f01e943cd7
[2631/3625] Checking is OK   | E:\01.userData\ZhuoMian\Github_Releases_批量下载 xray\Xray-core\v25.6.7\Xray-linux-mips64.zip        | LOCAL=84a419b71d27e03fc32c557e790932fe59408a7953c13b383962e976be262c89 REMOTE=84a419b71d27e03fc32c557e790932fe59408a7953c13b383962e976be262c89
[2632/3625] Checking is OK   | E:\01.userData\ZhuoMian\Github_Releases_批量下载 xray\Xray-core\v25.6.7\Xray-linux-mips64le.zip      | LOCAL=894e9821743f9655afd46761e089fe3d90357c288f9fe3fe5de7c994a721d7f8 REMOTE=894e9821743f9655afd46761e089fe3d90357c288f9fe3fe5de7c994a721d7f8
[2633/3625] Checking is OK   | E:\01.userData\ZhuoMian\Github_Releases_批量下载 xray\Xray-core\v25.6.7\Xray-linux-ppc64.zip         | LOCAL=8d35fac9f98553d0017e26d2b4d10a35da6163681da275f8c32b4e6c0a7a214f REMOTE=8d35fac9f98553d0017e26d2b4d10a35da6163681da275f8c32b4e6c0a7a214f
[2634/3625] Checking is OK   | E:\01.userData\ZhuoMian\Github_Releases_批量下载 xray\Xray-core\v25.6.7\Xray-linux-ppc64le.zip       | LOCAL=67b438cb8d6ea74f68b5b6bfca20d90bcc9a4764e22dc34b5b92fe8a46e6bf90 REMOTE=67b438cb8d6ea74f68b5b6bfca20d90bcc9a4764e22dc34b5b92fe8a46e6bf90
[2635/3625] Checking is OK   | E:\01.userData\ZhuoMian\Github_Releases_批量下载 xray\Xray-core\v25.6.7\Xray-linux-riscv64.zip       | LOCAL=8c1b3c58af0e9f56b796a2fd5db81dcaa7e5ca7e1744e207b8b1b0473cb9973e REMOTE=8c1b3c58af0e9f56b796a2fd5db81dcaa7e5ca7e1744e207b8b1b0473cb9973e
[2636/3625] Checking is OK   | E:\01.userData\ZhuoMian\Github_Releases_批量下载 xray\Xray-core\v25.6.7\Xray-linux-s390x.zip         | LOCAL=5813fbe165c8501ead1716b55b7b041a7056364e6e3cfb05ed4ad7e861893a88 REMOTE=5813fbe165c8501ead1716b55b7b041a7056364e6e3cfb05ed4ad7e861893a88
[2637/3625] Checking is OK   | E:\01.userData\ZhuoMian\Github_Releases_批量下载 xray\Xray-core\v25.6.7\Xray-macos-64.zip            | LOCAL=daf3be445ec5336b2de4d68e5c0bc2549ae68e734adad4c11602e13ded43dfb6 REMOTE=daf3be445ec5336b2de4d68e5c0bc2549ae68e734adad4c11602e13ded43dfb6
[2638/3625] Checking is OK   | E:\01.userData\ZhuoMian\Github_Releases_批量下载 xray\Xray-core\v25.6.7\Xray-macos-arm64-v8a.zip     | LOCAL=59d5d2073a426cb688c4bbe451c52efcde9f4244f983d3ec996866f0f5354bfb REMOTE=59d5d2073a426cb688c4bbe451c52efcde9f4244f983d3ec996866f0f5354bfb
[2639/3625] Checking is OK   | E:\01.userData\ZhuoMian\Github_Releases_批量下载 xray\Xray-core\v25.6.7\Xray-openbsd-32.zip          | LOCAL=c751d833583861ae818612a67ac7dea8cd7811880a911cc46a1f43505fb00c2a REMOTE=c751d833583861ae818612a67ac7dea8cd7811880a911cc46a1f43505fb00c2a
[2640/3625] Checking is OK   | E:\01.userData\ZhuoMian\Github_Releases_批量下载 xray\Xray-core\v25.6.7\Xray-openbsd-64.zip          | LOCAL=798a20fa6965c2e50e876dad230477425b28a6c9861a5e85bf3df8546f7d6854 REMOTE=798a20fa6965c2e50e876dad230477425b28a6c9861a5e85bf3df8546f7d6854
[2641/3625] Checking is OK   | E:\01.userData\ZhuoMian\Github_Releases_批量下载 xray\Xray-core\v25.6.7\Xray-openbsd-arm32-v7a.zip   | LOCAL=1e8e696d69fd224672dd6884ffabc726c17adec9514c10ab19725c7f57f2fcfd REMOTE=1e8e696d69fd224672dd6884ffabc726c17adec9514c10ab19725c7f57f2fcfd
[2642/3625] Checking is OK   | E:\01.userData\ZhuoMian\Github_Releases_批量下载 xray\Xray-core\v25.6.7\Xray-openbsd-arm64-v8a.zip   | LOCAL=f87278907fc4dbe03c4235ac203e5b7e22bd5aeda4ad5ba609a568320704e9d5 REMOTE=f87278907fc4dbe03c4235ac203e5b7e22bd5aeda4ad5ba609a568320704e9d5
[2643/3625] Checking is OK   | E:\01.userData\ZhuoMian\Github_Releases_批量下载 xray\Xray-core\v25.6.7\Xray-win7-32.zip             | LOCAL=1bc9f80b82e1ddeeba3e20e6d91b3c186ab4c3ea57d1a327c9483beff64e29c9 REMOTE=1bc9f80b82e1ddeeba3e20e6d91b3c186ab4c3ea57d1a327c9483beff64e29c9
[2644/3625] Checking is OK   | E:\01.userData\ZhuoMian\Github_Releases_批量下载 xray\Xray-core\v25.6.7\Xray-win7-64.zip             | LOCAL=0433406e6962f71ed01e571f99c1d43846917899f9228b92ec994407a654f872 REMOTE=0433406e6962f71ed01e571f99c1d43846917899f9228b92ec994407a654f872
[2645/3625] Checking is OK   | E:\01.userData\ZhuoMian\Github_Releases_批量下载 xray\Xray-core\v25.6.7\Xray-windows-32.zip          | LOCAL=711f465d010b9e43610be9db58d05583efa1944fc0f3c4e01e12b4fb08bebddd REMOTE=711f465d010b9e43610be9db58d05583efa1944fc0f3c4e01e12b4fb08bebddd
[2646/3625] Checking is OK   | E:\01.userData\ZhuoMian\Github_Releases_批量下载 xray\Xray-core\v25.6.7\Xray-windows-64.zip          | LOCAL=2c8f7ca2c0a0e94243dcc232426fc007fb6b81b1ea65901c2aa78ccd22d2b547 REMOTE=2c8f7ca2c0a0e94243dcc232426fc007fb6b81b1ea65901c2aa78ccd22d2b547
[2647/3625] Checking is OK   | E:\01.userData\ZhuoMian\Github_Releases_批量下载 xray\Xray-core\v25.6.7\Xray-windows-arm32-v7a.zip   | LOCAL=272a448f399e6a06c71602cf9ff0cb08879d8bd321c0aa4c5fae1b60eb1f96cc REMOTE=272a448f399e6a06c71602cf9ff0cb08879d8bd321c0aa4c5fae1b60eb1f96cc
[2648/3625] Checking is OK   | E:\01.userData\ZhuoMian\Github_Releases_批量下载 xray\Xray-core\v25.6.7\Xray-windows-arm64-v8a.zip   | LOCAL=90dc5344f6483f95061b05a6da1841ab09254f2968e11c7009f19ea9b67d544c REMOTE=90dc5344f6483f95061b05a6da1841ab09254f2968e11c7009f19ea9b67d544c
[2649/3625] Checking is OK   | E:\01.userData\ZhuoMian\Github_Releases_批量下载 xray\Xray-core\v25.6.8\Xray-android-amd64.zip       | LOCAL=a1adfff5f89064aa5b5caf5d900d7439d5879281e6179ee5edf388cfdfdb8079 REMOTE=a1adfff5f89064aa5b5caf5d900d7439d5879281e6179ee5edf388cfdfdb8079
[2650/3625] Checking is OK   | E:\01.userData\ZhuoMian\Github_Releases_批量下载 xray\Xray-core\v25.6.8\Xray-android-arm64-v8a.zip   | LOCAL=a261e4a49b027dd2bd40e495f5f1e72100a542b775a535302bd9927a226cb0aa REMOTE=a261e4a49b027dd2bd40e495f5f1e72100a542b775a535302bd9927a226cb0aa
[2651/3625] Checking is OK   | E:\01.userData\ZhuoMian\Github_Releases_批量下载 xray\Xray-core\v25.6.8\Xray-freebsd-32.zip          | LOCAL=c56378af394e9474c2fb10568f6c75a820ada8aeecf61fe2eb4d57c108a0f81f REMOTE=c56378af394e9474c2fb10568f6c75a820ada8aeecf61fe2eb4d57c108a0f81f
[2652/3625] Checking is OK   | E:\01.userData\ZhuoMian\Github_Releases_批量下载 xray\Xray-core\v25.6.8\Xray-freebsd-64.zip          | LOCAL=cd362d6d37124bef6a88f990818f601839bb58b3e789f1a2a6a1b29a4d37f2a4 REMOTE=cd362d6d37124bef6a88f990818f601839bb58b3e789f1a2a6a1b29a4d37f2a4
[2653/3625] Checking is OK   | E:\01.userData\ZhuoMian\Github_Releases_批量下载 xray\Xray-core\v25.6.8\Xray-freebsd-arm32-v7a.zip   | LOCAL=1441927cba3f23514d2ed5ad5951a1d6860bf19c51765aaac2be44ee0d14c854 REMOTE=1441927cba3f23514d2ed5ad5951a1d6860bf19c51765aaac2be44ee0d14c854
[2654/3625] Checking is OK   | E:\01.userData\ZhuoMian\Github_Releases_批量下载 xray\Xray-core\v25.6.8\Xray-freebsd-arm64-v8a.zip   | LOCAL=02ac76b4aa6521749b09ee4a8567229e124ed08aa331a2b8502366032ea1689b REMOTE=02ac76b4aa6521749b09ee4a8567229e124ed08aa331a2b8502366032ea1689b
[2655/3625] Checking is OK   | E:\01.userData\ZhuoMian\Github_Releases_批量下载 xray\Xray-core\v25.6.8\Xray-linux-32.zip            | LOCAL=0ae04584c4eae26d8dc7c515451fcbdafb768b535786fa09a2c1c7db8754c4d0 REMOTE=0ae04584c4eae26d8dc7c515451fcbdafb768b535786fa09a2c1c7db8754c4d0
[2656/3625] Checking is OK   | E:\01.userData\ZhuoMian\Github_Releases_批量下载 xray\Xray-core\v25.6.8\Xray-linux-64.zip            | LOCAL=51bcd3304fdbd64b58048b056da005fbaa6c83577fc351cae34024760e111e4b REMOTE=51bcd3304fdbd64b58048b056da005fbaa6c83577fc351cae34024760e111e4b
[2657/3625] Checking is OK   | E:\01.userData\ZhuoMian\Github_Releases_批量下载 xray\Xray-core\v25.6.8\Xray-linux-arm32-v5.zip      | LOCAL=cc355732dcb88361c188bc284b88d5c84d09e228cfff4ae42da70c22d73dcf28 REMOTE=cc355732dcb88361c188bc284b88d5c84d09e228cfff4ae42da70c22d73dcf28
[2658/3625] Checking is OK   | E:\01.userData\ZhuoMian\Github_Releases_批量下载 xray\Xray-core\v25.6.8\Xray-linux-arm32-v6.zip      | LOCAL=61aa258e044bc86dd283dbed4a6491b331cb40e4794815349d74410760b1aa9f REMOTE=61aa258e044bc86dd283dbed4a6491b331cb40e4794815349d74410760b1aa9f
[2659/3625] Checking is OK   | E:\01.userData\ZhuoMian\Github_Releases_批量下载 xray\Xray-core\v25.6.8\Xray-linux-arm32-v7a.zip     | LOCAL=996599a2c8eb4b9774441f144dae79d63265d6dc985b3c659e8265ad7497fa77 REMOTE=996599a2c8eb4b9774441f144dae79d63265d6dc985b3c659e8265ad7497fa77
[2660/3625] Checking is OK   | E:\01.userData\ZhuoMian\Github_Releases_批量下载 xray\Xray-core\v25.6.8\Xray-linux-arm64-v8a.zip     | LOCAL=ca404752f27176cdaaddf929ec65a96cf18cceba403d6d97a66cdac48ef84dfe REMOTE=ca404752f27176cdaaddf929ec65a96cf18cceba403d6d97a66cdac48ef84dfe
[2661/3625] Checking is OK   | E:\01.userData\ZhuoMian\Github_Releases_批量下载 xray\Xray-core\v25.6.8\Xray-linux-loong64.zip       | LOCAL=5b2abbb063db1169e643c661b7f362f8106d35b83b65544d8b5c020e9f4d1d23 REMOTE=5b2abbb063db1169e643c661b7f362f8106d35b83b65544d8b5c020e9f4d1d23
[2662/3625] Checking is OK   | E:\01.userData\ZhuoMian\Github_Releases_批量下载 xray\Xray-core\v25.6.8\Xray-linux-mips32.zip        | LOCAL=203f78e383249541bbf4e436181095cc147f4073ce4c515c28f77214a579b052 REMOTE=203f78e383249541bbf4e436181095cc147f4073ce4c515c28f77214a579b052
[2663/3625] Checking is OK   | E:\01.userData\ZhuoMian\Github_Releases_批量下载 xray\Xray-core\v25.6.8\Xray-linux-mips32le.zip      | LOCAL=fd49d30abac6969fd615a41934f0e7aa4264f5625850ef1393dbce2b48fd226f REMOTE=fd49d30abac6969fd615a41934f0e7aa4264f5625850ef1393dbce2b48fd226f
[2664/3625] Checking is OK   | E:\01.userData\ZhuoMian\Github_Releases_批量下载 xray\Xray-core\v25.6.8\Xray-linux-mips64.zip        | LOCAL=209ec3f97985b1a4048dc7eb9e72b3d0904365734347404752b4ce40ff206e37 REMOTE=209ec3f97985b1a4048dc7eb9e72b3d0904365734347404752b4ce40ff206e37
[2665/3625] Checking is OK   | E:\01.userData\ZhuoMian\Github_Releases_批量下载 xray\Xray-core\v25.6.8\Xray-linux-mips64le.zip      | LOCAL=3d778e2d8a648c026ba5cbc2b8e461e385dcf8e3c41ed3c1b31a0dd9f1eeadbc REMOTE=3d778e2d8a648c026ba5cbc2b8e461e385dcf8e3c41ed3c1b31a0dd9f1eeadbc
[2666/3625] Checking is OK   | E:\01.userData\ZhuoMian\Github_Releases_批量下载 xray\Xray-core\v25.6.8\Xray-linux-ppc64.zip         | LOCAL=525e61f49d283b4c1262b6560ba50f2ae30a470a44491366c56d9ddd24d437cf REMOTE=525e61f49d283b4c1262b6560ba50f2ae30a470a44491366c56d9ddd24d437cf
[2667/3625] Checking is OK   | E:\01.userData\ZhuoMian\Github_Releases_批量下载 xray\Xray-core\v25.6.8\Xray-linux-ppc64le.zip       | LOCAL=fce055d82b461a76584f6693a8f3ceec9e576b5d616a666c68c1fed77e4b83a5 REMOTE=fce055d82b461a76584f6693a8f3ceec9e576b5d616a666c68c1fed77e4b83a5
[2668/3625] Checking is OK   | E:\01.userData\ZhuoMian\Github_Releases_批量下载 xray\Xray-core\v25.6.8\Xray-linux-riscv64.zip       | LOCAL=427afbe91cb8905ed21009b4e2744596d2857139fe92454207885ab7c02a5df7 REMOTE=427afbe91cb8905ed21009b4e2744596d2857139fe92454207885ab7c02a5df7
[2669/3625] Checking is OK   | E:\01.userData\ZhuoMian\Github_Releases_批量下载 xray\Xray-core\v25.6.8\Xray-linux-s390x.zip         | LOCAL=07c6b8e0cbdea8140755d6a5dd5674f71d47645af2524898afe0529cca1ff543 REMOTE=07c6b8e0cbdea8140755d6a5dd5674f71d47645af2524898afe0529cca1ff543
[2670/3625] Checking is OK   | E:\01.userData\ZhuoMian\Github_Releases_批量下载 xray\Xray-core\v25.6.8\Xray-macos-64.zip            | LOCAL=9e0e06914616700fc371cfb4f1978d697d943fc533e6e42dcfd498b5cde65fcd REMOTE=9e0e06914616700fc371cfb4f1978d697d943fc533e6e42dcfd498b5cde65fcd
[2671/3625] Checking is OK   | E:\01.userData\ZhuoMian\Github_Releases_批量下载 xray\Xray-core\v25.6.8\Xray-macos-arm64-v8a.zip     | LOCAL=c0b4a420073a6e969c47f5ec843b0162db9eb85f37cb3f49ba905d8ae722a8d4 REMOTE=c0b4a420073a6e969c47f5ec843b0162db9eb85f37cb3f49ba905d8ae722a8d4
[2672/3625] Checking is OK   | E:\01.userData\ZhuoMian\Github_Releases_批量下载 xray\Xray-core\v25.6.8\Xray-openbsd-32.zip          | LOCAL=eafdd1d8dda149540f5f25a6ab720bc77b72f0a6d38ce54529c98a7eb11ac436 REMOTE=eafdd1d8dda149540f5f25a6ab720bc77b72f0a6d38ce54529c98a7eb11ac436
[2673/3625] Checking is OK   | E:\01.userData\ZhuoMian\Github_Releases_批量下载 xray\Xray-core\v25.6.8\Xray-openbsd-64.zip          | LOCAL=60db867a5b1866d7e3ed0f08a892660c189b2ecb59a554f9c0a358339acf7c05 REMOTE=60db867a5b1866d7e3ed0f08a892660c189b2ecb59a554f9c0a358339acf7c05
[2674/3625] Checking is OK   | E:\01.userData\ZhuoMian\Github_Releases_批量下载 xray\Xray-core\v25.6.8\Xray-openbsd-arm32-v7a.zip   | LOCAL=ec1019da00927b8501996c6df9fadfdd756034fca998f39c08b3729f6d0e2a2e REMOTE=ec1019da00927b8501996c6df9fadfdd756034fca998f39c08b3729f6d0e2a2e
[2675/3625] Checking is OK   | E:\01.userData\ZhuoMian\Github_Releases_批量下载 xray\Xray-core\v25.6.8\Xray-openbsd-arm64-v8a.zip   | LOCAL=a89b1a7b33af72c3cedc836a56459c0c820b7db38a35aca0c2d8334b964f401e REMOTE=a89b1a7b33af72c3cedc836a56459c0c820b7db38a35aca0c2d8334b964f401e
[2676/3625] Checking is OK   | E:\01.userData\ZhuoMian\Github_Releases_批量下载 xray\Xray-core\v25.6.8\Xray-win7-32.zip             | LOCAL=d8bb6d9225db13134c173e3aca90819bb81e0bcf797aac73874e04a002eb6225 REMOTE=d8bb6d9225db13134c173e3aca90819bb81e0bcf797aac73874e04a002eb6225
[2677/3625] Checking is OK   | E:\01.userData\ZhuoMian\Github_Releases_批量下载 xray\Xray-core\v25.6.8\Xray-win7-64.zip             | LOCAL=d8b82b16fdaf083313e4ac5b84db18c199474ffafea44b06c41d1244ed91f33e REMOTE=d8b82b16fdaf083313e4ac5b84db18c199474ffafea44b06c41d1244ed91f33e
[2678/3625] Checking is OK   | E:\01.userData\ZhuoMian\Github_Releases_批量下载 xray\Xray-core\v25.6.8\Xray-windows-32.zip          | LOCAL=c697cc2f28214596d966ad6fd99751f88e65f6d9fb6281252ab042cbd2d5fde7 REMOTE=c697cc2f28214596d966ad6fd99751f88e65f6d9fb6281252ab042cbd2d5fde7
[2679/3625] Checking is OK   | E:\01.userData\ZhuoMian\Github_Releases_批量下载 xray\Xray-core\v25.6.8\Xray-windows-64.zip          | LOCAL=d27c5b986c1debed9c7eab4fa56f7dc3cd199fcb5048e7950edef9f9586a0ca6 REMOTE=d27c5b986c1debed9c7eab4fa56f7dc3cd199fcb5048e7950edef9f9586a0ca6
[2680/3625] Checking is OK   | E:\01.userData\ZhuoMian\Github_Releases_批量下载 xray\Xray-core\v25.6.8\Xray-windows-arm32-v7a.zip   | LOCAL=4d74ba44c7078094fa45aeddcaac6698e09c190aaa92558360ef879eae5075fa REMOTE=4d74ba44c7078094fa45aeddcaac6698e09c190aaa92558360ef879eae5075fa
[2681/3625] Checking is OK   | E:\01.userData\ZhuoMian\Github_Releases_批量下载 xray\Xray-core\v25.6.8\Xray-windows-arm64-v8a.zip   | LOCAL=73db7f5f15aa34accf36f6984f7271c0197b5feb3a45d64194833afaca97f97f REMOTE=73db7f5f15aa34accf36f6984f7271c0197b5feb3a45d64194833afaca97f97f
[2682/3625] Checking is OK   | E:\01.userData\ZhuoMian\Github_Releases_批量下载 xray\Xray-core\v25.7.23\Xray-android-amd64.zip      | LOCAL=854cb908cd63902fb97a15f6e9de5ae015e5c2bed0b5c1bae42295a77140d834 REMOTE=854cb908cd63902fb97a15f6e9de5ae015e5c2bed0b5c1bae42295a77140d834
[2683/3625] Checking is OK   | E:\01.userData\ZhuoMian\Github_Releases_批量下载 xray\Xray-core\v25.7.23\Xray-android-arm64-v8a.zip  | LOCAL=7b7ec773f4c4cd996abf71c265de9a39acc1d2a23d4b51c430f4f3c2589beb53 REMOTE=7b7ec773f4c4cd996abf71c265de9a39acc1d2a23d4b51c430f4f3c2589beb53
[2684/3625] Checking is OK   | E:\01.userData\ZhuoMian\Github_Releases_批量下载 xray\Xray-core\v25.7.23\Xray-freebsd-32.zip         | LOCAL=f3977a9faad38dd95fdb891a5650e8dc9583e1b36cedffc66970b32fc01c762b REMOTE=f3977a9faad38dd95fdb891a5650e8dc9583e1b36cedffc66970b32fc01c762b
[2685/3625] Checking is OK   | E:\01.userData\ZhuoMian\Github_Releases_批量下载 xray\Xray-core\v25.7.23\Xray-freebsd-64.zip         | LOCAL=4ee2ec38f480064ead651ffbe164c06f4ea28811ffc7969354a5bf45a66c7a14 REMOTE=4ee2ec38f480064ead651ffbe164c06f4ea28811ffc7969354a5bf45a66c7a14
[2686/3625] Checking is OK   | E:\01.userData\ZhuoMian\Github_Releases_批量下载 xray\Xray-core\v25.7.23\Xray-freebsd-arm32-v7a.zip  | LOCAL=9ba8bab59793f9c2cd2231cd41f4acc8ec888f3ec1f0336f43b814c1bc708d96 REMOTE=9ba8bab59793f9c2cd2231cd41f4acc8ec888f3ec1f0336f43b814c1bc708d96
[2687/3625] Checking is OK   | E:\01.userData\ZhuoMian\Github_Releases_批量下载 xray\Xray-core\v25.7.23\Xray-freebsd-arm64-v8a.zip  | LOCAL=56de93fa5706f1d03c743ee85deaaf8986e5fda07c28656ecff7e6059181a36e REMOTE=56de93fa5706f1d03c743ee85deaaf8986e5fda07c28656ecff7e6059181a36e
[2688/3625] Checking is OK   | E:\01.userData\ZhuoMian\Github_Releases_批量下载 xray\Xray-core\v25.7.23\Xray-linux-32.zip           | LOCAL=5d02e2944f9efab34e745c3f9948b822f18dbc83e72842e20ef3de3a1f52f669 REMOTE=5d02e2944f9efab34e745c3f9948b822f18dbc83e72842e20ef3de3a1f52f669
[2689/3625] Checking is OK   | E:\01.userData\ZhuoMian\Github_Releases_批量下载 xray\Xray-core\v25.7.23\Xray-linux-64.zip           | LOCAL=74a2dcf7d2cd159fc19e96374b18c93b89646f1022414864f1dc89d2a586797f REMOTE=74a2dcf7d2cd159fc19e96374b18c93b89646f1022414864f1dc89d2a586797f
[2690/3625] Checking is OK   | E:\01.userData\ZhuoMian\Github_Releases_批量下载 xray\Xray-core\v25.7.23\Xray-linux-arm32-v5.zip     | LOCAL=bcc57e46287c35cf5615d95db04b564cf6ecbf4d3963f9cbd11e8d4dfc2115bb REMOTE=bcc57e46287c35cf5615d95db04b564cf6ecbf4d3963f9cbd11e8d4dfc2115bb
[2691/3625] Checking is OK   | E:\01.userData\ZhuoMian\Github_Releases_批量下载 xray\Xray-core\v25.7.23\Xray-linux-arm32-v6.zip     | LOCAL=96748f4b673c4e8a9a5cfb58e777e17cecc1a63d7335ea9f820d9155226e71bb REMOTE=96748f4b673c4e8a9a5cfb58e777e17cecc1a63d7335ea9f820d9155226e71bb
[2692/3625] Checking is OK   | E:\01.userData\ZhuoMian\Github_Releases_批量下载 xray\Xray-core\v25.7.23\Xray-linux-arm32-v7a.zip    | LOCAL=f545f6105eb3a19a94d6517b66df34f17860a2a7230ee5fff4b415b87ab6c7a1 REMOTE=f545f6105eb3a19a94d6517b66df34f17860a2a7230ee5fff4b415b87ab6c7a1
[2693/3625] Checking is OK   | E:\01.userData\ZhuoMian\Github_Releases_批量下载 xray\Xray-core\v25.7.23\Xray-linux-arm64-v8a.zip    | LOCAL=8c6924d1708330731d45843671e229c07dd772f7ad0a26f7d71af7054a463d10 REMOTE=8c6924d1708330731d45843671e229c07dd772f7ad0a26f7d71af7054a463d10
[2694/3625] Checking is OK   | E:\01.userData\ZhuoMian\Github_Releases_批量下载 xray\Xray-core\v25.7.23\Xray-linux-loong64.zip      | LOCAL=65c0a61f4b6a685801c1b46e9bd71bad8cc02db76a9298351d6503072578bc55 REMOTE=65c0a61f4b6a685801c1b46e9bd71bad8cc02db76a9298351d6503072578bc55
[2695/3625] Checking is OK   | E:\01.userData\ZhuoMian\Github_Releases_批量下载 xray\Xray-core\v25.7.23\Xray-linux-mips32.zip       | LOCAL=66b2a6c375699abebe79bd9ef2cacb762b0e7fb97fa13c016f7e560edd79f20a REMOTE=66b2a6c375699abebe79bd9ef2cacb762b0e7fb97fa13c016f7e560edd79f20a
[2696/3625] Checking is OK   | E:\01.userData\ZhuoMian\Github_Releases_批量下载 xray\Xray-core\v25.7.23\Xray-linux-mips32le.zip     | LOCAL=e8c22d0f72a77c36b605c3bddbc0d645acfa7054ed162743c602d2dafece88ff REMOTE=e8c22d0f72a77c36b605c3bddbc0d645acfa7054ed162743c602d2dafece88ff
[2697/3625] Checking is OK   | E:\01.userData\ZhuoMian\Github_Releases_批量下载 xray\Xray-core\v25.7.23\Xray-linux-mips64.zip       | LOCAL=d3e2bcd275aca71a9327e577ab9fb0ab38b63bed5855e11e7d0118498d625a78 REMOTE=d3e2bcd275aca71a9327e577ab9fb0ab38b63bed5855e11e7d0118498d625a78
[2698/3625] Checking is OK   | E:\01.userData\ZhuoMian\Github_Releases_批量下载 xray\Xray-core\v25.7.23\Xray-linux-mips64le.zip     | LOCAL=bce2ed09c44a953208f46ba5cbedc0cbe270e3e1d56acad39989178277c742da REMOTE=bce2ed09c44a953208f46ba5cbedc0cbe270e3e1d56acad39989178277c742da
[2699/3625] Checking is OK   | E:\01.userData\ZhuoMian\Github_Releases_批量下载 xray\Xray-core\v25.7.23\Xray-linux-ppc64.zip        | LOCAL=082fc619c0bfc9f8f0ec4b14361ab1f3d0944b3514399455d92648e791cd5744 REMOTE=082fc619c0bfc9f8f0ec4b14361ab1f3d0944b3514399455d92648e791cd5744
[2700/3625] Checking is OK   | E:\01.userData\ZhuoMian\Github_Releases_批量下载 xray\Xray-core\v25.7.23\Xray-linux-ppc64le.zip      | LOCAL=3ca423d755774544d3e3e9193164a280def3d71ce56a4a0409cf0b96570e004e REMOTE=3ca423d755774544d3e3e9193164a280def3d71ce56a4a0409cf0b96570e004e
[2701/3625] Checking is OK   | E:\01.userData\ZhuoMian\Github_Releases_批量下载 xray\Xray-core\v25.7.23\Xray-linux-riscv64.zip      | LOCAL=866c2f5a942389d33840103000b9f15d76192355ae9d1aa4f680b5d288342cc6 REMOTE=866c2f5a942389d33840103000b9f15d76192355ae9d1aa4f680b5d288342cc6
[2702/3625] Checking is OK   | E:\01.userData\ZhuoMian\Github_Releases_批量下载 xray\Xray-core\v25.7.23\Xray-linux-s390x.zip        | LOCAL=4674a80397107bc140c86206a7e6ef8eecbdcf5c468a03006ef5fc6db46daecf REMOTE=4674a80397107bc140c86206a7e6ef8eecbdcf5c468a03006ef5fc6db46daecf
[2703/3625] Checking is OK   | E:\01.userData\ZhuoMian\Github_Releases_批量下载 xray\Xray-core\v25.7.23\Xray-macos-64.zip           | LOCAL=b04680c6c74d5455c7b15aa2244700b8ebc35ad134e35bd01956bf0867bc4fdf REMOTE=b04680c6c74d5455c7b15aa2244700b8ebc35ad134e35bd01956bf0867bc4fdf
[2704/3625] Checking is OK   | E:\01.userData\ZhuoMian\Github_Releases_批量下载 xray\Xray-core\v25.7.23\Xray-macos-arm64-v8a.zip    | LOCAL=7ea2e5a9c664e1f48506e4767ca225c0fd0bbc0d6c277de661a4009473f75a7d REMOTE=7ea2e5a9c664e1f48506e4767ca225c0fd0bbc0d6c277de661a4009473f75a7d
[2705/3625] Checking is OK   | E:\01.userData\ZhuoMian\Github_Releases_批量下载 xray\Xray-core\v25.7.23\Xray-openbsd-32.zip         | LOCAL=010067f320b6f0ae2e76df89950f3b014f8e251ffe17d2039120db48a9879798 REMOTE=010067f320b6f0ae2e76df89950f3b014f8e251ffe17d2039120db48a9879798
[2706/3625] Checking is OK   | E:\01.userData\ZhuoMian\Github_Releases_批量下载 xray\Xray-core\v25.7.23\Xray-openbsd-64.zip         | LOCAL=46297b237f6f563b12d13e742e53f306bd22570dc0d8e0190203f440af98488b REMOTE=46297b237f6f563b12d13e742e53f306bd22570dc0d8e0190203f440af98488b
[2707/3625] Checking is OK   | E:\01.userData\ZhuoMian\Github_Releases_批量下载 xray\Xray-core\v25.7.23\Xray-openbsd-arm32-v7a.zip  | LOCAL=2f50c13d4e623ad328197ea1d132ad87bc9e068f0cfedb8dd4fd4d9247069ef0 REMOTE=2f50c13d4e623ad328197ea1d132ad87bc9e068f0cfedb8dd4fd4d9247069ef0
[2708/3625] Checking is OK   | E:\01.userData\ZhuoMian\Github_Releases_批量下载 xray\Xray-core\v25.7.23\Xray-openbsd-arm64-v8a.zip  | LOCAL=41c7140db44fb201997461b38441fee8b8a6e7d849114b9af544efc41955fedb REMOTE=41c7140db44fb201997461b38441fee8b8a6e7d849114b9af544efc41955fedb
[2709/3625] Checking is OK   | E:\01.userData\ZhuoMian\Github_Releases_批量下载 xray\Xray-core\v25.7.23\Xray-win7-32.zip            | LOCAL=56de5289b3f4c4a3763ee6923aa30739eb4e60a0288d2374df0fbb7e41d044c1 REMOTE=56de5289b3f4c4a3763ee6923aa30739eb4e60a0288d2374df0fbb7e41d044c1
[2710/3625] Checking is OK   | E:\01.userData\ZhuoMian\Github_Releases_批量下载 xray\Xray-core\v25.7.23\Xray-win7-64.zip            | LOCAL=32ad9d8e1bd3a4622f65720046c6da22bcc2def2a744502ab1cd63076b50749e REMOTE=32ad9d8e1bd3a4622f65720046c6da22bcc2def2a744502ab1cd63076b50749e
[2711/3625] Checking is OK   | E:\01.userData\ZhuoMian\Github_Releases_批量下载 xray\Xray-core\v25.7.23\Xray-windows-32.zip         | LOCAL=bde480d709662056da8697fcdb64e56f0d1fdfdb9527aeef758019d69f0791fb REMOTE=bde480d709662056da8697fcdb64e56f0d1fdfdb9527aeef758019d69f0791fb
[2712/3625] Checking is OK   | E:\01.userData\ZhuoMian\Github_Releases_批量下载 xray\Xray-core\v25.7.23\Xray-windows-64.zip         | LOCAL=fb71e1a6c140be6dec2b3289defb06dc753d6fad3ed0b9c93ec72c0aec99c7b4 REMOTE=fb71e1a6c140be6dec2b3289defb06dc753d6fad3ed0b9c93ec72c0aec99c7b4
[2713/3625] Checking is OK   | E:\01.userData\ZhuoMian\Github_Releases_批量下载 xray\Xray-core\v25.7.23\Xray-windows-arm32-v7a.zip  | LOCAL=0d97aabb44885cfa5911978f85a1f554849efb8762136e176cb5ddf46c8b92ab REMOTE=0d97aabb44885cfa5911978f85a1f554849efb8762136e176cb5ddf46c8b92ab
[2714/3625] Checking is OK   | E:\01.userData\ZhuoMian\Github_Releases_批量下载 xray\Xray-core\v25.7.23\Xray-windows-arm64-v8a.zip  | LOCAL=afd7b2269615e3b7f6d4891bc266621533ebaea0cf7bc7793901560eb0d2542d REMOTE=afd7b2269615e3b7f6d4891bc266621533ebaea0cf7bc7793901560eb0d2542d
[2715/3625] Checking is OK   | E:\01.userData\ZhuoMian\Github_Releases_批量下载 xray\Xray-core\v25.7.24\Xray-android-amd64.zip      | LOCAL=3a11a78131698b6f7f69624819f512c0b78d671203342f85f56642bf6f65edef REMOTE=3a11a78131698b6f7f69624819f512c0b78d671203342f85f56642bf6f65edef
[2716/3625] Checking is OK   | E:\01.userData\ZhuoMian\Github_Releases_批量下载 xray\Xray-core\v25.7.24\Xray-android-arm64-v8a.zip  | LOCAL=3f3b339768284904d52d004546fefb0b60ffe2fa13562accd069b23a111e82db REMOTE=3f3b339768284904d52d004546fefb0b60ffe2fa13562accd069b23a111e82db
[2717/3625] Checking is OK   | E:\01.userData\ZhuoMian\Github_Releases_批量下载 xray\Xray-core\v25.7.24\Xray-freebsd-32.zip         | LOCAL=ea7c744af8fc80231371a42372f6253ff4c51f98a198c6767c65994f8b784637 REMOTE=ea7c744af8fc80231371a42372f6253ff4c51f98a198c6767c65994f8b784637
[2718/3625] Checking is OK   | E:\01.userData\ZhuoMian\Github_Releases_批量下载 xray\Xray-core\v25.7.24\Xray-freebsd-64.zip         | LOCAL=ade081a72b86d990734eb93c0f02d3b3e4c7d5db4b1fa93d2a9ca2d25ee8191f REMOTE=ade081a72b86d990734eb93c0f02d3b3e4c7d5db4b1fa93d2a9ca2d25ee8191f
[2719/3625] Checking is OK   | E:\01.userData\ZhuoMian\Github_Releases_批量下载 xray\Xray-core\v25.7.24\Xray-freebsd-arm32-v7a.zip  | LOCAL=2aefd1f21ff406b1b779f148ebc84d4bd3295b95c914b54170e27e8a08828577 REMOTE=2aefd1f21ff406b1b779f148ebc84d4bd3295b95c914b54170e27e8a08828577
[2720/3625] Checking is OK   | E:\01.userData\ZhuoMian\Github_Releases_批量下载 xray\Xray-core\v25.7.24\Xray-freebsd-arm64-v8a.zip  | LOCAL=f5bf41ba74ea54a0cd3f54afc24af33067b9fd40c125cb4c2725a37fa73a2cfc REMOTE=f5bf41ba74ea54a0cd3f54afc24af33067b9fd40c125cb4c2725a37fa73a2cfc
[2721/3625] Checking is OK   | E:\01.userData\ZhuoMian\Github_Releases_批量下载 xray\Xray-core\v25.7.24\Xray-linux-32.zip           | LOCAL=30d5fae7237c293ed91756f5772cfcd440d08356c21cb1a1598d5f4e95515982 REMOTE=30d5fae7237c293ed91756f5772cfcd440d08356c21cb1a1598d5f4e95515982
[2722/3625] Checking is OK   | E:\01.userData\ZhuoMian\Github_Releases_批量下载 xray\Xray-core\v25.7.24\Xray-linux-64.zip           | LOCAL=407e37a2a73b6d07ea81fb95de160118116fe76300ef633bc876ce67dbf0e7e3 REMOTE=407e37a2a73b6d07ea81fb95de160118116fe76300ef633bc876ce67dbf0e7e3
[2723/3625] Checking is OK   | E:\01.userData\ZhuoMian\Github_Releases_批量下载 xray\Xray-core\v25.7.24\Xray-linux-arm32-v5.zip     | LOCAL=afad0e2da29895b323deddabea1503c154ae74ea2225523ba79839aa7189cfb3 REMOTE=afad0e2da29895b323deddabea1503c154ae74ea2225523ba79839aa7189cfb3
[2724/3625] Checking is OK   | E:\01.userData\ZhuoMian\Github_Releases_批量下载 xray\Xray-core\v25.7.24\Xray-linux-arm32-v6.zip     | LOCAL=bf0966bcaebb773382b8b8e630e3edaa1775b127bfb48e44eaa26a79ba08269e REMOTE=bf0966bcaebb773382b8b8e630e3edaa1775b127bfb48e44eaa26a79ba08269e
[2725/3625] Checking is OK   | E:\01.userData\ZhuoMian\Github_Releases_批量下载 xray\Xray-core\v25.7.24\Xray-linux-arm32-v7a.zip    | LOCAL=b90bfb8d9aead3659f16cf3103742f534900dd597ce6c49434c98b242ef8900e REMOTE=b90bfb8d9aead3659f16cf3103742f534900dd597ce6c49434c98b242ef8900e
[2726/3625] Checking is OK   | E:\01.userData\ZhuoMian\Github_Releases_批量下载 xray\Xray-core\v25.7.24\Xray-linux-arm64-v8a.zip    | LOCAL=e06a45956682d551a5434a8c679e83c8be54e674d4d7e27eb95c2fdbf6ff56ee REMOTE=e06a45956682d551a5434a8c679e83c8be54e674d4d7e27eb95c2fdbf6ff56ee
[2727/3625] Checking is OK   | E:\01.userData\ZhuoMian\Github_Releases_批量下载 xray\Xray-core\v25.7.24\Xray-linux-loong64.zip      | LOCAL=a1c0206c988d4c697e5e86b86b64dba697f349d84a27aff8480139f0c80212a0 REMOTE=a1c0206c988d4c697e5e86b86b64dba697f349d84a27aff8480139f0c80212a0
[2728/3625] Checking is OK   | E:\01.userData\ZhuoMian\Github_Releases_批量下载 xray\Xray-core\v25.7.24\Xray-linux-mips32.zip       | LOCAL=739b4f6cdb2b92c037b51848ff3462a1ebf0b9c9563e9e72f51d161befb25685 REMOTE=739b4f6cdb2b92c037b51848ff3462a1ebf0b9c9563e9e72f51d161befb25685
[2729/3625] Checking is OK   | E:\01.userData\ZhuoMian\Github_Releases_批量下载 xray\Xray-core\v25.7.24\Xray-linux-mips32le.zip     | LOCAL=02a7dbcbd80ff684cb94259b414001680b297f4fe20b253dace7b60d38703d01 REMOTE=02a7dbcbd80ff684cb94259b414001680b297f4fe20b253dace7b60d38703d01
[2730/3625] Checking is OK   | E:\01.userData\ZhuoMian\Github_Releases_批量下载 xray\Xray-core\v25.7.24\Xray-linux-mips64.zip       | LOCAL=e5d3838e6fecb9bc06a344d83e3daa7c3e58fb682edd7a2b99a021ae0c59dbe0 REMOTE=e5d3838e6fecb9bc06a344d83e3daa7c3e58fb682edd7a2b99a021ae0c59dbe0
[2731/3625] Checking is OK   | E:\01.userData\ZhuoMian\Github_Releases_批量下载 xray\Xray-core\v25.7.24\Xray-linux-mips64le.zip     | LOCAL=1e86a7411e53a841219612f97290b4b58d0613b858dc49eca3d7a6b25ffd3d0d REMOTE=1e86a7411e53a841219612f97290b4b58d0613b858dc49eca3d7a6b25ffd3d0d
[2732/3625] Checking is OK   | E:\01.userData\ZhuoMian\Github_Releases_批量下载 xray\Xray-core\v25.7.24\Xray-linux-ppc64.zip        | LOCAL=4fce7b5e0976cabd001da31184a6cfed28b1fde7df371a1222272c00536428ae REMOTE=4fce7b5e0976cabd001da31184a6cfed28b1fde7df371a1222272c00536428ae
[2733/3625] Checking is OK   | E:\01.userData\ZhuoMian\Github_Releases_批量下载 xray\Xray-core\v25.7.24\Xray-linux-ppc64le.zip      | LOCAL=35ccc77b98cc89a5284b05269a95c7796fc884f784c927d23f4e40dd5b88a803 REMOTE=35ccc77b98cc89a5284b05269a95c7796fc884f784c927d23f4e40dd5b88a803
[2734/3625] Checking is OK   | E:\01.userData\ZhuoMian\Github_Releases_批量下载 xray\Xray-core\v25.7.24\Xray-linux-riscv64.zip      | LOCAL=0a971511a6e642ad5232f310df709777c225fa49080c38037bd60dc47d87931c REMOTE=0a971511a6e642ad5232f310df709777c225fa49080c38037bd60dc47d87931c
[2735/3625] Checking is OK   | E:\01.userData\ZhuoMian\Github_Releases_批量下载 xray\Xray-core\v25.7.24\Xray-linux-s390x.zip        | LOCAL=ad61db31731c83d7531077c430d64c233edfb4d5d9a7f9f299296ca4cea923f6 REMOTE=ad61db31731c83d7531077c430d64c233edfb4d5d9a7f9f299296ca4cea923f6
[2736/3625] Checking is OK   | E:\01.userData\ZhuoMian\Github_Releases_批量下载 xray\Xray-core\v25.7.24\Xray-macos-64.zip           | LOCAL=608296cbf24272b519045f3978d8963a0d97ed37251fcd345e792bbfc1a7c25c REMOTE=608296cbf24272b519045f3978d8963a0d97ed37251fcd345e792bbfc1a7c25c
[2737/3625] Checking is OK   | E:\01.userData\ZhuoMian\Github_Releases_批量下载 xray\Xray-core\v25.7.24\Xray-macos-arm64-v8a.zip    | LOCAL=8f26fc3e80d9812ba4b2d65caa29fa1f93386406744c44ceec89b51a343b9101 REMOTE=8f26fc3e80d9812ba4b2d65caa29fa1f93386406744c44ceec89b51a343b9101
[2738/3625] Checking is OK   | E:\01.userData\ZhuoMian\Github_Releases_批量下载 xray\Xray-core\v25.7.24\Xray-openbsd-32.zip         | LOCAL=51a1c64bb67a1f89dfd1ed2c65731b1ab54eaea681c68fba8838e4a938f14e56 REMOTE=51a1c64bb67a1f89dfd1ed2c65731b1ab54eaea681c68fba8838e4a938f14e56
[2739/3625] Checking is OK   | E:\01.userData\ZhuoMian\Github_Releases_批量下载 xray\Xray-core\v25.7.24\Xray-openbsd-64.zip         | LOCAL=1b4c2a1c545d3f176bc57ef146cd8662c2d29972f7470d79e9eb4e78d4b8a56c REMOTE=1b4c2a1c545d3f176bc57ef146cd8662c2d29972f7470d79e9eb4e78d4b8a56c
[2740/3625] Checking is OK   | E:\01.userData\ZhuoMian\Github_Releases_批量下载 xray\Xray-core\v25.7.24\Xray-openbsd-arm32-v7a.zip  | LOCAL=e7e80a6c565711f7bbf9914f62b5aea86d8c0b87951e6a4e8bb93ca2ebd2584e REMOTE=e7e80a6c565711f7bbf9914f62b5aea86d8c0b87951e6a4e8bb93ca2ebd2584e
[2741/3625] Checking is OK   | E:\01.userData\ZhuoMian\Github_Releases_批量下载 xray\Xray-core\v25.7.24\Xray-openbsd-arm64-v8a.zip  | LOCAL=e624309cdbf3e62e1b13a194fccbaa424e8d001626492c0cecb60b4a52c7149c REMOTE=e624309cdbf3e62e1b13a194fccbaa424e8d001626492c0cecb60b4a52c7149c
[2742/3625] Checking is OK   | E:\01.userData\ZhuoMian\Github_Releases_批量下载 xray\Xray-core\v25.7.24\Xray-win7-32.zip            | LOCAL=872b3297524831b7ee463c05e557cc37f46e8cb0faf190240453820a1f138408 REMOTE=872b3297524831b7ee463c05e557cc37f46e8cb0faf190240453820a1f138408
[2743/3625] Checking is OK   | E:\01.userData\ZhuoMian\Github_Releases_批量下载 xray\Xray-core\v25.7.24\Xray-win7-64.zip            | LOCAL=30ac3019f74f99e8529c95b38a3e1e390ff535ecf314ed434ea8b75916710990 REMOTE=30ac3019f74f99e8529c95b38a3e1e390ff535ecf314ed434ea8b75916710990
[2744/3625] Checking is OK   | E:\01.userData\ZhuoMian\Github_Releases_批量下载 xray\Xray-core\v25.7.24\Xray-windows-32.zip         | LOCAL=bd59102118d3852c3e1b49921f43c50be2e0c8ff1a42641d23fb868da1d89a77 REMOTE=bd59102118d3852c3e1b49921f43c50be2e0c8ff1a42641d23fb868da1d89a77
[2745/3625] Checking is OK   | E:\01.userData\ZhuoMian\Github_Releases_批量下载 xray\Xray-core\v25.7.24\Xray-windows-64.zip         | LOCAL=de843f1b50537032a919888e5cfdf82462147ee2e682799d9015cbb7e1ef2c44 REMOTE=de843f1b50537032a919888e5cfdf82462147ee2e682799d9015cbb7e1ef2c44
[2746/3625] Checking is OK   | E:\01.userData\ZhuoMian\Github_Releases_批量下载 xray\Xray-core\v25.7.24\Xray-windows-arm32-v7a.zip  | LOCAL=72e9cfd08747bb399bc1d28267da4b036ed05d9929497e1567ca3bfe6f84fd40 REMOTE=72e9cfd08747bb399bc1d28267da4b036ed05d9929497e1567ca3bfe6f84fd40
[2747/3625] Checking is OK   | E:\01.userData\ZhuoMian\Github_Releases_批量下载 xray\Xray-core\v25.7.24\Xray-windows-arm64-v8a.zip  | LOCAL=e6353a75a462b51f91ebf71271456fe4307c0ef769da6ba40aa6b50ad911aaaf REMOTE=e6353a75a462b51f91ebf71271456fe4307c0ef769da6ba40aa6b50ad911aaaf
[2748/3625] Checking is OK   | E:\01.userData\ZhuoMian\Github_Releases_批量下载 xray\Xray-core\v25.7.25\Xray-android-amd64.zip      | LOCAL=0869e12d1acceb5bf35f352d7a7be8253d3e8f80639fee86a545f37ee9c4c6f8 REMOTE=0869e12d1acceb5bf35f352d7a7be8253d3e8f80639fee86a545f37ee9c4c6f8
[2749/3625] Checking is OK   | E:\01.userData\ZhuoMian\Github_Releases_批量下载 xray\Xray-core\v25.7.25\Xray-android-arm64-v8a.zip  | LOCAL=f688c14126f516fe06de374debd70a2eff74b8317f2bea0d650aea756f55c8c9 REMOTE=f688c14126f516fe06de374debd70a2eff74b8317f2bea0d650aea756f55c8c9
[2750/3625] Checking is OK   | E:\01.userData\ZhuoMian\Github_Releases_批量下载 xray\Xray-core\v25.7.25\Xray-freebsd-32.zip         | LOCAL=3b727b6eb3312d9d9aa2400f2982aca0e95252b3f7e7685f6d01a888885f2a5c REMOTE=3b727b6eb3312d9d9aa2400f2982aca0e95252b3f7e7685f6d01a888885f2a5c
[2751/3625] Checking is OK   | E:\01.userData\ZhuoMian\Github_Releases_批量下载 xray\Xray-core\v25.7.25\Xray-freebsd-64.zip         | LOCAL=052bfd5b27ff924e5294ea213fef0d238f1a29fb4a5b0983254d272f972ff850 REMOTE=052bfd5b27ff924e5294ea213fef0d238f1a29fb4a5b0983254d272f972ff850
[2752/3625] Checking is OK   | E:\01.userData\ZhuoMian\Github_Releases_批量下载 xray\Xray-core\v25.7.25\Xray-freebsd-arm32-v7a.zip  | LOCAL=ee660619cffc3e2b1b0bb0b8fae9cac757f14af85d20c864382d3ba6634f3dc1 REMOTE=ee660619cffc3e2b1b0bb0b8fae9cac757f14af85d20c864382d3ba6634f3dc1
[2753/3625] Checking is OK   | E:\01.userData\ZhuoMian\Github_Releases_批量下载 xray\Xray-core\v25.7.25\Xray-freebsd-arm64-v8a.zip  | LOCAL=43aaa783a71d7c9a712779b4e38d25afe2e23050523a491eec74bc89c013a3f7 REMOTE=43aaa783a71d7c9a712779b4e38d25afe2e23050523a491eec74bc89c013a3f7
[2754/3625] Checking is OK   | E:\01.userData\ZhuoMian\Github_Releases_批量下载 xray\Xray-core\v25.7.25\Xray-linux-32.zip           | LOCAL=5a51dee090b7a6af6f2ece32d33d0935087ccf29cb3cf49560aa7c538344f1db REMOTE=5a51dee090b7a6af6f2ece32d33d0935087ccf29cb3cf49560aa7c538344f1db
[2755/3625] Checking is OK   | E:\01.userData\ZhuoMian\Github_Releases_批量下载 xray\Xray-core\v25.7.25\Xray-linux-64.zip           | LOCAL=c7d978d87dbc43c211600668c0fe0cbcdd2864751e6db5623d12a8b166a27263 REMOTE=c7d978d87dbc43c211600668c0fe0cbcdd2864751e6db5623d12a8b166a27263
[2756/3625] Checking is OK   | E:\01.userData\ZhuoMian\Github_Releases_批量下载 xray\Xray-core\v25.7.25\Xray-linux-arm32-v5.zip     | LOCAL=78f2eb910538f2ed97036d3cc1903cdfaaa7659ddf5d342895a7927206192689 REMOTE=78f2eb910538f2ed97036d3cc1903cdfaaa7659ddf5d342895a7927206192689
[2757/3625] Checking is OK   | E:\01.userData\ZhuoMian\Github_Releases_批量下载 xray\Xray-core\v25.7.25\Xray-linux-arm32-v6.zip     | LOCAL=7b0ea422c01525a24630868e7ab2b2d532c97f9f2c11d8823ce2b85cd1dbda28 REMOTE=7b0ea422c01525a24630868e7ab2b2d532c97f9f2c11d8823ce2b85cd1dbda28
[2758/3625] Checking is OK   | E:\01.userData\ZhuoMian\Github_Releases_批量下载 xray\Xray-core\v25.7.25\Xray-linux-arm32-v7a.zip    | LOCAL=4f6e3869e7478cc81107d6eefb44e3c5d10bc841fa2a211585adb52057ff41c0 REMOTE=4f6e3869e7478cc81107d6eefb44e3c5d10bc841fa2a211585adb52057ff41c0
[2759/3625] Checking is OK   | E:\01.userData\ZhuoMian\Github_Releases_批量下载 xray\Xray-core\v25.7.25\Xray-linux-arm64-v8a.zip    | LOCAL=fdf42ce19f2f03563af1eaf1431e84d259ecbb51480adf4bfcda8a79aef5bd8e REMOTE=fdf42ce19f2f03563af1eaf1431e84d259ecbb51480adf4bfcda8a79aef5bd8e
[2760/3625] Checking is OK   | E:\01.userData\ZhuoMian\Github_Releases_批量下载 xray\Xray-core\v25.7.25\Xray-linux-loong64.zip      | LOCAL=8164cb98531e6b924ecb1fd40e13ff7ccf45cade5d4e3f51483baab927f7ed21 REMOTE=8164cb98531e6b924ecb1fd40e13ff7ccf45cade5d4e3f51483baab927f7ed21
[2761/3625] Checking is OK   | E:\01.userData\ZhuoMian\Github_Releases_批量下载 xray\Xray-core\v25.7.25\Xray-linux-mips32.zip       | LOCAL=33db235b2fb10c5533dfc06b416123e4f75e921e6683ecac37354507fbebf29b REMOTE=33db235b2fb10c5533dfc06b416123e4f75e921e6683ecac37354507fbebf29b
[2762/3625] Checking is OK   | E:\01.userData\ZhuoMian\Github_Releases_批量下载 xray\Xray-core\v25.7.25\Xray-linux-mips32le.zip     | LOCAL=465bb29c6623827fcb913485175ad3d9ece83b3a05b8d99e4ba022fb7c2e91fd REMOTE=465bb29c6623827fcb913485175ad3d9ece83b3a05b8d99e4ba022fb7c2e91fd
[2763/3625] Checking is OK   | E:\01.userData\ZhuoMian\Github_Releases_批量下载 xray\Xray-core\v25.7.25\Xray-linux-mips64.zip       | LOCAL=10085c32eabfe9492e0e26e8f3d66a91cebde5a24007ad8d0326ecbfe3e9026b REMOTE=10085c32eabfe9492e0e26e8f3d66a91cebde5a24007ad8d0326ecbfe3e9026b
[2764/3625] Checking is OK   | E:\01.userData\ZhuoMian\Github_Releases_批量下载 xray\Xray-core\v25.7.25\Xray-linux-mips64le.zip     | LOCAL=651b365073ebe855edbb33b2983ed3acf9c9a85280580ff6b7f71d06329e8ed0 REMOTE=651b365073ebe855edbb33b2983ed3acf9c9a85280580ff6b7f71d06329e8ed0
[2765/3625] Checking is OK   | E:\01.userData\ZhuoMian\Github_Releases_批量下载 xray\Xray-core\v25.7.25\Xray-linux-ppc64.zip        | LOCAL=acc11b3d9d69fb186b33a379d3455b21b18a0bc6a8d23a897f5af9b7886fc73c REMOTE=acc11b3d9d69fb186b33a379d3455b21b18a0bc6a8d23a897f5af9b7886fc73c
[2766/3625] Checking is OK   | E:\01.userData\ZhuoMian\Github_Releases_批量下载 xray\Xray-core\v25.7.25\Xray-linux-ppc64le.zip      | LOCAL=be135b0c9291c128a7ecdc70d3514538358b6322b0f0b3c49278b4206ffa46dc REMOTE=be135b0c9291c128a7ecdc70d3514538358b6322b0f0b3c49278b4206ffa46dc
[2767/3625] Checking is OK   | E:\01.userData\ZhuoMian\Github_Releases_批量下载 xray\Xray-core\v25.7.25\Xray-linux-riscv64.zip      | LOCAL=be1a24773d8e701c05551e3110c21498fe2347749ecd7457fafcf30a32820fa2 REMOTE=be1a24773d8e701c05551e3110c21498fe2347749ecd7457fafcf30a32820fa2
[2768/3625] Checking is OK   | E:\01.userData\ZhuoMian\Github_Releases_批量下载 xray\Xray-core\v25.7.25\Xray-linux-s390x.zip        | LOCAL=16d395f05f733e3dde5de819c5bedaa8afb0af0fffbadd48e9d3cff7423d7145 REMOTE=16d395f05f733e3dde5de819c5bedaa8afb0af0fffbadd48e9d3cff7423d7145
[2769/3625] Checking is OK   | E:\01.userData\ZhuoMian\Github_Releases_批量下载 xray\Xray-core\v25.7.25\Xray-macos-64.zip           | LOCAL=318729c2f4482ff1909b2523b819971ef3ecfec33562ce2d6d657027a201fe30 REMOTE=318729c2f4482ff1909b2523b819971ef3ecfec33562ce2d6d657027a201fe30
[2770/3625] Checking is OK   | E:\01.userData\ZhuoMian\Github_Releases_批量下载 xray\Xray-core\v25.7.25\Xray-macos-arm64-v8a.zip    | LOCAL=90a31375bcc020745e8d7a92e8641b1443b8959c6e592fdda97d20876dec6634 REMOTE=90a31375bcc020745e8d7a92e8641b1443b8959c6e592fdda97d20876dec6634
[2771/3625] Checking is OK   | E:\01.userData\ZhuoMian\Github_Releases_批量下载 xray\Xray-core\v25.7.25\Xray-openbsd-32.zip         | LOCAL=e364f96e410aaf90b79eda4cf48f19d95980f7f0bb99754d15c27ce41efde307 REMOTE=e364f96e410aaf90b79eda4cf48f19d95980f7f0bb99754d15c27ce41efde307
[2772/3625] Checking is OK   | E:\01.userData\ZhuoMian\Github_Releases_批量下载 xray\Xray-core\v25.7.25\Xray-openbsd-arm32-v7a.zip  | LOCAL=366569d30b2980c8a55f4e0b49aea569393fe58ef2c3ec23c10dc2b3c8c78654 REMOTE=366569d30b2980c8a55f4e0b49aea569393fe58ef2c3ec23c10dc2b3c8c78654
[2773/3625] Checking is OK   | E:\01.userData\ZhuoMian\Github_Releases_批量下载 xray\Xray-core\v25.7.25\Xray-openbsd-arm64-v8a.zip  | LOCAL=6bf16e9c27c371a53d48d3262bb03c1da0a1dd22c4d45fe91c0f56f0d0dbf1e0 REMOTE=6bf16e9c27c371a53d48d3262bb03c1da0a1dd22c4d45fe91c0f56f0d0dbf1e0
[2774/3625] Checking is OK   | E:\01.userData\ZhuoMian\Github_Releases_批量下载 xray\Xray-core\v25.7.25\Xray-win7-32.zip            | LOCAL=de4f3fe0b832046bbb5547eb31233c062c0379ebb267ea6b5978bcc4767843b6 REMOTE=de4f3fe0b832046bbb5547eb31233c062c0379ebb267ea6b5978bcc4767843b6
[2775/3625] Checking is OK   | E:\01.userData\ZhuoMian\Github_Releases_批量下载 xray\Xray-core\v25.7.25\Xray-win7-64.zip            | LOCAL=48de386567d102f8d2af6295a0599612ceb2222ed5e023a1f48cd2a26bd4affb REMOTE=48de386567d102f8d2af6295a0599612ceb2222ed5e023a1f48cd2a26bd4affb
[2776/3625] Checking is OK   | E:\01.userData\ZhuoMian\Github_Releases_批量下载 xray\Xray-core\v25.7.25\Xray-windows-32.zip         | LOCAL=9094787305390915a7265f9042c524140af6c6e11caa3f68a12ca6df5cd14c5e REMOTE=9094787305390915a7265f9042c524140af6c6e11caa3f68a12ca6df5cd14c5e
[2777/3625] Checking is OK   | E:\01.userData\ZhuoMian\Github_Releases_批量下载 xray\Xray-core\v25.7.25\Xray-windows-64.zip         | LOCAL=18b3f6ddd3786db047b54129fba8e6969707b0ffe309881749b93b4abbcb57ea REMOTE=18b3f6ddd3786db047b54129fba8e6969707b0ffe309881749b93b4abbcb57ea
[2778/3625] Checking is OK   | E:\01.userData\ZhuoMian\Github_Releases_批量下载 xray\Xray-core\v25.7.25\Xray-windows-arm32-v7a.zip  | LOCAL=583ecd04fee7c8267698b2309cb7bd6b7f54da4a8638676f6d953efa13eac6f6 REMOTE=583ecd04fee7c8267698b2309cb7bd6b7f54da4a8638676f6d953efa13eac6f6
[2779/3625] Checking is OK   | E:\01.userData\ZhuoMian\Github_Releases_批量下载 xray\Xray-core\v25.7.25\Xray-windows-arm64-v8a.zip  | LOCAL=72489d02dff0b781f0deca9fe9b93cbe57b0925d2a422a3b485966ad52cf4645 REMOTE=72489d02dff0b781f0deca9fe9b93cbe57b0925d2a422a3b485966ad52cf4645
[2780/3625] Checking is OK   | E:\01.userData\ZhuoMian\Github_Releases_批量下载 xray\Xray-core\v25.7.26\Xray-android-amd64.zip      | LOCAL=4dfc71d28bbe0bf2d2473df6e405af549e9f7e9f6ebbf9b1c061152f86ae2e31 REMOTE=4dfc71d28bbe0bf2d2473df6e405af549e9f7e9f6ebbf9b1c061152f86ae2e31
[2781/3625] Checking is OK   | E:\01.userData\ZhuoMian\Github_Releases_批量下载 xray\Xray-core\v25.7.26\Xray-android-arm64-v8a.zip  | LOCAL=647254ff6451bd2155496f020bb256ec6fdab6609db1d64dda18b69726988861 REMOTE=647254ff6451bd2155496f020bb256ec6fdab6609db1d64dda18b69726988861
[2782/3625] Checking is OK   | E:\01.userData\ZhuoMian\Github_Releases_批量下载 xray\Xray-core\v25.7.26\Xray-freebsd-32.zip         | LOCAL=d974b0c9f44394f3efd52c160bb32954ffdfd01658c0eed08fff5a73d9dd24ff REMOTE=d974b0c9f44394f3efd52c160bb32954ffdfd01658c0eed08fff5a73d9dd24ff
[2783/3625] Checking is OK   | E:\01.userData\ZhuoMian\Github_Releases_批量下载 xray\Xray-core\v25.7.26\Xray-freebsd-64.zip         | LOCAL=3783e60ad47452f22701b1a55c7cc1e90fa4cde27e8cb4066b02946cf37b1d12 REMOTE=3783e60ad47452f22701b1a55c7cc1e90fa4cde27e8cb4066b02946cf37b1d12
[2784/3625] Checking is OK   | E:\01.userData\ZhuoMian\Github_Releases_批量下载 xray\Xray-core\v25.7.26\Xray-freebsd-arm32-v7a.zip  | LOCAL=37f62dc5b5c63e778322e7f1041e2e8e8c26c07d9d85575cda23d7d029baef0e REMOTE=37f62dc5b5c63e778322e7f1041e2e8e8c26c07d9d85575cda23d7d029baef0e
[2785/3625] Checking is OK   | E:\01.userData\ZhuoMian\Github_Releases_批量下载 xray\Xray-core\v25.7.26\Xray-freebsd-arm64-v8a.zip  | LOCAL=5f98a4f15c1b33d7eb7535988af9e41f058f1b497569cdea42edf09a8774e4c3 REMOTE=5f98a4f15c1b33d7eb7535988af9e41f058f1b497569cdea42edf09a8774e4c3
[2786/3625] Checking is OK   | E:\01.userData\ZhuoMian\Github_Releases_批量下载 xray\Xray-core\v25.7.26\Xray-linux-32.zip           | LOCAL=699f70590aafc4d6629106e5ed105540dd76f79905b24100f421667e49a70378 REMOTE=699f70590aafc4d6629106e5ed105540dd76f79905b24100f421667e49a70378
[2787/3625] Checking is OK   | E:\01.userData\ZhuoMian\Github_Releases_批量下载 xray\Xray-core\v25.7.26\Xray-linux-64.zip           | LOCAL=6e7116919560dc3dd744b44076b3c08d07326657614153f06a0a6e5a5cfce008 REMOTE=6e7116919560dc3dd744b44076b3c08d07326657614153f06a0a6e5a5cfce008
[2788/3625] Checking is OK   | E:\01.userData\ZhuoMian\Github_Releases_批量下载 xray\Xray-core\v25.7.26\Xray-linux-arm32-v5.zip     | LOCAL=ef5928f3044fe7af739665dd445bc5a7e025e9a0f1128fe496fe48c0ec8716e2 REMOTE=ef5928f3044fe7af739665dd445bc5a7e025e9a0f1128fe496fe48c0ec8716e2
[2789/3625] Checking is OK   | E:\01.userData\ZhuoMian\Github_Releases_批量下载 xray\Xray-core\v25.7.26\Xray-linux-arm32-v6.zip     | LOCAL=df8063b6f48721ef2edfc573c52ad10e77aebfb39517496028d3cf519c08c9c9 REMOTE=df8063b6f48721ef2edfc573c52ad10e77aebfb39517496028d3cf519c08c9c9
[2790/3625] Checking is OK   | E:\01.userData\ZhuoMian\Github_Releases_批量下载 xray\Xray-core\v25.7.26\Xray-linux-arm32-v7a.zip    | LOCAL=e752c8a6f8059f89380b1e2e52f7823d2d9aedd92f8ebec2bbfba9fe41e7f985 REMOTE=e752c8a6f8059f89380b1e2e52f7823d2d9aedd92f8ebec2bbfba9fe41e7f985
[2791/3625] Checking is OK   | E:\01.userData\ZhuoMian\Github_Releases_批量下载 xray\Xray-core\v25.7.26\Xray-linux-arm64-v8a.zip    | LOCAL=d808e3da9a0551b927a05c20e20424238305ca9ae043ceeed99189c46604defd REMOTE=d808e3da9a0551b927a05c20e20424238305ca9ae043ceeed99189c46604defd
[2792/3625] Checking is OK   | E:\01.userData\ZhuoMian\Github_Releases_批量下载 xray\Xray-core\v25.7.26\Xray-linux-loong64.zip      | LOCAL=856726b33850462a15027c882cf223b661705333069a89834c4ce53041d9523b REMOTE=856726b33850462a15027c882cf223b661705333069a89834c4ce53041d9523b
[2793/3625] Checking is OK   | E:\01.userData\ZhuoMian\Github_Releases_批量下载 xray\Xray-core\v25.7.26\Xray-linux-mips32.zip       | LOCAL=de16e06f06b81157cc5bd6b5d55c78e45c307c5395be6c08602cc5f1f11a374b REMOTE=de16e06f06b81157cc5bd6b5d55c78e45c307c5395be6c08602cc5f1f11a374b
[2794/3625] Checking is OK   | E:\01.userData\ZhuoMian\Github_Releases_批量下载 xray\Xray-core\v25.7.26\Xray-linux-mips32le.zip     | LOCAL=15f538cfb5dfab3cfb5fee786afb44b6d95d1f217c8acaa479d3b29bf8decf09 REMOTE=15f538cfb5dfab3cfb5fee786afb44b6d95d1f217c8acaa479d3b29bf8decf09
[2795/3625] Checking is OK   | E:\01.userData\ZhuoMian\Github_Releases_批量下载 xray\Xray-core\v25.7.26\Xray-linux-mips64.zip       | LOCAL=4da8162c103d0c40e75621c850e9b2156a93348d60940d9466ee49b0501170ad REMOTE=4da8162c103d0c40e75621c850e9b2156a93348d60940d9466ee49b0501170ad
[2796/3625] Checking is OK   | E:\01.userData\ZhuoMian\Github_Releases_批量下载 xray\Xray-core\v25.7.26\Xray-linux-mips64le.zip     | LOCAL=78ebab9665883a7f46927886bf3fe026e803c1f056b15f9859434f37e9b74944 REMOTE=78ebab9665883a7f46927886bf3fe026e803c1f056b15f9859434f37e9b74944
[2797/3625] Checking is OK   | E:\01.userData\ZhuoMian\Github_Releases_批量下载 xray\Xray-core\v25.7.26\Xray-linux-ppc64.zip        | LOCAL=25dacd5899d35f6da061991e1d12aa6de48cc52eb63a639a01d10e5b1c1f0cb2 REMOTE=25dacd5899d35f6da061991e1d12aa6de48cc52eb63a639a01d10e5b1c1f0cb2
[2798/3625] Checking is OK   | E:\01.userData\ZhuoMian\Github_Releases_批量下载 xray\Xray-core\v25.7.26\Xray-linux-ppc64le.zip      | LOCAL=ea5aa7f82794237d9424b275e17d6ab3325dd10012f1b03b267e2a234f443355 REMOTE=ea5aa7f82794237d9424b275e17d6ab3325dd10012f1b03b267e2a234f443355
[2799/3625] Checking is OK   | E:\01.userData\ZhuoMian\Github_Releases_批量下载 xray\Xray-core\v25.7.26\Xray-linux-riscv64.zip      | LOCAL=fb46f070e83b6b6e49b6b7ee6b9d1a20e6f63b88b4a2457f96d36866ec3358f1 REMOTE=fb46f070e83b6b6e49b6b7ee6b9d1a20e6f63b88b4a2457f96d36866ec3358f1
[2800/3625] Checking is OK   | E:\01.userData\ZhuoMian\Github_Releases_批量下载 xray\Xray-core\v25.7.26\Xray-linux-s390x.zip        | LOCAL=4c593c6834e5b01dd27d659e20bf4e33d4b34e6745b60e336e50f41eab0cbe06 REMOTE=4c593c6834e5b01dd27d659e20bf4e33d4b34e6745b60e336e50f41eab0cbe06
[2801/3625] Checking is OK   | E:\01.userData\ZhuoMian\Github_Releases_批量下载 xray\Xray-core\v25.7.26\Xray-macos-64.zip           | LOCAL=bf9cb9f27505f5a784a4168c6a81dc9544a65ce0b56ef647d9563ca47c33f9db REMOTE=bf9cb9f27505f5a784a4168c6a81dc9544a65ce0b56ef647d9563ca47c33f9db
[2802/3625] Checking is OK   | E:\01.userData\ZhuoMian\Github_Releases_批量下载 xray\Xray-core\v25.7.26\Xray-macos-arm64-v8a.zip    | LOCAL=a9fc35c9f2b3fb75cde0a91cf155c7badd65fc2d1ec2bcbbb6fc3477ae8e04f6 REMOTE=a9fc35c9f2b3fb75cde0a91cf155c7badd65fc2d1ec2bcbbb6fc3477ae8e04f6
[2803/3625] Checking is OK   | E:\01.userData\ZhuoMian\Github_Releases_批量下载 xray\Xray-core\v25.7.26\Xray-openbsd-32.zip         | LOCAL=2447de80f1f6c8a34ed0f68fe711d68fa6251ab10f4cf88f3f704e8b65aac70e REMOTE=2447de80f1f6c8a34ed0f68fe711d68fa6251ab10f4cf88f3f704e8b65aac70e
[2804/3625] Checking is OK   | E:\01.userData\ZhuoMian\Github_Releases_批量下载 xray\Xray-core\v25.7.26\Xray-openbsd-64.zip         | LOCAL=972e49cefe3a32fbf1e9b32fb71ef91c5e50564543815f25f29bc6972b144863 REMOTE=972e49cefe3a32fbf1e9b32fb71ef91c5e50564543815f25f29bc6972b144863
[2805/3625] Checking is OK   | E:\01.userData\ZhuoMian\Github_Releases_批量下载 xray\Xray-core\v25.7.26\Xray-openbsd-arm32-v7a.zip  | LOCAL=c6e3ae6a2e33f0fbfb1163323b9930c3e153869fe57ef8e37d372a1ff366db7c REMOTE=c6e3ae6a2e33f0fbfb1163323b9930c3e153869fe57ef8e37d372a1ff366db7c
[2806/3625] Checking is OK   | E:\01.userData\ZhuoMian\Github_Releases_批量下载 xray\Xray-core\v25.7.26\Xray-openbsd-arm64-v8a.zip  | LOCAL=923fc46ec23d022c1a493f79c0376bfb36a3d1aff37743bf58fa2ee3aa978846 REMOTE=923fc46ec23d022c1a493f79c0376bfb36a3d1aff37743bf58fa2ee3aa978846
[2807/3625] Checking is OK   | E:\01.userData\ZhuoMian\Github_Releases_批量下载 xray\Xray-core\v25.7.26\Xray-win7-32.zip            | LOCAL=0b4b88c1400e03b5be7af525dcafb595ebb6e630d0d7fb4f3ffbefb463db6b64 REMOTE=0b4b88c1400e03b5be7af525dcafb595ebb6e630d0d7fb4f3ffbefb463db6b64
[2808/3625] Checking is OK   | E:\01.userData\ZhuoMian\Github_Releases_批量下载 xray\Xray-core\v25.7.26\Xray-win7-64.zip            | LOCAL=bf93d1aa076c12f0705657cbc65776c62d9236366fcd573d4378c56c1e6bf89a REMOTE=bf93d1aa076c12f0705657cbc65776c62d9236366fcd573d4378c56c1e6bf89a
[2809/3625] Checking is OK   | E:\01.userData\ZhuoMian\Github_Releases_批量下载 xray\Xray-core\v25.7.26\Xray-windows-32.zip         | LOCAL=571b58ff273a5e2b3b5c336c2e1f031ac37bb4f87984192e1716ffd42a98eb51 REMOTE=571b58ff273a5e2b3b5c336c2e1f031ac37bb4f87984192e1716ffd42a98eb51
[2810/3625] Checking is OK   | E:\01.userData\ZhuoMian\Github_Releases_批量下载 xray\Xray-core\v25.7.26\Xray-windows-64.zip         | LOCAL=2ced81125b4022ad1ef7e3d0236000d0f4bc17d2d6cc6d7cf30e5c0563b58a9e REMOTE=2ced81125b4022ad1ef7e3d0236000d0f4bc17d2d6cc6d7cf30e5c0563b58a9e
[2811/3625] Checking is OK   | E:\01.userData\ZhuoMian\Github_Releases_批量下载 xray\Xray-core\v25.7.26\Xray-windows-arm32-v7a.zip  | LOCAL=8f188a723de1363d6483d766b00c3b1f99110f23a705928fcffdcc1533da4a26 REMOTE=8f188a723de1363d6483d766b00c3b1f99110f23a705928fcffdcc1533da4a26
[2812/3625] Checking is OK   | E:\01.userData\ZhuoMian\Github_Releases_批量下载 xray\Xray-core\v25.7.26\Xray-windows-arm64-v8a.zip  | LOCAL=34a78e3e988472c857b419d7d72f16c6d2035974da47261552411d5c65f1ebc4 REMOTE=34a78e3e988472c857b419d7d72f16c6d2035974da47261552411d5c65f1ebc4
[2813/3625] Checking is OK   | E:\01.userData\ZhuoMian\Github_Releases_批量下载 xray\Xray-core\v25.8.29\Xray-android-amd64.zip      | LOCAL=f8bf99b9f0bb1f0a4fcd047e12ec04882357527c1b90b85ead7806ff84ae788d REMOTE=f8bf99b9f0bb1f0a4fcd047e12ec04882357527c1b90b85ead7806ff84ae788d
[2814/3625] Checking is OK   | E:\01.userData\ZhuoMian\Github_Releases_批量下载 xray\Xray-core\v25.8.29\Xray-android-arm64-v8a.zip  | LOCAL=2a635faed15c6917c29009fd207e2e036c07d1a14ed35f00e3fe970f237d75f1 REMOTE=2a635faed15c6917c29009fd207e2e036c07d1a14ed35f00e3fe970f237d75f1
[2815/3625] Checking is OK   | E:\01.userData\ZhuoMian\Github_Releases_批量下载 xray\Xray-core\v25.8.29\Xray-freebsd-32.zip         | LOCAL=4b3604e174126284b1fb2286a7a652a2a860eedd38f7d96b14248668d1d444e2 REMOTE=4b3604e174126284b1fb2286a7a652a2a860eedd38f7d96b14248668d1d444e2
[2816/3625] Checking is OK   | E:\01.userData\ZhuoMian\Github_Releases_批量下载 xray\Xray-core\v25.8.29\Xray-freebsd-64.zip         | LOCAL=5242b9e0f9ec9a897183c5aed60b6f27937a726ba415b55da1bba9d49738cda2 REMOTE=5242b9e0f9ec9a897183c5aed60b6f27937a726ba415b55da1bba9d49738cda2
[2817/3625] Checking is OK   | E:\01.userData\ZhuoMian\Github_Releases_批量下载 xray\Xray-core\v25.8.29\Xray-freebsd-arm32-v7a.zip  | LOCAL=f58eec9c2d3677d20cfab1c0eaadcf994a551a9189366ec0081aa157dfdb7105 REMOTE=f58eec9c2d3677d20cfab1c0eaadcf994a551a9189366ec0081aa157dfdb7105
[2818/3625] Checking is OK   | E:\01.userData\ZhuoMian\Github_Releases_批量下载 xray\Xray-core\v25.8.29\Xray-freebsd-arm64-v8a.zip  | LOCAL=e605c024e9a1ee8a721ab29881f4c78cce99e56225ed5caf40ddb87f2ee249d7 REMOTE=e605c024e9a1ee8a721ab29881f4c78cce99e56225ed5caf40ddb87f2ee249d7
[2819/3625] Checking is OK   | E:\01.userData\ZhuoMian\Github_Releases_批量下载 xray\Xray-core\v25.8.29\Xray-linux-32.zip           | LOCAL=24bc8aab5427793556cbcb626f40102e48d69cb71936972944d6869e4ccf1256 REMOTE=24bc8aab5427793556cbcb626f40102e48d69cb71936972944d6869e4ccf1256
[2820/3625] Checking is OK   | E:\01.userData\ZhuoMian\Github_Releases_批量下载 xray\Xray-core\v25.8.29\Xray-linux-64.zip           | LOCAL=19cb6e45f5974032c81880423b85a4a04dffdbdf6b26367f4330b28e620a020a REMOTE=19cb6e45f5974032c81880423b85a4a04dffdbdf6b26367f4330b28e620a020a
[2821/3625] Checking is OK   | E:\01.userData\ZhuoMian\Github_Releases_批量下载 xray\Xray-core\v25.8.29\Xray-linux-arm32-v5.zip     | LOCAL=2c0923a4aa3b7bfc62609687e9e919cdf184ccb810b1eabd11219dcf37ab49b6 REMOTE=2c0923a4aa3b7bfc62609687e9e919cdf184ccb810b1eabd11219dcf37ab49b6
[2822/3625] Checking is OK   | E:\01.userData\ZhuoMian\Github_Releases_批量下载 xray\Xray-core\v25.8.29\Xray-linux-arm32-v6.zip     | LOCAL=4084f6673c93eccb9e7a085f1a930c346919667374d50c6ae840b9ba51c0000d REMOTE=4084f6673c93eccb9e7a085f1a930c346919667374d50c6ae840b9ba51c0000d
[2823/3625] Checking is OK   | E:\01.userData\ZhuoMian\Github_Releases_批量下载 xray\Xray-core\v25.8.29\Xray-linux-arm32-v7a.zip    | LOCAL=6460457e2dac9f0373c871c8b8e089815fb0e3f9508a52d52816e585b7b735e4 REMOTE=6460457e2dac9f0373c871c8b8e089815fb0e3f9508a52d52816e585b7b735e4
[2824/3625] Checking is OK   | E:\01.userData\ZhuoMian\Github_Releases_批量下载 xray\Xray-core\v25.8.29\Xray-linux-arm64-v8a.zip    | LOCAL=94374589c7208e4531022e406cdaefc1c875697c458f558a1bfbc34235ea6ba9 REMOTE=94374589c7208e4531022e406cdaefc1c875697c458f558a1bfbc34235ea6ba9
[2825/3625] Checking is OK   | E:\01.userData\ZhuoMian\Github_Releases_批量下载 xray\Xray-core\v25.8.29\Xray-linux-loong64.zip      | LOCAL=36c1722c94de747d4ccb24f1e2cf1419f9cafeb5a74a5a7e339de85ff712d285 REMOTE=36c1722c94de747d4ccb24f1e2cf1419f9cafeb5a74a5a7e339de85ff712d285
[2826/3625] Checking is OK   | E:\01.userData\ZhuoMian\Github_Releases_批量下载 xray\Xray-core\v25.8.29\Xray-linux-mips32.zip       | LOCAL=aafe7643f32c20c6273957a101e73af946e528027ebf6e2bf44b57e25a359269 REMOTE=aafe7643f32c20c6273957a101e73af946e528027ebf6e2bf44b57e25a359269
[2827/3625] Checking is OK   | E:\01.userData\ZhuoMian\Github_Releases_批量下载 xray\Xray-core\v25.8.29\Xray-linux-mips32le.zip     | LOCAL=9ee9315966fadfb4fae806f05bd8b81cfebd13285a238970406fd481e9879657 REMOTE=9ee9315966fadfb4fae806f05bd8b81cfebd13285a238970406fd481e9879657
[2828/3625] Checking is OK   | E:\01.userData\ZhuoMian\Github_Releases_批量下载 xray\Xray-core\v25.8.29\Xray-linux-mips64.zip       | LOCAL=b844a3bfc642f627c79a0487c7b19589039850bad4d49e44705f3babb7de1e11 REMOTE=b844a3bfc642f627c79a0487c7b19589039850bad4d49e44705f3babb7de1e11
[2829/3625] Checking is OK   | E:\01.userData\ZhuoMian\Github_Releases_批量下载 xray\Xray-core\v25.8.29\Xray-linux-mips64le.zip     | LOCAL=b2a98a6be737d54db73c999b98ffe80bb1cd39532675e6f442fc018c13fd5d2f REMOTE=b2a98a6be737d54db73c999b98ffe80bb1cd39532675e6f442fc018c13fd5d2f
[2830/3625] Checking is OK   | E:\01.userData\ZhuoMian\Github_Releases_批量下载 xray\Xray-core\v25.8.29\Xray-linux-ppc64.zip        | LOCAL=a383f1f5c5751ee8b3caebd422f5de2a1f485b447678a5ad8828006afe58a8ca REMOTE=a383f1f5c5751ee8b3caebd422f5de2a1f485b447678a5ad8828006afe58a8ca
[2831/3625] Checking is OK   | E:\01.userData\ZhuoMian\Github_Releases_批量下载 xray\Xray-core\v25.8.29\Xray-linux-ppc64le.zip      | LOCAL=ae53552e51d88b364725d5a752ba94feba97c4bf7df0438f19f18940d567d56d REMOTE=ae53552e51d88b364725d5a752ba94feba97c4bf7df0438f19f18940d567d56d
[2832/3625] Checking is OK   | E:\01.userData\ZhuoMian\Github_Releases_批量下载 xray\Xray-core\v25.8.29\Xray-linux-riscv64.zip      | LOCAL=00317cb7439cdfca0f3f76acf57c717e3354959a712d7aa75fb2c0f1726d33d8 REMOTE=00317cb7439cdfca0f3f76acf57c717e3354959a712d7aa75fb2c0f1726d33d8
[2833/3625] Checking is OK   | E:\01.userData\ZhuoMian\Github_Releases_批量下载 xray\Xray-core\v25.8.29\Xray-linux-s390x.zip        | LOCAL=6ad468a1c3343da5422ebaee9feb49652cdfcd136eaa4f7e2ac00073e3f64af0 REMOTE=6ad468a1c3343da5422ebaee9feb49652cdfcd136eaa4f7e2ac00073e3f64af0
[2834/3625] Checking is OK   | E:\01.userData\ZhuoMian\Github_Releases_批量下载 xray\Xray-core\v25.8.29\Xray-macos-64.zip           | LOCAL=b044c0545735155995cf5c32f1de7fbd4cda08f806937846b94dc2cd850353ad REMOTE=b044c0545735155995cf5c32f1de7fbd4cda08f806937846b94dc2cd850353ad
[2835/3625] Checking is OK   | E:\01.userData\ZhuoMian\Github_Releases_批量下载 xray\Xray-core\v25.8.29\Xray-macos-arm64-v8a.zip    | LOCAL=895d878d30379b247841745ee428aaf3720767de91fe62f68a5854720547eb19 REMOTE=895d878d30379b247841745ee428aaf3720767de91fe62f68a5854720547eb19
[2836/3625] Checking is OK   | E:\01.userData\ZhuoMian\Github_Releases_批量下载 xray\Xray-core\v25.8.29\Xray-openbsd-32.zip         | LOCAL=91daf689c9a730a76bd1621660902cdb6213ca9660ffe7801033a96d63e3d373 REMOTE=91daf689c9a730a76bd1621660902cdb6213ca9660ffe7801033a96d63e3d373
[2837/3625] Checking is OK   | E:\01.userData\ZhuoMian\Github_Releases_批量下载 xray\Xray-core\v25.8.29\Xray-openbsd-64.zip         | LOCAL=2da1e9e5a369e5a2f932f36609e2b3793163006145939e9554c89db9a045b6ab REMOTE=2da1e9e5a369e5a2f932f36609e2b3793163006145939e9554c89db9a045b6ab
[2838/3625] Checking is OK   | E:\01.userData\ZhuoMian\Github_Releases_批量下载 xray\Xray-core\v25.8.29\Xray-openbsd-arm32-v7a.zip  | LOCAL=6d3a1b7c9f2ff413db0efd5991f8f20d31ed0bf7842cc8e628f8e98a438ed0b8 REMOTE=6d3a1b7c9f2ff413db0efd5991f8f20d31ed0bf7842cc8e628f8e98a438ed0b8
[2839/3625] Checking is OK   | E:\01.userData\ZhuoMian\Github_Releases_批量下载 xray\Xray-core\v25.8.29\Xray-openbsd-arm64-v8a.zip  | LOCAL=38f79b1dbb78360a7f3aea1ea4c5fce99424054337210464054a86462a16060d REMOTE=38f79b1dbb78360a7f3aea1ea4c5fce99424054337210464054a86462a16060d
[2840/3625] Checking is OK   | E:\01.userData\ZhuoMian\Github_Releases_批量下载 xray\Xray-core\v25.8.29\Xray-win7-32.zip            | LOCAL=5be1b82084d0b7e5f6a4465b564efff11aabb6cb5d5d56031b4efa4f2849ad00 REMOTE=5be1b82084d0b7e5f6a4465b564efff11aabb6cb5d5d56031b4efa4f2849ad00
[2841/3625] Checking is OK   | E:\01.userData\ZhuoMian\Github_Releases_批量下载 xray\Xray-core\v25.8.29\Xray-win7-64.zip            | LOCAL=749fb3cea2ae5f0f7c0bdfa5dac710dcf6498c384590695d804216cc8233a4f8 REMOTE=749fb3cea2ae5f0f7c0bdfa5dac710dcf6498c384590695d804216cc8233a4f8
[2842/3625] Checking is OK   | E:\01.userData\ZhuoMian\Github_Releases_批量下载 xray\Xray-core\v25.8.29\Xray-windows-32.zip         | LOCAL=24cd6608ea6b998fc54deb5c5448e5aaeafd9054b8cd89fc715b47ae5d39e15a REMOTE=24cd6608ea6b998fc54deb5c5448e5aaeafd9054b8cd89fc715b47ae5d39e15a
[2843/3625] Checking is OK   | E:\01.userData\ZhuoMian\Github_Releases_批量下载 xray\Xray-core\v25.8.29\Xray-windows-64.zip         | LOCAL=6f8c79b3e6bb49b7d31420cf59e2984dc87480984921a261e28016ef17496ac9 REMOTE=6f8c79b3e6bb49b7d31420cf59e2984dc87480984921a261e28016ef17496ac9
[2844/3625] Checking is OK   | E:\01.userData\ZhuoMian\Github_Releases_批量下载 xray\Xray-core\v25.8.29\Xray-windows-arm32-v7a.zip  | LOCAL=6c713fa7322c919511eaf192db2030f655d18de484232e3f295d3302c9934636 REMOTE=6c713fa7322c919511eaf192db2030f655d18de484232e3f295d3302c9934636
[2845/3625] Checking is OK   | E:\01.userData\ZhuoMian\Github_Releases_批量下载 xray\Xray-core\v25.8.29\Xray-windows-arm64-v8a.zip  | LOCAL=a0e9ced32d4cb70d3a0810bea95964ac0869a6ae893c1ea957fae6d087f3d6d8 REMOTE=a0e9ced32d4cb70d3a0810bea95964ac0869a6ae893c1ea957fae6d087f3d6d8
[2846/3625] Checking is OK   | E:\01.userData\ZhuoMian\Github_Releases_批量下载 xray\Xray-core\v25.8.3\Xray-android-amd64.zip       | LOCAL=a450c29350f0613786690d89c6855fd17a57f8395c8d23c5eb63d17028ccba4c REMOTE=a450c29350f0613786690d89c6855fd17a57f8395c8d23c5eb63d17028ccba4c
[2847/3625] Checking is OK   | E:\01.userData\ZhuoMian\Github_Releases_批量下载 xray\Xray-core\v25.8.3\Xray-android-arm64-v8a.zip   | LOCAL=5054f538d6f8ef16bbd5942f5c5bd66a04a2f0d034a08c6a0a59ab52b107adff REMOTE=5054f538d6f8ef16bbd5942f5c5bd66a04a2f0d034a08c6a0a59ab52b107adff
[2848/3625] Checking is OK   | E:\01.userData\ZhuoMian\Github_Releases_批量下载 xray\Xray-core\v25.8.3\Xray-freebsd-32.zip          | LOCAL=838c2ee8c720a5cd0e93500f69aa2f30cf046780b2a28d8c5534ac6448f6f556 REMOTE=838c2ee8c720a5cd0e93500f69aa2f30cf046780b2a28d8c5534ac6448f6f556
[2849/3625] Checking is OK   | E:\01.userData\ZhuoMian\Github_Releases_批量下载 xray\Xray-core\v25.8.3\Xray-freebsd-64.zip          | LOCAL=79c55efbe9c4d63867a1eb34d92a8c4a5673c0b2d63445edea73ccc6d6a0490b REMOTE=79c55efbe9c4d63867a1eb34d92a8c4a5673c0b2d63445edea73ccc6d6a0490b
[2850/3625] Checking is OK   | E:\01.userData\ZhuoMian\Github_Releases_批量下载 xray\Xray-core\v25.8.3\Xray-freebsd-arm32-v7a.zip   | LOCAL=bbcb102d074b5f5c344234bae3e86eeb9e55eb12649ab0265f63cb861dc2178f REMOTE=bbcb102d074b5f5c344234bae3e86eeb9e55eb12649ab0265f63cb861dc2178f
[2851/3625] Checking is OK   | E:\01.userData\ZhuoMian\Github_Releases_批量下载 xray\Xray-core\v25.8.3\Xray-freebsd-arm64-v8a.zip   | LOCAL=8bba9365aa7016ea99c405fbcb4740b76d3222fbb8e9d399cbcdfab26c1ec564 REMOTE=8bba9365aa7016ea99c405fbcb4740b76d3222fbb8e9d399cbcdfab26c1ec564
[2852/3625] Checking is OK   | E:\01.userData\ZhuoMian\Github_Releases_批量下载 xray\Xray-core\v25.8.3\Xray-linux-32.zip            | LOCAL=d33bc5a1b429d54058da8ff32c48a1c95314f0c3ee8b7e1f08122a0eb1594c25 REMOTE=d33bc5a1b429d54058da8ff32c48a1c95314f0c3ee8b7e1f08122a0eb1594c25
[2853/3625] Checking is OK   | E:\01.userData\ZhuoMian\Github_Releases_批量下载 xray\Xray-core\v25.8.3\Xray-linux-64.zip            | LOCAL=f3f69cdccdf3443f25248f65bec0f621a7bd05c9d6fbbd5d9f064a8fce70f0fc REMOTE=f3f69cdccdf3443f25248f65bec0f621a7bd05c9d6fbbd5d9f064a8fce70f0fc
[2854/3625] Checking is OK   | E:\01.userData\ZhuoMian\Github_Releases_批量下载 xray\Xray-core\v25.8.3\Xray-linux-arm32-v5.zip      | LOCAL=8f34db1f27193ae6433b7dd74916c2c20191b58090cdce4640ca0e3f8e17fa72 REMOTE=8f34db1f27193ae6433b7dd74916c2c20191b58090cdce4640ca0e3f8e17fa72
[2855/3625] Checking is OK   | E:\01.userData\ZhuoMian\Github_Releases_批量下载 xray\Xray-core\v25.8.3\Xray-linux-arm32-v6.zip      | LOCAL=8338b622f87302150cdb89a3505fe79104b2ae27046e3f447f2c0257ad51291f REMOTE=8338b622f87302150cdb89a3505fe79104b2ae27046e3f447f2c0257ad51291f
[2856/3625] Checking is OK   | E:\01.userData\ZhuoMian\Github_Releases_批量下载 xray\Xray-core\v25.8.3\Xray-linux-arm32-v7a.zip     | LOCAL=0a26f0ada2a03216db3c47249678c5e6296e0396f5425121531b0a67f9c0a075 REMOTE=0a26f0ada2a03216db3c47249678c5e6296e0396f5425121531b0a67f9c0a075
[2857/3625] Checking is OK   | E:\01.userData\ZhuoMian\Github_Releases_批量下载 xray\Xray-core\v25.8.3\Xray-linux-arm64-v8a.zip     | LOCAL=7bcc35d375398c0df4b53ee004fb5b42402fcc0d331db5f2e6ac86cfc12b6a33 REMOTE=7bcc35d375398c0df4b53ee004fb5b42402fcc0d331db5f2e6ac86cfc12b6a33
[2858/3625] Checking is OK   | E:\01.userData\ZhuoMian\Github_Releases_批量下载 xray\Xray-core\v25.8.3\Xray-linux-loong64.zip       | LOCAL=647bb0303b0fb66b1d728f88c0dbc5830ba0bf8d8685c8e8dabd3b39f9d402f2 REMOTE=647bb0303b0fb66b1d728f88c0dbc5830ba0bf8d8685c8e8dabd3b39f9d402f2
[2859/3625] Checking is OK   | E:\01.userData\ZhuoMian\Github_Releases_批量下载 xray\Xray-core\v25.8.3\Xray-linux-mips32.zip        | LOCAL=042d9ef477baa9ee608adafd80b4fd97155214e020216146ba6910db9b9233ba REMOTE=042d9ef477baa9ee608adafd80b4fd97155214e020216146ba6910db9b9233ba
[2860/3625] Checking is OK   | E:\01.userData\ZhuoMian\Github_Releases_批量下载 xray\Xray-core\v25.8.3\Xray-linux-mips32le.zip      | LOCAL=65074b7af82bde840b6a940cfef4340ffe5f3a312433f299549aa9d22066b09d REMOTE=65074b7af82bde840b6a940cfef4340ffe5f3a312433f299549aa9d22066b09d
[2861/3625] Checking is OK   | E:\01.userData\ZhuoMian\Github_Releases_批量下载 xray\Xray-core\v25.8.3\Xray-linux-mips64.zip        | LOCAL=1b9c9b56a52c68feedd7da09999f8aeddad0faf73093cc3015a286b6127c1d42 REMOTE=1b9c9b56a52c68feedd7da09999f8aeddad0faf73093cc3015a286b6127c1d42
[2862/3625] Checking is OK   | E:\01.userData\ZhuoMian\Github_Releases_批量下载 xray\Xray-core\v25.8.3\Xray-linux-mips64le.zip      | LOCAL=7cc3006b96f0992d4a0cc5974328a15b38ab61c2b0abc7dc65acbbe2e40fa759 REMOTE=7cc3006b96f0992d4a0cc5974328a15b38ab61c2b0abc7dc65acbbe2e40fa759
[2863/3625] Checking is OK   | E:\01.userData\ZhuoMian\Github_Releases_批量下载 xray\Xray-core\v25.8.3\Xray-linux-ppc64.zip         | LOCAL=418dee00d163c005835096223e5597ea6c2ddb4b549a2097549c317c4ff80252 REMOTE=418dee00d163c005835096223e5597ea6c2ddb4b549a2097549c317c4ff80252
[2864/3625] Checking is OK   | E:\01.userData\ZhuoMian\Github_Releases_批量下载 xray\Xray-core\v25.8.3\Xray-linux-ppc64le.zip       | LOCAL=8fbe9ecfe425ec8b70f853185c35f015baf9ef2cafc43a2531ee2b58d4c22d7f REMOTE=8fbe9ecfe425ec8b70f853185c35f015baf9ef2cafc43a2531ee2b58d4c22d7f
[2865/3625] Checking is OK   | E:\01.userData\ZhuoMian\Github_Releases_批量下载 xray\Xray-core\v25.8.3\Xray-linux-riscv64.zip       | LOCAL=fe5f6a03e4f1c81229626dead13fd6854c717d038034bc121c4306a36f08983d REMOTE=fe5f6a03e4f1c81229626dead13fd6854c717d038034bc121c4306a36f08983d
[2866/3625] Checking is OK   | E:\01.userData\ZhuoMian\Github_Releases_批量下载 xray\Xray-core\v25.8.3\Xray-linux-s390x.zip         | LOCAL=a667123c46087488c522b7b18373ca6150a910c035b21ef71fe30235d72895fe REMOTE=a667123c46087488c522b7b18373ca6150a910c035b21ef71fe30235d72895fe
[2867/3625] Checking is OK   | E:\01.userData\ZhuoMian\Github_Releases_批量下载 xray\Xray-core\v25.8.3\Xray-macos-64.zip            | LOCAL=60cb704460b80449afeea2dc5c9f3ea864c60e0a897ca5be7a4c590c2fcf20e8 REMOTE=60cb704460b80449afeea2dc5c9f3ea864c60e0a897ca5be7a4c590c2fcf20e8
[2868/3625] Checking is OK   | E:\01.userData\ZhuoMian\Github_Releases_批量下载 xray\Xray-core\v25.8.3\Xray-macos-arm64-v8a.zip     | LOCAL=e665c7db644fa2e07ccd93a61202127711cc1e3e90d84ac809d041a15b88d493 REMOTE=e665c7db644fa2e07ccd93a61202127711cc1e3e90d84ac809d041a15b88d493
[2869/3625] Checking is OK   | E:\01.userData\ZhuoMian\Github_Releases_批量下载 xray\Xray-core\v25.8.3\Xray-openbsd-32.zip          | LOCAL=2d946c884c9173a539554da450487193881e15da250dc6610b3fc10144ae9732 REMOTE=2d946c884c9173a539554da450487193881e15da250dc6610b3fc10144ae9732
[2870/3625] Checking is OK   | E:\01.userData\ZhuoMian\Github_Releases_批量下载 xray\Xray-core\v25.8.3\Xray-openbsd-64.zip          | LOCAL=bef93c2458906376cb59848514c292d04f3089b692d409075553fa828c0cb21a REMOTE=bef93c2458906376cb59848514c292d04f3089b692d409075553fa828c0cb21a
[2871/3625] Checking is OK   | E:\01.userData\ZhuoMian\Github_Releases_批量下载 xray\Xray-core\v25.8.3\Xray-openbsd-arm32-v7a.zip   | LOCAL=05ba72e8feb0600a794d9dc7aa31ebdaf87dd69326a5926c8efd3dd4d8684a87 REMOTE=05ba72e8feb0600a794d9dc7aa31ebdaf87dd69326a5926c8efd3dd4d8684a87
[2872/3625] Checking is OK   | E:\01.userData\ZhuoMian\Github_Releases_批量下载 xray\Xray-core\v25.8.3\Xray-openbsd-arm64-v8a.zip   | LOCAL=27193a5b674cf907685a2183a2d9bf2e190db2b3b522728ea063c4d9d5899aed REMOTE=27193a5b674cf907685a2183a2d9bf2e190db2b3b522728ea063c4d9d5899aed
[2873/3625] Checking is OK   | E:\01.userData\ZhuoMian\Github_Releases_批量下载 xray\Xray-core\v25.8.3\Xray-win7-32.zip             | LOCAL=f77eb0cc3d65931df3e6b761fcaf3d293bf0b1f1444068f5bfdbcfda7288df83 REMOTE=f77eb0cc3d65931df3e6b761fcaf3d293bf0b1f1444068f5bfdbcfda7288df83
[2874/3625] Checking is OK   | E:\01.userData\ZhuoMian\Github_Releases_批量下载 xray\Xray-core\v25.8.3\Xray-win7-64.zip             | LOCAL=2d3388d6d2417e1fa929a1d90f0290ca4c0acce48ab3b678f8283779f526f683 REMOTE=2d3388d6d2417e1fa929a1d90f0290ca4c0acce48ab3b678f8283779f526f683
[2875/3625] Checking is OK   | E:\01.userData\ZhuoMian\Github_Releases_批量下载 xray\Xray-core\v25.8.3\Xray-windows-32.zip          | LOCAL=ece56002d089149f6f9df46030b11ea149caa33b91841924ba9ae31129452f61 REMOTE=ece56002d089149f6f9df46030b11ea149caa33b91841924ba9ae31129452f61
[2876/3625] Checking is OK   | E:\01.userData\ZhuoMian\Github_Releases_批量下载 xray\Xray-core\v25.8.3\Xray-windows-64.zip          | LOCAL=fb3298dfccac67ed8f2355096f9f67475fa6135477229886478d84f337c21bdb REMOTE=fb3298dfccac67ed8f2355096f9f67475fa6135477229886478d84f337c21bdb
[2877/3625] Checking is OK   | E:\01.userData\ZhuoMian\Github_Releases_批量下载 xray\Xray-core\v25.8.3\Xray-windows-arm32-v7a.zip   | LOCAL=d938cdfe8ae3ef5daf1d7b4c8479665f88e75b90093338aea0bb817df016751f REMOTE=d938cdfe8ae3ef5daf1d7b4c8479665f88e75b90093338aea0bb817df016751f
[2878/3625] Checking is OK   | E:\01.userData\ZhuoMian\Github_Releases_批量下载 xray\Xray-core\v25.8.3\Xray-windows-arm64-v8a.zip   | LOCAL=2716b730bb381459f1a22e00f860634b97ff326d71f46621b7bcfda710de27d2 REMOTE=2716b730bb381459f1a22e00f860634b97ff326d71f46621b7bcfda710de27d2
[2879/3625] Checking is OK   | E:\01.userData\ZhuoMian\Github_Releases_批量下载 xray\Xray-core\v25.8.31\Xray-android-amd64.zip      | LOCAL=a95a1bd67dc2713e294804aa1729fa8c62f133b50a9b3ea5f907a1e3d6bb8ab7 REMOTE=a95a1bd67dc2713e294804aa1729fa8c62f133b50a9b3ea5f907a1e3d6bb8ab7
[2880/3625] Checking is OK   | E:\01.userData\ZhuoMian\Github_Releases_批量下载 xray\Xray-core\v25.8.31\Xray-android-arm64-v8a.zip  | LOCAL=2ce26d73061d630bd60ea4c2cc0f0687a85e5b0cc998c55ebeec4ba54664b108 REMOTE=2ce26d73061d630bd60ea4c2cc0f0687a85e5b0cc998c55ebeec4ba54664b108
[2881/3625] Checking is OK   | E:\01.userData\ZhuoMian\Github_Releases_批量下载 xray\Xray-core\v25.8.31\Xray-freebsd-32.zip         | LOCAL=a778f4aad6af468c7725651af78b363ff116cd4c57b9d9f2abcc8ba4a86a65ea REMOTE=a778f4aad6af468c7725651af78b363ff116cd4c57b9d9f2abcc8ba4a86a65ea
[2882/3625] Checking is OK   | E:\01.userData\ZhuoMian\Github_Releases_批量下载 xray\Xray-core\v25.8.31\Xray-freebsd-64.zip         | LOCAL=78528e83efca119658860a64fbe0dbdfb5bdb429480c723aa8a97731367fa572 REMOTE=78528e83efca119658860a64fbe0dbdfb5bdb429480c723aa8a97731367fa572
[2883/3625] Checking is OK   | E:\01.userData\ZhuoMian\Github_Releases_批量下载 xray\Xray-core\v25.8.31\Xray-freebsd-arm32-v7a.zip  | LOCAL=ee3ab318ed9d391d367fe048a289fa670e01d020fef6fd34ae6b12f4cb0f4af5 REMOTE=ee3ab318ed9d391d367fe048a289fa670e01d020fef6fd34ae6b12f4cb0f4af5
[2884/3625] Checking is OK   | E:\01.userData\ZhuoMian\Github_Releases_批量下载 xray\Xray-core\v25.8.31\Xray-freebsd-arm64-v8a.zip  | LOCAL=273797f796b27b2ad3637e5e2c0d14d41635b5b6057ca4179859f797e104322d REMOTE=273797f796b27b2ad3637e5e2c0d14d41635b5b6057ca4179859f797e104322d
[2885/3625] Checking is OK   | E:\01.userData\ZhuoMian\Github_Releases_批量下载 xray\Xray-core\v25.8.31\Xray-linux-32.zip           | LOCAL=dbb6d5c1339689d0968ca701dd36ef96bf683b322a3f781619c200c7f23bbe3c REMOTE=dbb6d5c1339689d0968ca701dd36ef96bf683b322a3f781619c200c7f23bbe3c
[2886/3625] Checking is OK   | E:\01.userData\ZhuoMian\Github_Releases_批量下载 xray\Xray-core\v25.8.31\Xray-linux-64.zip           | LOCAL=0daa9c18cbc81699013cfdd0de4275e4a4c08d29aa1cf9d264f7e4b825b46ca8 REMOTE=0daa9c18cbc81699013cfdd0de4275e4a4c08d29aa1cf9d264f7e4b825b46ca8
[2887/3625] Checking is OK   | E:\01.userData\ZhuoMian\Github_Releases_批量下载 xray\Xray-core\v25.8.31\Xray-linux-arm32-v5.zip     | LOCAL=1022923f2165772b9270bc59e8a8523a7ac92266d18e7676d8f865fa7f6fe3a5 REMOTE=1022923f2165772b9270bc59e8a8523a7ac92266d18e7676d8f865fa7f6fe3a5
[2888/3625] Checking is OK   | E:\01.userData\ZhuoMian\Github_Releases_批量下载 xray\Xray-core\v25.8.31\Xray-linux-arm32-v6.zip     | LOCAL=edb88284d8da3e90fb94950b359d8bf0b7547a933c8bdc0c53f006175426b287 REMOTE=edb88284d8da3e90fb94950b359d8bf0b7547a933c8bdc0c53f006175426b287
[2889/3625] Checking is OK   | E:\01.userData\ZhuoMian\Github_Releases_批量下载 xray\Xray-core\v25.8.31\Xray-linux-arm32-v7a.zip    | LOCAL=55336fdde48b45ff26ef72298f281de248a8bac18874789062c00489ba6f691b REMOTE=55336fdde48b45ff26ef72298f281de248a8bac18874789062c00489ba6f691b
[2890/3625] Checking is OK   | E:\01.userData\ZhuoMian\Github_Releases_批量下载 xray\Xray-core\v25.8.31\Xray-linux-arm64-v8a.zip    | LOCAL=b0401a8fea3c2a8334d1308b79c8d1d01ee08ac521b6c6c40ff1c5eb123ceaee REMOTE=b0401a8fea3c2a8334d1308b79c8d1d01ee08ac521b6c6c40ff1c5eb123ceaee
[2891/3625] Checking is OK   | E:\01.userData\ZhuoMian\Github_Releases_批量下载 xray\Xray-core\v25.8.31\Xray-linux-loong64.zip      | LOCAL=afd9cf77f108e4644e57533658495caa582d0b04fed6041870fa33758402eff4 REMOTE=afd9cf77f108e4644e57533658495caa582d0b04fed6041870fa33758402eff4
[2892/3625] Checking is OK   | E:\01.userData\ZhuoMian\Github_Releases_批量下载 xray\Xray-core\v25.8.31\Xray-linux-mips32.zip       | LOCAL=b9167b96c495a00fc19fa625b3ace3293ac503b17fa0c351874e5b4c0deaa895 REMOTE=b9167b96c495a00fc19fa625b3ace3293ac503b17fa0c351874e5b4c0deaa895
[2893/3625] Checking is OK   | E:\01.userData\ZhuoMian\Github_Releases_批量下载 xray\Xray-core\v25.8.31\Xray-linux-mips32le.zip     | LOCAL=a7b9061d3287d6638db2e15378efc544e012ae5e6efb9b6577e22dc5c1c9028c REMOTE=a7b9061d3287d6638db2e15378efc544e012ae5e6efb9b6577e22dc5c1c9028c
[2894/3625] Checking is OK   | E:\01.userData\ZhuoMian\Github_Releases_批量下载 xray\Xray-core\v25.8.31\Xray-linux-mips64.zip       | LOCAL=e7204dca27c16de44e2c3ab187a3636814fc1fb11a4ce89f551382877823890a REMOTE=e7204dca27c16de44e2c3ab187a3636814fc1fb11a4ce89f551382877823890a
[2895/3625] Checking is OK   | E:\01.userData\ZhuoMian\Github_Releases_批量下载 xray\Xray-core\v25.8.31\Xray-linux-mips64le.zip     | LOCAL=6441c9657abe9271535c4e4c7d1a470f6e5dd5e638cce9cbfd8db2db3ba39c56 REMOTE=6441c9657abe9271535c4e4c7d1a470f6e5dd5e638cce9cbfd8db2db3ba39c56
[2896/3625] Checking is OK   | E:\01.userData\ZhuoMian\Github_Releases_批量下载 xray\Xray-core\v25.8.31\Xray-linux-ppc64.zip        | LOCAL=574e02ac87c31083741608a8e8aac47b3b0682ef3fe25c2464ab475ef72f945e REMOTE=574e02ac87c31083741608a8e8aac47b3b0682ef3fe25c2464ab475ef72f945e
[2897/3625] Checking is OK   | E:\01.userData\ZhuoMian\Github_Releases_批量下载 xray\Xray-core\v25.8.31\Xray-linux-ppc64le.zip      | LOCAL=7b6a805045a13dff94fd9db5d78459f780be28da3029f59f7c53c49de5be37a0 REMOTE=7b6a805045a13dff94fd9db5d78459f780be28da3029f59f7c53c49de5be37a0
[2898/3625] Checking is OK   | E:\01.userData\ZhuoMian\Github_Releases_批量下载 xray\Xray-core\v25.8.31\Xray-linux-riscv64.zip      | LOCAL=e0f6f548112ed59574cd4ac5163bc072df8cde0ab72b13a89ef1fd944b3d7e31 REMOTE=e0f6f548112ed59574cd4ac5163bc072df8cde0ab72b13a89ef1fd944b3d7e31
[2899/3625] Checking is OK   | E:\01.userData\ZhuoMian\Github_Releases_批量下载 xray\Xray-core\v25.8.31\Xray-linux-s390x.zip        | LOCAL=37d80d6c224e9892f24eabbc64bbee78e94580d1b1e45a7ba89ca259c8b0df41 REMOTE=37d80d6c224e9892f24eabbc64bbee78e94580d1b1e45a7ba89ca259c8b0df41
[2900/3625] Checking is OK   | E:\01.userData\ZhuoMian\Github_Releases_批量下载 xray\Xray-core\v25.8.31\Xray-macos-64.zip           | LOCAL=cda946335bb5cb6097ee0e73b97912310b4364c89e148972aceb6ee75b6ad4a7 REMOTE=cda946335bb5cb6097ee0e73b97912310b4364c89e148972aceb6ee75b6ad4a7
[2901/3625] Checking is OK   | E:\01.userData\ZhuoMian\Github_Releases_批量下载 xray\Xray-core\v25.8.31\Xray-macos-arm64-v8a.zip    | LOCAL=ee7a530a47eab857497e2abdd45eda809db94cc13b9e092c0758174260dddc37 REMOTE=ee7a530a47eab857497e2abdd45eda809db94cc13b9e092c0758174260dddc37
[2902/3625] Checking is OK   | E:\01.userData\ZhuoMian\Github_Releases_批量下载 xray\Xray-core\v25.8.31\Xray-openbsd-32.zip         | LOCAL=f48f45e732c88536d52c732ad00382a3668e0126cea42ed397986cb17eba47e3 REMOTE=f48f45e732c88536d52c732ad00382a3668e0126cea42ed397986cb17eba47e3
[2903/3625] Checking is OK   | E:\01.userData\ZhuoMian\Github_Releases_批量下载 xray\Xray-core\v25.8.31\Xray-openbsd-64.zip         | LOCAL=0457d1ae8bd4a6d50c644ede9dd6a839b1eb294917099f8c0a3c3dc8bce9752c REMOTE=0457d1ae8bd4a6d50c644ede9dd6a839b1eb294917099f8c0a3c3dc8bce9752c
[2904/3625] Checking is OK   | E:\01.userData\ZhuoMian\Github_Releases_批量下载 xray\Xray-core\v25.8.31\Xray-openbsd-arm32-v7a.zip  | LOCAL=92ab7af8291b28f46005014b98c9365683d8eb76803ce5c470a9010e8c9d807b REMOTE=92ab7af8291b28f46005014b98c9365683d8eb76803ce5c470a9010e8c9d807b
[2905/3625] Checking is OK   | E:\01.userData\ZhuoMian\Github_Releases_批量下载 xray\Xray-core\v25.8.31\Xray-openbsd-arm64-v8a.zip  | LOCAL=617fbdf439621c3af88de95974ff09c763e82f78d4869b888bc494bcf3803e03 REMOTE=617fbdf439621c3af88de95974ff09c763e82f78d4869b888bc494bcf3803e03
[2906/3625] Checking is OK   | E:\01.userData\ZhuoMian\Github_Releases_批量下载 xray\Xray-core\v25.8.31\Xray-win7-32.zip            | LOCAL=a010144d01b8f1b3e274fe29bbdf8dc6fba41db96075440a03cba3daee2382a2 REMOTE=a010144d01b8f1b3e274fe29bbdf8dc6fba41db96075440a03cba3daee2382a2
[2907/3625] Checking is OK   | E:\01.userData\ZhuoMian\Github_Releases_批量下载 xray\Xray-core\v25.8.31\Xray-win7-64.zip            | LOCAL=b759578340073c3eee0751bc9848b0b29b6a2288ffde72ab9380ecbab416755b REMOTE=b759578340073c3eee0751bc9848b0b29b6a2288ffde72ab9380ecbab416755b
[2908/3625] Checking is OK   | E:\01.userData\ZhuoMian\Github_Releases_批量下载 xray\Xray-core\v25.8.31\Xray-windows-32.zip         | LOCAL=c3d115d4b3f8a29419f64cf742db92b4ca343c13ec39d1e6cf43554247bc6539 REMOTE=c3d115d4b3f8a29419f64cf742db92b4ca343c13ec39d1e6cf43554247bc6539
[2909/3625] Checking is OK   | E:\01.userData\ZhuoMian\Github_Releases_批量下载 xray\Xray-core\v25.8.31\Xray-windows-64.zip         | LOCAL=993c952450cd6518a0ca46e938888d820732b8b1f376b6b76d941d6970c2580e REMOTE=993c952450cd6518a0ca46e938888d820732b8b1f376b6b76d941d6970c2580e
[2910/3625] Checking is OK   | E:\01.userData\ZhuoMian\Github_Releases_批量下载 xray\Xray-core\v25.8.31\Xray-windows-arm32-v7a.zip  | LOCAL=ce08e2f3718f9ba20067207d789ea8fade5223f83330a1ec11ace4e9c5fabedf REMOTE=ce08e2f3718f9ba20067207d789ea8fade5223f83330a1ec11ace4e9c5fabedf
[2911/3625] Checking is OK   | E:\01.userData\ZhuoMian\Github_Releases_批量下载 xray\Xray-core\v25.8.31\Xray-windows-arm64-v8a.zip  | LOCAL=451870d6882c2300e8c54d0b2b63f384e27d632cb63fcdf63d6e16cab0556493 REMOTE=451870d6882c2300e8c54d0b2b63f384e27d632cb63fcdf63d6e16cab0556493
[2912/3625] Checking is OK   | E:\01.userData\ZhuoMian\Github_Releases_批量下载 xray\Xray-core\v25.9.10\Xray-android-amd64.zip      | LOCAL=9c0fd6dd7175dacc535118a223c40cf9050e55a7c22c3bf42468561e9b096a68 REMOTE=9c0fd6dd7175dacc535118a223c40cf9050e55a7c22c3bf42468561e9b096a68
[2913/3625] Checking is OK   | E:\01.userData\ZhuoMian\Github_Releases_批量下载 xray\Xray-core\v25.9.10\Xray-android-arm64-v8a.zip  | LOCAL=7f0ee94417e35691c1819c8568ad8e8ef4231c86adfe8c21a7235c1f80bc888e REMOTE=7f0ee94417e35691c1819c8568ad8e8ef4231c86adfe8c21a7235c1f80bc888e
[2914/3625] Checking is OK   | E:\01.userData\ZhuoMian\Github_Releases_批量下载 xray\Xray-core\v25.9.10\Xray-freebsd-32.zip         | LOCAL=3eaf289165859dc48fd3b4026294bf4c69b0e9b31d67651916556b678f33419e REMOTE=3eaf289165859dc48fd3b4026294bf4c69b0e9b31d67651916556b678f33419e
[2915/3625] Checking is OK   | E:\01.userData\ZhuoMian\Github_Releases_批量下载 xray\Xray-core\v25.9.10\Xray-freebsd-64.zip         | LOCAL=0e6c46c04d29b33373c8e0e74dc5e0415b22f0afeb34ac7a0fc7b355394d9892 REMOTE=0e6c46c04d29b33373c8e0e74dc5e0415b22f0afeb34ac7a0fc7b355394d9892
[2916/3625] Checking is OK   | E:\01.userData\ZhuoMian\Github_Releases_批量下载 xray\Xray-core\v25.9.10\Xray-freebsd-arm32-v7a.zip  | LOCAL=5b9c31a3c01f0211604d694cda26897b8945312d3d6d7f5ca4fc944dafc83bc1 REMOTE=5b9c31a3c01f0211604d694cda26897b8945312d3d6d7f5ca4fc944dafc83bc1
[2917/3625] Checking is OK   | E:\01.userData\ZhuoMian\Github_Releases_批量下载 xray\Xray-core\v25.9.10\Xray-freebsd-arm64-v8a.zip  | LOCAL=1e99a169e4999935539694d4641f9fc3105ff61fe753f0ebb015adbe88f2c63f REMOTE=1e99a169e4999935539694d4641f9fc3105ff61fe753f0ebb015adbe88f2c63f
[2918/3625] Checking is OK   | E:\01.userData\ZhuoMian\Github_Releases_批量下载 xray\Xray-core\v25.9.10\Xray-linux-32.zip           | LOCAL=e96b460b37a41b13d94e89d8238fbaef1ec36a20055629576f41664a3084e463 REMOTE=e96b460b37a41b13d94e89d8238fbaef1ec36a20055629576f41664a3084e463
[2919/3625] Checking is OK   | E:\01.userData\ZhuoMian\Github_Releases_批量下载 xray\Xray-core\v25.9.10\Xray-linux-64.zip           | LOCAL=cc25bf898cf2ae3baa167809d6b73160ddabeb5408aac46949d8e0e8b5b5de7b REMOTE=cc25bf898cf2ae3baa167809d6b73160ddabeb5408aac46949d8e0e8b5b5de7b
[2920/3625] Checking is OK   | E:\01.userData\ZhuoMian\Github_Releases_批量下载 xray\Xray-core\v25.9.10\Xray-linux-arm32-v5.zip     | LOCAL=79463eef2940ecbadd39f987abc057987f39b864ba5011e86045afec55ccbf7c REMOTE=79463eef2940ecbadd39f987abc057987f39b864ba5011e86045afec55ccbf7c
[2921/3625] Checking is OK   | E:\01.userData\ZhuoMian\Github_Releases_批量下载 xray\Xray-core\v25.9.10\Xray-linux-arm32-v6.zip     | LOCAL=42fa83f78338cee13717fdbabc9c87ded92bd0aa4fba07849d4d39ef0a7f41ef REMOTE=42fa83f78338cee13717fdbabc9c87ded92bd0aa4fba07849d4d39ef0a7f41ef
[2922/3625] Checking is OK   | E:\01.userData\ZhuoMian\Github_Releases_批量下载 xray\Xray-core\v25.9.10\Xray-linux-arm32-v7a.zip    | LOCAL=cb97cc35e8c2aae7b856cd1c60e10ae64a6ead25b60344cdf47780ae3f04baa1 REMOTE=cb97cc35e8c2aae7b856cd1c60e10ae64a6ead25b60344cdf47780ae3f04baa1
[2923/3625] Checking is OK   | E:\01.userData\ZhuoMian\Github_Releases_批量下载 xray\Xray-core\v25.9.10\Xray-linux-arm64-v8a.zip    | LOCAL=de3acae8a44c980644779ae62b49373f85cc1060f8e684b720906173e6d2b947 REMOTE=de3acae8a44c980644779ae62b49373f85cc1060f8e684b720906173e6d2b947
[2924/3625] Checking is OK   | E:\01.userData\ZhuoMian\Github_Releases_批量下载 xray\Xray-core\v25.9.10\Xray-linux-loong64.zip      | LOCAL=6cc61bfbff110af1a2cb9c7a0099dc19993e2945c74300c26d4d60c4c48bec41 REMOTE=6cc61bfbff110af1a2cb9c7a0099dc19993e2945c74300c26d4d60c4c48bec41
[2925/3625] Checking is OK   | E:\01.userData\ZhuoMian\Github_Releases_批量下载 xray\Xray-core\v25.9.10\Xray-linux-mips32.zip       | LOCAL=2fb771cc48add93db63762d1d57dce51ff9485205972550ce545fd1736452b87 REMOTE=2fb771cc48add93db63762d1d57dce51ff9485205972550ce545fd1736452b87
[2926/3625] Checking is OK   | E:\01.userData\ZhuoMian\Github_Releases_批量下载 xray\Xray-core\v25.9.10\Xray-linux-mips32le.zip     | LOCAL=1c0f8b666d17db4e8bd11922745cec9cede19a8de88359879ff9f5d7911ca8d9 REMOTE=1c0f8b666d17db4e8bd11922745cec9cede19a8de88359879ff9f5d7911ca8d9
[2927/3625] Checking is OK   | E:\01.userData\ZhuoMian\Github_Releases_批量下载 xray\Xray-core\v25.9.10\Xray-linux-mips64.zip       | LOCAL=c3f9ec7db7ff08a27ae31273c5d6b04a4ba26dbb5876516ea7bffc0bce00ef04 REMOTE=c3f9ec7db7ff08a27ae31273c5d6b04a4ba26dbb5876516ea7bffc0bce00ef04
[2928/3625] Checking is OK   | E:\01.userData\ZhuoMian\Github_Releases_批量下载 xray\Xray-core\v25.9.10\Xray-linux-mips64le.zip     | LOCAL=eff94aad05fa8bff12373d53c1688201e5e6db81cab945f36dfeab217fe18940 REMOTE=eff94aad05fa8bff12373d53c1688201e5e6db81cab945f36dfeab217fe18940
[2929/3625] Checking is OK   | E:\01.userData\ZhuoMian\Github_Releases_批量下载 xray\Xray-core\v25.9.10\Xray-linux-ppc64.zip        | LOCAL=6ae8719702d0a9bd57408e93ef40ff1f1b2cf6c50a9b644f81fac9ed52f736ca REMOTE=6ae8719702d0a9bd57408e93ef40ff1f1b2cf6c50a9b644f81fac9ed52f736ca
[2930/3625] Checking is OK   | E:\01.userData\ZhuoMian\Github_Releases_批量下载 xray\Xray-core\v25.9.10\Xray-linux-ppc64le.zip      | LOCAL=512e25fff6bce83c237a03c04c4ef9420097d8142dcb58897724e2f83909d6c8 REMOTE=512e25fff6bce83c237a03c04c4ef9420097d8142dcb58897724e2f83909d6c8
[2931/3625] Checking is OK   | E:\01.userData\ZhuoMian\Github_Releases_批量下载 xray\Xray-core\v25.9.10\Xray-linux-riscv64.zip      | LOCAL=56ff5b5a0812bf364f13b9b5fdc573f4f122022503fe99319670f30ae00f93d3 REMOTE=56ff5b5a0812bf364f13b9b5fdc573f4f122022503fe99319670f30ae00f93d3
[2932/3625] Checking is OK   | E:\01.userData\ZhuoMian\Github_Releases_批量下载 xray\Xray-core\v25.9.10\Xray-linux-s390x.zip        | LOCAL=0000f8db7605e80c7afb8750cce9a46e0e723642744812e818128c9e70fe2d4e REMOTE=0000f8db7605e80c7afb8750cce9a46e0e723642744812e818128c9e70fe2d4e
[2933/3625] Checking is OK   | E:\01.userData\ZhuoMian\Github_Releases_批量下载 xray\Xray-core\v25.9.10\Xray-macos-64.zip           | LOCAL=4d79b1f4d74d623fb392970207fa6243d709d7bcb96c9606717fdab069a7ed1e REMOTE=4d79b1f4d74d623fb392970207fa6243d709d7bcb96c9606717fdab069a7ed1e
[2934/3625] Checking is OK   | E:\01.userData\ZhuoMian\Github_Releases_批量下载 xray\Xray-core\v25.9.10\Xray-macos-arm64-v8a.zip    | LOCAL=b3883d772458d546832603a6630925c30f89a52a21e77e80f05a7378ac8b4171 REMOTE=b3883d772458d546832603a6630925c30f89a52a21e77e80f05a7378ac8b4171
[2935/3625] Checking is OK   | E:\01.userData\ZhuoMian\Github_Releases_批量下载 xray\Xray-core\v25.9.10\Xray-openbsd-32.zip         | LOCAL=2e4366c2b69e00c4293450bb34aa3c6b1b88b32f74d92eabb58248ed01c600c4 REMOTE=2e4366c2b69e00c4293450bb34aa3c6b1b88b32f74d92eabb58248ed01c600c4
[2936/3625] Checking is OK   | E:\01.userData\ZhuoMian\Github_Releases_批量下载 xray\Xray-core\v25.9.10\Xray-openbsd-64.zip         | LOCAL=f854653575809b3f00b81ee3fc8e2f8596b3a735a3961094df2a48ae2d9ddc61 REMOTE=f854653575809b3f00b81ee3fc8e2f8596b3a735a3961094df2a48ae2d9ddc61
[2937/3625] Checking is OK   | E:\01.userData\ZhuoMian\Github_Releases_批量下载 xray\Xray-core\v25.9.10\Xray-openbsd-arm32-v7a.zip  | LOCAL=89a29876113b21fa597cd95df7075f93634a1d5c4c570298b4e87220b4596bca REMOTE=89a29876113b21fa597cd95df7075f93634a1d5c4c570298b4e87220b4596bca
[2938/3625] Checking is OK   | E:\01.userData\ZhuoMian\Github_Releases_批量下载 xray\Xray-core\v25.9.10\Xray-openbsd-arm64-v8a.zip  | LOCAL=ce5f7f8d3c41233f81bef1189a043b0d35b911b4b9284200eb2366df674ef989 REMOTE=ce5f7f8d3c41233f81bef1189a043b0d35b911b4b9284200eb2366df674ef989
[2939/3625] Checking is OK   | E:\01.userData\ZhuoMian\Github_Releases_批量下载 xray\Xray-core\v25.9.10\Xray-win7-32.zip            | LOCAL=1a0b6acc7ec61c08d1ada69de05e045734efaabbb1731527a13f809fd336cd33 REMOTE=1a0b6acc7ec61c08d1ada69de05e045734efaabbb1731527a13f809fd336cd33
[2940/3625] Checking is OK   | E:\01.userData\ZhuoMian\Github_Releases_批量下载 xray\Xray-core\v25.9.10\Xray-win7-64.zip            | LOCAL=5f99d6669d08673914135f65a145a790c5f28552e9118112455aa4be99b68232 REMOTE=5f99d6669d08673914135f65a145a790c5f28552e9118112455aa4be99b68232
[2941/3625] Checking is OK   | E:\01.userData\ZhuoMian\Github_Releases_批量下载 xray\Xray-core\v25.9.10\Xray-windows-32.zip         | LOCAL=cc4c8bf90e9e1f5adf20a9211db99287c11f570734fcfb57a63c1995bf394f31 REMOTE=cc4c8bf90e9e1f5adf20a9211db99287c11f570734fcfb57a63c1995bf394f31
[2942/3625] Checking is OK   | E:\01.userData\ZhuoMian\Github_Releases_批量下载 xray\Xray-core\v25.9.10\Xray-windows-64.zip         | LOCAL=afce84ed15fd4ae619fd916104203306387cd70031cc884e9d0b737021d8afdf REMOTE=afce84ed15fd4ae619fd916104203306387cd70031cc884e9d0b737021d8afdf
[2943/3625] Checking is OK   | E:\01.userData\ZhuoMian\Github_Releases_批量下载 xray\Xray-core\v25.9.10\Xray-windows-arm32-v7a.zip  | LOCAL=bbbd5c9464ad5a34425cf26b893451c08966a4f271ac52a09dec486f19a968ad REMOTE=bbbd5c9464ad5a34425cf26b893451c08966a4f271ac52a09dec486f19a968ad
[2944/3625] Checking is OK   | E:\01.userData\ZhuoMian\Github_Releases_批量下载 xray\Xray-core\v25.9.10\Xray-windows-arm64-v8a.zip  | LOCAL=6cf4a463e5a43138f96fac278cc1dc089353ed3679cfc5bb698bd94bb3653dac REMOTE=6cf4a463e5a43138f96fac278cc1dc089353ed3679cfc5bb698bd94bb3653dac
[2945/3625] Checking is OK   | E:\01.userData\ZhuoMian\Github_Releases_批量下载 xray\Xray-core\v25.9.11\Xray-android-amd64.zip      | LOCAL=c232be503d4cfe5c8caa642a5659daaf5174b49c7784115912243c52a16e83aa REMOTE=c232be503d4cfe5c8caa642a5659daaf5174b49c7784115912243c52a16e83aa
[2946/3625] Checking is OK   | E:\01.userData\ZhuoMian\Github_Releases_批量下载 xray\Xray-core\v25.9.11\Xray-android-arm64-v8a.zip  | LOCAL=8854a861493b335507e645195098472ca778b16b84d9dffd8d221eff0e4740a3 REMOTE=8854a861493b335507e645195098472ca778b16b84d9dffd8d221eff0e4740a3
[2947/3625] Checking is OK   | E:\01.userData\ZhuoMian\Github_Releases_批量下载 xray\Xray-core\v25.9.11\Xray-freebsd-32.zip         | LOCAL=ffff59bed146939417e19305f5100ef3ce4f2d0ba7da0bd8fed8694b1c7fb50a REMOTE=ffff59bed146939417e19305f5100ef3ce4f2d0ba7da0bd8fed8694b1c7fb50a
[2948/3625] Checking is OK   | E:\01.userData\ZhuoMian\Github_Releases_批量下载 xray\Xray-core\v25.9.11\Xray-freebsd-64.zip         | LOCAL=a04a774a22b8915e20014a3b256e66a68adb7a27f307e3d9773e444f612a40a6 REMOTE=a04a774a22b8915e20014a3b256e66a68adb7a27f307e3d9773e444f612a40a6
[2949/3625] Checking is OK   | E:\01.userData\ZhuoMian\Github_Releases_批量下载 xray\Xray-core\v25.9.11\Xray-freebsd-arm32-v7a.zip  | LOCAL=a44d537a356f3effe58b040bd900f84608753100849c8e9d28a5a566b7f8eec8 REMOTE=a44d537a356f3effe58b040bd900f84608753100849c8e9d28a5a566b7f8eec8
[2950/3625] Checking is OK   | E:\01.userData\ZhuoMian\Github_Releases_批量下载 xray\Xray-core\v25.9.11\Xray-freebsd-arm64-v8a.zip  | LOCAL=82996962388802874e073f2e3f0a633c2fd94651529b480b28ce0e5fa16aef49 REMOTE=82996962388802874e073f2e3f0a633c2fd94651529b480b28ce0e5fa16aef49
[2951/3625] Checking is OK   | E:\01.userData\ZhuoMian\Github_Releases_批量下载 xray\Xray-core\v25.9.11\Xray-linux-32.zip           | LOCAL=619d1ff1c5658bf54709c28716893f0a336d80da5edcd5c7a5475da2a45d9be7 REMOTE=619d1ff1c5658bf54709c28716893f0a336d80da5edcd5c7a5475da2a45d9be7
[2952/3625] Checking is OK   | E:\01.userData\ZhuoMian\Github_Releases_批量下载 xray\Xray-core\v25.9.11\Xray-linux-64.zip           | LOCAL=e3e26d15b0306401a6ec80e46bf165669c0fc2ac32626f19ad35071bd721115c REMOTE=e3e26d15b0306401a6ec80e46bf165669c0fc2ac32626f19ad35071bd721115c
[2953/3625] Checking is OK   | E:\01.userData\ZhuoMian\Github_Releases_批量下载 xray\Xray-core\v25.9.11\Xray-linux-arm32-v5.zip     | LOCAL=8eae05e49448bb647347523124460da31111454d9d783294afe5747a3495e14c REMOTE=8eae05e49448bb647347523124460da31111454d9d783294afe5747a3495e14c
[2954/3625] Checking is OK   | E:\01.userData\ZhuoMian\Github_Releases_批量下载 xray\Xray-core\v25.9.11\Xray-linux-arm32-v6.zip     | LOCAL=2ccbe4da867ccff49c98f314f62edc6ee63e61ec9923346fd4f3aea45a50d620 REMOTE=2ccbe4da867ccff49c98f314f62edc6ee63e61ec9923346fd4f3aea45a50d620
[2955/3625] Checking is OK   | E:\01.userData\ZhuoMian\Github_Releases_批量下载 xray\Xray-core\v25.9.11\Xray-linux-arm32-v7a.zip    | LOCAL=0929b4f92913c26cba8ed4127439d6de9cb75148a813c080dc1b9a3ee9cdae4e REMOTE=0929b4f92913c26cba8ed4127439d6de9cb75148a813c080dc1b9a3ee9cdae4e
[2956/3625] Checking is OK   | E:\01.userData\ZhuoMian\Github_Releases_批量下载 xray\Xray-core\v25.9.11\Xray-linux-arm64-v8a.zip    | LOCAL=eddebc3025bb6d5d17c3c20e50edd2ecaecd01b5797b759f0a37e8e5ce2e9976 REMOTE=eddebc3025bb6d5d17c3c20e50edd2ecaecd01b5797b759f0a37e8e5ce2e9976
[2957/3625] Checking is OK   | E:\01.userData\ZhuoMian\Github_Releases_批量下载 xray\Xray-core\v25.9.11\Xray-linux-loong64.zip      | LOCAL=005c962e30b659e24b3cf9ba40486904ee565ea9c86193ba4ba19c0f03872c29 REMOTE=005c962e30b659e24b3cf9ba40486904ee565ea9c86193ba4ba19c0f03872c29
[2958/3625] Checking is OK   | E:\01.userData\ZhuoMian\Github_Releases_批量下载 xray\Xray-core\v25.9.11\Xray-linux-mips32.zip       | LOCAL=2c79682ab24065f30569f23c2175a2fb4156d1ad0352f6d07f7f6a0b504972dd REMOTE=2c79682ab24065f30569f23c2175a2fb4156d1ad0352f6d07f7f6a0b504972dd
[2959/3625] Checking is OK   | E:\01.userData\ZhuoMian\Github_Releases_批量下载 xray\Xray-core\v25.9.11\Xray-linux-mips32le.zip     | LOCAL=831f4c824ae14dd62dd25ee4e734eed7a8868ee5809c1a09347c97160bf46360 REMOTE=831f4c824ae14dd62dd25ee4e734eed7a8868ee5809c1a09347c97160bf46360
[2960/3625] Checking is OK   | E:\01.userData\ZhuoMian\Github_Releases_批量下载 xray\Xray-core\v25.9.11\Xray-linux-mips64.zip       | LOCAL=c0e934744c12773afaebc22fcd4c4b2b51c30959ae1f520cf39278f90e85a6d8 REMOTE=c0e934744c12773afaebc22fcd4c4b2b51c30959ae1f520cf39278f90e85a6d8
[2961/3625] Checking is OK   | E:\01.userData\ZhuoMian\Github_Releases_批量下载 xray\Xray-core\v25.9.11\Xray-linux-mips64le.zip     | LOCAL=b93cae862a50fd3a9fb90b21b3912c7729ee2b5f24743c4c4086e0e6d21ac5b7 REMOTE=b93cae862a50fd3a9fb90b21b3912c7729ee2b5f24743c4c4086e0e6d21ac5b7
[2962/3625] Checking is OK   | E:\01.userData\ZhuoMian\Github_Releases_批量下载 xray\Xray-core\v25.9.11\Xray-linux-ppc64.zip        | LOCAL=f210a318af8617ed050d7d824cdfbe994543668128aabafe82f919f55cbc7b5d REMOTE=f210a318af8617ed050d7d824cdfbe994543668128aabafe82f919f55cbc7b5d
[2963/3625] Checking is OK   | E:\01.userData\ZhuoMian\Github_Releases_批量下载 xray\Xray-core\v25.9.11\Xray-linux-ppc64le.zip      | LOCAL=a488215cdc76b6b4ab5316c847c135e8feb630493aa1f4eac873dfd3c5cecf8f REMOTE=a488215cdc76b6b4ab5316c847c135e8feb630493aa1f4eac873dfd3c5cecf8f
[2964/3625] Checking is OK   | E:\01.userData\ZhuoMian\Github_Releases_批量下载 xray\Xray-core\v25.9.11\Xray-linux-riscv64.zip      | LOCAL=94288a178f4dbf7a40b873dbd28559acd875e1f284c767eb693b4fdbffbb5d61 REMOTE=94288a178f4dbf7a40b873dbd28559acd875e1f284c767eb693b4fdbffbb5d61
[2965/3625] Checking is OK   | E:\01.userData\ZhuoMian\Github_Releases_批量下载 xray\Xray-core\v25.9.11\Xray-linux-s390x.zip        | LOCAL=a22558967b8ec9c842319193d003e0d5dba59f1785465444898fc16012b752ff REMOTE=a22558967b8ec9c842319193d003e0d5dba59f1785465444898fc16012b752ff
[2966/3625] Checking is OK   | E:\01.userData\ZhuoMian\Github_Releases_批量下载 xray\Xray-core\v25.9.11\Xray-macos-64.zip           | LOCAL=0684e388d8e10a7e8ee86ba6ba5f40d162f82a0069d24b81a317d1d98b473aa6 REMOTE=0684e388d8e10a7e8ee86ba6ba5f40d162f82a0069d24b81a317d1d98b473aa6
[2967/3625] Checking is OK   | E:\01.userData\ZhuoMian\Github_Releases_批量下载 xray\Xray-core\v25.9.11\Xray-macos-arm64-v8a.zip    | LOCAL=5fe1f9e3cd75fb89e3fc655c27d7cedbfbcdabb0810c8dfa5a53c4cae9a7e27c REMOTE=5fe1f9e3cd75fb89e3fc655c27d7cedbfbcdabb0810c8dfa5a53c4cae9a7e27c
[2968/3625] Checking is OK   | E:\01.userData\ZhuoMian\Github_Releases_批量下载 xray\Xray-core\v25.9.11\Xray-openbsd-32.zip         | LOCAL=a3b40735bfe56a412b59cd3cb7769a4df721c1f3c6a30804c3d971e122cd780a REMOTE=a3b40735bfe56a412b59cd3cb7769a4df721c1f3c6a30804c3d971e122cd780a
[2969/3625] Checking is OK   | E:\01.userData\ZhuoMian\Github_Releases_批量下载 xray\Xray-core\v25.9.11\Xray-openbsd-64.zip         | LOCAL=085ddfe9d002a92bf70a302f2d21110ae0d2714ff216ec1c57454f9147a56fef REMOTE=085ddfe9d002a92bf70a302f2d21110ae0d2714ff216ec1c57454f9147a56fef
[2970/3625] Checking is OK   | E:\01.userData\ZhuoMian\Github_Releases_批量下载 xray\Xray-core\v25.9.11\Xray-openbsd-arm32-v7a.zip  | LOCAL=f5ba92a1db72d5c746483d2bd0b18f7fa3f63dca2a36dd0af3b83772a3d4b11a REMOTE=f5ba92a1db72d5c746483d2bd0b18f7fa3f63dca2a36dd0af3b83772a3d4b11a
[2971/3625] Checking is OK   | E:\01.userData\ZhuoMian\Github_Releases_批量下载 xray\Xray-core\v25.9.11\Xray-openbsd-arm64-v8a.zip  | LOCAL=73f67f7e3b4c40f6e79a1981d9c4a119a226b595904deb907562b308a4498dc3 REMOTE=73f67f7e3b4c40f6e79a1981d9c4a119a226b595904deb907562b308a4498dc3
[2972/3625] Checking is OK   | E:\01.userData\ZhuoMian\Github_Releases_批量下载 xray\Xray-core\v25.9.11\Xray-win7-32.zip            | LOCAL=b23acccc3f9bd2591911c31edb994c117f43c661f4a0ca06cbeeed4465d9c38a REMOTE=b23acccc3f9bd2591911c31edb994c117f43c661f4a0ca06cbeeed4465d9c38a
[2973/3625] Checking is OK   | E:\01.userData\ZhuoMian\Github_Releases_批量下载 xray\Xray-core\v25.9.11\Xray-win7-64.zip            | LOCAL=2b2218bdf0f2f5b72e7de2bd04976fab3a0c403cde75c8046f1f42a813200e56 REMOTE=2b2218bdf0f2f5b72e7de2bd04976fab3a0c403cde75c8046f1f42a813200e56
[2974/3625] Checking is OK   | E:\01.userData\ZhuoMian\Github_Releases_批量下载 xray\Xray-core\v25.9.11\Xray-windows-32.zip         | LOCAL=b2f3bde3dce9e3ba3d9bfee8a318cd07eec301520e81875dfc35837bdc8029ec REMOTE=b2f3bde3dce9e3ba3d9bfee8a318cd07eec301520e81875dfc35837bdc8029ec
[2975/3625] Checking is OK   | E:\01.userData\ZhuoMian\Github_Releases_批量下载 xray\Xray-core\v25.9.11\Xray-windows-64.zip         | LOCAL=d8db96eb39d7bc8cae484b2e59b651ff3c04f21e26d66e310f6a44e256ed1cc4 REMOTE=d8db96eb39d7bc8cae484b2e59b651ff3c04f21e26d66e310f6a44e256ed1cc4
[2976/3625] Checking is OK   | E:\01.userData\ZhuoMian\Github_Releases_批量下载 xray\Xray-core\v25.9.11\Xray-windows-arm32-v7a.zip  | LOCAL=44a633d37e0689db3f2d0d52408dd4e5020ad078c2a73aaac840e4583cec07ff REMOTE=44a633d37e0689db3f2d0d52408dd4e5020ad078c2a73aaac840e4583cec07ff
[2977/3625] Checking is OK   | E:\01.userData\ZhuoMian\Github_Releases_批量下载 xray\Xray-core\v25.9.11\Xray-windows-arm64-v8a.zip  | LOCAL=01456f8526d0c6aae8426c01d2da96594fc39af9ffb28db191bb2429fce11431 REMOTE=01456f8526d0c6aae8426c01d2da96594fc39af9ffb28db191bb2429fce11431
[2978/3625] Checking is OK   | E:\01.userData\ZhuoMian\Github_Releases_批量下载 xray\Xray-core\v25.9.5\Xray-android-amd64.zip       | LOCAL=db59f610a387097c1fe89479f01228deac6904d8382b2ee2da031c5942129f77 REMOTE=db59f610a387097c1fe89479f01228deac6904d8382b2ee2da031c5942129f77
[2979/3625] Checking is OK   | E:\01.userData\ZhuoMian\Github_Releases_批量下载 xray\Xray-core\v25.9.5\Xray-android-arm64-v8a.zip   | LOCAL=8f4a7f5ae283698741b1fb672b3943c9d5455107923138ff8e3f388f45cbdc6b REMOTE=8f4a7f5ae283698741b1fb672b3943c9d5455107923138ff8e3f388f45cbdc6b
[2980/3625] Checking is OK   | E:\01.userData\ZhuoMian\Github_Releases_批量下载 xray\Xray-core\v25.9.5\Xray-freebsd-32.zip          | LOCAL=49e0a8b684ea9c903ff001d3d13fa8b9bd810a65930d096f0274efbb0e353aa8 REMOTE=49e0a8b684ea9c903ff001d3d13fa8b9bd810a65930d096f0274efbb0e353aa8
[2981/3625] Checking is OK   | E:\01.userData\ZhuoMian\Github_Releases_批量下载 xray\Xray-core\v25.9.5\Xray-freebsd-64.zip          | LOCAL=e728a47d32e7f05dcd129c40d8f82fe8aa27edeec47cfe38fd454cf8669d5dd9 REMOTE=e728a47d32e7f05dcd129c40d8f82fe8aa27edeec47cfe38fd454cf8669d5dd9
[2982/3625] Checking is OK   | E:\01.userData\ZhuoMian\Github_Releases_批量下载 xray\Xray-core\v25.9.5\Xray-freebsd-arm32-v7a.zip   | LOCAL=6a6980fbb4ee396530054159214d111f0ff3a133397612adccf331186bd5d17b REMOTE=6a6980fbb4ee396530054159214d111f0ff3a133397612adccf331186bd5d17b
[2983/3625] Checking is OK   | E:\01.userData\ZhuoMian\Github_Releases_批量下载 xray\Xray-core\v25.9.5\Xray-freebsd-arm64-v8a.zip   | LOCAL=d3b7572392d62703d38f0ddb7ef16aa043e7880cf950c778500a5aae1b3842ad REMOTE=d3b7572392d62703d38f0ddb7ef16aa043e7880cf950c778500a5aae1b3842ad
[2984/3625] Checking is OK   | E:\01.userData\ZhuoMian\Github_Releases_批量下载 xray\Xray-core\v25.9.5\Xray-linux-32.zip            | LOCAL=f3c3cfe4a98010507c1d9d8cf904a1d91e1106e53913868b1994c9975daa0388 REMOTE=f3c3cfe4a98010507c1d9d8cf904a1d91e1106e53913868b1994c9975daa0388
[2985/3625] Checking is OK   | E:\01.userData\ZhuoMian\Github_Releases_批量下载 xray\Xray-core\v25.9.5\Xray-linux-64.zip            | LOCAL=234a543f781486e9db7be98f85a415e4475c608d04f7ba08c8670f7124de5216 REMOTE=234a543f781486e9db7be98f85a415e4475c608d04f7ba08c8670f7124de5216
[2986/3625] Checking is OK   | E:\01.userData\ZhuoMian\Github_Releases_批量下载 xray\Xray-core\v25.9.5\Xray-linux-arm32-v5.zip      | LOCAL=6b6fd115749132ee563255e13e38c185a68fac17b54c4af070ed48f85a3895f8 REMOTE=6b6fd115749132ee563255e13e38c185a68fac17b54c4af070ed48f85a3895f8
[2987/3625] Checking is OK   | E:\01.userData\ZhuoMian\Github_Releases_批量下载 xray\Xray-core\v25.9.5\Xray-linux-arm32-v6.zip      | LOCAL=22fabba98e79ffa20cbf64dcfe465b4d5246786579f963bce0298c8e523292dc REMOTE=22fabba98e79ffa20cbf64dcfe465b4d5246786579f963bce0298c8e523292dc
[2988/3625] Checking is OK   | E:\01.userData\ZhuoMian\Github_Releases_批量下载 xray\Xray-core\v25.9.5\Xray-linux-arm32-v7a.zip     | LOCAL=93c13c9ed0750b17b1b31d27b500b6557c69e014f3cbc516750b63c4aa5a0a3a REMOTE=93c13c9ed0750b17b1b31d27b500b6557c69e014f3cbc516750b63c4aa5a0a3a
[2989/3625] Checking is OK   | E:\01.userData\ZhuoMian\Github_Releases_批量下载 xray\Xray-core\v25.9.5\Xray-linux-arm64-v8a.zip     | LOCAL=77e7e1b479a430266f32e070ecc515dae28600e8cc103ecac16029ce7c51d8cb REMOTE=77e7e1b479a430266f32e070ecc515dae28600e8cc103ecac16029ce7c51d8cb
[2990/3625] Checking is OK   | E:\01.userData\ZhuoMian\Github_Releases_批量下载 xray\Xray-core\v25.9.5\Xray-linux-loong64.zip       | LOCAL=a75c1125a566defdc3d8b492a8c66faf5544f9d1ef28a06cd226c2a07cd26116 REMOTE=a75c1125a566defdc3d8b492a8c66faf5544f9d1ef28a06cd226c2a07cd26116
[2991/3625] Checking is OK   | E:\01.userData\ZhuoMian\Github_Releases_批量下载 xray\Xray-core\v25.9.5\Xray-linux-mips32.zip        | LOCAL=7f682d761609756c7626f47d223ca331efaff8dc46af6910994d8e7e121a421d REMOTE=7f682d761609756c7626f47d223ca331efaff8dc46af6910994d8e7e121a421d
[2992/3625] Checking is OK   | E:\01.userData\ZhuoMian\Github_Releases_批量下载 xray\Xray-core\v25.9.5\Xray-linux-mips32le.zip      | LOCAL=78ff4381ae802a154747cf5328a7b69e38b8c581aa611b80ab9b9f942634c703 REMOTE=78ff4381ae802a154747cf5328a7b69e38b8c581aa611b80ab9b9f942634c703
[2993/3625] Checking is OK   | E:\01.userData\ZhuoMian\Github_Releases_批量下载 xray\Xray-core\v25.9.5\Xray-linux-mips64.zip        | LOCAL=61d04628d07761f313ffcdf6bd46d11e30e197475cf220294819245af3ef77a7 REMOTE=61d04628d07761f313ffcdf6bd46d11e30e197475cf220294819245af3ef77a7
[2994/3625] Checking is OK   | E:\01.userData\ZhuoMian\Github_Releases_批量下载 xray\Xray-core\v25.9.5\Xray-linux-mips64le.zip      | LOCAL=7a0ceedb15f29b022a1bdb653a6af0c720f43a1dec8c99c2ccd1f869d82c0d5c REMOTE=7a0ceedb15f29b022a1bdb653a6af0c720f43a1dec8c99c2ccd1f869d82c0d5c
[2995/3625] Checking is OK   | E:\01.userData\ZhuoMian\Github_Releases_批量下载 xray\Xray-core\v25.9.5\Xray-linux-ppc64.zip         | LOCAL=fadd977309b06f4cb9e1f867a0b4ea5a42634c177cc3957f41f77d204a2020a9 REMOTE=fadd977309b06f4cb9e1f867a0b4ea5a42634c177cc3957f41f77d204a2020a9
[2996/3625] Checking is OK   | E:\01.userData\ZhuoMian\Github_Releases_批量下载 xray\Xray-core\v25.9.5\Xray-linux-ppc64le.zip       | LOCAL=5c30c88018cfa5ed2dc96d54f126d7c7e33b793adf1848f86c3b59c4025f60ee REMOTE=5c30c88018cfa5ed2dc96d54f126d7c7e33b793adf1848f86c3b59c4025f60ee
[2997/3625] Checking is OK   | E:\01.userData\ZhuoMian\Github_Releases_批量下载 xray\Xray-core\v25.9.5\Xray-linux-riscv64.zip       | LOCAL=caaa8781223d2842572c3e49ec1986c747ed563ab429346a49edfd5e4eb4b440 REMOTE=caaa8781223d2842572c3e49ec1986c747ed563ab429346a49edfd5e4eb4b440
[2998/3625] Checking is OK   | E:\01.userData\ZhuoMian\Github_Releases_批量下载 xray\Xray-core\v25.9.5\Xray-linux-s390x.zip         | LOCAL=ebc9b812724f45bee8ab1eb0367d55bd69516f65feb3ee6311a1d023c62b3e82 REMOTE=ebc9b812724f45bee8ab1eb0367d55bd69516f65feb3ee6311a1d023c62b3e82
[2999/3625] Checking is OK   | E:\01.userData\ZhuoMian\Github_Releases_批量下载 xray\Xray-core\v25.9.5\Xray-macos-64.zip            | LOCAL=b29fb7e71768a487ee4e68e46ab66212f237298c55da9359dadfa4ee514bd991 REMOTE=b29fb7e71768a487ee4e68e46ab66212f237298c55da9359dadfa4ee514bd991
[3000/3625] Checking is OK   | E:\01.userData\ZhuoMian\Github_Releases_批量下载 xray\Xray-core\v25.9.5\Xray-macos-arm64-v8a.zip     | LOCAL=0202198a72b9f2f1ae0695509d5ad22bad6bed3825fe8bf0847f4d60b2613e9e REMOTE=0202198a72b9f2f1ae0695509d5ad22bad6bed3825fe8bf0847f4d60b2613e9e
[3001/3625] Checking is OK   | E:\01.userData\ZhuoMian\Github_Releases_批量下载 xray\Xray-core\v25.9.5\Xray-openbsd-32.zip          | LOCAL=4c07b651bd2289ffc92c7bb7406a1f24e350265ad7d6b7db3a4131e67b2b30d7 REMOTE=4c07b651bd2289ffc92c7bb7406a1f24e350265ad7d6b7db3a4131e67b2b30d7
[3002/3625] Checking is OK   | E:\01.userData\ZhuoMian\Github_Releases_批量下载 xray\Xray-core\v25.9.5\Xray-openbsd-64.zip          | LOCAL=e4608f388393560e4aceb216e46fae85035ceaaed21fc57258096d24147d65f4 REMOTE=e4608f388393560e4aceb216e46fae85035ceaaed21fc57258096d24147d65f4
[3003/3625] Checking is OK   | E:\01.userData\ZhuoMian\Github_Releases_批量下载 xray\Xray-core\v25.9.5\Xray-openbsd-arm32-v7a.zip   | LOCAL=c6052ed3c3eb03ec46c4c6c83bc29b83cab9305a1287a542940da3bc22600584 REMOTE=c6052ed3c3eb03ec46c4c6c83bc29b83cab9305a1287a542940da3bc22600584
[3004/3625] Checking is OK   | E:\01.userData\ZhuoMian\Github_Releases_批量下载 xray\Xray-core\v25.9.5\Xray-openbsd-arm64-v8a.zip   | LOCAL=7c295a7499adb191cbaada97c1772630a252621b9d92941cc9d2054b5710310e REMOTE=7c295a7499adb191cbaada97c1772630a252621b9d92941cc9d2054b5710310e
[3005/3625] Checking is OK   | E:\01.userData\ZhuoMian\Github_Releases_批量下载 xray\Xray-core\v25.9.5\Xray-win7-32.zip             | LOCAL=4a244bbfa43a27cf6994d62f98aa88b79b13284318fe7701368e26e7a6420dd8 REMOTE=4a244bbfa43a27cf6994d62f98aa88b79b13284318fe7701368e26e7a6420dd8
[3006/3625] Checking is OK   | E:\01.userData\ZhuoMian\Github_Releases_批量下载 xray\Xray-core\v25.9.5\Xray-win7-64.zip             | LOCAL=6b692bb5d22a6fadc35d4c8661f97d82669a848d141eeb6d1581a8adf4d30a5e REMOTE=6b692bb5d22a6fadc35d4c8661f97d82669a848d141eeb6d1581a8adf4d30a5e
[3007/3625] Checking is OK   | E:\01.userData\ZhuoMian\Github_Releases_批量下载 xray\Xray-core\v25.9.5\Xray-windows-32.zip          | LOCAL=dfc110d05259b7f3e2d766ae361f1dd9a9f63be7c2762511d9b5cac2120fd813 REMOTE=dfc110d05259b7f3e2d766ae361f1dd9a9f63be7c2762511d9b5cac2120fd813
[3008/3625] Checking is OK   | E:\01.userData\ZhuoMian\Github_Releases_批量下载 xray\Xray-core\v25.9.5\Xray-windows-64.zip          | LOCAL=5c0b2cef15cd77e32657dd23e5e1c97199a62ab886ba9ff4a7220b0ee7b7f751 REMOTE=5c0b2cef15cd77e32657dd23e5e1c97199a62ab886ba9ff4a7220b0ee7b7f751
[3009/3625] Checking is OK   | E:\01.userData\ZhuoMian\Github_Releases_批量下载 xray\Xray-core\v25.9.5\Xray-windows-arm32-v7a.zip   | LOCAL=0cf9a767be4d2fd717327562b2876e1b3b06fc810f4d0c74856ef1b03de0d185 REMOTE=0cf9a767be4d2fd717327562b2876e1b3b06fc810f4d0c74856ef1b03de0d185
[3010/3625] Checking is OK   | E:\01.userData\ZhuoMian\Github_Releases_批量下载 xray\Xray-core\v25.9.5\Xray-windows-arm64-v8a.zip   | LOCAL=a2156ccd6c23352dced563e36aeb45904935366231e8ece76a60349d1cec3534 REMOTE=a2156ccd6c23352dced563e36aeb45904935366231e8ece76a60349d1cec3534
[3011/3625] Checking is OK   | E:\01.userData\ZhuoMian\Github_Releases_批量下载 xray\Xray-core\v26.1.13\Xray-android-amd64.zip      | LOCAL=da86d39e636f5bc29018bddcae4efbf993f6d95e21add60e95db727f948e1673 REMOTE=da86d39e636f5bc29018bddcae4efbf993f6d95e21add60e95db727f948e1673
[3012/3625] Checking is OK   | E:\01.userData\ZhuoMian\Github_Releases_批量下载 xray\Xray-core\v26.1.13\Xray-android-arm64-v8a.zip  | LOCAL=13b9ca44fa3a5d29da007c81d3b76b785ded331bbba142aed631d25de1e4011d REMOTE=13b9ca44fa3a5d29da007c81d3b76b785ded331bbba142aed631d25de1e4011d
[3013/3625] Checking is OK   | E:\01.userData\ZhuoMian\Github_Releases_批量下载 xray\Xray-core\v26.1.13\Xray-freebsd-32.zip         | LOCAL=aa664e37375be0e01212ffea96947f6ac014d59ddd0dd0cc50c324632bdadade REMOTE=aa664e37375be0e01212ffea96947f6ac014d59ddd0dd0cc50c324632bdadade
[3014/3625] Checking is OK   | E:\01.userData\ZhuoMian\Github_Releases_批量下载 xray\Xray-core\v26.1.13\Xray-freebsd-64.zip         | LOCAL=a12f6ba3680d3499b7ff4da397545bb143fcbc6a1c4dfbd6d0f797da6a7c5e76 REMOTE=a12f6ba3680d3499b7ff4da397545bb143fcbc6a1c4dfbd6d0f797da6a7c5e76
[3015/3625] Checking is OK   | E:\01.userData\ZhuoMian\Github_Releases_批量下载 xray\Xray-core\v26.1.13\Xray-freebsd-arm32-v7a.zip  | LOCAL=1a814f69c909986baf6c2844e15b0b70b89dddc019165339ac98062c76908293 REMOTE=1a814f69c909986baf6c2844e15b0b70b89dddc019165339ac98062c76908293
[3016/3625] Checking is OK   | E:\01.userData\ZhuoMian\Github_Releases_批量下载 xray\Xray-core\v26.1.13\Xray-freebsd-arm64-v8a.zip  | LOCAL=fe4748fa1790b3653c0d9396dcdf2e47d266d5d0938797156f8643fc71a9aa67 REMOTE=fe4748fa1790b3653c0d9396dcdf2e47d266d5d0938797156f8643fc71a9aa67
[3017/3625] Checking is OK   | E:\01.userData\ZhuoMian\Github_Releases_批量下载 xray\Xray-core\v26.1.13\Xray-linux-32.zip           | LOCAL=78da7fd212d3e8c0b033cf9c0b15665fb40d7f080177bee611ab7e7bab372b5c REMOTE=78da7fd212d3e8c0b033cf9c0b15665fb40d7f080177bee611ab7e7bab372b5c
[3018/3625] Checking is OK   | E:\01.userData\ZhuoMian\Github_Releases_批量下载 xray\Xray-core\v26.1.13\Xray-linux-64.zip           | LOCAL=479fae5ddd43be05fef3ef1421c49fda4e54662dd03aa9fe106118a55aebd9c5 REMOTE=479fae5ddd43be05fef3ef1421c49fda4e54662dd03aa9fe106118a55aebd9c5
[3019/3625] Checking is OK   | E:\01.userData\ZhuoMian\Github_Releases_批量下载 xray\Xray-core\v26.1.13\Xray-linux-arm32-v5.zip     | LOCAL=5b736786d7064e5d604ea588a2e6f36169b117fda2370f30e1c41b5cd2ec75e1 REMOTE=5b736786d7064e5d604ea588a2e6f36169b117fda2370f30e1c41b5cd2ec75e1
[3020/3625] Checking is OK   | E:\01.userData\ZhuoMian\Github_Releases_批量下载 xray\Xray-core\v26.1.13\Xray-linux-arm32-v6.zip     | LOCAL=535cf4c7c7bec3385eab77e05ef44963fec446317b2e6cdeb7aa9674eb8d63cc REMOTE=535cf4c7c7bec3385eab77e05ef44963fec446317b2e6cdeb7aa9674eb8d63cc
[3021/3625] Checking is OK   | E:\01.userData\ZhuoMian\Github_Releases_批量下载 xray\Xray-core\v26.1.13\Xray-linux-arm32-v7a.zip    | LOCAL=6621d910dcf60484a2614325db6107b60408666b23e272a28c2fcffc45b3cfd0 REMOTE=6621d910dcf60484a2614325db6107b60408666b23e272a28c2fcffc45b3cfd0
[3022/3625] Checking is OK   | E:\01.userData\ZhuoMian\Github_Releases_批量下载 xray\Xray-core\v26.1.13\Xray-linux-arm64-v8a.zip    | LOCAL=1a22c529d95f3731150f16ce93fa72f4c6602c7db7f1a73d37655d732cc20db5 REMOTE=1a22c529d95f3731150f16ce93fa72f4c6602c7db7f1a73d37655d732cc20db5
[3023/3625] Checking is OK   | E:\01.userData\ZhuoMian\Github_Releases_批量下载 xray\Xray-core\v26.1.13\Xray-linux-loong64.zip      | LOCAL=5fcbf4e096bc63b570cc91f9fc8f7a7fef4ae1484fffef5d18e252bf3e16d314 REMOTE=5fcbf4e096bc63b570cc91f9fc8f7a7fef4ae1484fffef5d18e252bf3e16d314
[3024/3625] Checking is OK   | E:\01.userData\ZhuoMian\Github_Releases_批量下载 xray\Xray-core\v26.1.13\Xray-linux-mips32.zip       | LOCAL=8fbceec95436bace4501c8f9f244407c21af4905008a492fd825f5ef93e3d02d REMOTE=8fbceec95436bace4501c8f9f244407c21af4905008a492fd825f5ef93e3d02d
[3025/3625] Checking is OK   | E:\01.userData\ZhuoMian\Github_Releases_批量下载 xray\Xray-core\v26.1.13\Xray-linux-mips32le.zip     | LOCAL=e70637890c2f71a168f5e100d99f7b40be4fc3c64b7b89d707ce3e3d93319c65 REMOTE=e70637890c2f71a168f5e100d99f7b40be4fc3c64b7b89d707ce3e3d93319c65
[3026/3625] Checking is OK   | E:\01.userData\ZhuoMian\Github_Releases_批量下载 xray\Xray-core\v26.1.13\Xray-linux-mips64.zip       | LOCAL=51104b55ed4b8a4ad91978327a6fb48e4764be48eaeb0e3f9ee97e94461c2f23 REMOTE=51104b55ed4b8a4ad91978327a6fb48e4764be48eaeb0e3f9ee97e94461c2f23
[3027/3625] Checking is OK   | E:\01.userData\ZhuoMian\Github_Releases_批量下载 xray\Xray-core\v26.1.13\Xray-linux-mips64le.zip     | LOCAL=ab3167cc86a3527f9245dffd32f126906327277505a82856d58975f06510b82d REMOTE=ab3167cc86a3527f9245dffd32f126906327277505a82856d58975f06510b82d
[3028/3625] Checking is OK   | E:\01.userData\ZhuoMian\Github_Releases_批量下载 xray\Xray-core\v26.1.13\Xray-linux-ppc64.zip        | LOCAL=c00c491fccf58d536525537db850bd75403b9aadeca3fbb54763a8a4e17a0210 REMOTE=c00c491fccf58d536525537db850bd75403b9aadeca3fbb54763a8a4e17a0210
[3029/3625] Checking is OK   | E:\01.userData\ZhuoMian\Github_Releases_批量下载 xray\Xray-core\v26.1.13\Xray-linux-ppc64le.zip      | LOCAL=36fa2bdae1bc593602c6b3b9b6105bc30a0c6dc4f1a8c532bd0532b73f6cd82b REMOTE=36fa2bdae1bc593602c6b3b9b6105bc30a0c6dc4f1a8c532bd0532b73f6cd82b
[3030/3625] Checking is OK   | E:\01.userData\ZhuoMian\Github_Releases_批量下载 xray\Xray-core\v26.1.13\Xray-linux-riscv64.zip      | LOCAL=a103b64f4808a299b6bfe4ca6cd90a6a44aa1158a701e220b810a1cf1fb48aee REMOTE=a103b64f4808a299b6bfe4ca6cd90a6a44aa1158a701e220b810a1cf1fb48aee
[3031/3625] Checking is OK   | E:\01.userData\ZhuoMian\Github_Releases_批量下载 xray\Xray-core\v26.1.13\Xray-linux-s390x.zip        | LOCAL=30c7be290ee806ba1aa973e6db3e2b139e7c7e4983006321d84fa825719e3f20 REMOTE=30c7be290ee806ba1aa973e6db3e2b139e7c7e4983006321d84fa825719e3f20
[3032/3625] Checking is OK   | E:\01.userData\ZhuoMian\Github_Releases_批量下载 xray\Xray-core\v26.1.13\Xray-macos-64.zip           | LOCAL=3ddcf7feb513bd140cc1b45d1599aeb82940aed2120ac637efc349c5489dacaa REMOTE=3ddcf7feb513bd140cc1b45d1599aeb82940aed2120ac637efc349c5489dacaa
[3033/3625] Checking is OK   | E:\01.userData\ZhuoMian\Github_Releases_批量下载 xray\Xray-core\v26.1.13\Xray-macos-arm64-v8a.zip    | LOCAL=32a61334aa89dbbe57eac588427fbb5e100cee0a03524260e3fb2b5ace43a03e REMOTE=32a61334aa89dbbe57eac588427fbb5e100cee0a03524260e3fb2b5ace43a03e
[3034/3625] Checking is OK   | E:\01.userData\ZhuoMian\Github_Releases_批量下载 xray\Xray-core\v26.1.13\Xray-openbsd-32.zip         | LOCAL=51ed944d4c3d2c3b2fdad615e480c3633addd9e29999651fa11b7bc5ddbba1e4 REMOTE=51ed944d4c3d2c3b2fdad615e480c3633addd9e29999651fa11b7bc5ddbba1e4
[3035/3625] Checking is OK   | E:\01.userData\ZhuoMian\Github_Releases_批量下载 xray\Xray-core\v26.1.13\Xray-openbsd-64.zip         | LOCAL=25a3860256d53b87503baa3468a9410bd3b6a6123a088d2f8bea7695e14ee513 REMOTE=25a3860256d53b87503baa3468a9410bd3b6a6123a088d2f8bea7695e14ee513
[3036/3625] Checking is OK   | E:\01.userData\ZhuoMian\Github_Releases_批量下载 xray\Xray-core\v26.1.13\Xray-openbsd-arm32-v7a.zip  | LOCAL=fd10d15bf8d660d70fc777a8d633095839f32748cb0a9500fd3d37fa9805a33b REMOTE=fd10d15bf8d660d70fc777a8d633095839f32748cb0a9500fd3d37fa9805a33b
[3037/3625] Checking is OK   | E:\01.userData\ZhuoMian\Github_Releases_批量下载 xray\Xray-core\v26.1.13\Xray-openbsd-arm64-v8a.zip  | LOCAL=4f541fac733a68a38892bf3457d25a5906abe380556ddf169ca59a35d40109de REMOTE=4f541fac733a68a38892bf3457d25a5906abe380556ddf169ca59a35d40109de
[3038/3625] Checking is OK   | E:\01.userData\ZhuoMian\Github_Releases_批量下载 xray\Xray-core\v26.1.13\Xray-win7-32.zip            | LOCAL=a2528070d571a9d9fc2594bd18b7223d08e47e7d45f1b0053597d0ba7fbe1c60 REMOTE=a2528070d571a9d9fc2594bd18b7223d08e47e7d45f1b0053597d0ba7fbe1c60
[3039/3625] Checking is OK   | E:\01.userData\ZhuoMian\Github_Releases_批量下载 xray\Xray-core\v26.1.13\Xray-win7-64.zip            | LOCAL=251b1a2bfb8b0baad1d02cad2788706e6dcf13a0e64b20c9ee1c6aaf278b5cbe REMOTE=251b1a2bfb8b0baad1d02cad2788706e6dcf13a0e64b20c9ee1c6aaf278b5cbe
[3040/3625] Checking is OK   | E:\01.userData\ZhuoMian\Github_Releases_批量下载 xray\Xray-core\v26.1.13\Xray-windows-32.zip         | LOCAL=1b388c8224a531d9e4e87cfb550b6beeb7ccfe9c617467e934a451feda62d1fb REMOTE=1b388c8224a531d9e4e87cfb550b6beeb7ccfe9c617467e934a451feda62d1fb
[3041/3625] Checking is OK   | E:\01.userData\ZhuoMian\Github_Releases_批量下载 xray\Xray-core\v26.1.13\Xray-windows-64.zip         | LOCAL=ec0a1e814cf7b5146b8046af876db8d756ad9eaf73b1ee8699a173b0582f9c86 REMOTE=ec0a1e814cf7b5146b8046af876db8d756ad9eaf73b1ee8699a173b0582f9c86
[3042/3625] Checking is OK   | E:\01.userData\ZhuoMian\Github_Releases_批量下载 xray\Xray-core\v26.1.13\Xray-windows-arm32-v7a.zip  | LOCAL=9b5b2cf2197a8233081ac7c7462a22204842d101d9890ac7f6b80fe86e7ad4e3 REMOTE=9b5b2cf2197a8233081ac7c7462a22204842d101d9890ac7f6b80fe86e7ad4e3
[3043/3625] Checking is OK   | E:\01.userData\ZhuoMian\Github_Releases_批量下载 xray\Xray-core\v26.1.13\Xray-windows-arm64-v8a.zip  | LOCAL=dae04baaf00f092247a861b520449552bdb1e20d5b5d65a0844b2dddd8c977ae REMOTE=dae04baaf00f092247a861b520449552bdb1e20d5b5d65a0844b2dddd8c977ae
[3044/3625] Checking is OK   | E:\01.userData\ZhuoMian\Github_Releases_批量下载 xray\Xray-core\v26.1.18\Xray-android-amd64.zip      | LOCAL=fe549d6dc9c3ca806659cf1291b4940b66f85d618a697d38bf1027fd46b3057e REMOTE=fe549d6dc9c3ca806659cf1291b4940b66f85d618a697d38bf1027fd46b3057e
[3045/3625] Checking is OK   | E:\01.userData\ZhuoMian\Github_Releases_批量下载 xray\Xray-core\v26.1.18\Xray-android-arm64-v8a.zip  | LOCAL=dab2f408aba16861840995460c3abf7347482f650acae22e65dc3695cb9c68dd REMOTE=dab2f408aba16861840995460c3abf7347482f650acae22e65dc3695cb9c68dd
[3046/3625] Checking is OK   | E:\01.userData\ZhuoMian\Github_Releases_批量下载 xray\Xray-core\v26.1.18\Xray-freebsd-32.zip         | LOCAL=7818f597f6ade6d1d6739947c54376ff361d50bff02feb8a06dd879466476ce7 REMOTE=7818f597f6ade6d1d6739947c54376ff361d50bff02feb8a06dd879466476ce7
[3047/3625] Checking is OK   | E:\01.userData\ZhuoMian\Github_Releases_批量下载 xray\Xray-core\v26.1.18\Xray-freebsd-64.zip         | LOCAL=21e5e32644ee95b57b2cf6b7e16dc53b9d1646ca5940005889e5e23dba65aa4b REMOTE=21e5e32644ee95b57b2cf6b7e16dc53b9d1646ca5940005889e5e23dba65aa4b
[3048/3625] Checking is OK   | E:\01.userData\ZhuoMian\Github_Releases_批量下载 xray\Xray-core\v26.1.18\Xray-freebsd-arm32-v7a.zip  | LOCAL=15fc741d1d523914be925d28494f769f3d32b8d8cf9272d2ec40886de422b1ee REMOTE=15fc741d1d523914be925d28494f769f3d32b8d8cf9272d2ec40886de422b1ee
[3049/3625] Checking is OK   | E:\01.userData\ZhuoMian\Github_Releases_批量下载 xray\Xray-core\v26.1.18\Xray-freebsd-arm64-v8a.zip  | LOCAL=04071347d9e9fe8566f0d047fbe77db8b995440d0eaaab68e70c36b0bcd1286e REMOTE=04071347d9e9fe8566f0d047fbe77db8b995440d0eaaab68e70c36b0bcd1286e
[3050/3625] Checking is OK   | E:\01.userData\ZhuoMian\Github_Releases_批量下载 xray\Xray-core\v26.1.18\Xray-linux-32.zip           | LOCAL=370bd9a045ab918aad381fddbd5d420a15b749380799bcb159ae9cd4d631a1e3 REMOTE=370bd9a045ab918aad381fddbd5d420a15b749380799bcb159ae9cd4d631a1e3
[3051/3625] Checking is OK   | E:\01.userData\ZhuoMian\Github_Releases_批量下载 xray\Xray-core\v26.1.18\Xray-linux-64.zip           | LOCAL=4672d3a90895b11a6fe92fee6b3a20d1d9f155dd827ed0c74d089e91aaf0ed8e REMOTE=4672d3a90895b11a6fe92fee6b3a20d1d9f155dd827ed0c74d089e91aaf0ed8e
[3052/3625] Checking is OK   | E:\01.userData\ZhuoMian\Github_Releases_批量下载 xray\Xray-core\v26.1.18\Xray-linux-arm32-v5.zip     | LOCAL=2ee26331ef1ae6c7504b39337390054bb4762a1af3c81be09b4289c11a82bc9f REMOTE=2ee26331ef1ae6c7504b39337390054bb4762a1af3c81be09b4289c11a82bc9f
[3053/3625] Checking is OK   | E:\01.userData\ZhuoMian\Github_Releases_批量下载 xray\Xray-core\v26.1.18\Xray-linux-arm32-v6.zip     | LOCAL=2db5d96b8b6c19446987cae30c3b42831f225537ffe198fd5be1d0e1833f3f2c REMOTE=2db5d96b8b6c19446987cae30c3b42831f225537ffe198fd5be1d0e1833f3f2c
[3054/3625] Checking is OK   | E:\01.userData\ZhuoMian\Github_Releases_批量下载 xray\Xray-core\v26.1.18\Xray-linux-arm32-v7a.zip    | LOCAL=e1862c36c53b40b5ea8e3d626c6365c81d7af11929c02332bce2d30e4164eca8 REMOTE=e1862c36c53b40b5ea8e3d626c6365c81d7af11929c02332bce2d30e4164eca8
[3055/3625] Checking is OK   | E:\01.userData\ZhuoMian\Github_Releases_批量下载 xray\Xray-core\v26.1.18\Xray-linux-arm64-v8a.zip    | LOCAL=d912525d5c2aa7aa37de3dc8a2b7f355184eaf62c5f83158b0e3681287fe9605 REMOTE=d912525d5c2aa7aa37de3dc8a2b7f355184eaf62c5f83158b0e3681287fe9605
[3056/3625] Checking is OK   | E:\01.userData\ZhuoMian\Github_Releases_批量下载 xray\Xray-core\v26.1.18\Xray-linux-loong64.zip      | LOCAL=c9378669835948f0fd3d5d6ba94b21d8ca3a774b1767d808384bcba7d6ff9108 REMOTE=c9378669835948f0fd3d5d6ba94b21d8ca3a774b1767d808384bcba7d6ff9108
[3057/3625] Checking is OK   | E:\01.userData\ZhuoMian\Github_Releases_批量下载 xray\Xray-core\v26.1.18\Xray-linux-mips32.zip       | LOCAL=77ea9d2929ff2c1eaa10dadc095c3cefdac91bd9966c2e54e0b61c4a00560332 REMOTE=77ea9d2929ff2c1eaa10dadc095c3cefdac91bd9966c2e54e0b61c4a00560332
[3058/3625] Checking is OK   | E:\01.userData\ZhuoMian\Github_Releases_批量下载 xray\Xray-core\v26.1.18\Xray-linux-mips32le.zip     | LOCAL=acb34c13a9e4fd9d3a64010a6669ef0496f9454fe53697258ccc5782abf47717 REMOTE=acb34c13a9e4fd9d3a64010a6669ef0496f9454fe53697258ccc5782abf47717
[3059/3625] Checking is OK   | E:\01.userData\ZhuoMian\Github_Releases_批量下载 xray\Xray-core\v26.1.18\Xray-linux-mips64.zip       | LOCAL=d68cd211a922d922259939b877fb65017574f47e64d024d089ab9543ee46b6a9 REMOTE=d68cd211a922d922259939b877fb65017574f47e64d024d089ab9543ee46b6a9
[3060/3625] Checking is OK   | E:\01.userData\ZhuoMian\Github_Releases_批量下载 xray\Xray-core\v26.1.18\Xray-linux-mips64le.zip     | LOCAL=760c0890a7abc5af2d25553867812e837ab252f14c3b05f8eb682155ef7c730f REMOTE=760c0890a7abc5af2d25553867812e837ab252f14c3b05f8eb682155ef7c730f
[3061/3625] Checking is OK   | E:\01.userData\ZhuoMian\Github_Releases_批量下载 xray\Xray-core\v26.1.18\Xray-linux-ppc64.zip        | LOCAL=6d2addc98815a2b7e63cfb58b06fac2b1e69523f88517e38fa9537026b5bc4c7 REMOTE=6d2addc98815a2b7e63cfb58b06fac2b1e69523f88517e38fa9537026b5bc4c7
[3062/3625] Checking is OK   | E:\01.userData\ZhuoMian\Github_Releases_批量下载 xray\Xray-core\v26.1.18\Xray-linux-ppc64le.zip      | LOCAL=8208bb3342a2090e5b9a45e5a30296913d7f5c75d16fcfdec2400573632dca8a REMOTE=8208bb3342a2090e5b9a45e5a30296913d7f5c75d16fcfdec2400573632dca8a
[3063/3625] Checking is OK   | E:\01.userData\ZhuoMian\Github_Releases_批量下载 xray\Xray-core\v26.1.18\Xray-linux-riscv64.zip      | LOCAL=ad8811c1ca045765483cd3c555a61f9891948f881f602d1ff1e23d4bfed4a0b7 REMOTE=ad8811c1ca045765483cd3c555a61f9891948f881f602d1ff1e23d4bfed4a0b7
[3064/3625] Checking is OK   | E:\01.userData\ZhuoMian\Github_Releases_批量下载 xray\Xray-core\v26.1.18\Xray-linux-s390x.zip        | LOCAL=1a26dc3a1c10c02c4adfc47eb28507661946a8bc81156d09eb6099ca20f00a71 REMOTE=1a26dc3a1c10c02c4adfc47eb28507661946a8bc81156d09eb6099ca20f00a71
[3065/3625] Checking is OK   | E:\01.userData\ZhuoMian\Github_Releases_批量下载 xray\Xray-core\v26.1.18\Xray-macos-64.zip           | LOCAL=9fad4e73410f4ffcf776687676f87f76a31ba681999a41a94bafe2e6fae954d1 REMOTE=9fad4e73410f4ffcf776687676f87f76a31ba681999a41a94bafe2e6fae954d1
[3066/3625] Checking is OK   | E:\01.userData\ZhuoMian\Github_Releases_批量下载 xray\Xray-core\v26.1.18\Xray-macos-arm64-v8a.zip    | LOCAL=f8f3a29f12025fad21b730dee3b9400ecfed8f17c0998f036b423d72feb83ce1 REMOTE=f8f3a29f12025fad21b730dee3b9400ecfed8f17c0998f036b423d72feb83ce1
[3067/3625] Checking is OK   | E:\01.userData\ZhuoMian\Github_Releases_批量下载 xray\Xray-core\v26.1.18\Xray-openbsd-32.zip         | LOCAL=c787f2005e8f819ae0d492987baf79050ebdd787d88d6d27c132ac038c4d868b REMOTE=c787f2005e8f819ae0d492987baf79050ebdd787d88d6d27c132ac038c4d868b
[3068/3625] Checking is OK   | E:\01.userData\ZhuoMian\Github_Releases_批量下载 xray\Xray-core\v26.1.18\Xray-openbsd-64.zip         | LOCAL=4a13b4754042fc490fa358003fbf00d6a1e2ed36519c050737b2b7f17a2a5386 REMOTE=4a13b4754042fc490fa358003fbf00d6a1e2ed36519c050737b2b7f17a2a5386
[3069/3625] Checking is OK   | E:\01.userData\ZhuoMian\Github_Releases_批量下载 xray\Xray-core\v26.1.18\Xray-openbsd-arm32-v7a.zip  | LOCAL=3d2bb6c5a978be863fa0c0a08995b15cf199b282a86e31f8ed096a218907afac REMOTE=3d2bb6c5a978be863fa0c0a08995b15cf199b282a86e31f8ed096a218907afac
[3070/3625] Checking is OK   | E:\01.userData\ZhuoMian\Github_Releases_批量下载 xray\Xray-core\v26.1.18\Xray-openbsd-arm64-v8a.zip  | LOCAL=6276c35e89eac80225a3867bdf9bce076feb5598ff7fcfdd327368cd20dd0f36 REMOTE=6276c35e89eac80225a3867bdf9bce076feb5598ff7fcfdd327368cd20dd0f36
[3071/3625] Checking is OK   | E:\01.userData\ZhuoMian\Github_Releases_批量下载 xray\Xray-core\v26.1.18\Xray-win7-32.zip            | LOCAL=78281a62b4f3557e034670679698c2bd546a648c67fd104d88b352894214a7d4 REMOTE=78281a62b4f3557e034670679698c2bd546a648c67fd104d88b352894214a7d4
[3072/3625] Checking is OK   | E:\01.userData\ZhuoMian\Github_Releases_批量下载 xray\Xray-core\v26.1.18\Xray-win7-64.zip            | LOCAL=daff5a101b253a5f811f9c73e20cf0c37d65b1e311aab964b6815f9658ebe3b3 REMOTE=daff5a101b253a5f811f9c73e20cf0c37d65b1e311aab964b6815f9658ebe3b3
[3073/3625] Checking is OK   | E:\01.userData\ZhuoMian\Github_Releases_批量下载 xray\Xray-core\v26.1.18\Xray-windows-32.zip         | LOCAL=6f464aec2f68870c5f472add33f5ba23dec2c33053ed7010563c63d081d703d9 REMOTE=6f464aec2f68870c5f472add33f5ba23dec2c33053ed7010563c63d081d703d9
[3074/3625] Checking is OK   | E:\01.userData\ZhuoMian\Github_Releases_批量下载 xray\Xray-core\v26.1.18\Xray-windows-64.zip         | LOCAL=12ae3c89376cd16a6e3df8e881befd7f6379b2cd13904043c6e0a6124ef9f833 REMOTE=12ae3c89376cd16a6e3df8e881befd7f6379b2cd13904043c6e0a6124ef9f833
[3075/3625] Checking is OK   | E:\01.userData\ZhuoMian\Github_Releases_批量下载 xray\Xray-core\v26.1.18\Xray-windows-arm32-v7a.zip  | LOCAL=beee896ee345a2fdc34c562e6580188e2741b488071b2425850a63ae4d104978 REMOTE=beee896ee345a2fdc34c562e6580188e2741b488071b2425850a63ae4d104978
[3076/3625] Checking is OK   | E:\01.userData\ZhuoMian\Github_Releases_批量下载 xray\Xray-core\v26.1.18\Xray-windows-arm64-v8a.zip  | LOCAL=40a923c772c74b944fe6cb596af6b62cb5793a8de1424878a8e87d97cd9c451a REMOTE=40a923c772c74b944fe6cb596af6b62cb5793a8de1424878a8e87d97cd9c451a
[3077/3625] Checking is OK   | E:\01.userData\ZhuoMian\Github_Releases_批量下载 xray\Xray-core\v26.1.23\Xray-android-amd64.zip      | LOCAL=9ddab978e87ff55762dc4c4a7aa507c636faa1fff4383de7686378b0437eeaf4 REMOTE=9ddab978e87ff55762dc4c4a7aa507c636faa1fff4383de7686378b0437eeaf4
[3078/3625] Checking is OK   | E:\01.userData\ZhuoMian\Github_Releases_批量下载 xray\Xray-core\v26.1.23\Xray-android-arm64-v8a.zip  | LOCAL=ecf0d612c15df7f756d4d9968347209487b1b4f6bb4ffe53ce7e258dda29dde8 REMOTE=ecf0d612c15df7f756d4d9968347209487b1b4f6bb4ffe53ce7e258dda29dde8
[3079/3625] Checking is OK   | E:\01.userData\ZhuoMian\Github_Releases_批量下载 xray\Xray-core\v26.1.23\Xray-freebsd-32.zip         | LOCAL=5700cc6d2157dfa01a504468f807c7bb95732277cbe24520d11756afc93c88c5 REMOTE=5700cc6d2157dfa01a504468f807c7bb95732277cbe24520d11756afc93c88c5
[3080/3625] Checking is OK   | E:\01.userData\ZhuoMian\Github_Releases_批量下载 xray\Xray-core\v26.1.23\Xray-freebsd-64.zip         | LOCAL=c78759c81cd5bc96db09c3be98db2af60653db73259d561422e5d75cb7268f95 REMOTE=c78759c81cd5bc96db09c3be98db2af60653db73259d561422e5d75cb7268f95
[3081/3625] Checking is OK   | E:\01.userData\ZhuoMian\Github_Releases_批量下载 xray\Xray-core\v26.1.23\Xray-freebsd-arm32-v7a.zip  | LOCAL=366de3587de535c8a5c28bff2802da2ff3d7d31056a9dcedbe2bee42c822a0f5 REMOTE=366de3587de535c8a5c28bff2802da2ff3d7d31056a9dcedbe2bee42c822a0f5
[3082/3625] Checking is OK   | E:\01.userData\ZhuoMian\Github_Releases_批量下载 xray\Xray-core\v26.1.23\Xray-freebsd-arm64-v8a.zip  | LOCAL=50a0a8455c697a131bbc46b1081492a468037b7d2c31fa1efd26d55f47bcba03 REMOTE=50a0a8455c697a131bbc46b1081492a468037b7d2c31fa1efd26d55f47bcba03
[3083/3625] Checking is OK   | E:\01.userData\ZhuoMian\Github_Releases_批量下载 xray\Xray-core\v26.1.23\Xray-linux-32.zip           | LOCAL=8b1b61373620c4652fb3fa4ba5b07bfc33290092750254827523db8eb807f850 REMOTE=8b1b61373620c4652fb3fa4ba5b07bfc33290092750254827523db8eb807f850
[3084/3625] Checking is OK   | E:\01.userData\ZhuoMian\Github_Releases_批量下载 xray\Xray-core\v26.1.23\Xray-linux-64.zip           | LOCAL=85b23d6556f6fba9b7503c4f5ae567644af23004053e1f847ea267aec9ae4e71 REMOTE=85b23d6556f6fba9b7503c4f5ae567644af23004053e1f847ea267aec9ae4e71
[3085/3625] Checking is OK   | E:\01.userData\ZhuoMian\Github_Releases_批量下载 xray\Xray-core\v26.1.23\Xray-linux-arm32-v5.zip     | LOCAL=19764a878deeddbf254f54f8ac559534182501f8d750c9980479ee63fbd06861 REMOTE=19764a878deeddbf254f54f8ac559534182501f8d750c9980479ee63fbd06861
[3086/3625] Checking is OK   | E:\01.userData\ZhuoMian\Github_Releases_批量下载 xray\Xray-core\v26.1.23\Xray-linux-arm32-v6.zip     | LOCAL=0fbfdc83c4472273755a9cb486dd1f639338adb5a33adce0145ce7f16680ec25 REMOTE=0fbfdc83c4472273755a9cb486dd1f639338adb5a33adce0145ce7f16680ec25
[3087/3625] Checking is OK   | E:\01.userData\ZhuoMian\Github_Releases_批量下载 xray\Xray-core\v26.1.23\Xray-linux-arm32-v7a.zip    | LOCAL=751937aa8298dc3af4014aaa6ec38560b30e0f0dfe09e13c1600ee7cba7aff55 REMOTE=751937aa8298dc3af4014aaa6ec38560b30e0f0dfe09e13c1600ee7cba7aff55
[3088/3625] Checking is OK   | E:\01.userData\ZhuoMian\Github_Releases_批量下载 xray\Xray-core\v26.1.23\Xray-linux-arm64-v8a.zip    | LOCAL=6478e00f7f474b47713d133cfe39acb6711cebce7d03753b0b7f2bc08705f79f REMOTE=6478e00f7f474b47713d133cfe39acb6711cebce7d03753b0b7f2bc08705f79f
[3089/3625] Checking is OK   | E:\01.userData\ZhuoMian\Github_Releases_批量下载 xray\Xray-core\v26.1.23\Xray-linux-loong64.zip      | LOCAL=b4aaef4932e7a1b5ee06db990f1897ae26298c1b4458bf3567d7866d50977fd1 REMOTE=b4aaef4932e7a1b5ee06db990f1897ae26298c1b4458bf3567d7866d50977fd1
[3090/3625] Checking is OK   | E:\01.userData\ZhuoMian\Github_Releases_批量下载 xray\Xray-core\v26.1.23\Xray-linux-mips32.zip       | LOCAL=caa151cc3523356bbee8f61128137ee82eac3d0343c2ee1e38deb00cf7ce823f REMOTE=caa151cc3523356bbee8f61128137ee82eac3d0343c2ee1e38deb00cf7ce823f
[3091/3625] Checking is OK   | E:\01.userData\ZhuoMian\Github_Releases_批量下载 xray\Xray-core\v26.1.23\Xray-linux-mips32le.zip     | LOCAL=8983c8ec2c2b2c548ee795630807309ce40eea997953ea97480d2e9001f23a52 REMOTE=8983c8ec2c2b2c548ee795630807309ce40eea997953ea97480d2e9001f23a52
[3092/3625] Checking is OK   | E:\01.userData\ZhuoMian\Github_Releases_批量下载 xray\Xray-core\v26.1.23\Xray-linux-mips64.zip       | LOCAL=0faeec3544e4e2ee773b87e171a2c7df1e892aaeaf3a6ca2d3fdf914510fb26f REMOTE=0faeec3544e4e2ee773b87e171a2c7df1e892aaeaf3a6ca2d3fdf914510fb26f
[3093/3625] Checking is OK   | E:\01.userData\ZhuoMian\Github_Releases_批量下载 xray\Xray-core\v26.1.23\Xray-linux-mips64le.zip     | LOCAL=3b3f926e8323e7dde8c906e61430560536c529b80a9e0786517bc9cd78fa5111 REMOTE=3b3f926e8323e7dde8c906e61430560536c529b80a9e0786517bc9cd78fa5111
[3094/3625] Checking is OK   | E:\01.userData\ZhuoMian\Github_Releases_批量下载 xray\Xray-core\v26.1.23\Xray-linux-ppc64.zip        | LOCAL=914b1db8a58c1cc82be0af92e4b7549ba8960312f3b3e565cffa97c05f656fca REMOTE=914b1db8a58c1cc82be0af92e4b7549ba8960312f3b3e565cffa97c05f656fca
[3095/3625] Checking is OK   | E:\01.userData\ZhuoMian\Github_Releases_批量下载 xray\Xray-core\v26.1.23\Xray-linux-ppc64le.zip      | LOCAL=a8608a3d9add723fd6a380a16330574932631eadd9c57c8bae381ec4867be77a REMOTE=a8608a3d9add723fd6a380a16330574932631eadd9c57c8bae381ec4867be77a
[3096/3625] Checking is OK   | E:\01.userData\ZhuoMian\Github_Releases_批量下载 xray\Xray-core\v26.1.23\Xray-linux-riscv64.zip      | LOCAL=1b105c8f93ff3f746c0a77a4a18af89f0004a6c358a48ba8761d9742f1cf07da REMOTE=1b105c8f93ff3f746c0a77a4a18af89f0004a6c358a48ba8761d9742f1cf07da
[3097/3625] Checking is OK   | E:\01.userData\ZhuoMian\Github_Releases_批量下载 xray\Xray-core\v26.1.23\Xray-linux-s390x.zip        | LOCAL=109ff3fceb4364e1bece35878b8a4f2de14d60a14c1b6f743f6cdc34d961a16e REMOTE=109ff3fceb4364e1bece35878b8a4f2de14d60a14c1b6f743f6cdc34d961a16e
[3098/3625] Checking is OK   | E:\01.userData\ZhuoMian\Github_Releases_批量下载 xray\Xray-core\v26.1.23\Xray-macos-64.zip           | LOCAL=2e88e9043c8d890f34c9aad165ec31e6622578aa3915410eef2da9260a17531a REMOTE=2e88e9043c8d890f34c9aad165ec31e6622578aa3915410eef2da9260a17531a
[3099/3625] Checking is OK   | E:\01.userData\ZhuoMian\Github_Releases_批量下载 xray\Xray-core\v26.1.23\Xray-macos-arm64-v8a.zip    | LOCAL=fe485185961202507fa6750da0aa453075349adf11569e658bbce2ee0f385d94 REMOTE=fe485185961202507fa6750da0aa453075349adf11569e658bbce2ee0f385d94
[3100/3625] Checking is OK   | E:\01.userData\ZhuoMian\Github_Releases_批量下载 xray\Xray-core\v26.1.23\Xray-openbsd-32.zip         | LOCAL=2722b480f0b0c91461f16a3fd7a5799c0982d6f2f670c3c21d61b51058987706 REMOTE=2722b480f0b0c91461f16a3fd7a5799c0982d6f2f670c3c21d61b51058987706
[3101/3625] Checking is OK   | E:\01.userData\ZhuoMian\Github_Releases_批量下载 xray\Xray-core\v26.1.23\Xray-openbsd-64.zip         | LOCAL=c8421b73da4cb963ea36d8cb185e4e3619f322e3590a5b941e58253b1ad82612 REMOTE=c8421b73da4cb963ea36d8cb185e4e3619f322e3590a5b941e58253b1ad82612
[3102/3625] Checking is OK   | E:\01.userData\ZhuoMian\Github_Releases_批量下载 xray\Xray-core\v26.1.23\Xray-openbsd-arm32-v7a.zip  | LOCAL=acf037fc36fa0d058663da46a79327cbd9b116ab8013223334081034b1c9cfe1 REMOTE=acf037fc36fa0d058663da46a79327cbd9b116ab8013223334081034b1c9cfe1
[3103/3625] Checking is OK   | E:\01.userData\ZhuoMian\Github_Releases_批量下载 xray\Xray-core\v26.1.23\Xray-openbsd-arm64-v8a.zip  | LOCAL=38dd7c31e0b79619933068bcbdbf1b150477be833dd2eabad5317aadffd10f40 REMOTE=38dd7c31e0b79619933068bcbdbf1b150477be833dd2eabad5317aadffd10f40
[3104/3625] Checking is OK   | E:\01.userData\ZhuoMian\Github_Releases_批量下载 xray\Xray-core\v26.1.23\Xray-win7-32.zip            | LOCAL=803a6a2b6a1dbe206493d6f0436ba50250683b8609e367d0e3b1cd665c49b56a REMOTE=803a6a2b6a1dbe206493d6f0436ba50250683b8609e367d0e3b1cd665c49b56a
[3105/3625] Checking is OK   | E:\01.userData\ZhuoMian\Github_Releases_批量下载 xray\Xray-core\v26.1.23\Xray-win7-64.zip            | LOCAL=78b1fbca18c08c059d616b2b2f62f775cc5b7bfc921d797d0ea60b2d0c8919f1 REMOTE=78b1fbca18c08c059d616b2b2f62f775cc5b7bfc921d797d0ea60b2d0c8919f1
[3106/3625] Checking is OK   | E:\01.userData\ZhuoMian\Github_Releases_批量下载 xray\Xray-core\v26.1.23\Xray-windows-32.zip         | LOCAL=c685b55776a1d7e5dcaaec8917ee93f18912142a28d883b7dc7aed73f4893ca6 REMOTE=c685b55776a1d7e5dcaaec8917ee93f18912142a28d883b7dc7aed73f4893ca6
[3107/3625] Checking is OK   | E:\01.userData\ZhuoMian\Github_Releases_批量下载 xray\Xray-core\v26.1.23\Xray-windows-64.zip         | LOCAL=4a5e110939e2ab80f82c5605e92f16b7dc0f62b8e703f8635f81695bcdb9aa26 REMOTE=4a5e110939e2ab80f82c5605e92f16b7dc0f62b8e703f8635f81695bcdb9aa26
[3108/3625] Checking is OK   | E:\01.userData\ZhuoMian\Github_Releases_批量下载 xray\Xray-core\v26.1.23\Xray-windows-arm32-v7a.zip  | LOCAL=e87d08904043a0c7d56ebc05d9cf44f6f60d1c0f953272f245ffa3c30a141965 REMOTE=e87d08904043a0c7d56ebc05d9cf44f6f60d1c0f953272f245ffa3c30a141965
[3109/3625] Checking is OK   | E:\01.userData\ZhuoMian\Github_Releases_批量下载 xray\Xray-core\v26.1.23\Xray-windows-arm64-v8a.zip  | LOCAL=8ce8f93f70d97d7ee78725b5d57b0c8877320139971b942d5baa404c6aeb1d59 REMOTE=8ce8f93f70d97d7ee78725b5d57b0c8877320139971b942d5baa404c6aeb1d59
[3110/3625] Checking is OK   | E:\01.userData\ZhuoMian\Github_Releases_批量下载 xray\Xray-core\v26.1.31\Xray-android-amd64.zip      | LOCAL=a29c8fcfcab87d7e2318aec06447f3edc6987848fbc88f4238ef5472f21360b0 REMOTE=a29c8fcfcab87d7e2318aec06447f3edc6987848fbc88f4238ef5472f21360b0
[3111/3625] Checking is OK   | E:\01.userData\ZhuoMian\Github_Releases_批量下载 xray\Xray-core\v26.1.31\Xray-android-arm64-v8a.zip  | LOCAL=9bd5bb0c9a8662d753db9e28685878d9d900241b69d5272b8d8fcdf722517b5b REMOTE=9bd5bb0c9a8662d753db9e28685878d9d900241b69d5272b8d8fcdf722517b5b
[3112/3625] Checking is OK   | E:\01.userData\ZhuoMian\Github_Releases_批量下载 xray\Xray-core\v26.1.31\Xray-freebsd-32.zip         | LOCAL=5350a67a4fdc8e1bef0f1162d492d74358e402a0f6688a07856e59dafd4a2351 REMOTE=5350a67a4fdc8e1bef0f1162d492d74358e402a0f6688a07856e59dafd4a2351
[3113/3625] Checking is OK   | E:\01.userData\ZhuoMian\Github_Releases_批量下载 xray\Xray-core\v26.1.31\Xray-freebsd-64.zip         | LOCAL=0c548b892d4093293effe5d7231876708a17b7a300b2a765a5474ca15599ba70 REMOTE=0c548b892d4093293effe5d7231876708a17b7a300b2a765a5474ca15599ba70
[3114/3625] Checking is OK   | E:\01.userData\ZhuoMian\Github_Releases_批量下载 xray\Xray-core\v26.1.31\Xray-freebsd-arm32-v7a.zip  | LOCAL=b94217452ee341874dc117c1be811292f1d4658249a68134d0924f6bc920c1c4 REMOTE=b94217452ee341874dc117c1be811292f1d4658249a68134d0924f6bc920c1c4
[3115/3625] Checking is OK   | E:\01.userData\ZhuoMian\Github_Releases_批量下载 xray\Xray-core\v26.1.31\Xray-freebsd-arm64-v8a.zip  | LOCAL=f3a366f31a24be20e839f8a557c69e23f461a05cad3f1834f3ca5f1e41658792 REMOTE=f3a366f31a24be20e839f8a557c69e23f461a05cad3f1834f3ca5f1e41658792
[3116/3625] Checking is OK   | E:\01.userData\ZhuoMian\Github_Releases_批量下载 xray\Xray-core\v26.1.31\Xray-linux-32.zip           | LOCAL=b061d90a6587bb548f1078a6f8393191eb91e1cf2d27d2e89f25774b981bbc69 REMOTE=b061d90a6587bb548f1078a6f8393191eb91e1cf2d27d2e89f25774b981bbc69
[3117/3625] Checking is OK   | E:\01.userData\ZhuoMian\Github_Releases_批量下载 xray\Xray-core\v26.1.31\Xray-linux-64.zip           | LOCAL=8368196545fe6ada39a5430cdf911701000a728b3b9de49142722381b59b3232 REMOTE=8368196545fe6ada39a5430cdf911701000a728b3b9de49142722381b59b3232
[3118/3625] Checking is OK   | E:\01.userData\ZhuoMian\Github_Releases_批量下载 xray\Xray-core\v26.1.31\Xray-linux-arm32-v5.zip     | LOCAL=8837c299da48e30d41108f679826fbce4ab7cc20f8a62b3dfd86db25d89f7d69 REMOTE=8837c299da48e30d41108f679826fbce4ab7cc20f8a62b3dfd86db25d89f7d69
[3119/3625] Checking is OK   | E:\01.userData\ZhuoMian\Github_Releases_批量下载 xray\Xray-core\v26.1.31\Xray-linux-arm32-v6.zip     | LOCAL=93181405fb782bf0eaf608060d01184015096ea3405524f9cbf90f1d91c46ac4 REMOTE=93181405fb782bf0eaf608060d01184015096ea3405524f9cbf90f1d91c46ac4
[3120/3625] Checking is OK   | E:\01.userData\ZhuoMian\Github_Releases_批量下载 xray\Xray-core\v26.1.31\Xray-linux-arm32-v7a.zip    | LOCAL=06ca2fcc967bd564bc9639bc3b253b295b3fe813533bc727a0c71f0adb88e2a3 REMOTE=06ca2fcc967bd564bc9639bc3b253b295b3fe813533bc727a0c71f0adb88e2a3
[3121/3625] Checking is OK   | E:\01.userData\ZhuoMian\Github_Releases_批量下载 xray\Xray-core\v26.1.31\Xray-linux-arm64-v8a.zip    | LOCAL=34751f33bbfad060809925ca21330a11df4074e4890a888fc08169dbac6fb12c REMOTE=34751f33bbfad060809925ca21330a11df4074e4890a888fc08169dbac6fb12c
[3122/3625] Checking is OK   | E:\01.userData\ZhuoMian\Github_Releases_批量下载 xray\Xray-core\v26.1.31\Xray-linux-loong64.zip      | LOCAL=aa95bc2c643e982b162b940b3d933033eda668674d53ae0bc6a920d5b956b825 REMOTE=aa95bc2c643e982b162b940b3d933033eda668674d53ae0bc6a920d5b956b825
[3123/3625] Checking is OK   | E:\01.userData\ZhuoMian\Github_Releases_批量下载 xray\Xray-core\v26.1.31\Xray-linux-mips32.zip       | LOCAL=bc5f4b9c13597831d83967c61a6a11da1669a5f6e3eb168821d693f64cae206a REMOTE=bc5f4b9c13597831d83967c61a6a11da1669a5f6e3eb168821d693f64cae206a
[3124/3625] Checking is OK   | E:\01.userData\ZhuoMian\Github_Releases_批量下载 xray\Xray-core\v26.1.31\Xray-linux-mips32le.zip     | LOCAL=a4e7f914dfc81f698e90cdc39e08240e90cc118a0a7e6945dd253c008d58c907 REMOTE=a4e7f914dfc81f698e90cdc39e08240e90cc118a0a7e6945dd253c008d58c907
[3125/3625] Checking is OK   | E:\01.userData\ZhuoMian\Github_Releases_批量下载 xray\Xray-core\v26.1.31\Xray-linux-mips64.zip       | LOCAL=e07bec771f14e2595e050056f0695acc032e03bedd167e08712d71bb24868093 REMOTE=e07bec771f14e2595e050056f0695acc032e03bedd167e08712d71bb24868093
[3126/3625] Checking is OK   | E:\01.userData\ZhuoMian\Github_Releases_批量下载 xray\Xray-core\v26.1.31\Xray-linux-mips64le.zip     | LOCAL=a75efb00f73f5187badcd51dc5effb5df96a1fd44980acde458ffe43cfeaeb7b REMOTE=a75efb00f73f5187badcd51dc5effb5df96a1fd44980acde458ffe43cfeaeb7b
[3127/3625] Checking is OK   | E:\01.userData\ZhuoMian\Github_Releases_批量下载 xray\Xray-core\v26.1.31\Xray-linux-ppc64.zip        | LOCAL=0b5873998a895e390bff9f99fa458915ae599c688184a85950f619ffff2dc901 REMOTE=0b5873998a895e390bff9f99fa458915ae599c688184a85950f619ffff2dc901
[3128/3625] Checking is OK   | E:\01.userData\ZhuoMian\Github_Releases_批量下载 xray\Xray-core\v26.1.31\Xray-linux-ppc64le.zip      | LOCAL=68336542c89668abc207f9449683b124f85e0cc3d07aa909b55ed2f2cb9831a1 REMOTE=68336542c89668abc207f9449683b124f85e0cc3d07aa909b55ed2f2cb9831a1
[3129/3625] Checking is OK   | E:\01.userData\ZhuoMian\Github_Releases_批量下载 xray\Xray-core\v26.1.31\Xray-linux-riscv64.zip      | LOCAL=0e043486ac6b97ecc3be49a76364e126a8a2110113cebdb00d5fbc6dc4549448 REMOTE=0e043486ac6b97ecc3be49a76364e126a8a2110113cebdb00d5fbc6dc4549448
[3130/3625] Checking is OK   | E:\01.userData\ZhuoMian\Github_Releases_批量下载 xray\Xray-core\v26.1.31\Xray-linux-s390x.zip        | LOCAL=387c2c5124697fe0f871023ed00131190e4911d592f58650aa33d5824d52591e REMOTE=387c2c5124697fe0f871023ed00131190e4911d592f58650aa33d5824d52591e
[3131/3625] Checking is OK   | E:\01.userData\ZhuoMian\Github_Releases_批量下载 xray\Xray-core\v26.1.31\Xray-macos-64.zip           | LOCAL=bfd4ea26a22eeaa021d6e5dd99d89655a12b170733694b1f575d03807ea04be2 REMOTE=bfd4ea26a22eeaa021d6e5dd99d89655a12b170733694b1f575d03807ea04be2
[3132/3625] Checking is OK   | E:\01.userData\ZhuoMian\Github_Releases_批量下载 xray\Xray-core\v26.1.31\Xray-macos-arm64-v8a.zip    | LOCAL=6a44aa2578c7878f8d092102d9f0eb5cdf55bc129c89259c79c6a04679917bbf REMOTE=6a44aa2578c7878f8d092102d9f0eb5cdf55bc129c89259c79c6a04679917bbf
[3133/3625] Checking is OK   | E:\01.userData\ZhuoMian\Github_Releases_批量下载 xray\Xray-core\v26.1.31\Xray-openbsd-32.zip         | LOCAL=beb5eac3cb8d66db5cd8b08b2035e5e3f40e96c70203900a774acef2bc669d13 REMOTE=beb5eac3cb8d66db5cd8b08b2035e5e3f40e96c70203900a774acef2bc669d13
[3134/3625] Checking is OK   | E:\01.userData\ZhuoMian\Github_Releases_批量下载 xray\Xray-core\v26.1.31\Xray-openbsd-64.zip         | LOCAL=375be1e67a62e0510486d3b394607c2ead0c4f9d36d550a05ba9b7a75c2b8634 REMOTE=375be1e67a62e0510486d3b394607c2ead0c4f9d36d550a05ba9b7a75c2b8634
[3135/3625] Checking is OK   | E:\01.userData\ZhuoMian\Github_Releases_批量下载 xray\Xray-core\v26.1.31\Xray-openbsd-arm32-v7a.zip  | LOCAL=76ed89a566d2cb80f87b8c6f2a42b61658559b93180342a9b57f0935fe9beec4 REMOTE=76ed89a566d2cb80f87b8c6f2a42b61658559b93180342a9b57f0935fe9beec4
[3136/3625] Checking is OK   | E:\01.userData\ZhuoMian\Github_Releases_批量下载 xray\Xray-core\v26.1.31\Xray-openbsd-arm64-v8a.zip  | LOCAL=83d04767664774737d0cb85252983d2029da81805fb89dbeb9e5f19c8b96efa2 REMOTE=83d04767664774737d0cb85252983d2029da81805fb89dbeb9e5f19c8b96efa2
[3137/3625] Checking is OK   | E:\01.userData\ZhuoMian\Github_Releases_批量下载 xray\Xray-core\v26.1.31\Xray-win7-32.zip            | LOCAL=bcb788563d45f135518b4ee8007c6d83ef01bb7c5294a108e77c29fa747c05d8 REMOTE=bcb788563d45f135518b4ee8007c6d83ef01bb7c5294a108e77c29fa747c05d8
[3138/3625] Checking is OK   | E:\01.userData\ZhuoMian\Github_Releases_批量下载 xray\Xray-core\v26.1.31\Xray-win7-64.zip            | LOCAL=eb59a47dd083e3e1cf688017001dd1d4afcac27e6ede5f003457b314ffff9b8b REMOTE=eb59a47dd083e3e1cf688017001dd1d4afcac27e6ede5f003457b314ffff9b8b
[3139/3625] Checking is OK   | E:\01.userData\ZhuoMian\Github_Releases_批量下载 xray\Xray-core\v26.1.31\Xray-windows-32.zip         | LOCAL=0a74bb33bd5d460f9e1f92e110a494b30dea9ba38d590c6fa6521fd7be74ae62 REMOTE=0a74bb33bd5d460f9e1f92e110a494b30dea9ba38d590c6fa6521fd7be74ae62
[3140/3625] Checking is OK   | E:\01.userData\ZhuoMian\Github_Releases_批量下载 xray\Xray-core\v26.1.31\Xray-windows-64.zip         | LOCAL=780dce16640c96740b77bb36fbbee59d5e8c23cc5874a6d032a7e59b03b942c3 REMOTE=780dce16640c96740b77bb36fbbee59d5e8c23cc5874a6d032a7e59b03b942c3
[3141/3625] Checking is OK   | E:\01.userData\ZhuoMian\Github_Releases_批量下载 xray\Xray-core\v26.1.31\Xray-windows-arm32-v7a.zip  | LOCAL=79a6d0a0fdc92bba9f5234d2b977ffcd95f5e2562d06c9a7ecf040bf383c1801 REMOTE=79a6d0a0fdc92bba9f5234d2b977ffcd95f5e2562d06c9a7ecf040bf383c1801
[3142/3625] Checking is OK   | E:\01.userData\ZhuoMian\Github_Releases_批量下载 xray\Xray-core\v26.1.31\Xray-windows-arm64-v8a.zip  | LOCAL=777610742e689d50d6295b36322a7dd2ae47ae0b27c8f41436806c0f1202d821 REMOTE=777610742e689d50d6295b36322a7dd2ae47ae0b27c8f41436806c0f1202d821
[3143/3625] Checking is OK   | E:\01.userData\ZhuoMian\Github_Releases_批量下载 xray\Xray-core\v26.2.2\Xray-android-amd64.zip       | LOCAL=48b1a0f252b979f6c26b13f003fed0505ee18c60979d0144c2bbcb41391745c3 REMOTE=48b1a0f252b979f6c26b13f003fed0505ee18c60979d0144c2bbcb41391745c3
[3144/3625] Checking is OK   | E:\01.userData\ZhuoMian\Github_Releases_批量下载 xray\Xray-core\v26.2.2\Xray-android-arm64-v8a.zip   | LOCAL=7b46bf91db33ee8b04d5e64189b3eda82abdd82c1fc7ea560a54b6648335b25d REMOTE=7b46bf91db33ee8b04d5e64189b3eda82abdd82c1fc7ea560a54b6648335b25d
[3145/3625] Checking is OK   | E:\01.userData\ZhuoMian\Github_Releases_批量下载 xray\Xray-core\v26.2.2\Xray-freebsd-32.zip          | LOCAL=d1af99667e9093051fc244ab5c6106706dd84b25158331576801e252c198f162 REMOTE=d1af99667e9093051fc244ab5c6106706dd84b25158331576801e252c198f162
[3146/3625] Checking is OK   | E:\01.userData\ZhuoMian\Github_Releases_批量下载 xray\Xray-core\v26.2.2\Xray-freebsd-64.zip          | LOCAL=71293997f3219f75b32006a7bc6dd74d5cdf37e9c25a7c5eedd7ca651b0a1f78 REMOTE=71293997f3219f75b32006a7bc6dd74d5cdf37e9c25a7c5eedd7ca651b0a1f78
[3147/3625] Checking is OK   | E:\01.userData\ZhuoMian\Github_Releases_批量下载 xray\Xray-core\v26.2.2\Xray-freebsd-arm32-v7a.zip   | LOCAL=cfb80a46f723d68913b322c40a2eb4308148dbe2bb7d3314dace5e07c574a0ca REMOTE=cfb80a46f723d68913b322c40a2eb4308148dbe2bb7d3314dace5e07c574a0ca
[3148/3625] Checking is OK   | E:\01.userData\ZhuoMian\Github_Releases_批量下载 xray\Xray-core\v26.2.2\Xray-freebsd-arm64-v8a.zip   | LOCAL=0ba40af5f98c9415a83993b8fea3dbbf6a79e262dae4bd33db4b00d22afe7c96 REMOTE=0ba40af5f98c9415a83993b8fea3dbbf6a79e262dae4bd33db4b00d22afe7c96
[3149/3625] Checking is OK   | E:\01.userData\ZhuoMian\Github_Releases_批量下载 xray\Xray-core\v26.2.2\Xray-linux-32.zip            | LOCAL=02ffd0e63331a5cd93d0c20e13e488b73dce5bbff8cd2aa1992028d6302debaf REMOTE=02ffd0e63331a5cd93d0c20e13e488b73dce5bbff8cd2aa1992028d6302debaf
[3150/3625] Checking is OK   | E:\01.userData\ZhuoMian\Github_Releases_批量下载 xray\Xray-core\v26.2.2\Xray-linux-64.zip            | LOCAL=e281a2628e5d5beeec5e31b804b3f269ee70cd7f5d56aa92cccd1f8cb6d36365 REMOTE=e281a2628e5d5beeec5e31b804b3f269ee70cd7f5d56aa92cccd1f8cb6d36365
[3151/3625] Checking is OK   | E:\01.userData\ZhuoMian\Github_Releases_批量下载 xray\Xray-core\v26.2.2\Xray-linux-arm32-v5.zip      | LOCAL=9e46a3d228834967304cd92b668ff7c632f3c1e70c1ab6d6abf14791b0eaf1c5 REMOTE=9e46a3d228834967304cd92b668ff7c632f3c1e70c1ab6d6abf14791b0eaf1c5
[3152/3625] Checking is OK   | E:\01.userData\ZhuoMian\Github_Releases_批量下载 xray\Xray-core\v26.2.2\Xray-linux-arm32-v6.zip      | LOCAL=00a939ef4e7d07234528239b27b57063c13f6f6f93917715cbe843e02e432ccc REMOTE=00a939ef4e7d07234528239b27b57063c13f6f6f93917715cbe843e02e432ccc
[3153/3625] Checking is OK   | E:\01.userData\ZhuoMian\Github_Releases_批量下载 xray\Xray-core\v26.2.2\Xray-linux-arm32-v7a.zip     | LOCAL=8cf79eb137714bde3db81f1bde345e7824c065623e0863c24211eb07cadfe9d8 REMOTE=8cf79eb137714bde3db81f1bde345e7824c065623e0863c24211eb07cadfe9d8
[3154/3625] Checking is OK   | E:\01.userData\ZhuoMian\Github_Releases_批量下载 xray\Xray-core\v26.2.2\Xray-linux-arm64-v8a.zip     | LOCAL=4afed4f00b75452b565c692746a1b4e36b6cfa6142660588dd7934bd1d200577 REMOTE=4afed4f00b75452b565c692746a1b4e36b6cfa6142660588dd7934bd1d200577
[3155/3625] Checking is OK   | E:\01.userData\ZhuoMian\Github_Releases_批量下载 xray\Xray-core\v26.2.2\Xray-linux-loong64.zip       | LOCAL=2ebb59320248e88b3a6626d4e7054132f2f0578a1e25a9a66bdd0182bfddb0a9 REMOTE=2ebb59320248e88b3a6626d4e7054132f2f0578a1e25a9a66bdd0182bfddb0a9
[3156/3625] Checking is OK   | E:\01.userData\ZhuoMian\Github_Releases_批量下载 xray\Xray-core\v26.2.2\Xray-linux-mips32.zip        | LOCAL=4871a6dcfa33ac09325d18b5e9d9b7b072a1900ce89d9452fc0aaecc306ce981 REMOTE=4871a6dcfa33ac09325d18b5e9d9b7b072a1900ce89d9452fc0aaecc306ce981
[3157/3625] Checking is OK   | E:\01.userData\ZhuoMian\Github_Releases_批量下载 xray\Xray-core\v26.2.2\Xray-linux-mips32le.zip      | LOCAL=280060ecbe0c8d00a94f1dcf31f91453b496ff8a21973a23fa97c1a3aacd6e4c REMOTE=280060ecbe0c8d00a94f1dcf31f91453b496ff8a21973a23fa97c1a3aacd6e4c
[3158/3625] Checking is OK   | E:\01.userData\ZhuoMian\Github_Releases_批量下载 xray\Xray-core\v26.2.2\Xray-linux-mips64.zip        | LOCAL=1e7a0c79cf32611d0fb633011e82bcfeb7ae21c35592c575d58e39877ba49c17 REMOTE=1e7a0c79cf32611d0fb633011e82bcfeb7ae21c35592c575d58e39877ba49c17
[3159/3625] Checking is OK   | E:\01.userData\ZhuoMian\Github_Releases_批量下载 xray\Xray-core\v26.2.2\Xray-linux-mips64le.zip      | LOCAL=dc8bf1ef3d84d7d65035223910e9b09a91720d9ca99702ef357f1b0370d1734f REMOTE=dc8bf1ef3d84d7d65035223910e9b09a91720d9ca99702ef357f1b0370d1734f
[3160/3625] Checking is OK   | E:\01.userData\ZhuoMian\Github_Releases_批量下载 xray\Xray-core\v26.2.2\Xray-linux-ppc64.zip         | LOCAL=ba805d9993f2ff6be179007313ee48c57ac17303fb145c98900ec3c5eaaf85d1 REMOTE=ba805d9993f2ff6be179007313ee48c57ac17303fb145c98900ec3c5eaaf85d1
[3161/3625] Checking is OK   | E:\01.userData\ZhuoMian\Github_Releases_批量下载 xray\Xray-core\v26.2.2\Xray-linux-ppc64le.zip       | LOCAL=112d8aedf085db0fdeeb01f0ae5b7e2c694e65c523215c2300e9ab62d0161d64 REMOTE=112d8aedf085db0fdeeb01f0ae5b7e2c694e65c523215c2300e9ab62d0161d64
[3162/3625] Checking is OK   | E:\01.userData\ZhuoMian\Github_Releases_批量下载 xray\Xray-core\v26.2.2\Xray-linux-riscv64.zip       | LOCAL=7786b9c104f4f16e734b11f2ea7e90a568a4fb92f4dcaab2379838d4616c48be REMOTE=7786b9c104f4f16e734b11f2ea7e90a568a4fb92f4dcaab2379838d4616c48be
[3163/3625] Checking is OK   | E:\01.userData\ZhuoMian\Github_Releases_批量下载 xray\Xray-core\v26.2.2\Xray-linux-s390x.zip         | LOCAL=514e5d7c8f56702c4d52b44bde5dd99121482228b567fe618b3945e070dbaecd REMOTE=514e5d7c8f56702c4d52b44bde5dd99121482228b567fe618b3945e070dbaecd
[3164/3625] Checking is OK   | E:\01.userData\ZhuoMian\Github_Releases_批量下载 xray\Xray-core\v26.2.2\Xray-macos-64.zip            | LOCAL=3104180a5b4a02a83b8f9ad02c5ca474ce797a844f5fdd262ef4f9c583083b18 REMOTE=3104180a5b4a02a83b8f9ad02c5ca474ce797a844f5fdd262ef4f9c583083b18
[3165/3625] Checking is OK   | E:\01.userData\ZhuoMian\Github_Releases_批量下载 xray\Xray-core\v26.2.2\Xray-macos-arm64-v8a.zip     | LOCAL=d6edea50fcd54002f466812af13898f02425d88e08228d2f5478c4212a145d68 REMOTE=d6edea50fcd54002f466812af13898f02425d88e08228d2f5478c4212a145d68
[3166/3625] Checking is OK   | E:\01.userData\ZhuoMian\Github_Releases_批量下载 xray\Xray-core\v26.2.2\Xray-openbsd-32.zip          | LOCAL=16bf8df1ec7bdada81467e5e336a0d6b2ef6f7f72eb67f5e2085e6e04bb78a10 REMOTE=16bf8df1ec7bdada81467e5e336a0d6b2ef6f7f72eb67f5e2085e6e04bb78a10
[3167/3625] Checking is OK   | E:\01.userData\ZhuoMian\Github_Releases_批量下载 xray\Xray-core\v26.2.2\Xray-openbsd-64.zip          | LOCAL=54c9ff0386129a546595bd6bdfdcf065063fd6b3e9f105a328941da86bec1d0a REMOTE=54c9ff0386129a546595bd6bdfdcf065063fd6b3e9f105a328941da86bec1d0a
[3168/3625] Checking is OK   | E:\01.userData\ZhuoMian\Github_Releases_批量下载 xray\Xray-core\v26.2.2\Xray-openbsd-arm32-v7a.zip   | LOCAL=80537e8e3d4ff0b37a43a37dc4bd54a2e384e082b4ee35d09b69445333cac06f REMOTE=80537e8e3d4ff0b37a43a37dc4bd54a2e384e082b4ee35d09b69445333cac06f
[3169/3625] Checking is OK   | E:\01.userData\ZhuoMian\Github_Releases_批量下载 xray\Xray-core\v26.2.2\Xray-openbsd-arm64-v8a.zip   | LOCAL=f1bb0bee3c711c572a71348eb030c918634ccebe678b2188a0ed083cd2a16a7f REMOTE=f1bb0bee3c711c572a71348eb030c918634ccebe678b2188a0ed083cd2a16a7f
[3170/3625] Checking is OK   | E:\01.userData\ZhuoMian\Github_Releases_批量下载 xray\Xray-core\v26.2.2\Xray-win7-32.zip             | LOCAL=67107145374dba0e92b4bc024fe0773f570dee61507f47e554c50d8364eb4faa REMOTE=67107145374dba0e92b4bc024fe0773f570dee61507f47e554c50d8364eb4faa
[3171/3625] Checking is OK   | E:\01.userData\ZhuoMian\Github_Releases_批量下载 xray\Xray-core\v26.2.2\Xray-win7-64.zip             | LOCAL=991a2fc9d24bee0d0dd74d8574fcf461f87e51ea65ee89322ee64a22483a0939 REMOTE=991a2fc9d24bee0d0dd74d8574fcf461f87e51ea65ee89322ee64a22483a0939
[3172/3625] Checking is OK   | E:\01.userData\ZhuoMian\Github_Releases_批量下载 xray\Xray-core\v26.2.2\Xray-windows-32.zip          | LOCAL=ccf6019eaa2f3984911cdf3374bd96a7239f8de0f183929b6f2726202ae68131 REMOTE=ccf6019eaa2f3984911cdf3374bd96a7239f8de0f183929b6f2726202ae68131
[3173/3625] Checking is OK   | E:\01.userData\ZhuoMian\Github_Releases_批量下载 xray\Xray-core\v26.2.2\Xray-windows-64.zip          | LOCAL=6f02e679dc9922855448f0473ae7c30014f3734212aed31eee998ae1eafdf952 REMOTE=6f02e679dc9922855448f0473ae7c30014f3734212aed31eee998ae1eafdf952
[3174/3625] Checking is OK   | E:\01.userData\ZhuoMian\Github_Releases_批量下载 xray\Xray-core\v26.2.2\Xray-windows-arm32-v7a.zip   | LOCAL=0563d04f2d3851e3fbc6af343c5acdf85cd6f0d82ae360ca2257ffd1a6ffd27c REMOTE=0563d04f2d3851e3fbc6af343c5acdf85cd6f0d82ae360ca2257ffd1a6ffd27c
[3175/3625] Checking is OK   | E:\01.userData\ZhuoMian\Github_Releases_批量下载 xray\Xray-core\v26.2.2\Xray-windows-arm64-v8a.zip   | LOCAL=a7af89ef258fa2ff7bf6bfe99f9c0b950798b501e20d0bf4028e4d4cc7e6d220 REMOTE=a7af89ef258fa2ff7bf6bfe99f9c0b950798b501e20d0bf4028e4d4cc7e6d220
[3176/3625] Checking is OK   | E:\01.userData\ZhuoMian\Github_Releases_批量下载 xray\Xray-core\v26.2.4\Xray-android-amd64.zip       | LOCAL=3bc5a0c465b80b81a87e2926196c031d52b84b40e103893a282e6d6fd9c6e11b REMOTE=3bc5a0c465b80b81a87e2926196c031d52b84b40e103893a282e6d6fd9c6e11b
[3177/3625] Checking is OK   | E:\01.userData\ZhuoMian\Github_Releases_批量下载 xray\Xray-core\v26.2.4\Xray-android-arm64-v8a.zip   | LOCAL=5db41a15fabc4fedc97aa4532a0fb26755acd331fd006fd3af7a3f6bf20cbd59 REMOTE=5db41a15fabc4fedc97aa4532a0fb26755acd331fd006fd3af7a3f6bf20cbd59
[3178/3625] Checking is OK   | E:\01.userData\ZhuoMian\Github_Releases_批量下载 xray\Xray-core\v26.2.4\Xray-freebsd-32.zip          | LOCAL=daf9f8e19bd42d2ac079aa3ac2b85a9facd730e4ae0d009d641669c767ecc7d6 REMOTE=daf9f8e19bd42d2ac079aa3ac2b85a9facd730e4ae0d009d641669c767ecc7d6
[3179/3625] Checking is OK   | E:\01.userData\ZhuoMian\Github_Releases_批量下载 xray\Xray-core\v26.2.4\Xray-freebsd-64.zip          | LOCAL=4629234a38b98902c3a616cec2a8fde5c59ccebb7460d9e9ff79bc70a521d3fd REMOTE=4629234a38b98902c3a616cec2a8fde5c59ccebb7460d9e9ff79bc70a521d3fd
[3180/3625] Checking is OK   | E:\01.userData\ZhuoMian\Github_Releases_批量下载 xray\Xray-core\v26.2.4\Xray-freebsd-arm32-v7a.zip   | LOCAL=99d2faadf29ee08ef6db33c23b12edb402233f59ac924d463bc9c3598cd0a79e REMOTE=99d2faadf29ee08ef6db33c23b12edb402233f59ac924d463bc9c3598cd0a79e
[3181/3625] Checking is OK   | E:\01.userData\ZhuoMian\Github_Releases_批量下载 xray\Xray-core\v26.2.4\Xray-freebsd-arm64-v8a.zip   | LOCAL=4333634712a8293dd438cb59adb13b5e85f3c4695f70c38b0b8ed89970c83075 REMOTE=4333634712a8293dd438cb59adb13b5e85f3c4695f70c38b0b8ed89970c83075
[3182/3625] Checking is OK   | E:\01.userData\ZhuoMian\Github_Releases_批量下载 xray\Xray-core\v26.2.4\Xray-linux-32.zip            | LOCAL=8a659a0a05eed1c91b744df3d37cc55c1cb7da01a503ad7346190d02ff464bb1 REMOTE=8a659a0a05eed1c91b744df3d37cc55c1cb7da01a503ad7346190d02ff464bb1
[3183/3625] Checking is OK   | E:\01.userData\ZhuoMian\Github_Releases_批量下载 xray\Xray-core\v26.2.4\Xray-linux-64.zip            | LOCAL=c6cb57846d7b170ba229bbc61d38909e0bab4357913b8080970b3df45e7fdccf REMOTE=c6cb57846d7b170ba229bbc61d38909e0bab4357913b8080970b3df45e7fdccf
[3184/3625] Checking is OK   | E:\01.userData\ZhuoMian\Github_Releases_批量下载 xray\Xray-core\v26.2.4\Xray-linux-arm32-v5.zip      | LOCAL=065f8c9db9b114710167847d73a94c414279015b145e22436d10e18a18c10a83 REMOTE=065f8c9db9b114710167847d73a94c414279015b145e22436d10e18a18c10a83
[3185/3625] Checking is OK   | E:\01.userData\ZhuoMian\Github_Releases_批量下载 xray\Xray-core\v26.2.4\Xray-linux-arm32-v6.zip      | LOCAL=a52d2a00b7ae8b9e7a65f41b6df123c12e8bacf5ef5df93b9a5eb9e09cdd31c8 REMOTE=a52d2a00b7ae8b9e7a65f41b6df123c12e8bacf5ef5df93b9a5eb9e09cdd31c8
[3186/3625] Checking is OK   | E:\01.userData\ZhuoMian\Github_Releases_批量下载 xray\Xray-core\v26.2.4\Xray-linux-arm32-v7a.zip     | LOCAL=e2f1bbecb50244bc116c5474678aefdffb31124695aff0ba84be798a4860c4b9 REMOTE=e2f1bbecb50244bc116c5474678aefdffb31124695aff0ba84be798a4860c4b9
[3187/3625] Checking is OK   | E:\01.userData\ZhuoMian\Github_Releases_批量下载 xray\Xray-core\v26.2.4\Xray-linux-arm64-v8a.zip     | LOCAL=025a43e62e3c660b88df6819e473cccc87643275e151893a6ff39ea0a04c2fad REMOTE=025a43e62e3c660b88df6819e473cccc87643275e151893a6ff39ea0a04c2fad
[3188/3625] Checking is OK   | E:\01.userData\ZhuoMian\Github_Releases_批量下载 xray\Xray-core\v26.2.4\Xray-linux-loong64.zip       | LOCAL=87d532e5cde387c6e4ea11a840869c0500eb2e9aa05ba9d7f3925cda47cf3691 REMOTE=87d532e5cde387c6e4ea11a840869c0500eb2e9aa05ba9d7f3925cda47cf3691
[3189/3625] Checking is OK   | E:\01.userData\ZhuoMian\Github_Releases_批量下载 xray\Xray-core\v26.2.4\Xray-linux-mips32.zip        | LOCAL=467ac74d4c804466edecba44abea2b8c181dfb4634fa24d4a226395ddbae6c60 REMOTE=467ac74d4c804466edecba44abea2b8c181dfb4634fa24d4a226395ddbae6c60
[3190/3625] Checking is OK   | E:\01.userData\ZhuoMian\Github_Releases_批量下载 xray\Xray-core\v26.2.4\Xray-linux-mips32le.zip      | LOCAL=cd3d8585494a9d035a6857d6923c9a8786f811dd80867217b68c9bc29045093d REMOTE=cd3d8585494a9d035a6857d6923c9a8786f811dd80867217b68c9bc29045093d
[3191/3625] Checking is OK   | E:\01.userData\ZhuoMian\Github_Releases_批量下载 xray\Xray-core\v26.2.4\Xray-linux-mips64.zip        | LOCAL=0df1a125be06eca62714cf779b3b5ab4a7e2a85717be405a7ac07762553ea867 REMOTE=0df1a125be06eca62714cf779b3b5ab4a7e2a85717be405a7ac07762553ea867
[3192/3625] Checking is OK   | E:\01.userData\ZhuoMian\Github_Releases_批量下载 xray\Xray-core\v26.2.4\Xray-linux-mips64le.zip      | LOCAL=dfc5cf235b924017fe79c1049bf71d561e4c8c4fda08a0203af8d99c7034f93a REMOTE=dfc5cf235b924017fe79c1049bf71d561e4c8c4fda08a0203af8d99c7034f93a
[3193/3625] Checking is OK   | E:\01.userData\ZhuoMian\Github_Releases_批量下载 xray\Xray-core\v26.2.4\Xray-linux-ppc64.zip         | LOCAL=8bd4adcd00daf2db93bafe9627318f4723e4a47f73a08db138bd36ff51b545d0 REMOTE=8bd4adcd00daf2db93bafe9627318f4723e4a47f73a08db138bd36ff51b545d0
[3194/3625] Checking is OK   | E:\01.userData\ZhuoMian\Github_Releases_批量下载 xray\Xray-core\v26.2.4\Xray-linux-ppc64le.zip       | LOCAL=c4cae915e4ec30c5d6003905863cf31429d786eab0ea30ca7df6882f31992db8 REMOTE=c4cae915e4ec30c5d6003905863cf31429d786eab0ea30ca7df6882f31992db8
[3195/3625] Checking is OK   | E:\01.userData\ZhuoMian\Github_Releases_批量下载 xray\Xray-core\v26.2.4\Xray-linux-riscv64.zip       | LOCAL=e75ec2087038e9b776e56a1383aa6cb3ec226ec7a3c85a9e3c485d9530168987 REMOTE=e75ec2087038e9b776e56a1383aa6cb3ec226ec7a3c85a9e3c485d9530168987
[3196/3625] Checking is OK   | E:\01.userData\ZhuoMian\Github_Releases_批量下载 xray\Xray-core\v26.2.4\Xray-linux-s390x.zip         | LOCAL=d60b41ee247244aa56376c3925c7ee3d7f1d969dc1891286078e4eb9a1104938 REMOTE=d60b41ee247244aa56376c3925c7ee3d7f1d969dc1891286078e4eb9a1104938
[3197/3625] Checking is OK   | E:\01.userData\ZhuoMian\Github_Releases_批量下载 xray\Xray-core\v26.2.4\Xray-macos-64.zip            | LOCAL=410030cec7aee65c40cf32d632bfc1853b1107aa61cef2f94e497bc770968517 REMOTE=410030cec7aee65c40cf32d632bfc1853b1107aa61cef2f94e497bc770968517
[3198/3625] Checking is OK   | E:\01.userData\ZhuoMian\Github_Releases_批量下载 xray\Xray-core\v26.2.4\Xray-macos-arm64-v8a.zip     | LOCAL=e3997d6151fd868ac887c22694f758b00e949ecf517120715c2618f263a6458f REMOTE=e3997d6151fd868ac887c22694f758b00e949ecf517120715c2618f263a6458f
[3199/3625] Checking is OK   | E:\01.userData\ZhuoMian\Github_Releases_批量下载 xray\Xray-core\v26.2.4\Xray-openbsd-32.zip          | LOCAL=841861566ab2fd3b23cb52f3c4a8f56b7123ceeb33e49eca71237f25c85a9519 REMOTE=841861566ab2fd3b23cb52f3c4a8f56b7123ceeb33e49eca71237f25c85a9519
[3200/3625] Checking is OK   | E:\01.userData\ZhuoMian\Github_Releases_批量下载 xray\Xray-core\v26.2.4\Xray-openbsd-64.zip          | LOCAL=a8bc4661ca582475eb2f3b8da886d95c69d88c43d680da52c5ccf4ad4238dfdf REMOTE=a8bc4661ca582475eb2f3b8da886d95c69d88c43d680da52c5ccf4ad4238dfdf
[3201/3625] Checking is OK   | E:\01.userData\ZhuoMian\Github_Releases_批量下载 xray\Xray-core\v26.2.4\Xray-openbsd-arm32-v7a.zip   | LOCAL=3c6e3df6751ad2473f3ba315970c5ef18b4d225a760f2d487cd06b32e7b7316a REMOTE=3c6e3df6751ad2473f3ba315970c5ef18b4d225a760f2d487cd06b32e7b7316a
[3202/3625] Checking is OK   | E:\01.userData\ZhuoMian\Github_Releases_批量下载 xray\Xray-core\v26.2.4\Xray-openbsd-arm64-v8a.zip   | LOCAL=212164491dbf8cb28591a41ab71e1a63d3103e1c7d23b354b59025f1e398c551 REMOTE=212164491dbf8cb28591a41ab71e1a63d3103e1c7d23b354b59025f1e398c551
[3203/3625] Checking is OK   | E:\01.userData\ZhuoMian\Github_Releases_批量下载 xray\Xray-core\v26.2.4\Xray-win7-32.zip             | LOCAL=df6e577d40b48a13ddb08676db2c0821f4e7b04f60ce799daeac692bd7218a9a REMOTE=df6e577d40b48a13ddb08676db2c0821f4e7b04f60ce799daeac692bd7218a9a
[3204/3625] Checking is OK   | E:\01.userData\ZhuoMian\Github_Releases_批量下载 xray\Xray-core\v26.2.4\Xray-win7-64.zip             | LOCAL=14e4c7a437b60378ca73afff5b39076b0c4937ad7af7e268a95ca6c2453ea4c5 REMOTE=14e4c7a437b60378ca73afff5b39076b0c4937ad7af7e268a95ca6c2453ea4c5
[3205/3625] Checking is OK   | E:\01.userData\ZhuoMian\Github_Releases_批量下载 xray\Xray-core\v26.2.4\Xray-windows-32.zip          | LOCAL=8a1f674554751e460dc2d21ab634686c8fbec93bf8096db405b1238a92f72b55 REMOTE=8a1f674554751e460dc2d21ab634686c8fbec93bf8096db405b1238a92f72b55
[3206/3625] Checking is OK   | E:\01.userData\ZhuoMian\Github_Releases_批量下载 xray\Xray-core\v26.2.4\Xray-windows-64.zip          | LOCAL=2945aa7e7ec4c4f85f3d21829ae76ef7a49dfeed710c92c5770d12937d088016 REMOTE=2945aa7e7ec4c4f85f3d21829ae76ef7a49dfeed710c92c5770d12937d088016
[3207/3625] Checking is OK   | E:\01.userData\ZhuoMian\Github_Releases_批量下载 xray\Xray-core\v26.2.4\Xray-windows-arm32-v7a.zip   | LOCAL=1a64c6719bb1e381de62473a28e7ca6bba32b2f5f63697b41dbac05111556b05 REMOTE=1a64c6719bb1e381de62473a28e7ca6bba32b2f5f63697b41dbac05111556b05
[3208/3625] Checking is OK   | E:\01.userData\ZhuoMian\Github_Releases_批量下载 xray\Xray-core\v26.2.4\Xray-windows-arm64-v8a.zip   | LOCAL=a7c79987ecfc458982ab692e225b562720430cfc805546a5fc4236ff5bde4770 REMOTE=a7c79987ecfc458982ab692e225b562720430cfc805546a5fc4236ff5bde4770
[3209/3625] Checking is OK   | E:\01.userData\ZhuoMian\Github_Releases_批量下载 xray\Xray-core\v26.2.6\Xray-android-amd64.zip       | LOCAL=f11f5bb71ebb2fe4127670404fbd0c21d93f62e453870fda65ad6effe7a6131e REMOTE=f11f5bb71ebb2fe4127670404fbd0c21d93f62e453870fda65ad6effe7a6131e
[3210/3625] Checking is OK   | E:\01.userData\ZhuoMian\Github_Releases_批量下载 xray\Xray-core\v26.2.6\Xray-android-arm64-v8a.zip   | LOCAL=952ccbb2275eace52e644a349358de293278eefc32b139d795b067edcb6a2f07 REMOTE=952ccbb2275eace52e644a349358de293278eefc32b139d795b067edcb6a2f07
[3211/3625] Checking is OK   | E:\01.userData\ZhuoMian\Github_Releases_批量下载 xray\Xray-core\v26.2.6\Xray-freebsd-32.zip          | LOCAL=05ab99835260417c074fbe2bb9b5e943b4d8ee660a48c9f78fbaed26285b9c93 REMOTE=05ab99835260417c074fbe2bb9b5e943b4d8ee660a48c9f78fbaed26285b9c93
[3212/3625] Checking is OK   | E:\01.userData\ZhuoMian\Github_Releases_批量下载 xray\Xray-core\v26.2.6\Xray-freebsd-64.zip          | LOCAL=4f79e9f74ea74b767352f0f356cc385beb0c54d589267ee90b2df5db9ce15a96 REMOTE=4f79e9f74ea74b767352f0f356cc385beb0c54d589267ee90b2df5db9ce15a96
[3213/3625] Checking is OK   | E:\01.userData\ZhuoMian\Github_Releases_批量下载 xray\Xray-core\v26.2.6\Xray-freebsd-arm32-v7a.zip   | LOCAL=b91442d2bacc27587408cacf368e5b3593a181ee211a34d6f70c969ee00b9de8 REMOTE=b91442d2bacc27587408cacf368e5b3593a181ee211a34d6f70c969ee00b9de8
[3214/3625] Checking is OK   | E:\01.userData\ZhuoMian\Github_Releases_批量下载 xray\Xray-core\v26.2.6\Xray-freebsd-arm64-v8a.zip   | LOCAL=1995fd27b3c44c5a57a305cf9f467813d8353f6de46b5e5bcf3383d968d6dbfc REMOTE=1995fd27b3c44c5a57a305cf9f467813d8353f6de46b5e5bcf3383d968d6dbfc
[3215/3625] Checking is OK   | E:\01.userData\ZhuoMian\Github_Releases_批量下载 xray\Xray-core\v26.2.6\Xray-linux-32.zip            | LOCAL=0076878dd4fea220bf47bb320d67d0df00715f9ae1de490e1f5fc60ccf09ac6e REMOTE=0076878dd4fea220bf47bb320d67d0df00715f9ae1de490e1f5fc60ccf09ac6e
[3216/3625] Checking is OK   | E:\01.userData\ZhuoMian\Github_Releases_批量下载 xray\Xray-core\v26.2.6\Xray-linux-64.zip            | LOCAL=29ce535b56e207a406ffa1c2d4842dcc410be003eff8ec508bb732abc9f8e385 REMOTE=29ce535b56e207a406ffa1c2d4842dcc410be003eff8ec508bb732abc9f8e385
[3217/3625] Checking is OK   | E:\01.userData\ZhuoMian\Github_Releases_批量下载 xray\Xray-core\v26.2.6\Xray-linux-arm32-v5.zip      | LOCAL=2ca5d3dc9ea4405c8dce38d59378390e2f9c786781deb4602c1b6019a5a91a43 REMOTE=2ca5d3dc9ea4405c8dce38d59378390e2f9c786781deb4602c1b6019a5a91a43
[3218/3625] Checking is OK   | E:\01.userData\ZhuoMian\Github_Releases_批量下载 xray\Xray-core\v26.2.6\Xray-linux-arm32-v6.zip      | LOCAL=15f40648e61ef7168945b2e653b03914f2f8e15408316690c547d2b049366270 REMOTE=15f40648e61ef7168945b2e653b03914f2f8e15408316690c547d2b049366270
[3219/3625] Checking is OK   | E:\01.userData\ZhuoMian\Github_Releases_批量下载 xray\Xray-core\v26.2.6\Xray-linux-arm32-v7a.zip     | LOCAL=450c87465b81a9b61864756884ee8731c6e88b70b61d8ec68dfe4b155082780a REMOTE=450c87465b81a9b61864756884ee8731c6e88b70b61d8ec68dfe4b155082780a
[3220/3625] Checking is OK   | E:\01.userData\ZhuoMian\Github_Releases_批量下载 xray\Xray-core\v26.2.6\Xray-linux-arm64-v8a.zip     | LOCAL=b52d8263453fbd6f4747fd6a1ecf70cd43a664243615dc892ea4674c01b2b5ee REMOTE=b52d8263453fbd6f4747fd6a1ecf70cd43a664243615dc892ea4674c01b2b5ee
[3221/3625] Checking is OK   | E:\01.userData\ZhuoMian\Github_Releases_批量下载 xray\Xray-core\v26.2.6\Xray-linux-loong64.zip       | LOCAL=62d915c164b0cb85c2dedd73a9e46d25ee27b4d83dcc20a65b1de3da0a0bd0d6 REMOTE=62d915c164b0cb85c2dedd73a9e46d25ee27b4d83dcc20a65b1de3da0a0bd0d6
[3222/3625] Checking is OK   | E:\01.userData\ZhuoMian\Github_Releases_批量下载 xray\Xray-core\v26.2.6\Xray-linux-mips32.zip        | LOCAL=76a40ab665db109dad408abcdd01d8a6dabeaaac97f1b74d9f3b09429ff0bb30 REMOTE=76a40ab665db109dad408abcdd01d8a6dabeaaac97f1b74d9f3b09429ff0bb30
[3223/3625] Checking is OK   | E:\01.userData\ZhuoMian\Github_Releases_批量下载 xray\Xray-core\v26.2.6\Xray-linux-mips32le.zip      | LOCAL=1590b2bcefe64fb0604f29c8c75219bfbe8f63daa3bc8e3956edfa6da97c5869 REMOTE=1590b2bcefe64fb0604f29c8c75219bfbe8f63daa3bc8e3956edfa6da97c5869
[3224/3625] Checking is OK   | E:\01.userData\ZhuoMian\Github_Releases_批量下载 xray\Xray-core\v26.2.6\Xray-linux-mips64.zip        | LOCAL=1be9ef0c375dd53b7bdd4d8a0a2817ee2b235e50884ea283b1872b2ec6b8d89c REMOTE=1be9ef0c375dd53b7bdd4d8a0a2817ee2b235e50884ea283b1872b2ec6b8d89c
[3225/3625] Checking is OK   | E:\01.userData\ZhuoMian\Github_Releases_批量下载 xray\Xray-core\v26.2.6\Xray-linux-mips64le.zip      | LOCAL=1faabc3e320525b072ba2e84877aaf06798329cc3492ff6e3ac231bf9bcd5e88 REMOTE=1faabc3e320525b072ba2e84877aaf06798329cc3492ff6e3ac231bf9bcd5e88
[3226/3625] Checking is OK   | E:\01.userData\ZhuoMian\Github_Releases_批量下载 xray\Xray-core\v26.2.6\Xray-linux-ppc64.zip         | LOCAL=27cb635492349bc8fc09db850a0a38951a21c5c95d55f1d6cfc64ab5974e6594 REMOTE=27cb635492349bc8fc09db850a0a38951a21c5c95d55f1d6cfc64ab5974e6594
[3227/3625] Checking is OK   | E:\01.userData\ZhuoMian\Github_Releases_批量下载 xray\Xray-core\v26.2.6\Xray-linux-ppc64le.zip       | LOCAL=254ac9e43d154d6cbdc8e2d6b72842efa911b2852ca08be077f6694a146759dc REMOTE=254ac9e43d154d6cbdc8e2d6b72842efa911b2852ca08be077f6694a146759dc
[3228/3625] Checking is OK   | E:\01.userData\ZhuoMian\Github_Releases_批量下载 xray\Xray-core\v26.2.6\Xray-linux-riscv64.zip       | LOCAL=6c77be8820afa31ab1bba92df78a3566c44e031bbdae2febaad1f97a0999fdd1 REMOTE=6c77be8820afa31ab1bba92df78a3566c44e031bbdae2febaad1f97a0999fdd1
[3229/3625] Checking is OK   | E:\01.userData\ZhuoMian\Github_Releases_批量下载 xray\Xray-core\v26.2.6\Xray-linux-s390x.zip         | LOCAL=9f9692b14156943b34c13f5a1546900af4546869dc2f570018cfa0d393616f2a REMOTE=9f9692b14156943b34c13f5a1546900af4546869dc2f570018cfa0d393616f2a
[3230/3625] Checking is OK   | E:\01.userData\ZhuoMian\Github_Releases_批量下载 xray\Xray-core\v26.2.6\Xray-macos-64.zip            | LOCAL=2baa1914c3ff93f66801e93556c9562099f469f812c9cff3dc7aff8aedda9f1b REMOTE=2baa1914c3ff93f66801e93556c9562099f469f812c9cff3dc7aff8aedda9f1b
[3231/3625] Checking is OK   | E:\01.userData\ZhuoMian\Github_Releases_批量下载 xray\Xray-core\v26.2.6\Xray-macos-arm64-v8a.zip     | LOCAL=adec4685084a7481c8acad93bb2024abe6db46535aec3a7bd6903d462961861d REMOTE=adec4685084a7481c8acad93bb2024abe6db46535aec3a7bd6903d462961861d
[3232/3625] Checking is OK   | E:\01.userData\ZhuoMian\Github_Releases_批量下载 xray\Xray-core\v26.2.6\Xray-openbsd-32.zip          | LOCAL=b4f2e55356b1e950af196c885938df5059326c21a0189ec4c1d2d6ef1776bd7d REMOTE=b4f2e55356b1e950af196c885938df5059326c21a0189ec4c1d2d6ef1776bd7d
[3233/3625] Checking is OK   | E:\01.userData\ZhuoMian\Github_Releases_批量下载 xray\Xray-core\v26.2.6\Xray-openbsd-64.zip          | LOCAL=cc995af12f66961896b0de88d0f6540f676e7a8c1a0ad420bba55eefd86b1fc0 REMOTE=cc995af12f66961896b0de88d0f6540f676e7a8c1a0ad420bba55eefd86b1fc0
[3234/3625] Checking is OK   | E:\01.userData\ZhuoMian\Github_Releases_批量下载 xray\Xray-core\v26.2.6\Xray-openbsd-arm32-v7a.zip   | LOCAL=e844246ce9cafc255dee7016b24518e158fd4b0d930083bd34967a14dc4992f9 REMOTE=e844246ce9cafc255dee7016b24518e158fd4b0d930083bd34967a14dc4992f9
[3235/3625] Checking is OK   | E:\01.userData\ZhuoMian\Github_Releases_批量下载 xray\Xray-core\v26.2.6\Xray-openbsd-arm64-v8a.zip   | LOCAL=d2979dce608767f34d64fd3a3a1341c6a585bfd7343b0e3cd5cc9e8d714fa3d5 REMOTE=d2979dce608767f34d64fd3a3a1341c6a585bfd7343b0e3cd5cc9e8d714fa3d5
[3236/3625] Checking is OK   | E:\01.userData\ZhuoMian\Github_Releases_批量下载 xray\Xray-core\v26.2.6\Xray-win7-32.zip             | LOCAL=b4192616c996b4f92fbb8cddf7f5328167a56f8ab52b5419f2e512a6be1504fb REMOTE=b4192616c996b4f92fbb8cddf7f5328167a56f8ab52b5419f2e512a6be1504fb
[3237/3625] Checking is OK   | E:\01.userData\ZhuoMian\Github_Releases_批量下载 xray\Xray-core\v26.2.6\Xray-win7-64.zip             | LOCAL=a71d352bea0d55525f285510bb89ff99e7d5f663e06beec118d874b9e1cbbaf4 REMOTE=a71d352bea0d55525f285510bb89ff99e7d5f663e06beec118d874b9e1cbbaf4
[3238/3625] Checking is OK   | E:\01.userData\ZhuoMian\Github_Releases_批量下载 xray\Xray-core\v26.2.6\Xray-windows-32.zip          | LOCAL=a1a5ff0f7ef13ef34d5ef223022464e0c284ff4c38cb824ebdce28c40535d498 REMOTE=a1a5ff0f7ef13ef34d5ef223022464e0c284ff4c38cb824ebdce28c40535d498
[3239/3625] Checking is OK   | E:\01.userData\ZhuoMian\Github_Releases_批量下载 xray\Xray-core\v26.2.6\Xray-windows-64.zip          | LOCAL=50e0e08032f3ff4d14c46c9adb3edc7a969fbbbc54a9188cce71378e23ed3eaa REMOTE=50e0e08032f3ff4d14c46c9adb3edc7a969fbbbc54a9188cce71378e23ed3eaa
[3240/3625] Checking is OK   | E:\01.userData\ZhuoMian\Github_Releases_批量下载 xray\Xray-core\v26.2.6\Xray-windows-arm32-v7a.zip   | LOCAL=dfcc25f03d9032279b7b38a1f06aa76dd691b80b66461fead1cbe8814aee84f5 REMOTE=dfcc25f03d9032279b7b38a1f06aa76dd691b80b66461fead1cbe8814aee84f5
[3241/3625] Checking is OK   | E:\01.userData\ZhuoMian\Github_Releases_批量下载 xray\Xray-core\v26.2.6\Xray-windows-arm64-v8a.zip   | LOCAL=d3c26e82261d3907b07573bd28193913781add9d89c72bc2d9adfd6c5bdd1fd5 REMOTE=d3c26e82261d3907b07573bd28193913781add9d89c72bc2d9adfd6c5bdd1fd5
[3242/3625] Checking is OK   | E:\01.userData\ZhuoMian\Github_Releases_批量下载 xray\Xray-core\v26.3.23\Xray-android-amd64.zip      | LOCAL=09796da4efb30cd990aef036f23a097debc23e39c9bbd510e477f7229de6aef6 REMOTE=09796da4efb30cd990aef036f23a097debc23e39c9bbd510e477f7229de6aef6
[3243/3625] Checking is OK   | E:\01.userData\ZhuoMian\Github_Releases_批量下载 xray\Xray-core\v26.3.23\Xray-android-arm64-v8a.zip  | LOCAL=33985345a6db39679c2486b17dcef3836475e1ce1c741bd07eb4787974b9411f REMOTE=33985345a6db39679c2486b17dcef3836475e1ce1c741bd07eb4787974b9411f
[3244/3625] Checking is OK   | E:\01.userData\ZhuoMian\Github_Releases_批量下载 xray\Xray-core\v26.3.23\Xray-freebsd-32.zip         | LOCAL=9e44abd610bc3f34fbc46d82f2e8a68a583ad671664cf8fb3f43b82d22c587d6 REMOTE=9e44abd610bc3f34fbc46d82f2e8a68a583ad671664cf8fb3f43b82d22c587d6
[3245/3625] Checking is OK   | E:\01.userData\ZhuoMian\Github_Releases_批量下载 xray\Xray-core\v26.3.23\Xray-freebsd-64.zip         | LOCAL=352a40470d27984f5b86788872cc77d15783bacbd8eebe73aaab31e8533696a5 REMOTE=352a40470d27984f5b86788872cc77d15783bacbd8eebe73aaab31e8533696a5
[3246/3625] Checking is OK   | E:\01.userData\ZhuoMian\Github_Releases_批量下载 xray\Xray-core\v26.3.23\Xray-freebsd-arm32-v7a.zip  | LOCAL=306f0f2911024a1b0b453aa4cf488a35f5e970a41692499cc1b4ad16ff2f3a22 REMOTE=306f0f2911024a1b0b453aa4cf488a35f5e970a41692499cc1b4ad16ff2f3a22
[3247/3625] Checking is OK   | E:\01.userData\ZhuoMian\Github_Releases_批量下载 xray\Xray-core\v26.3.23\Xray-freebsd-arm64-v8a.zip  | LOCAL=232267bd42b782fc237e79b91cde64f7266f062a13e10761a3b9f8b4f975d7b5 REMOTE=232267bd42b782fc237e79b91cde64f7266f062a13e10761a3b9f8b4f975d7b5
[3248/3625] Checking is OK   | E:\01.userData\ZhuoMian\Github_Releases_批量下载 xray\Xray-core\v26.3.23\Xray-linux-32.zip           | LOCAL=6393884ed4db98f751703dc753eef6620005ab97cfe0b5a9226e99a87f2958c7 REMOTE=6393884ed4db98f751703dc753eef6620005ab97cfe0b5a9226e99a87f2958c7
[3249/3625] Checking is OK   | E:\01.userData\ZhuoMian\Github_Releases_批量下载 xray\Xray-core\v26.3.23\Xray-linux-64.zip           | LOCAL=8985f9dac52714194cd86368e6361f234b9e26017603b24d58d83041197c5db5 REMOTE=8985f9dac52714194cd86368e6361f234b9e26017603b24d58d83041197c5db5
[3250/3625] Checking is OK   | E:\01.userData\ZhuoMian\Github_Releases_批量下载 xray\Xray-core\v26.3.23\Xray-linux-arm32-v5.zip     | LOCAL=48547878c9a8f2a9c8ed9e95edb9d49884ea08dd9bdcd217195d5532e06c81d7 REMOTE=48547878c9a8f2a9c8ed9e95edb9d49884ea08dd9bdcd217195d5532e06c81d7
[3251/3625] Checking is OK   | E:\01.userData\ZhuoMian\Github_Releases_批量下载 xray\Xray-core\v26.3.23\Xray-linux-arm32-v6.zip     | LOCAL=9231ce4b25480d089c122c628deaa93c9bbd5272693d6a34eb5c9e1eef406934 REMOTE=9231ce4b25480d089c122c628deaa93c9bbd5272693d6a34eb5c9e1eef406934
[3252/3625] Checking is OK   | E:\01.userData\ZhuoMian\Github_Releases_批量下载 xray\Xray-core\v26.3.23\Xray-linux-arm32-v7a.zip    | LOCAL=03ccf4765c27a8627a1f6e882570ec15fd4a10ccdb5a6d0a6a893d7226f4d5bb REMOTE=03ccf4765c27a8627a1f6e882570ec15fd4a10ccdb5a6d0a6a893d7226f4d5bb
[3253/3625] Checking is OK   | E:\01.userData\ZhuoMian\Github_Releases_批量下载 xray\Xray-core\v26.3.23\Xray-linux-arm64-v8a.zip    | LOCAL=f4bf605c2452f79b58bc840bb5c993176f743ba3f3ae8e964f76c9786f2cfa01 REMOTE=f4bf605c2452f79b58bc840bb5c993176f743ba3f3ae8e964f76c9786f2cfa01
[3254/3625] Checking is OK   | E:\01.userData\ZhuoMian\Github_Releases_批量下载 xray\Xray-core\v26.3.23\Xray-linux-loong64.zip      | LOCAL=eb4c83eaee874482090a5687b3451110b64dbe6b658450988a55d53f49ea413a REMOTE=eb4c83eaee874482090a5687b3451110b64dbe6b658450988a55d53f49ea413a
[3255/3625] Checking is OK   | E:\01.userData\ZhuoMian\Github_Releases_批量下载 xray\Xray-core\v26.3.23\Xray-linux-mips32.zip       | LOCAL=2fe2d7987de6e2bfb7c50f6b242f397c31ff0f277ad79416758585eb7bd0f89e REMOTE=2fe2d7987de6e2bfb7c50f6b242f397c31ff0f277ad79416758585eb7bd0f89e
[3256/3625] Checking is OK   | E:\01.userData\ZhuoMian\Github_Releases_批量下载 xray\Xray-core\v26.3.23\Xray-linux-mips32le.zip     | LOCAL=051c105b897146fd197e1470a6d6ad01d204e1e07aacd5ec2a5be50f38322dff REMOTE=051c105b897146fd197e1470a6d6ad01d204e1e07aacd5ec2a5be50f38322dff
[3257/3625] Checking is OK   | E:\01.userData\ZhuoMian\Github_Releases_批量下载 xray\Xray-core\v26.3.23\Xray-linux-mips64.zip       | LOCAL=9307e69c91f0efa5f23837da1b434f10cf15cd87197addac718eb1a58de6fc0b REMOTE=9307e69c91f0efa5f23837da1b434f10cf15cd87197addac718eb1a58de6fc0b
[3258/3625] Checking is OK   | E:\01.userData\ZhuoMian\Github_Releases_批量下载 xray\Xray-core\v26.3.23\Xray-linux-mips64le.zip     | LOCAL=918da7b91fd2e9958ced2216ef35888ec3d2d1038dc946167a2985fac4a9923e REMOTE=918da7b91fd2e9958ced2216ef35888ec3d2d1038dc946167a2985fac4a9923e
[3259/3625] Checking is OK   | E:\01.userData\ZhuoMian\Github_Releases_批量下载 xray\Xray-core\v26.3.23\Xray-linux-ppc64.zip        | LOCAL=49c99bb11e431afe0264345a03e8ec54f2eec2f8a825f67bbe29b339fade2c28 REMOTE=49c99bb11e431afe0264345a03e8ec54f2eec2f8a825f67bbe29b339fade2c28
[3260/3625] Checking is OK   | E:\01.userData\ZhuoMian\Github_Releases_批量下载 xray\Xray-core\v26.3.23\Xray-linux-ppc64le.zip      | LOCAL=7b2e4e5e76debc581068c3ae75bbcab18c5f82884722f96466950d2138ebce4d REMOTE=7b2e4e5e76debc581068c3ae75bbcab18c5f82884722f96466950d2138ebce4d
[3261/3625] Checking is OK   | E:\01.userData\ZhuoMian\Github_Releases_批量下载 xray\Xray-core\v26.3.23\Xray-linux-riscv64.zip      | LOCAL=d63a7b32aba1adc287e699d847eba45f4ba1d0818163b0dc9de45ec1ee3f23e6 REMOTE=d63a7b32aba1adc287e699d847eba45f4ba1d0818163b0dc9de45ec1ee3f23e6
[3262/3625] Checking is OK   | E:\01.userData\ZhuoMian\Github_Releases_批量下载 xray\Xray-core\v26.3.23\Xray-linux-s390x.zip        | LOCAL=9b730d61973a51229106b701990f4f5ee80cd3e3f2a47db493e17e00c1d58fc9 REMOTE=9b730d61973a51229106b701990f4f5ee80cd3e3f2a47db493e17e00c1d58fc9
[3263/3625] Checking is OK   | E:\01.userData\ZhuoMian\Github_Releases_批量下载 xray\Xray-core\v26.3.23\Xray-macos-64.zip           | LOCAL=f590f0f80b80f53bb21173f38e8bfb2672dec970dcd788cd44661d5918e1caa8 REMOTE=f590f0f80b80f53bb21173f38e8bfb2672dec970dcd788cd44661d5918e1caa8
[3264/3625] Checking is OK   | E:\01.userData\ZhuoMian\Github_Releases_批量下载 xray\Xray-core\v26.3.23\Xray-macos-arm64-v8a.zip    | LOCAL=d711dc1e50c03d62ab836dbdcb2d0f10e52cd9f56b944f5e378d19627ec1bf69 REMOTE=d711dc1e50c03d62ab836dbdcb2d0f10e52cd9f56b944f5e378d19627ec1bf69
[3265/3625] Checking is OK   | E:\01.userData\ZhuoMian\Github_Releases_批量下载 xray\Xray-core\v26.3.23\Xray-openbsd-32.zip         | LOCAL=e4ae9c33a045b7afb83164371bdf6562b8a88849995b8e109bdbe6f1b4204bf5 REMOTE=e4ae9c33a045b7afb83164371bdf6562b8a88849995b8e109bdbe6f1b4204bf5
[3266/3625] Checking is OK   | E:\01.userData\ZhuoMian\Github_Releases_批量下载 xray\Xray-core\v26.3.23\Xray-openbsd-64.zip         | LOCAL=5d20d0ed494d421f7ef6b6b910f134a0f1ab08d678fc141d414dd071202eb97f REMOTE=5d20d0ed494d421f7ef6b6b910f134a0f1ab08d678fc141d414dd071202eb97f
[3267/3625] Checking is OK   | E:\01.userData\ZhuoMian\Github_Releases_批量下载 xray\Xray-core\v26.3.23\Xray-openbsd-arm32-v7a.zip  | LOCAL=87bc462483995226cca3d3bff487200fa8e766ec4ea694d2e7c9bdc6a82e2d14 REMOTE=87bc462483995226cca3d3bff487200fa8e766ec4ea694d2e7c9bdc6a82e2d14
[3268/3625] Checking is OK   | E:\01.userData\ZhuoMian\Github_Releases_批量下载 xray\Xray-core\v26.3.23\Xray-openbsd-arm64-v8a.zip  | LOCAL=5ef8257c78f9afa2ff690f3c2c5bf5c9a2e1e04c7a4423dcfed2eead01e6a073 REMOTE=5ef8257c78f9afa2ff690f3c2c5bf5c9a2e1e04c7a4423dcfed2eead01e6a073
[3269/3625] Checking is OK   | E:\01.userData\ZhuoMian\Github_Releases_批量下载 xray\Xray-core\v26.3.23\Xray-win7-32.zip            | LOCAL=6e09181de690ba31e347b1013b12e967b1ed88d7eb2c2146f05dfaec2a290d3b REMOTE=6e09181de690ba31e347b1013b12e967b1ed88d7eb2c2146f05dfaec2a290d3b
[3270/3625] Checking is OK   | E:\01.userData\ZhuoMian\Github_Releases_批量下载 xray\Xray-core\v26.3.23\Xray-win7-64.zip            | LOCAL=c96c78ce668e2d6e6976dc38e2fa2db2d03ac40fe88e76e1dd0953d8a106f0fc REMOTE=c96c78ce668e2d6e6976dc38e2fa2db2d03ac40fe88e76e1dd0953d8a106f0fc
[3271/3625] Checking is OK   | E:\01.userData\ZhuoMian\Github_Releases_批量下载 xray\Xray-core\v26.3.23\Xray-windows-32.zip         | LOCAL=eb6db0d058727d64f5fff147a5632234bb88c168f9ccfd661eb12fe9924b346d REMOTE=eb6db0d058727d64f5fff147a5632234bb88c168f9ccfd661eb12fe9924b346d
[3272/3625] Checking is OK   | E:\01.userData\ZhuoMian\Github_Releases_批量下载 xray\Xray-core\v26.3.23\Xray-windows-64.zip         | LOCAL=e1b43a395949b09ff281c1acf40e3b685a1b285f0e711b8aebe845b2f28e7ba0 REMOTE=e1b43a395949b09ff281c1acf40e3b685a1b285f0e711b8aebe845b2f28e7ba0
[3273/3625] Checking is OK   | E:\01.userData\ZhuoMian\Github_Releases_批量下载 xray\Xray-core\v26.3.23\Xray-windows-arm64-v8a.zip  | LOCAL=d8e44cfc3e4311d6bdbce0aeb18b03521ecdd27ee2c36d7568ca409e7e57e493 REMOTE=d8e44cfc3e4311d6bdbce0aeb18b03521ecdd27ee2c36d7568ca409e7e57e493
[3274/3625] Checking is OK   | E:\01.userData\ZhuoMian\Github_Releases_批量下载 xray\Xray-core\v26.3.27\Xray-android-amd64.zip      | LOCAL=bfa1dd4cb3cd94f92af6c718ac6933cc84bd3ddd8343aa1e413162152930bee5 REMOTE=bfa1dd4cb3cd94f92af6c718ac6933cc84bd3ddd8343aa1e413162152930bee5
[3275/3625] Checking is OK   | E:\01.userData\ZhuoMian\Github_Releases_批量下载 xray\Xray-core\v26.3.27\Xray-android-arm64-v8a.zip  | LOCAL=57149ffd48b629c07bf76938e73ab2729fde5910091497eab3e93d1c190f4c1b REMOTE=57149ffd48b629c07bf76938e73ab2729fde5910091497eab3e93d1c190f4c1b
[3276/3625] Checking is OK   | E:\01.userData\ZhuoMian\Github_Releases_批量下载 xray\Xray-core\v26.3.27\Xray-freebsd-32.zip         | LOCAL=d2e5d9cf175f4449b5506e2de45de144b5e1160cada1f8c350087aba465b127f REMOTE=d2e5d9cf175f4449b5506e2de45de144b5e1160cada1f8c350087aba465b127f
[3277/3625] Checking is OK   | E:\01.userData\ZhuoMian\Github_Releases_批量下载 xray\Xray-core\v26.3.27\Xray-freebsd-64.zip         | LOCAL=c0fcd6962fc8a382e14441370ddbdb6a56e7108c73e817938c626770ac4a1358 REMOTE=c0fcd6962fc8a382e14441370ddbdb6a56e7108c73e817938c626770ac4a1358
[3278/3625] Checking is OK   | E:\01.userData\ZhuoMian\Github_Releases_批量下载 xray\Xray-core\v26.3.27\Xray-freebsd-arm32-v7a.zip  | LOCAL=ffc017f8a25452996897f5aa04b7cde4a08d9b11a716c2e906afc93be36d7103 REMOTE=ffc017f8a25452996897f5aa04b7cde4a08d9b11a716c2e906afc93be36d7103
[3279/3625] Checking is OK   | E:\01.userData\ZhuoMian\Github_Releases_批量下载 xray\Xray-core\v26.3.27\Xray-freebsd-arm64-v8a.zip  | LOCAL=0f0adda9c445696f7bdd7c3788358988359cc9c5218c7487851de7db7ec6dabd REMOTE=0f0adda9c445696f7bdd7c3788358988359cc9c5218c7487851de7db7ec6dabd
[3280/3625] Checking is OK   | E:\01.userData\ZhuoMian\Github_Releases_批量下载 xray\Xray-core\v26.3.27\Xray-linux-32.zip           | LOCAL=d1eeb0d9a9106eefd286fbb73595c2dfe1c48c56aa91ba1c9aefe04f188d0927 REMOTE=d1eeb0d9a9106eefd286fbb73595c2dfe1c48c56aa91ba1c9aefe04f188d0927
[3281/3625] Checking is OK   | E:\01.userData\ZhuoMian\Github_Releases_批量下载 xray\Xray-core\v26.3.27\Xray-linux-64.zip           | LOCAL=23cd9af937744d97776ee35ecad4972cf4b2109d1e0fe6be9930467608f7c8ae REMOTE=23cd9af937744d97776ee35ecad4972cf4b2109d1e0fe6be9930467608f7c8ae
[3282/3625] Checking is OK   | E:\01.userData\ZhuoMian\Github_Releases_批量下载 xray\Xray-core\v26.3.27\Xray-linux-arm32-v5.zip     | LOCAL=0da9a632e15e82504831f61bf6b46c21e3081bcc79ad46bdc16e7dc2f0dc9088 REMOTE=0da9a632e15e82504831f61bf6b46c21e3081bcc79ad46bdc16e7dc2f0dc9088
[3283/3625] Checking is OK   | E:\01.userData\ZhuoMian\Github_Releases_批量下载 xray\Xray-core\v26.3.27\Xray-linux-arm32-v6.zip     | LOCAL=0c6e751e2bba3f3ff09a793dd6a6bc45fd6fd89f49b49dfc0cf6d922dc123bec REMOTE=0c6e751e2bba3f3ff09a793dd6a6bc45fd6fd89f49b49dfc0cf6d922dc123bec
[3284/3625] Checking is OK   | E:\01.userData\ZhuoMian\Github_Releases_批量下载 xray\Xray-core\v26.3.27\Xray-linux-arm32-v7a.zip    | LOCAL=c7265ae13c63ca0241a037df4ef960ad37938c8a67d984cc08834b2cfdf5654b REMOTE=c7265ae13c63ca0241a037df4ef960ad37938c8a67d984cc08834b2cfdf5654b
[3285/3625] Checking is OK   | E:\01.userData\ZhuoMian\Github_Releases_批量下载 xray\Xray-core\v26.3.27\Xray-linux-arm64-v8a.zip    | LOCAL=4d30283ae614e3057f730f67cd088a42be6fdf91f8639d82cb69e48cde80413c REMOTE=4d30283ae614e3057f730f67cd088a42be6fdf91f8639d82cb69e48cde80413c
[3286/3625] Checking is OK   | E:\01.userData\ZhuoMian\Github_Releases_批量下载 xray\Xray-core\v26.3.27\Xray-linux-loong64.zip      | LOCAL=4f9c917976d4e454740aa7b4e0ef9c13c950d91152aaa7926aaa652698e6e6c0 REMOTE=4f9c917976d4e454740aa7b4e0ef9c13c950d91152aaa7926aaa652698e6e6c0
[3287/3625] Checking is OK   | E:\01.userData\ZhuoMian\Github_Releases_批量下载 xray\Xray-core\v26.3.27\Xray-linux-mips32.zip       | LOCAL=a562f2edbdabc0f1a17eee2226fa9f710e6b61c2d5e2bf3435157b5ce40b1c67 REMOTE=a562f2edbdabc0f1a17eee2226fa9f710e6b61c2d5e2bf3435157b5ce40b1c67
[3288/3625] Checking is OK   | E:\01.userData\ZhuoMian\Github_Releases_批量下载 xray\Xray-core\v26.3.27\Xray-linux-mips32le.zip     | LOCAL=fe1ded07a64fe0a406c6c1089f09b6c2999fc2309509ca4c98d93469c0cbf9df REMOTE=fe1ded07a64fe0a406c6c1089f09b6c2999fc2309509ca4c98d93469c0cbf9df
[3289/3625] Checking is OK   | E:\01.userData\ZhuoMian\Github_Releases_批量下载 xray\Xray-core\v26.3.27\Xray-linux-mips64.zip       | LOCAL=40432515e6d98033b3934a38dc4f2dac1801e80e3da88c3d230310d17e79dca7 REMOTE=40432515e6d98033b3934a38dc4f2dac1801e80e3da88c3d230310d17e79dca7
[3290/3625] Checking is OK   | E:\01.userData\ZhuoMian\Github_Releases_批量下载 xray\Xray-core\v26.3.27\Xray-linux-mips64le.zip     | LOCAL=7f660cb026ab9251bd70c30ecf383243d133eb098c57287bf3f4e0c01c66c898 REMOTE=7f660cb026ab9251bd70c30ecf383243d133eb098c57287bf3f4e0c01c66c898
[3291/3625] Checking is OK   | E:\01.userData\ZhuoMian\Github_Releases_批量下载 xray\Xray-core\v26.3.27\Xray-linux-ppc64.zip        | LOCAL=60be6b12dbfdd7e9ce915165ef337bfcde4cacce26ba2a27d34c4e6470d4ad7b REMOTE=60be6b12dbfdd7e9ce915165ef337bfcde4cacce26ba2a27d34c4e6470d4ad7b
[3292/3625] Checking is OK   | E:\01.userData\ZhuoMian\Github_Releases_批量下载 xray\Xray-core\v26.3.27\Xray-linux-ppc64le.zip      | LOCAL=2f9ad6c4f35966b1e012c69d601a98bb8b63aba933d303ba6d7b5b67f2ab2acb REMOTE=2f9ad6c4f35966b1e012c69d601a98bb8b63aba933d303ba6d7b5b67f2ab2acb
[3293/3625] Checking is OK   | E:\01.userData\ZhuoMian\Github_Releases_批量下载 xray\Xray-core\v26.3.27\Xray-linux-riscv64.zip      | LOCAL=627ea5870b6fd05d95b7f4ceb5a54d7f2664dd075b30a7ac46ee9a6f9653d6f8 REMOTE=627ea5870b6fd05d95b7f4ceb5a54d7f2664dd075b30a7ac46ee9a6f9653d6f8
[3294/3625] Checking is OK   | E:\01.userData\ZhuoMian\Github_Releases_批量下载 xray\Xray-core\v26.3.27\Xray-linux-s390x.zip        | LOCAL=a209bcea3df9b0dc1ef5938695679ba1308ad9678a671279d7b1b6c5ceec09c7 REMOTE=a209bcea3df9b0dc1ef5938695679ba1308ad9678a671279d7b1b6c5ceec09c7
[3295/3625] Checking is OK   | E:\01.userData\ZhuoMian\Github_Releases_批量下载 xray\Xray-core\v26.3.27\Xray-macos-64.zip           | LOCAL=f5b0471d3459eff1b82e48af0aeac186abcc3298210070afbbbd8437a4e8b203 REMOTE=f5b0471d3459eff1b82e48af0aeac186abcc3298210070afbbbd8437a4e8b203
[3296/3625] Checking is OK   | E:\01.userData\ZhuoMian\Github_Releases_批量下载 xray\Xray-core\v26.3.27\Xray-macos-arm64-v8a.zip    | LOCAL=2e93a67e8aa1936ecefb307e120830fcbd4c643ab9b1c46a2d0838d5f8409eaf REMOTE=2e93a67e8aa1936ecefb307e120830fcbd4c643ab9b1c46a2d0838d5f8409eaf
[3297/3625] Checking is OK   | E:\01.userData\ZhuoMian\Github_Releases_批量下载 xray\Xray-core\v26.3.27\Xray-openbsd-32.zip         | LOCAL=668e987feb5229942a3905890ea73c4745a5667f3e22a0dccf364c9c50a763d1 REMOTE=668e987feb5229942a3905890ea73c4745a5667f3e22a0dccf364c9c50a763d1
[3298/3625] Checking is OK   | E:\01.userData\ZhuoMian\Github_Releases_批量下载 xray\Xray-core\v26.3.27\Xray-openbsd-64.zip         | LOCAL=d7aa882f986a25402b2fbffee0be936ba47096a04c27fd58fe5f811883a6b0d2 REMOTE=d7aa882f986a25402b2fbffee0be936ba47096a04c27fd58fe5f811883a6b0d2
[3299/3625] Checking is OK   | E:\01.userData\ZhuoMian\Github_Releases_批量下载 xray\Xray-core\v26.3.27\Xray-openbsd-arm32-v7a.zip  | LOCAL=a146b49d097b99e6ca84d9fe740fdf7725a584c6439b0f63ace0f0a278507378 REMOTE=a146b49d097b99e6ca84d9fe740fdf7725a584c6439b0f63ace0f0a278507378
[3300/3625] Checking is OK   | E:\01.userData\ZhuoMian\Github_Releases_批量下载 xray\Xray-core\v26.3.27\Xray-openbsd-arm64-v8a.zip  | LOCAL=0ac29826dd98d16838cefabf4af1d66a177d985d88919588842b30f8128daacc REMOTE=0ac29826dd98d16838cefabf4af1d66a177d985d88919588842b30f8128daacc
[3301/3625] Checking is OK   | E:\01.userData\ZhuoMian\Github_Releases_批量下载 xray\Xray-core\v26.3.27\Xray-win7-32.zip            | LOCAL=33bc2686a77f6fe438616982b347f852eb7f9572dbe97adc1459f8fb639aea13 REMOTE=33bc2686a77f6fe438616982b347f852eb7f9572dbe97adc1459f8fb639aea13
[3302/3625] Checking is OK   | E:\01.userData\ZhuoMian\Github_Releases_批量下载 xray\Xray-core\v26.3.27\Xray-win7-64.zip            | LOCAL=02a4798854975435981a5c6fb4aaf7059f58d22d73d2762363cd56788d92d758 REMOTE=02a4798854975435981a5c6fb4aaf7059f58d22d73d2762363cd56788d92d758
[3303/3625] Checking is OK   | E:\01.userData\ZhuoMian\Github_Releases_批量下载 xray\Xray-core\v26.3.27\Xray-windows-32.zip         | LOCAL=956a5ec00bce747c7936dc4ff7ac570df1c8030b0a4a8640f843488365084db3 REMOTE=956a5ec00bce747c7936dc4ff7ac570df1c8030b0a4a8640f843488365084db3
[3304/3625] Checking is OK   | E:\01.userData\ZhuoMian\Github_Releases_批量下载 xray\Xray-core\v26.3.27\Xray-windows-64.zip         | LOCAL=d004c39288ce9ada487c6f398c7c545f7d749e44bdfdd59dbc9f865afba4e1ad REMOTE=d004c39288ce9ada487c6f398c7c545f7d749e44bdfdd59dbc9f865afba4e1ad
[3305/3625] Checking is OK   | E:\01.userData\ZhuoMian\Github_Releases_批量下载 xray\Xray-core\v26.3.27\Xray-windows-arm64-v8a.zip  | LOCAL=35d4ed6ec21224fb22b07c2c3f672e2350cd536f2c74d309150175a76365ea88 REMOTE=35d4ed6ec21224fb22b07c2c3f672e2350cd536f2c74d309150175a76365ea88
[3306/3625] Checking is OK   | E:\01.userData\ZhuoMian\Github_Releases_批量下载 xray\Xray-core\v26.4.13\Xray-android-amd64.zip      | LOCAL=1939c8685b66d15fd5798aaab7a15ec37020be58bff2ec5c5aa899441b2a3402 REMOTE=1939c8685b66d15fd5798aaab7a15ec37020be58bff2ec5c5aa899441b2a3402
[3307/3625] Checking is OK   | E:\01.userData\ZhuoMian\Github_Releases_批量下载 xray\Xray-core\v26.4.13\Xray-android-arm64-v8a.zip  | LOCAL=fbdbfc8bde5e805d9be7a650d65efb6025982eccf400a1850da25fb86f9577a1 REMOTE=fbdbfc8bde5e805d9be7a650d65efb6025982eccf400a1850da25fb86f9577a1
[3308/3625] Checking is OK   | E:\01.userData\ZhuoMian\Github_Releases_批量下载 xray\Xray-core\v26.4.13\Xray-freebsd-32.zip         | LOCAL=7ac41da1cf467617b7bee6d9b1612d60621fdf77db87d9cbb8dcb14cf6fff96a REMOTE=7ac41da1cf467617b7bee6d9b1612d60621fdf77db87d9cbb8dcb14cf6fff96a
[3309/3625] Checking is OK   | E:\01.userData\ZhuoMian\Github_Releases_批量下载 xray\Xray-core\v26.4.13\Xray-freebsd-64.zip         | LOCAL=c98bf8e22d78eb4712c9c77da8d72961c4a8e0d667e04590251e36cbb1f0ee75 REMOTE=c98bf8e22d78eb4712c9c77da8d72961c4a8e0d667e04590251e36cbb1f0ee75
[3310/3625] Checking is OK   | E:\01.userData\ZhuoMian\Github_Releases_批量下载 xray\Xray-core\v26.4.13\Xray-freebsd-arm32-v7a.zip  | LOCAL=dd422362a107f8a42767d0ae777a57728622b7c41cfb6ab7b2cf397f50e0ed54 REMOTE=dd422362a107f8a42767d0ae777a57728622b7c41cfb6ab7b2cf397f50e0ed54
[3311/3625] Checking is OK   | E:\01.userData\ZhuoMian\Github_Releases_批量下载 xray\Xray-core\v26.4.13\Xray-freebsd-arm64-v8a.zip  | LOCAL=63b6fb82788fb33874361344a9c8e948d2bc3326157017913ce55f008608e654 REMOTE=63b6fb82788fb33874361344a9c8e948d2bc3326157017913ce55f008608e654
[3312/3625] Checking is OK   | E:\01.userData\ZhuoMian\Github_Releases_批量下载 xray\Xray-core\v26.4.13\Xray-linux-32.zip           | LOCAL=12c644e28d3526cc7cc3675aaf297a6cce687b6ff45585589e179f1d650e059a REMOTE=12c644e28d3526cc7cc3675aaf297a6cce687b6ff45585589e179f1d650e059a
[3313/3625] Checking is OK   | E:\01.userData\ZhuoMian\Github_Releases_批量下载 xray\Xray-core\v26.4.13\Xray-linux-64.zip           | LOCAL=0f96f3f8c062529883a84ee7ba2fc58fe39e55db80f5ed588231de7f4180fa7c REMOTE=0f96f3f8c062529883a84ee7ba2fc58fe39e55db80f5ed588231de7f4180fa7c
[3314/3625] Checking is OK   | E:\01.userData\ZhuoMian\Github_Releases_批量下载 xray\Xray-core\v26.4.13\Xray-linux-arm32-v5.zip     | LOCAL=697c7c38931a8b4aa3e17f7963a398f1faa2242be47c80c622c890f7cfcca78b REMOTE=697c7c38931a8b4aa3e17f7963a398f1faa2242be47c80c622c890f7cfcca78b
[3315/3625] Checking is OK   | E:\01.userData\ZhuoMian\Github_Releases_批量下载 xray\Xray-core\v26.4.13\Xray-linux-arm32-v6.zip     | LOCAL=9b26e9ada4b189b6408aba8ac6f00a1388b609478901a885bbc472c7c60e6bea REMOTE=9b26e9ada4b189b6408aba8ac6f00a1388b609478901a885bbc472c7c60e6bea
[3316/3625] Checking is OK   | E:\01.userData\ZhuoMian\Github_Releases_批量下载 xray\Xray-core\v26.4.13\Xray-linux-arm32-v7a.zip    | LOCAL=862b0a43d5bf7fb4747c2edf12f29bf22c9dbc30fa5722ad0bf842be240db396 REMOTE=862b0a43d5bf7fb4747c2edf12f29bf22c9dbc30fa5722ad0bf842be240db396
[3317/3625] Checking is OK   | E:\01.userData\ZhuoMian\Github_Releases_批量下载 xray\Xray-core\v26.4.13\Xray-linux-arm64-v8a.zip    | LOCAL=47341ad84b237d6da97306392257afc16fa64843052ea8bf33ebb86e9e605ea7 REMOTE=47341ad84b237d6da97306392257afc16fa64843052ea8bf33ebb86e9e605ea7
[3318/3625] Checking is OK   | E:\01.userData\ZhuoMian\Github_Releases_批量下载 xray\Xray-core\v26.4.13\Xray-linux-loong64.zip      | LOCAL=8bb6f813c5b7ab1eff1af91cbc288fe1c51ae20ec488f6fc1f0fd1927bac7d10 REMOTE=8bb6f813c5b7ab1eff1af91cbc288fe1c51ae20ec488f6fc1f0fd1927bac7d10
[3319/3625] Checking is OK   | E:\01.userData\ZhuoMian\Github_Releases_批量下载 xray\Xray-core\v26.4.13\Xray-linux-mips32.zip       | LOCAL=22ea263b3e87c42b2bdca2751af2caf04a1a0164c32e872bbf3a2203062d0734 REMOTE=22ea263b3e87c42b2bdca2751af2caf04a1a0164c32e872bbf3a2203062d0734
[3320/3625] Checking is OK   | E:\01.userData\ZhuoMian\Github_Releases_批量下载 xray\Xray-core\v26.4.13\Xray-linux-mips32le.zip     | LOCAL=dae54930568a3b22bfd86172e72e7e8ed7c31053b6a44859d64450c1a520194c REMOTE=dae54930568a3b22bfd86172e72e7e8ed7c31053b6a44859d64450c1a520194c
[3321/3625] Checking is OK   | E:\01.userData\ZhuoMian\Github_Releases_批量下载 xray\Xray-core\v26.4.13\Xray-linux-mips64.zip       | LOCAL=3f991c5d20a9e62c41cb6552f43bf20b99bc60bca96884217772676ac47b1f08 REMOTE=3f991c5d20a9e62c41cb6552f43bf20b99bc60bca96884217772676ac47b1f08
[3322/3625] Checking is OK   | E:\01.userData\ZhuoMian\Github_Releases_批量下载 xray\Xray-core\v26.4.13\Xray-linux-mips64le.zip     | LOCAL=c60e2198b7853b29e20948b815133c2a5e9aa0cae76aacc711b7adbe35bf3009 REMOTE=c60e2198b7853b29e20948b815133c2a5e9aa0cae76aacc711b7adbe35bf3009
[3323/3625] Checking is OK   | E:\01.userData\ZhuoMian\Github_Releases_批量下载 xray\Xray-core\v26.4.13\Xray-linux-ppc64.zip        | LOCAL=c1c312b0e5f9d16cc012b8f701fb746c11e804cf00506cfa32c9e445468fe15d REMOTE=c1c312b0e5f9d16cc012b8f701fb746c11e804cf00506cfa32c9e445468fe15d
[3324/3625] Checking is OK   | E:\01.userData\ZhuoMian\Github_Releases_批量下载 xray\Xray-core\v26.4.13\Xray-linux-ppc64le.zip      | LOCAL=4391996fe954d10931f98b3c72e82692067edbd783efbfb04ec8df65e32633cf REMOTE=4391996fe954d10931f98b3c72e82692067edbd783efbfb04ec8df65e32633cf
[3325/3625] Checking is OK   | E:\01.userData\ZhuoMian\Github_Releases_批量下载 xray\Xray-core\v26.4.13\Xray-linux-riscv64.zip      | LOCAL=8ebced899b650eb2bd78f2f450109bbc3e8b484513345a14822b7a741e5a1fcf REMOTE=8ebced899b650eb2bd78f2f450109bbc3e8b484513345a14822b7a741e5a1fcf
[3326/3625] Checking is OK   | E:\01.userData\ZhuoMian\Github_Releases_批量下载 xray\Xray-core\v26.4.13\Xray-linux-s390x.zip        | LOCAL=7a3f7e2e4098092d3cee85fea4a769cade1cf330de29ea5140b0a3c763094653 REMOTE=7a3f7e2e4098092d3cee85fea4a769cade1cf330de29ea5140b0a3c763094653
[3327/3625] Checking is OK   | E:\01.userData\ZhuoMian\Github_Releases_批量下载 xray\Xray-core\v26.4.13\Xray-macos-64.zip           | LOCAL=83b05b71b71b5ec32fb4c6bd6226b52ac7f79a9f24ec36034259203aa1ce2682 REMOTE=83b05b71b71b5ec32fb4c6bd6226b52ac7f79a9f24ec36034259203aa1ce2682
[3328/3625] Checking is OK   | E:\01.userData\ZhuoMian\Github_Releases_批量下载 xray\Xray-core\v26.4.13\Xray-macos-arm64-v8a.zip    | LOCAL=cc43878bac43620f1f93482db1e9b12eacdfa2d9a76938465e7eb66286bd618c REMOTE=cc43878bac43620f1f93482db1e9b12eacdfa2d9a76938465e7eb66286bd618c
[3329/3625] Checking is OK   | E:\01.userData\ZhuoMian\Github_Releases_批量下载 xray\Xray-core\v26.4.13\Xray-openbsd-32.zip         | LOCAL=c87c820f7fec67c702fa781010c6e9782b302198d7f228ebd2ab405ce155aa62 REMOTE=c87c820f7fec67c702fa781010c6e9782b302198d7f228ebd2ab405ce155aa62
[3330/3625] Checking is OK   | E:\01.userData\ZhuoMian\Github_Releases_批量下载 xray\Xray-core\v26.4.13\Xray-openbsd-64.zip         | LOCAL=26cdc4d078ffc4f085474cdc6b1285d32cc2f4106b829193665373328fa3e0e5 REMOTE=26cdc4d078ffc4f085474cdc6b1285d32cc2f4106b829193665373328fa3e0e5
[3331/3625] Checking is OK   | E:\01.userData\ZhuoMian\Github_Releases_批量下载 xray\Xray-core\v26.4.13\Xray-openbsd-arm32-v7a.zip  | LOCAL=de095d6402065b52a950ad6ba1655141aa4ac18e651ccfe631e8af5f60903b8e REMOTE=de095d6402065b52a950ad6ba1655141aa4ac18e651ccfe631e8af5f60903b8e
[3332/3625] Checking is OK   | E:\01.userData\ZhuoMian\Github_Releases_批量下载 xray\Xray-core\v26.4.13\Xray-openbsd-arm64-v8a.zip  | LOCAL=d591748f3d38b70c87fc4b4e48658f4590ff76f13fadd7fc427da3a9a1f249bd REMOTE=d591748f3d38b70c87fc4b4e48658f4590ff76f13fadd7fc427da3a9a1f249bd
[3333/3625] Checking is OK   | E:\01.userData\ZhuoMian\Github_Releases_批量下载 xray\Xray-core\v26.4.13\Xray-win7-32.zip            | LOCAL=244b5a4e58482653bbfe32f8fb14613a9ce6883a5bbd16c42d48e1e88c16ccc7 REMOTE=244b5a4e58482653bbfe32f8fb14613a9ce6883a5bbd16c42d48e1e88c16ccc7
[3334/3625] Checking is OK   | E:\01.userData\ZhuoMian\Github_Releases_批量下载 xray\Xray-core\v26.4.13\Xray-win7-64.zip            | LOCAL=b06fbf95da3ae601e5f2f3b2c2b7839a39bcd58b00cfb155aaff777f0f26ddb5 REMOTE=b06fbf95da3ae601e5f2f3b2c2b7839a39bcd58b00cfb155aaff777f0f26ddb5
[3335/3625] Checking is OK   | E:\01.userData\ZhuoMian\Github_Releases_批量下载 xray\Xray-core\v26.4.13\Xray-windows-32.zip         | LOCAL=3a96e8747a75d5d5efc5867cc6d49d2be7134c50e2960c8a34a5668240209781 REMOTE=3a96e8747a75d5d5efc5867cc6d49d2be7134c50e2960c8a34a5668240209781
[3336/3625] Checking is OK   | E:\01.userData\ZhuoMian\Github_Releases_批量下载 xray\Xray-core\v26.4.13\Xray-windows-64.zip         | LOCAL=8b8bac59966883e97d6b11a91c6db6115e6bbfcea4c94695bb77de6356ef0034 REMOTE=8b8bac59966883e97d6b11a91c6db6115e6bbfcea4c94695bb77de6356ef0034
[3337/3625] Checking is OK   | E:\01.userData\ZhuoMian\Github_Releases_批量下载 xray\Xray-core\v26.4.13\Xray-windows-arm64-v8a.zip  | LOCAL=d3e8298915538c25b1b0e664eabed0f2d7f783d9b936ddd0fa30c183dd0ac3bd REMOTE=d3e8298915538c25b1b0e664eabed0f2d7f783d9b936ddd0fa30c183dd0ac3bd
[3338/3625] Checking is OK   | E:\01.userData\ZhuoMian\Github_Releases_批量下载 xray\Xray-core\v26.4.15\Xray-android-amd64.zip      | LOCAL=90136d725ef775499da9ef7a69dc8c30c5e1c3ca774297053924a36787257a04 REMOTE=90136d725ef775499da9ef7a69dc8c30c5e1c3ca774297053924a36787257a04
[3339/3625] Checking is OK   | E:\01.userData\ZhuoMian\Github_Releases_批量下载 xray\Xray-core\v26.4.15\Xray-android-arm64-v8a.zip  | LOCAL=d3a1f0927ccb2586c8fda1d9d5c86ee056bf0e0cc95e9a13e122ca7c13bf5f98 REMOTE=d3a1f0927ccb2586c8fda1d9d5c86ee056bf0e0cc95e9a13e122ca7c13bf5f98
[3340/3625] Checking is OK   | E:\01.userData\ZhuoMian\Github_Releases_批量下载 xray\Xray-core\v26.4.15\Xray-freebsd-32.zip         | LOCAL=52637c47563d272279a5802638e7187bf106c685cb964c1166186df3dfe2bd1c REMOTE=52637c47563d272279a5802638e7187bf106c685cb964c1166186df3dfe2bd1c
[3341/3625] Checking is OK   | E:\01.userData\ZhuoMian\Github_Releases_批量下载 xray\Xray-core\v26.4.15\Xray-freebsd-64.zip         | LOCAL=03be86475aaf187a9642f4dc8232891cb0f203b69d4e6b0374f81d8a4e59968d REMOTE=03be86475aaf187a9642f4dc8232891cb0f203b69d4e6b0374f81d8a4e59968d
[3342/3625] Checking is OK   | E:\01.userData\ZhuoMian\Github_Releases_批量下载 xray\Xray-core\v26.4.15\Xray-freebsd-arm32-v7a.zip  | LOCAL=1710dbde1445d54238107256e741f238d82ba9bcf89c4c8fc1213c09e41d841f REMOTE=1710dbde1445d54238107256e741f238d82ba9bcf89c4c8fc1213c09e41d841f
[3343/3625] Checking is OK   | E:\01.userData\ZhuoMian\Github_Releases_批量下载 xray\Xray-core\v26.4.15\Xray-freebsd-arm64-v8a.zip  | LOCAL=f03545abf46e4f31aedd4d361143dfb3d9e7659d6e63770139ce73c1e4cc1b69 REMOTE=f03545abf46e4f31aedd4d361143dfb3d9e7659d6e63770139ce73c1e4cc1b69
[3344/3625] Checking is OK   | E:\01.userData\ZhuoMian\Github_Releases_批量下载 xray\Xray-core\v26.4.15\Xray-linux-32.zip           | LOCAL=a7c7d6a26797aa1f36dc9ab9e0b4527b37ba4c8d5423236bb9a400ec94235a78 REMOTE=a7c7d6a26797aa1f36dc9ab9e0b4527b37ba4c8d5423236bb9a400ec94235a78
[3345/3625] Checking is OK   | E:\01.userData\ZhuoMian\Github_Releases_批量下载 xray\Xray-core\v26.4.15\Xray-linux-64.zip           | LOCAL=8626549737eb4fdb9d6a3c2131b046977c6279fbfbbaa676ec148ebccb71ecfa REMOTE=8626549737eb4fdb9d6a3c2131b046977c6279fbfbbaa676ec148ebccb71ecfa
[3346/3625] Checking is OK   | E:\01.userData\ZhuoMian\Github_Releases_批量下载 xray\Xray-core\v26.4.15\Xray-linux-arm32-v5.zip     | LOCAL=6451899663bd76daa999d444a838da4d1c579c5f4381a9fa578d0e7ac7a68f1e REMOTE=6451899663bd76daa999d444a838da4d1c579c5f4381a9fa578d0e7ac7a68f1e
[3347/3625] Checking is OK   | E:\01.userData\ZhuoMian\Github_Releases_批量下载 xray\Xray-core\v26.4.15\Xray-linux-arm32-v6.zip     | LOCAL=6b48113ff4e2b4b24531032cbea965960caa4088f7e5b395075722d11d27cce5 REMOTE=6b48113ff4e2b4b24531032cbea965960caa4088f7e5b395075722d11d27cce5
[3348/3625] Checking is OK   | E:\01.userData\ZhuoMian\Github_Releases_批量下载 xray\Xray-core\v26.4.15\Xray-linux-arm32-v7a.zip    | LOCAL=f2a80b9f5c82d57a9d08182f61fb4f18cf0507be4127a9ea3edc1dcc46b97cb0 REMOTE=f2a80b9f5c82d57a9d08182f61fb4f18cf0507be4127a9ea3edc1dcc46b97cb0
[3349/3625] Checking is OK   | E:\01.userData\ZhuoMian\Github_Releases_批量下载 xray\Xray-core\v26.4.15\Xray-linux-arm64-v8a.zip    | LOCAL=dbda664bf577a2c9e446b270018a0bfe1dee8e1334a857a92ef55c35b43866f9 REMOTE=dbda664bf577a2c9e446b270018a0bfe1dee8e1334a857a92ef55c35b43866f9
[3350/3625] Checking is OK   | E:\01.userData\ZhuoMian\Github_Releases_批量下载 xray\Xray-core\v26.4.15\Xray-linux-loong64.zip      | LOCAL=655eda1ef3894616e294c98a36f150eeea8ae0c42f3137aafbc2a1255fa6774c REMOTE=655eda1ef3894616e294c98a36f150eeea8ae0c42f3137aafbc2a1255fa6774c
[3351/3625] Checking is OK   | E:\01.userData\ZhuoMian\Github_Releases_批量下载 xray\Xray-core\v26.4.15\Xray-linux-mips32.zip       | LOCAL=6b92ab96e900cb2c488f3fe4a81552bb9aad2f76aaae2b5c4f77c512ead98465 REMOTE=6b92ab96e900cb2c488f3fe4a81552bb9aad2f76aaae2b5c4f77c512ead98465
[3352/3625] Checking is OK   | E:\01.userData\ZhuoMian\Github_Releases_批量下载 xray\Xray-core\v26.4.15\Xray-linux-mips32le.zip     | LOCAL=e15aaf26e6c49853ea1c3f21dc0880771e2a1003d4a29a58d867d27b8e244d13 REMOTE=e15aaf26e6c49853ea1c3f21dc0880771e2a1003d4a29a58d867d27b8e244d13
[3353/3625] Checking is OK   | E:\01.userData\ZhuoMian\Github_Releases_批量下载 xray\Xray-core\v26.4.15\Xray-linux-mips64.zip       | LOCAL=13109f54f301b7ccaf1e71d4549584255bbfdf709bae4803297ec567b5ea12ee REMOTE=13109f54f301b7ccaf1e71d4549584255bbfdf709bae4803297ec567b5ea12ee
[3354/3625] Checking is OK   | E:\01.userData\ZhuoMian\Github_Releases_批量下载 xray\Xray-core\v26.4.15\Xray-linux-mips64le.zip     | LOCAL=5a140ed87e37235e26d2f0b28df8ccbd3cc264bcfc593e36fee2bf8af3eb9a73 REMOTE=5a140ed87e37235e26d2f0b28df8ccbd3cc264bcfc593e36fee2bf8af3eb9a73
[3355/3625] Checking is OK   | E:\01.userData\ZhuoMian\Github_Releases_批量下载 xray\Xray-core\v26.4.15\Xray-linux-ppc64.zip        | LOCAL=8bf579d9b3d1267c566eebd2034f782b8775d7c06e35c63974e26bbf5b1aad40 REMOTE=8bf579d9b3d1267c566eebd2034f782b8775d7c06e35c63974e26bbf5b1aad40
[3356/3625] Checking is OK   | E:\01.userData\ZhuoMian\Github_Releases_批量下载 xray\Xray-core\v26.4.15\Xray-linux-ppc64le.zip      | LOCAL=6949f2f13944f43564b53cf9ed609aa4763bc46a5600f566802dc772772aa08e REMOTE=6949f2f13944f43564b53cf9ed609aa4763bc46a5600f566802dc772772aa08e
[3357/3625] Checking is OK   | E:\01.userData\ZhuoMian\Github_Releases_批量下载 xray\Xray-core\v26.4.15\Xray-linux-riscv64.zip      | LOCAL=ffedd37b867551f8eabdbb01178a48236af6c8a6cda6f41d8800996ab25accc1 REMOTE=ffedd37b867551f8eabdbb01178a48236af6c8a6cda6f41d8800996ab25accc1
[3358/3625] Checking is OK   | E:\01.userData\ZhuoMian\Github_Releases_批量下载 xray\Xray-core\v26.4.15\Xray-linux-s390x.zip        | LOCAL=0768de19d919180c5656868a86ed25d74df9cc8fed013458c4a241ae52eacc79 REMOTE=0768de19d919180c5656868a86ed25d74df9cc8fed013458c4a241ae52eacc79
[3359/3625] Checking is OK   | E:\01.userData\ZhuoMian\Github_Releases_批量下载 xray\Xray-core\v26.4.15\Xray-macos-64.zip           | LOCAL=80da009b2a2e7761c6bf3892f5d742bc9299210991cbd6208ed172baa7f1b02b REMOTE=80da009b2a2e7761c6bf3892f5d742bc9299210991cbd6208ed172baa7f1b02b
[3360/3625] Checking is OK   | E:\01.userData\ZhuoMian\Github_Releases_批量下载 xray\Xray-core\v26.4.15\Xray-macos-arm64-v8a.zip    | LOCAL=d6288ded18579355f74c406eb2414f12f2189bff5df7700a8dd68ff0e3f2d7ff REMOTE=d6288ded18579355f74c406eb2414f12f2189bff5df7700a8dd68ff0e3f2d7ff
[3361/3625] Checking is OK   | E:\01.userData\ZhuoMian\Github_Releases_批量下载 xray\Xray-core\v26.4.15\Xray-openbsd-32.zip         | LOCAL=d5f33baa6e03a053a834eeb729561769628457bc3f2fc97284efde91fa0c50b8 REMOTE=d5f33baa6e03a053a834eeb729561769628457bc3f2fc97284efde91fa0c50b8
[3362/3625] Checking is OK   | E:\01.userData\ZhuoMian\Github_Releases_批量下载 xray\Xray-core\v26.4.15\Xray-openbsd-64.zip         | LOCAL=6b55c5595e667564ee7cfee10dd679795c0b147a2f94ec79e65a6398589fe3ca REMOTE=6b55c5595e667564ee7cfee10dd679795c0b147a2f94ec79e65a6398589fe3ca
[3363/3625] Checking is OK   | E:\01.userData\ZhuoMian\Github_Releases_批量下载 xray\Xray-core\v26.4.15\Xray-openbsd-arm32-v7a.zip  | LOCAL=73391db32ed4b6716e25ef7f12ad7efe97d699bc3cf5a3adc3a0ea07d92418bb REMOTE=73391db32ed4b6716e25ef7f12ad7efe97d699bc3cf5a3adc3a0ea07d92418bb
[3364/3625] Checking is OK   | E:\01.userData\ZhuoMian\Github_Releases_批量下载 xray\Xray-core\v26.4.15\Xray-openbsd-arm64-v8a.zip  | LOCAL=8ed766c1079923ef026ee44096b7aa93127a0141b84a3043cd3780591167f960 REMOTE=8ed766c1079923ef026ee44096b7aa93127a0141b84a3043cd3780591167f960
[3365/3625] Checking is OK   | E:\01.userData\ZhuoMian\Github_Releases_批量下载 xray\Xray-core\v26.4.15\Xray-win7-32.zip            | LOCAL=d925fb67bf786119751dad5323771707fbd0a6b6cb7f2516a41f3388499d6503 REMOTE=d925fb67bf786119751dad5323771707fbd0a6b6cb7f2516a41f3388499d6503
[3366/3625] Checking is OK   | E:\01.userData\ZhuoMian\Github_Releases_批量下载 xray\Xray-core\v26.4.15\Xray-win7-64.zip            | LOCAL=388fd2bf3e96657884c2d98d603e13c1fcfbad60710ac1947038d253b8bd431d REMOTE=388fd2bf3e96657884c2d98d603e13c1fcfbad60710ac1947038d253b8bd431d
[3367/3625] Checking is OK   | E:\01.userData\ZhuoMian\Github_Releases_批量下载 xray\Xray-core\v26.4.15\Xray-windows-32.zip         | LOCAL=7e513dcad8324b1772eb940b325a5d0c5b6730355aba3649d237901ee01b2723 REMOTE=7e513dcad8324b1772eb940b325a5d0c5b6730355aba3649d237901ee01b2723
[3368/3625] Checking is OK   | E:\01.userData\ZhuoMian\Github_Releases_批量下载 xray\Xray-core\v26.4.15\Xray-windows-64.zip         | LOCAL=6e5e68f1053fd93bb812cf0db23adea56365a4a26112111960baffc01eb0f30e REMOTE=6e5e68f1053fd93bb812cf0db23adea56365a4a26112111960baffc01eb0f30e
[3369/3625] Checking is OK   | E:\01.userData\ZhuoMian\Github_Releases_批量下载 xray\Xray-core\v26.4.15\Xray-windows-arm64-v8a.zip  | LOCAL=59dc432d6d0934d7e86bc1467d2b21a8f58b75effa21292330faf48bf1a30cde REMOTE=59dc432d6d0934d7e86bc1467d2b21a8f58b75effa21292330faf48bf1a30cde
[3370/3625] Checking is OK   | E:\01.userData\ZhuoMian\Github_Releases_批量下载 xray\Xray-core\v26.4.17\Xray-android-amd64.zip      | LOCAL=faa4ec43167cdba5e3c180bf62b11fe03714e87fbc4d3394ecb9bb7fa53cb69b REMOTE=faa4ec43167cdba5e3c180bf62b11fe03714e87fbc4d3394ecb9bb7fa53cb69b
[3371/3625] Checking is OK   | E:\01.userData\ZhuoMian\Github_Releases_批量下载 xray\Xray-core\v26.4.17\Xray-android-arm64-v8a.zip  | LOCAL=6739e333b472ce46a16b040bfc636f209c70018f6e1af71f37d64cd8e6775cbb REMOTE=6739e333b472ce46a16b040bfc636f209c70018f6e1af71f37d64cd8e6775cbb
[3372/3625] Checking is OK   | E:\01.userData\ZhuoMian\Github_Releases_批量下载 xray\Xray-core\v26.4.17\Xray-freebsd-32.zip         | LOCAL=ac982ace23f9429cdde31006eb1cbba57245964f594db9cc3204aa2f4831341f REMOTE=ac982ace23f9429cdde31006eb1cbba57245964f594db9cc3204aa2f4831341f
[3373/3625] Checking is OK   | E:\01.userData\ZhuoMian\Github_Releases_批量下载 xray\Xray-core\v26.4.17\Xray-freebsd-64.zip         | LOCAL=dbff64747329a19a599172fca60587a3274006b695184588ae5f9f86c08f1f07 REMOTE=dbff64747329a19a599172fca60587a3274006b695184588ae5f9f86c08f1f07
[3374/3625] Checking is OK   | E:\01.userData\ZhuoMian\Github_Releases_批量下载 xray\Xray-core\v26.4.17\Xray-freebsd-arm32-v7a.zip  | LOCAL=e233b3ff9ef83b0523d62f5bf764b1515024553674e8e19a29b0736760959f23 REMOTE=e233b3ff9ef83b0523d62f5bf764b1515024553674e8e19a29b0736760959f23
[3375/3625] Checking is OK   | E:\01.userData\ZhuoMian\Github_Releases_批量下载 xray\Xray-core\v26.4.17\Xray-freebsd-arm64-v8a.zip  | LOCAL=a1520d806348932e0de530523e8493e1f17c2c1c6e27f6806b6f334693076f3b REMOTE=a1520d806348932e0de530523e8493e1f17c2c1c6e27f6806b6f334693076f3b
[3376/3625] Checking is OK   | E:\01.userData\ZhuoMian\Github_Releases_批量下载 xray\Xray-core\v26.4.17\Xray-linux-32.zip           | LOCAL=234b499f8914ed77c9a8d8bd0f9cdfeb3f088aef12609c59fd9fc6697064be35 REMOTE=234b499f8914ed77c9a8d8bd0f9cdfeb3f088aef12609c59fd9fc6697064be35
[3377/3625] Checking is OK   | E:\01.userData\ZhuoMian\Github_Releases_批量下载 xray\Xray-core\v26.4.17\Xray-linux-64.zip           | LOCAL=667c0ccd21d70060de0c16a1d5779b8c42584f9d333a0b72d9f33aac0b828f2d REMOTE=667c0ccd21d70060de0c16a1d5779b8c42584f9d333a0b72d9f33aac0b828f2d
[3378/3625] Checking is OK   | E:\01.userData\ZhuoMian\Github_Releases_批量下载 xray\Xray-core\v26.4.17\Xray-linux-arm32-v5.zip     | LOCAL=69d1663e4bd8d6d08263871da1ad8ffe767d56beff3bb472ca96e6ddd678b259 REMOTE=69d1663e4bd8d6d08263871da1ad8ffe767d56beff3bb472ca96e6ddd678b259
[3379/3625] Checking is OK   | E:\01.userData\ZhuoMian\Github_Releases_批量下载 xray\Xray-core\v26.4.17\Xray-linux-arm32-v6.zip     | LOCAL=e745564e8bf6cb60780d86f392a88318bdf38d4bf1940f9f34c54f1e19bc61aa REMOTE=e745564e8bf6cb60780d86f392a88318bdf38d4bf1940f9f34c54f1e19bc61aa
[3380/3625] Checking is OK   | E:\01.userData\ZhuoMian\Github_Releases_批量下载 xray\Xray-core\v26.4.17\Xray-linux-arm32-v7a.zip    | LOCAL=606db0c582e872d9fb537cdfb5028af3ca7c5cce10f9e696b6eaa3f944d3a0da REMOTE=606db0c582e872d9fb537cdfb5028af3ca7c5cce10f9e696b6eaa3f944d3a0da
[3381/3625] Checking is OK   | E:\01.userData\ZhuoMian\Github_Releases_批量下载 xray\Xray-core\v26.4.17\Xray-linux-arm64-v8a.zip    | LOCAL=45d7be80d91cb68e3eef6066f51ef9a2569844ed25153ee447d97f595b2bd944 REMOTE=45d7be80d91cb68e3eef6066f51ef9a2569844ed25153ee447d97f595b2bd944
[3382/3625] Checking is OK   | E:\01.userData\ZhuoMian\Github_Releases_批量下载 xray\Xray-core\v26.4.17\Xray-linux-loong64.zip      | LOCAL=2070bae2c95f290850526218fc201be5067ca0a52cf787b734d978d0311b04ca REMOTE=2070bae2c95f290850526218fc201be5067ca0a52cf787b734d978d0311b04ca
[3383/3625] Checking is OK   | E:\01.userData\ZhuoMian\Github_Releases_批量下载 xray\Xray-core\v26.4.17\Xray-linux-mips32.zip       | LOCAL=9c1ae17d573325387ad492f7bfaefc3c5bfd5b3ec5d059f3db4afae703deae94 REMOTE=9c1ae17d573325387ad492f7bfaefc3c5bfd5b3ec5d059f3db4afae703deae94
[3384/3625] Checking is OK   | E:\01.userData\ZhuoMian\Github_Releases_批量下载 xray\Xray-core\v26.4.17\Xray-linux-mips32le.zip     | LOCAL=bc1d9e8bec60c104a405d049fb0bd79a1ee0a9e3bfad9ca3be437665f1638c76 REMOTE=bc1d9e8bec60c104a405d049fb0bd79a1ee0a9e3bfad9ca3be437665f1638c76
[3385/3625] Checking is OK   | E:\01.userData\ZhuoMian\Github_Releases_批量下载 xray\Xray-core\v26.4.17\Xray-linux-mips64.zip       | LOCAL=0225018dfd8bb58c1a5fcfe1b0cdfbea0dda4b24d049b1a4093eec00a3f690e6 REMOTE=0225018dfd8bb58c1a5fcfe1b0cdfbea0dda4b24d049b1a4093eec00a3f690e6
[3386/3625] Checking is OK   | E:\01.userData\ZhuoMian\Github_Releases_批量下载 xray\Xray-core\v26.4.17\Xray-linux-mips64le.zip     | LOCAL=4f0147eee62cd6ba382622056137ccd61076a146d3bde58483dc32113f7d06d5 REMOTE=4f0147eee62cd6ba382622056137ccd61076a146d3bde58483dc32113f7d06d5
[3387/3625] Checking is OK   | E:\01.userData\ZhuoMian\Github_Releases_批量下载 xray\Xray-core\v26.4.17\Xray-linux-ppc64.zip        | LOCAL=52ba002f0c26e5daecd5c9ec71492d80be1bb6858acffc65000b9afde0c17754 REMOTE=52ba002f0c26e5daecd5c9ec71492d80be1bb6858acffc65000b9afde0c17754
[3388/3625] Checking is OK   | E:\01.userData\ZhuoMian\Github_Releases_批量下载 xray\Xray-core\v26.4.17\Xray-linux-ppc64le.zip      | LOCAL=e0e2ef187c3f7d4fa487b2e2c9b1c18db91d662d05f59d79365b176b135465e7 REMOTE=e0e2ef187c3f7d4fa487b2e2c9b1c18db91d662d05f59d79365b176b135465e7
[3389/3625] Checking is OK   | E:\01.userData\ZhuoMian\Github_Releases_批量下载 xray\Xray-core\v26.4.17\Xray-linux-riscv64.zip      | LOCAL=06e70558ee3c2e70e2d5ab7fc8541cd1c2717e0c6e373877093ea4581a02e226 REMOTE=06e70558ee3c2e70e2d5ab7fc8541cd1c2717e0c6e373877093ea4581a02e226
[3390/3625] Checking is OK   | E:\01.userData\ZhuoMian\Github_Releases_批量下载 xray\Xray-core\v26.4.17\Xray-linux-s390x.zip        | LOCAL=d08c8c83d0bd277af6cb56676d89e5a16d5869b4855f543498073f5860f76f0d REMOTE=d08c8c83d0bd277af6cb56676d89e5a16d5869b4855f543498073f5860f76f0d
[3391/3625] Checking is OK   | E:\01.userData\ZhuoMian\Github_Releases_批量下载 xray\Xray-core\v26.4.17\Xray-macos-64.zip           | LOCAL=e16e81979101a6afaedec43ca268be6a152cc8cd8fa5abc72f655bb793ae59c7 REMOTE=e16e81979101a6afaedec43ca268be6a152cc8cd8fa5abc72f655bb793ae59c7
[3392/3625] Checking is OK   | E:\01.userData\ZhuoMian\Github_Releases_批量下载 xray\Xray-core\v26.4.17\Xray-macos-arm64-v8a.zip    | LOCAL=d68aac7ea1734447608dc3d4730e85c32186a18eb4d4d3b5086fd075d2371cba REMOTE=d68aac7ea1734447608dc3d4730e85c32186a18eb4d4d3b5086fd075d2371cba
[3393/3625] Checking is OK   | E:\01.userData\ZhuoMian\Github_Releases_批量下载 xray\Xray-core\v26.4.17\Xray-openbsd-32.zip         | LOCAL=8f593b3b3e8370a3c10b11bca9597c49167283f296246dd486def261e848192d REMOTE=8f593b3b3e8370a3c10b11bca9597c49167283f296246dd486def261e848192d
[3394/3625] Checking is OK   | E:\01.userData\ZhuoMian\Github_Releases_批量下载 xray\Xray-core\v26.4.17\Xray-openbsd-64.zip         | LOCAL=1c6ab5fecac5ff2e5c000eb843700ea260d6b66788b41a52fe2c9b7b671f34fd REMOTE=1c6ab5fecac5ff2e5c000eb843700ea260d6b66788b41a52fe2c9b7b671f34fd
[3395/3625] Checking is OK   | E:\01.userData\ZhuoMian\Github_Releases_批量下载 xray\Xray-core\v26.4.17\Xray-openbsd-arm32-v7a.zip  | LOCAL=7a1cfad0073ee77a86a32f7434f5ce58444384296d972cd0b8fd34d977f6eb6b REMOTE=7a1cfad0073ee77a86a32f7434f5ce58444384296d972cd0b8fd34d977f6eb6b
[3396/3625] Checking is OK   | E:\01.userData\ZhuoMian\Github_Releases_批量下载 xray\Xray-core\v26.4.17\Xray-openbsd-arm64-v8a.zip  | LOCAL=c04781c938c82e0a3f24310d389a104b525d9333023b20956e1790b068bc6f0f REMOTE=c04781c938c82e0a3f24310d389a104b525d9333023b20956e1790b068bc6f0f
[3397/3625] Checking is OK   | E:\01.userData\ZhuoMian\Github_Releases_批量下载 xray\Xray-core\v26.4.17\Xray-win7-32.zip            | LOCAL=a0736bc575cad211386a72f8fc0ca321655433aa2143cacd125923b7b39ccb8e REMOTE=a0736bc575cad211386a72f8fc0ca321655433aa2143cacd125923b7b39ccb8e
[3398/3625] Checking is OK   | E:\01.userData\ZhuoMian\Github_Releases_批量下载 xray\Xray-core\v26.4.17\Xray-win7-64.zip            | LOCAL=ba35a82c80bfcad35853f13523f629bb1ce5deb6d4474f11a5217c68401454cc REMOTE=ba35a82c80bfcad35853f13523f629bb1ce5deb6d4474f11a5217c68401454cc
[3399/3625] Checking is OK   | E:\01.userData\ZhuoMian\Github_Releases_批量下载 xray\Xray-core\v26.4.17\Xray-windows-32.zip         | LOCAL=4248e13638f4be8f2a68cb6c39713aa769bb9106120e4c858fb438d346eb2086 REMOTE=4248e13638f4be8f2a68cb6c39713aa769bb9106120e4c858fb438d346eb2086
[3400/3625] Checking is OK   | E:\01.userData\ZhuoMian\Github_Releases_批量下载 xray\Xray-core\v26.4.17\Xray-windows-64.zip         | LOCAL=5c85e1b4f4c867b46a97fefc78f2f1b0624bd398f56dfa21716d929eb3b10943 REMOTE=5c85e1b4f4c867b46a97fefc78f2f1b0624bd398f56dfa21716d929eb3b10943
[3401/3625] Checking is OK   | E:\01.userData\ZhuoMian\Github_Releases_批量下载 xray\Xray-core\v26.4.17\Xray-windows-arm64-v8a.zip  | LOCAL=4941f0a1dbad28b6540b8d2fda031955b8f5bde3f556faa25548cb56e262a121 REMOTE=4941f0a1dbad28b6540b8d2fda031955b8f5bde3f556faa25548cb56e262a121
[3402/3625] Checking is OK   | E:\01.userData\ZhuoMian\Github_Releases_批量下载 xray\Xray-core\v26.4.25\Xray-android-amd64.zip      | LOCAL=966334d8aae354a02f9192b7c8a0ec2ae175df44953217738e8592afed9d09af REMOTE=966334d8aae354a02f9192b7c8a0ec2ae175df44953217738e8592afed9d09af
[3403/3625] Checking is OK   | E:\01.userData\ZhuoMian\Github_Releases_批量下载 xray\Xray-core\v26.4.25\Xray-android-arm64-v8a.zip  | LOCAL=42728d59eef3dc28c76918dbda86c6a8401104e70934dd59e5e7edb667b85e73 REMOTE=42728d59eef3dc28c76918dbda86c6a8401104e70934dd59e5e7edb667b85e73
[3404/3625] Checking is OK   | E:\01.userData\ZhuoMian\Github_Releases_批量下载 xray\Xray-core\v26.4.25\Xray-freebsd-32.zip         | LOCAL=3b77156da0d88e49534ccb65b25844d77d88435aba945ef9e21ebe72b79772f6 REMOTE=3b77156da0d88e49534ccb65b25844d77d88435aba945ef9e21ebe72b79772f6
[3405/3625] Checking is OK   | E:\01.userData\ZhuoMian\Github_Releases_批量下载 xray\Xray-core\v26.4.25\Xray-freebsd-64.zip         | LOCAL=551c0b54fbae2d3f77bb39427ba6d2efebf02d504ab87fa63a357f4cbdddf4bc REMOTE=551c0b54fbae2d3f77bb39427ba6d2efebf02d504ab87fa63a357f4cbdddf4bc
[3406/3625] Checking is OK   | E:\01.userData\ZhuoMian\Github_Releases_批量下载 xray\Xray-core\v26.4.25\Xray-freebsd-arm32-v7a.zip  | LOCAL=09e6d190919eba71b51027a6e6bd9f2d3f7c39173c16e75c85d8532d273e11da REMOTE=09e6d190919eba71b51027a6e6bd9f2d3f7c39173c16e75c85d8532d273e11da
[3407/3625] Checking is OK   | E:\01.userData\ZhuoMian\Github_Releases_批量下载 xray\Xray-core\v26.4.25\Xray-freebsd-arm64-v8a.zip  | LOCAL=c4707f602ce2c1b9e92d58ebdaf741ed63914d7e7a62cbfd772ef1daf9b86a80 REMOTE=c4707f602ce2c1b9e92d58ebdaf741ed63914d7e7a62cbfd772ef1daf9b86a80
[3408/3625] Checking is OK   | E:\01.userData\ZhuoMian\Github_Releases_批量下载 xray\Xray-core\v26.4.25\Xray-linux-32.zip           | LOCAL=975c1592821f0521735799f72ad433db06d52bbe2c6ead1b6dae5d56624596f0 REMOTE=975c1592821f0521735799f72ad433db06d52bbe2c6ead1b6dae5d56624596f0
[3409/3625] Checking is OK   | E:\01.userData\ZhuoMian\Github_Releases_批量下载 xray\Xray-core\v26.4.25\Xray-linux-64.zip           | LOCAL=a4ec9c037933b6730fb29e4f7a6674647f40b0b9f40870411071dd6382ea87a8 REMOTE=a4ec9c037933b6730fb29e4f7a6674647f40b0b9f40870411071dd6382ea87a8
[3410/3625] Checking is OK   | E:\01.userData\ZhuoMian\Github_Releases_批量下载 xray\Xray-core\v26.4.25\Xray-linux-arm32-v5.zip     | LOCAL=1e5b47c5d9161c2326ceb7f52b3c100bd0296abfabd03a209e448af2f45f505a REMOTE=1e5b47c5d9161c2326ceb7f52b3c100bd0296abfabd03a209e448af2f45f505a
[3411/3625] Checking is OK   | E:\01.userData\ZhuoMian\Github_Releases_批量下载 xray\Xray-core\v26.4.25\Xray-linux-arm32-v6.zip     | LOCAL=0e28e0e390a3ca221fe5eed431480f0bb43fc07bd41abaeeb7ac9d78b8801d29 REMOTE=0e28e0e390a3ca221fe5eed431480f0bb43fc07bd41abaeeb7ac9d78b8801d29
[3412/3625] Checking is OK   | E:\01.userData\ZhuoMian\Github_Releases_批量下载 xray\Xray-core\v26.4.25\Xray-linux-arm32-v7a.zip    | LOCAL=c3b50abe8dfbb4aa392398e3adb0bb452612ccf0718a2d7e50f2374e91b38c8a REMOTE=c3b50abe8dfbb4aa392398e3adb0bb452612ccf0718a2d7e50f2374e91b38c8a
[3413/3625] Checking is OK   | E:\01.userData\ZhuoMian\Github_Releases_批量下载 xray\Xray-core\v26.4.25\Xray-linux-arm64-v8a.zip    | LOCAL=020416fa7e1b1b04c4f97209b33f1bd4683e15272feda48c769ae2c9beb1c3de REMOTE=020416fa7e1b1b04c4f97209b33f1bd4683e15272feda48c769ae2c9beb1c3de
[3414/3625] Checking is OK   | E:\01.userData\ZhuoMian\Github_Releases_批量下载 xray\Xray-core\v26.4.25\Xray-linux-loong64.zip      | LOCAL=b2f5091e591d669724ba7415fadb48b0aaf255e7cf14a2ced5739f6c6d91fae9 REMOTE=b2f5091e591d669724ba7415fadb48b0aaf255e7cf14a2ced5739f6c6d91fae9
[3415/3625] Checking is OK   | E:\01.userData\ZhuoMian\Github_Releases_批量下载 xray\Xray-core\v26.4.25\Xray-linux-mips32.zip       | LOCAL=6197680afabff242951f125382e954d43064831f7baca1e3eb84a4be805b6694 REMOTE=6197680afabff242951f125382e954d43064831f7baca1e3eb84a4be805b6694
[3416/3625] Checking is OK   | E:\01.userData\ZhuoMian\Github_Releases_批量下载 xray\Xray-core\v26.4.25\Xray-linux-mips32le.zip     | LOCAL=8455bd263751597ce206d0ee1b1fa1f44cca85542fa7134280c61479cdb46c37 REMOTE=8455bd263751597ce206d0ee1b1fa1f44cca85542fa7134280c61479cdb46c37
[3417/3625] Checking is OK   | E:\01.userData\ZhuoMian\Github_Releases_批量下载 xray\Xray-core\v26.4.25\Xray-linux-mips64.zip       | LOCAL=be906ae217875063dd570ce5356ed50cc5899d3e0a888966e5317bc2b142b15d REMOTE=be906ae217875063dd570ce5356ed50cc5899d3e0a888966e5317bc2b142b15d
[3418/3625] Checking is OK   | E:\01.userData\ZhuoMian\Github_Releases_批量下载 xray\Xray-core\v26.4.25\Xray-linux-mips64le.zip     | LOCAL=4a76436dd6d642d1effb9a94b03cfe3e284a10c8ccadf32f53dd7eecd7e97483 REMOTE=4a76436dd6d642d1effb9a94b03cfe3e284a10c8ccadf32f53dd7eecd7e97483
[3419/3625] Checking is OK   | E:\01.userData\ZhuoMian\Github_Releases_批量下载 xray\Xray-core\v26.4.25\Xray-linux-ppc64.zip        | LOCAL=08c7825e320fb06d2474c7e6b8fc604d30482d30140920622d1eeee260e5c7af REMOTE=08c7825e320fb06d2474c7e6b8fc604d30482d30140920622d1eeee260e5c7af
[3420/3625] Checking is OK   | E:\01.userData\ZhuoMian\Github_Releases_批量下载 xray\Xray-core\v26.4.25\Xray-linux-ppc64le.zip      | LOCAL=0b2e8639d24d09cbee22d61c52e566c50a6a997037764989da1ba3f3d92b9eea REMOTE=0b2e8639d24d09cbee22d61c52e566c50a6a997037764989da1ba3f3d92b9eea
[3421/3625] Checking is OK   | E:\01.userData\ZhuoMian\Github_Releases_批量下载 xray\Xray-core\v26.4.25\Xray-linux-riscv64.zip      | LOCAL=d39cc09b62c778b4f877f1b3c0b3a28c6093deb16047a5994ca2793b22c7288d REMOTE=d39cc09b62c778b4f877f1b3c0b3a28c6093deb16047a5994ca2793b22c7288d
[3422/3625] Checking is OK   | E:\01.userData\ZhuoMian\Github_Releases_批量下载 xray\Xray-core\v26.4.25\Xray-linux-s390x.zip        | LOCAL=703a2922aaf3fcaf5621a0bc706d9098ec1b458b0c0efd27735ece9a1e7dfde5 REMOTE=703a2922aaf3fcaf5621a0bc706d9098ec1b458b0c0efd27735ece9a1e7dfde5
[3423/3625] Checking is OK   | E:\01.userData\ZhuoMian\Github_Releases_批量下载 xray\Xray-core\v26.4.25\Xray-macos-64.zip           | LOCAL=fde231da0e7edd29d7a7b51fee13cae2fa05dfc6583f31a15945d5c3302aedf5 REMOTE=fde231da0e7edd29d7a7b51fee13cae2fa05dfc6583f31a15945d5c3302aedf5
[3424/3625] Checking is OK   | E:\01.userData\ZhuoMian\Github_Releases_批量下载 xray\Xray-core\v26.4.25\Xray-macos-arm64-v8a.zip    | LOCAL=b9d5df9f37e482f17289b105341218aaa614363a29ebb2b6054805e5396d50fe REMOTE=b9d5df9f37e482f17289b105341218aaa614363a29ebb2b6054805e5396d50fe
[3425/3625] Checking is OK   | E:\01.userData\ZhuoMian\Github_Releases_批量下载 xray\Xray-core\v26.4.25\Xray-openbsd-32.zip         | LOCAL=72637dbbcc600c81e211f0f7462d1c08f2003d78291ea1bc29b035f26248acea REMOTE=72637dbbcc600c81e211f0f7462d1c08f2003d78291ea1bc29b035f26248acea
[3426/3625] Checking is OK   | E:\01.userData\ZhuoMian\Github_Releases_批量下载 xray\Xray-core\v26.4.25\Xray-openbsd-64.zip         | LOCAL=9a232e4df8fef030f7b18893aa6831cc62312240762ef9a926f431c7346a7875 REMOTE=9a232e4df8fef030f7b18893aa6831cc62312240762ef9a926f431c7346a7875
[3427/3625] Checking is OK   | E:\01.userData\ZhuoMian\Github_Releases_批量下载 xray\Xray-core\v26.4.25\Xray-openbsd-arm32-v7a.zip  | LOCAL=5fed82c3c011a86db2d22bdf87e5a0ab25076305efaab4ae9faf57a38ed5acc4 REMOTE=5fed82c3c011a86db2d22bdf87e5a0ab25076305efaab4ae9faf57a38ed5acc4
[3428/3625] Checking is OK   | E:\01.userData\ZhuoMian\Github_Releases_批量下载 xray\Xray-core\v26.4.25\Xray-openbsd-arm64-v8a.zip  | LOCAL=ebcd15586fc7423b53b44de968bc664b08350ca9eacab07015f292f43b46054b REMOTE=ebcd15586fc7423b53b44de968bc664b08350ca9eacab07015f292f43b46054b
[3429/3625] Checking is OK   | E:\01.userData\ZhuoMian\Github_Releases_批量下载 xray\Xray-core\v26.4.25\Xray-win7-32.zip            | LOCAL=c9e640a7ef9a44d1686659f7e49bbe91b5ec1f19597667e121d01c9cc4ffdce7 REMOTE=c9e640a7ef9a44d1686659f7e49bbe91b5ec1f19597667e121d01c9cc4ffdce7
[3430/3625] Checking is OK   | E:\01.userData\ZhuoMian\Github_Releases_批量下载 xray\Xray-core\v26.4.25\Xray-win7-64.zip            | LOCAL=e139be4f238b3dfbf2cff0c1e7369fe30e0bc846ffc050f4b7104d82be0d56a3 REMOTE=e139be4f238b3dfbf2cff0c1e7369fe30e0bc846ffc050f4b7104d82be0d56a3
[3431/3625] Checking is OK   | E:\01.userData\ZhuoMian\Github_Releases_批量下载 xray\Xray-core\v26.4.25\Xray-windows-32.zip         | LOCAL=6363a2dd24b5d5e49c1c332a492192909d3318838949353a221ab70b8b20e303 REMOTE=6363a2dd24b5d5e49c1c332a492192909d3318838949353a221ab70b8b20e303
[3432/3625] Checking is OK   | E:\01.userData\ZhuoMian\Github_Releases_批量下载 xray\Xray-core\v26.4.25\Xray-windows-64.zip         | LOCAL=9f2852563d5196396cf41be8d843de61ce108e1e398ed93e93c09976f7791629 REMOTE=9f2852563d5196396cf41be8d843de61ce108e1e398ed93e93c09976f7791629
[3433/3625] Checking is OK   | E:\01.userData\ZhuoMian\Github_Releases_批量下载 xray\Xray-core\v26.4.25\Xray-windows-arm64-v8a.zip  | LOCAL=d6896a69a71df7b762b15559a488994b31440a1a34f50784d86740e32a5a8bd5 REMOTE=d6896a69a71df7b762b15559a488994b31440a1a34f50784d86740e32a5a8bd5
[3434/3625] Checking is OK   | E:\01.userData\ZhuoMian\Github_Releases_批量下载 xray\Xray-core\v26.5.3\Xray-android-amd64.zip       | LOCAL=a708c48ae50d22c4db0308cd3e467ea095202bad08598d03068d30026cd20c6e REMOTE=a708c48ae50d22c4db0308cd3e467ea095202bad08598d03068d30026cd20c6e
[3435/3625] Checking is OK   | E:\01.userData\ZhuoMian\Github_Releases_批量下载 xray\Xray-core\v26.5.3\Xray-android-arm64-v8a.zip   | LOCAL=bbb2d1f28e1e9b58c020222d424c76392502fa924e02fd037f1ef17ab8e2d172 REMOTE=bbb2d1f28e1e9b58c020222d424c76392502fa924e02fd037f1ef17ab8e2d172
[3436/3625] Checking is OK   | E:\01.userData\ZhuoMian\Github_Releases_批量下载 xray\Xray-core\v26.5.3\Xray-freebsd-32.zip          | LOCAL=123dc185cae28e5dadc5633ee4eea027217debdde4a69b4e29a83ca888507428 REMOTE=123dc185cae28e5dadc5633ee4eea027217debdde4a69b4e29a83ca888507428
[3437/3625] Checking is OK   | E:\01.userData\ZhuoMian\Github_Releases_批量下载 xray\Xray-core\v26.5.3\Xray-freebsd-64.zip          | LOCAL=8b7a1e27cb1393edf608bed4b1cd6e5c85a4ef236306b5a867880e6603c0238f REMOTE=8b7a1e27cb1393edf608bed4b1cd6e5c85a4ef236306b5a867880e6603c0238f
[3438/3625] Checking is OK   | E:\01.userData\ZhuoMian\Github_Releases_批量下载 xray\Xray-core\v26.5.3\Xray-freebsd-arm32-v7a.zip   | LOCAL=986c65e7601ebd2289ae1942e5ecbdd806950cf66e0f0bcee378900c8e2faf3f REMOTE=986c65e7601ebd2289ae1942e5ecbdd806950cf66e0f0bcee378900c8e2faf3f
[3439/3625] Checking is OK   | E:\01.userData\ZhuoMian\Github_Releases_批量下载 xray\Xray-core\v26.5.3\Xray-freebsd-arm64-v8a.zip   | LOCAL=f84cd5ec8bbf2e83a6dafd1eae1dd7542217e9df7a40496b3ff92e7990c1b258 REMOTE=f84cd5ec8bbf2e83a6dafd1eae1dd7542217e9df7a40496b3ff92e7990c1b258
[3440/3625] Checking is OK   | E:\01.userData\ZhuoMian\Github_Releases_批量下载 xray\Xray-core\v26.5.3\Xray-linux-32.zip            | LOCAL=45fe2612f7017d6817a9c36a5ba2aeae7622c0c23d27e7e357b58e487947a03b REMOTE=45fe2612f7017d6817a9c36a5ba2aeae7622c0c23d27e7e357b58e487947a03b
[3441/3625] Checking is OK   | E:\01.userData\ZhuoMian\Github_Releases_批量下载 xray\Xray-core\v26.5.3\Xray-linux-64.zip            | LOCAL=f9d7dd7492791430d48a9828fb36f32663577af787e8b363a1548dece21a7897 REMOTE=f9d7dd7492791430d48a9828fb36f32663577af787e8b363a1548dece21a7897
[3442/3625] Checking is OK   | E:\01.userData\ZhuoMian\Github_Releases_批量下载 xray\Xray-core\v26.5.3\Xray-linux-arm32-v5.zip      | LOCAL=14a5f6b9b5e29e2c3d7ab85c2605cc400eaaf5414ee52583659c01d2e517f22d REMOTE=14a5f6b9b5e29e2c3d7ab85c2605cc400eaaf5414ee52583659c01d2e517f22d
[3443/3625] Checking is OK   | E:\01.userData\ZhuoMian\Github_Releases_批量下载 xray\Xray-core\v26.5.3\Xray-linux-arm32-v6.zip      | LOCAL=e9a7c67a10be28b095bdded9aaa9847799af169f606222f34ac0728b9c0773e1 REMOTE=e9a7c67a10be28b095bdded9aaa9847799af169f606222f34ac0728b9c0773e1
[3444/3625] Checking is OK   | E:\01.userData\ZhuoMian\Github_Releases_批量下载 xray\Xray-core\v26.5.3\Xray-linux-arm32-v7a.zip     | LOCAL=d95c65a19ca2799d3cab4a8725df848219514db4e613ac965734342ccfa628c8 REMOTE=d95c65a19ca2799d3cab4a8725df848219514db4e613ac965734342ccfa628c8
[3445/3625] Checking is OK   | E:\01.userData\ZhuoMian\Github_Releases_批量下载 xray\Xray-core\v26.5.3\Xray-linux-arm64-v8a.zip     | LOCAL=d6766870478cddaeb770625bf1a61dae2d5c0a1bc160abb21455698137f6071c REMOTE=d6766870478cddaeb770625bf1a61dae2d5c0a1bc160abb21455698137f6071c
[3446/3625] Checking is OK   | E:\01.userData\ZhuoMian\Github_Releases_批量下载 xray\Xray-core\v26.5.3\Xray-linux-loong64.zip       | LOCAL=3fc7dcf98317fb7e15b083c8b5ee468a9797deb54830a9016d361be81db4df76 REMOTE=3fc7dcf98317fb7e15b083c8b5ee468a9797deb54830a9016d361be81db4df76
[3447/3625] Checking is OK   | E:\01.userData\ZhuoMian\Github_Releases_批量下载 xray\Xray-core\v26.5.3\Xray-linux-mips32.zip        | LOCAL=28297164c172e4140df7c7606c9224f3c3a90cecb192439638115bb601cdf1ce REMOTE=28297164c172e4140df7c7606c9224f3c3a90cecb192439638115bb601cdf1ce
[3448/3625] Checking is OK   | E:\01.userData\ZhuoMian\Github_Releases_批量下载 xray\Xray-core\v26.5.3\Xray-linux-mips32le.zip      | LOCAL=7f97b4c2996057951bee38bbe2827615d8f9dc980744916c8fd88fb2f8221d67 REMOTE=7f97b4c2996057951bee38bbe2827615d8f9dc980744916c8fd88fb2f8221d67
[3449/3625] Checking is OK   | E:\01.userData\ZhuoMian\Github_Releases_批量下载 xray\Xray-core\v26.5.3\Xray-linux-mips64.zip        | LOCAL=40babdf44fd02cf7468ca046823ddfbd4cd30f9902c73e305a00bfda750e138d REMOTE=40babdf44fd02cf7468ca046823ddfbd4cd30f9902c73e305a00bfda750e138d
[3450/3625] Checking is OK   | E:\01.userData\ZhuoMian\Github_Releases_批量下载 xray\Xray-core\v26.5.3\Xray-linux-mips64le.zip      | LOCAL=f06976676b61dc77b83537bf8d606f87c58c525b32c8785ac2780b4bd3bb3945 REMOTE=f06976676b61dc77b83537bf8d606f87c58c525b32c8785ac2780b4bd3bb3945
[3451/3625] Checking is OK   | E:\01.userData\ZhuoMian\Github_Releases_批量下载 xray\Xray-core\v26.5.3\Xray-linux-ppc64.zip         | LOCAL=d05628845f18779748329fd0fd4f2eabfceb2dbeaa8f98555ffbefe3e7b3c218 REMOTE=d05628845f18779748329fd0fd4f2eabfceb2dbeaa8f98555ffbefe3e7b3c218
[3452/3625] Checking is OK   | E:\01.userData\ZhuoMian\Github_Releases_批量下载 xray\Xray-core\v26.5.3\Xray-linux-ppc64le.zip       | LOCAL=881f2255542403cc5d6099975c6cefcb0bd582e15c58807441bd92947fa782cc REMOTE=881f2255542403cc5d6099975c6cefcb0bd582e15c58807441bd92947fa782cc
[3453/3625] Checking is OK   | E:\01.userData\ZhuoMian\Github_Releases_批量下载 xray\Xray-core\v26.5.3\Xray-linux-riscv64.zip       | LOCAL=15fe8e599166c1caa346e1cea56366c105277b1c9c74dea8be5cc642b77ad108 REMOTE=15fe8e599166c1caa346e1cea56366c105277b1c9c74dea8be5cc642b77ad108
[3454/3625] Checking is OK   | E:\01.userData\ZhuoMian\Github_Releases_批量下载 xray\Xray-core\v26.5.3\Xray-linux-s390x.zip         | LOCAL=31d9587ffc841aa8df028f9ed71a263f21df0894f3a2faaac57dd468fc4cea74 REMOTE=31d9587ffc841aa8df028f9ed71a263f21df0894f3a2faaac57dd468fc4cea74
[3455/3625] Checking is OK   | E:\01.userData\ZhuoMian\Github_Releases_批量下载 xray\Xray-core\v26.5.3\Xray-macos-64.zip            | LOCAL=b31281c1f8bdef84a8c6fd0888802900ba26ff96c331fe4af817c92581f3bf89 REMOTE=b31281c1f8bdef84a8c6fd0888802900ba26ff96c331fe4af817c92581f3bf89
[3456/3625] Checking is OK   | E:\01.userData\ZhuoMian\Github_Releases_批量下载 xray\Xray-core\v26.5.3\Xray-macos-arm64-v8a.zip     | LOCAL=f57d10d92eff3f2717abba630c5609df7b7412e9bac2416c9cd79cfe8737435b REMOTE=f57d10d92eff3f2717abba630c5609df7b7412e9bac2416c9cd79cfe8737435b
[3457/3625] Checking is OK   | E:\01.userData\ZhuoMian\Github_Releases_批量下载 xray\Xray-core\v26.5.3\Xray-openbsd-32.zip          | LOCAL=d0f82990f8025b24a386988b0f5aedcb914947e774b8f8bedbe7bef8b9cc7fba REMOTE=d0f82990f8025b24a386988b0f5aedcb914947e774b8f8bedbe7bef8b9cc7fba
[3458/3625] Checking is OK   | E:\01.userData\ZhuoMian\Github_Releases_批量下载 xray\Xray-core\v26.5.3\Xray-openbsd-64.zip          | LOCAL=d4fc2955872c0b31aae6c60a3a5391a31a9cab6713b52e331126778a0b8670de REMOTE=d4fc2955872c0b31aae6c60a3a5391a31a9cab6713b52e331126778a0b8670de
[3459/3625] Checking is OK   | E:\01.userData\ZhuoMian\Github_Releases_批量下载 xray\Xray-core\v26.5.3\Xray-openbsd-arm32-v7a.zip   | LOCAL=cac8f7bbeb2fcb5b1845950961f4d123e42eb23ec44975a9b85c5cf19fe7b16b REMOTE=cac8f7bbeb2fcb5b1845950961f4d123e42eb23ec44975a9b85c5cf19fe7b16b
[3460/3625] Checking is OK   | E:\01.userData\ZhuoMian\Github_Releases_批量下载 xray\Xray-core\v26.5.3\Xray-openbsd-arm64-v8a.zip   | LOCAL=0cda2a67d8588d28b54f49259c3b36aa441cb8d1f6619c29870304c4406f825b REMOTE=0cda2a67d8588d28b54f49259c3b36aa441cb8d1f6619c29870304c4406f825b
[3461/3625] Checking is OK   | E:\01.userData\ZhuoMian\Github_Releases_批量下载 xray\Xray-core\v26.5.3\Xray-win7-32.zip             | LOCAL=a6e161191af0b5777460fcbe88f438685e39b38aff1819173a0e3ac21748b2cb REMOTE=a6e161191af0b5777460fcbe88f438685e39b38aff1819173a0e3ac21748b2cb
[3462/3625] Checking is OK   | E:\01.userData\ZhuoMian\Github_Releases_批量下载 xray\Xray-core\v26.5.3\Xray-win7-64.zip             | LOCAL=d1db0699ee23e0c843545db120129bf3dff0447c165b99f1ff2258ac12764712 REMOTE=d1db0699ee23e0c843545db120129bf3dff0447c165b99f1ff2258ac12764712
[3463/3625] Checking is OK   | E:\01.userData\ZhuoMian\Github_Releases_批量下载 xray\Xray-core\v26.5.3\Xray-windows-32.zip          | LOCAL=8f146a89c6eae8d4ac59a77e48847c2ab79043f2a636976769621f0a527adc49 REMOTE=8f146a89c6eae8d4ac59a77e48847c2ab79043f2a636976769621f0a527adc49
[3464/3625] Checking is OK   | E:\01.userData\ZhuoMian\Github_Releases_批量下载 xray\Xray-core\v26.5.3\Xray-windows-64.zip          | LOCAL=29d217d3e39c802d07923555ac8f1131ed4e19d4a45b34fee2e63e7b74658dc1 REMOTE=29d217d3e39c802d07923555ac8f1131ed4e19d4a45b34fee2e63e7b74658dc1
[3465/3625] Checking is OK   | E:\01.userData\ZhuoMian\Github_Releases_批量下载 xray\Xray-core\v26.5.3\Xray-windows-arm64-v8a.zip   | LOCAL=8446c82fb9889fcc3ed54ed328bf3472e17a710276df2402399f0967b55e5b48 REMOTE=8446c82fb9889fcc3ed54ed328bf3472e17a710276df2402399f0967b55e5b48
[3466/3625] Checking is OK   | E:\01.userData\ZhuoMian\Github_Releases_批量下载 xray\Xray-core\v26.5.9\Xray-android-amd64.zip       | LOCAL=6d4bd53aec64f98bdbfa841720e7006c49ce82143c7d8acd45af61c445dbe971 REMOTE=6d4bd53aec64f98bdbfa841720e7006c49ce82143c7d8acd45af61c445dbe971
[3467/3625] Checking is OK   | E:\01.userData\ZhuoMian\Github_Releases_批量下载 xray\Xray-core\v26.5.9\Xray-android-arm64-v8a.zip   | LOCAL=711f3c46e9f779ab0dbd446162d16f8eb6d8a4bcb1e9440271a904fcb0ca4289 REMOTE=711f3c46e9f779ab0dbd446162d16f8eb6d8a4bcb1e9440271a904fcb0ca4289
[3468/3625] Checking is OK   | E:\01.userData\ZhuoMian\Github_Releases_批量下载 xray\Xray-core\v26.5.9\Xray-freebsd-32.zip          | LOCAL=635e843890274f2192d383e64b56de9d3102f1bc65348c659bd04cfc6474655b REMOTE=635e843890274f2192d383e64b56de9d3102f1bc65348c659bd04cfc6474655b
[3469/3625] Checking is OK   | E:\01.userData\ZhuoMian\Github_Releases_批量下载 xray\Xray-core\v26.5.9\Xray-freebsd-64.zip          | LOCAL=4de82bab6837530000ebd6aab653c9a4b9db25890564cd1db4dfd719011f4733 REMOTE=4de82bab6837530000ebd6aab653c9a4b9db25890564cd1db4dfd719011f4733
[3470/3625] Checking is OK   | E:\01.userData\ZhuoMian\Github_Releases_批量下载 xray\Xray-core\v26.5.9\Xray-freebsd-arm32-v7a.zip   | LOCAL=767decef5a88c8842e3b710d8c1c6c9e87608e934a24a510324389e8f3001662 REMOTE=767decef5a88c8842e3b710d8c1c6c9e87608e934a24a510324389e8f3001662
[3471/3625] Checking is OK   | E:\01.userData\ZhuoMian\Github_Releases_批量下载 xray\Xray-core\v26.5.9\Xray-freebsd-arm64-v8a.zip   | LOCAL=01b177df2e89ec8705f15ffd8778853ec713417a53d5f6799b4743f28c50f54c REMOTE=01b177df2e89ec8705f15ffd8778853ec713417a53d5f6799b4743f28c50f54c
[3472/3625] Checking is OK   | E:\01.userData\ZhuoMian\Github_Releases_批量下载 xray\Xray-core\v26.5.9\Xray-linux-32.zip            | LOCAL=05c981b55c903f03e05fb795c213cb413d515b1aea4a5cd38fa9285b1556690c REMOTE=05c981b55c903f03e05fb795c213cb413d515b1aea4a5cd38fa9285b1556690c
[3473/3625] Checking is OK   | E:\01.userData\ZhuoMian\Github_Releases_批量下载 xray\Xray-core\v26.5.9\Xray-linux-64.zip            | LOCAL=f56c106b7c0159ad386bccd340faa5bbf55fd5c15821ec9e63e6a6ba11d3d1c7 REMOTE=f56c106b7c0159ad386bccd340faa5bbf55fd5c15821ec9e63e6a6ba11d3d1c7
[3474/3625] Checking is OK   | E:\01.userData\ZhuoMian\Github_Releases_批量下载 xray\Xray-core\v26.5.9\Xray-linux-arm32-v5.zip      | LOCAL=64be869fc6ccd363715af1faf48a94595d4a9e1e020e5075c865e43fa744d642 REMOTE=64be869fc6ccd363715af1faf48a94595d4a9e1e020e5075c865e43fa744d642
[3475/3625] Checking is OK   | E:\01.userData\ZhuoMian\Github_Releases_批量下载 xray\Xray-core\v26.5.9\Xray-linux-arm32-v6.zip      | LOCAL=462c2ae672adbaf0097273108ecbe181996eebad8accd2cbb95a2a0e80339b49 REMOTE=462c2ae672adbaf0097273108ecbe181996eebad8accd2cbb95a2a0e80339b49
[3476/3625] Checking is OK   | E:\01.userData\ZhuoMian\Github_Releases_批量下载 xray\Xray-core\v26.5.9\Xray-linux-arm32-v7a.zip     | LOCAL=06df8861fe0ba46c4a8c871594f423617a814d5617df6fa9b3bc53eca9c4df8e REMOTE=06df8861fe0ba46c4a8c871594f423617a814d5617df6fa9b3bc53eca9c4df8e
[3477/3625] Checking is OK   | E:\01.userData\ZhuoMian\Github_Releases_批量下载 xray\Xray-core\v26.5.9\Xray-linux-arm64-v8a.zip     | LOCAL=7bc1da606e26e4ac2d7831181745bb3bcf4dca0fd7825f41388ae032e1247d15 REMOTE=7bc1da606e26e4ac2d7831181745bb3bcf4dca0fd7825f41388ae032e1247d15
[3478/3625] Checking is OK   | E:\01.userData\ZhuoMian\Github_Releases_批量下载 xray\Xray-core\v26.5.9\Xray-linux-loong64.zip       | LOCAL=7213c6fb299ea30c94ae153b0769332686abb4d42800eba52c38554445273bbf REMOTE=7213c6fb299ea30c94ae153b0769332686abb4d42800eba52c38554445273bbf
[3479/3625] Checking is OK   | E:\01.userData\ZhuoMian\Github_Releases_批量下载 xray\Xray-core\v26.5.9\Xray-linux-mips32.zip        | LOCAL=4e6905bf57df8da2f269cc5c0d5acb971d6039381c18f42e72cd72105331b35f REMOTE=4e6905bf57df8da2f269cc5c0d5acb971d6039381c18f42e72cd72105331b35f
[3480/3625] Checking is OK   | E:\01.userData\ZhuoMian\Github_Releases_批量下载 xray\Xray-core\v26.5.9\Xray-linux-mips32le.zip      | LOCAL=587d3b379097fc6f96cb8b9250a51a7b7fe1016098e80f06b9277597cb3fac2a REMOTE=587d3b379097fc6f96cb8b9250a51a7b7fe1016098e80f06b9277597cb3fac2a
[3481/3625] Checking is OK   | E:\01.userData\ZhuoMian\Github_Releases_批量下载 xray\Xray-core\v26.5.9\Xray-linux-mips64.zip        | LOCAL=fb2def376683643a2417ae33356e033ba0cc079c272ba37405de7985b9811794 REMOTE=fb2def376683643a2417ae33356e033ba0cc079c272ba37405de7985b9811794
[3482/3625] Checking is OK   | E:\01.userData\ZhuoMian\Github_Releases_批量下载 xray\Xray-core\v26.5.9\Xray-linux-mips64le.zip      | LOCAL=a9aeef9eef147784bde7b01618647eb85a3c420dfb9fea4ae23c2b183b7d0e4c REMOTE=a9aeef9eef147784bde7b01618647eb85a3c420dfb9fea4ae23c2b183b7d0e4c
[3483/3625] Checking is OK   | E:\01.userData\ZhuoMian\Github_Releases_批量下载 xray\Xray-core\v26.5.9\Xray-linux-ppc64.zip         | LOCAL=d26f047201e0fb3d7e0a201f4ab441195b39a2276a955b15b4b7a80b33ee8d81 REMOTE=d26f047201e0fb3d7e0a201f4ab441195b39a2276a955b15b4b7a80b33ee8d81
[3484/3625] Checking is OK   | E:\01.userData\ZhuoMian\Github_Releases_批量下载 xray\Xray-core\v26.5.9\Xray-linux-ppc64le.zip       | LOCAL=651b78de1a0777eb4a348eaad16170f76ea13cc7d3a146b4894a3c68cc54b33f REMOTE=651b78de1a0777eb4a348eaad16170f76ea13cc7d3a146b4894a3c68cc54b33f
[3485/3625] Checking is OK   | E:\01.userData\ZhuoMian\Github_Releases_批量下载 xray\Xray-core\v26.5.9\Xray-linux-riscv64.zip       | LOCAL=edb18c76d779acb6af815037a72ca6c532217c54e775d4255b214fdb19149455 REMOTE=edb18c76d779acb6af815037a72ca6c532217c54e775d4255b214fdb19149455
[3486/3625] Checking is OK   | E:\01.userData\ZhuoMian\Github_Releases_批量下载 xray\Xray-core\v26.5.9\Xray-linux-s390x.zip         | LOCAL=d44e0db97406601a4883b889c31eef1a7d75962cdbceacea6ee5363199d00aa1 REMOTE=d44e0db97406601a4883b889c31eef1a7d75962cdbceacea6ee5363199d00aa1
[3487/3625] Checking is OK   | E:\01.userData\ZhuoMian\Github_Releases_批量下载 xray\Xray-core\v26.5.9\Xray-macos-64.zip            | LOCAL=4a6b6d2586363afc34f17008406983008a428e1d75b75db3cb9c3bfce1244b38 REMOTE=4a6b6d2586363afc34f17008406983008a428e1d75b75db3cb9c3bfce1244b38
[3488/3625] Checking is OK   | E:\01.userData\ZhuoMian\Github_Releases_批量下载 xray\Xray-core\v26.5.9\Xray-macos-arm64-v8a.zip     | LOCAL=452d68b0bc5a677e9520afb9df6e5bc08421f36ff37c9f923bda1f8fea9d0561 REMOTE=452d68b0bc5a677e9520afb9df6e5bc08421f36ff37c9f923bda1f8fea9d0561
[3489/3625] Checking is OK   | E:\01.userData\ZhuoMian\Github_Releases_批量下载 xray\Xray-core\v26.5.9\Xray-openbsd-32.zip          | LOCAL=ee3da2e3cb032a0d5538465f9fc8f9de8196471954441181efa1f3e2b8b013ee REMOTE=ee3da2e3cb032a0d5538465f9fc8f9de8196471954441181efa1f3e2b8b013ee
[3490/3625] Checking is OK   | E:\01.userData\ZhuoMian\Github_Releases_批量下载 xray\Xray-core\v26.5.9\Xray-openbsd-64.zip          | LOCAL=260ebef2e324d292251658e8e403e3937891598a5c62be5cdd9ce24780d712dc REMOTE=260ebef2e324d292251658e8e403e3937891598a5c62be5cdd9ce24780d712dc
[3491/3625] Checking is OK   | E:\01.userData\ZhuoMian\Github_Releases_批量下载 xray\Xray-core\v26.5.9\Xray-openbsd-arm32-v7a.zip   | LOCAL=f2f54b31a7400deb6895f5587369826c83e2b73023f6e6d2497bd2fd211c1249 REMOTE=f2f54b31a7400deb6895f5587369826c83e2b73023f6e6d2497bd2fd211c1249
[3492/3625] Checking is OK   | E:\01.userData\ZhuoMian\Github_Releases_批量下载 xray\Xray-core\v26.5.9\Xray-openbsd-arm64-v8a.zip   | LOCAL=29a29e33b9013b8167e38b8cc38c644f21262ac1fd86e65fa31962b84a69ff8b REMOTE=29a29e33b9013b8167e38b8cc38c644f21262ac1fd86e65fa31962b84a69ff8b
[3493/3625] Checking is OK   | E:\01.userData\ZhuoMian\Github_Releases_批量下载 xray\Xray-core\v26.5.9\Xray-win7-32.zip             | LOCAL=f772dda911714855eb42dc7a9fe5cb75cd40f2ce11031d4eb7da067f1ee3eab1 REMOTE=f772dda911714855eb42dc7a9fe5cb75cd40f2ce11031d4eb7da067f1ee3eab1
[3494/3625] Checking is OK   | E:\01.userData\ZhuoMian\Github_Releases_批量下载 xray\Xray-core\v26.5.9\Xray-win7-64.zip             | LOCAL=dc0e82faf62796f3d9c150fa3270a74ecaf612ae6a61b71c7589c0f5f647a515 REMOTE=dc0e82faf62796f3d9c150fa3270a74ecaf612ae6a61b71c7589c0f5f647a515
[3495/3625] Checking is OK   | E:\01.userData\ZhuoMian\Github_Releases_批量下载 xray\Xray-core\v26.5.9\Xray-windows-32.zip          | LOCAL=467a4098b5b50cb2781573759f11b37d0108b56d840f982ad2a27c957111d9a0 REMOTE=467a4098b5b50cb2781573759f11b37d0108b56d840f982ad2a27c957111d9a0
[3496/3625] Checking is OK   | E:\01.userData\ZhuoMian\Github_Releases_批量下载 xray\Xray-core\v26.5.9\Xray-windows-64.zip          | LOCAL=842887f85f2028677cb9bdd01eb63ddbccc646540c0f4a46e1a7f91e9a5d11f1 REMOTE=842887f85f2028677cb9bdd01eb63ddbccc646540c0f4a46e1a7f91e9a5d11f1
[3497/3625] Checking is OK   | E:\01.userData\ZhuoMian\Github_Releases_批量下载 xray\Xray-core\v26.5.9\Xray-windows-arm64-v8a.zip   | LOCAL=b2fe5a6bb8d9ca8d005e2935e15ea6ce9052839ae5067b0f8459a8707cf3a1e6 REMOTE=b2fe5a6bb8d9ca8d005e2935e15ea6ce9052839ae5067b0f8459a8707cf3a1e6
[3498/3625] Checking is OK   | E:\01.userData\ZhuoMian\Github_Releases_批量下载 xray\Xray-core\v26.6.1\Xray-android-amd64.zip       | LOCAL=fc8c3560833421b4eee1bbf8017ca31be155c2ac9ba67f068a00d04984ca4782 REMOTE=fc8c3560833421b4eee1bbf8017ca31be155c2ac9ba67f068a00d04984ca4782
[3499/3625] Checking is OK   | E:\01.userData\ZhuoMian\Github_Releases_批量下载 xray\Xray-core\v26.6.1\Xray-android-arm64-v8a.zip   | LOCAL=9298fad55abc8d55b5fac4445045446536b6e1d2f8f67a00a806397d0c94d9c3 REMOTE=9298fad55abc8d55b5fac4445045446536b6e1d2f8f67a00a806397d0c94d9c3
[3500/3625] Checking is OK   | E:\01.userData\ZhuoMian\Github_Releases_批量下载 xray\Xray-core\v26.6.1\Xray-freebsd-32.zip          | LOCAL=1bae19ee83bf21e6ca0c8816f1d60a9090afc7120914e7101e1aae888cd05292 REMOTE=1bae19ee83bf21e6ca0c8816f1d60a9090afc7120914e7101e1aae888cd05292
[3501/3625] Checking is OK   | E:\01.userData\ZhuoMian\Github_Releases_批量下载 xray\Xray-core\v26.6.1\Xray-freebsd-64.zip          | LOCAL=b4dedf35391d527c4c2e969c25158ed325bb798402a4ae40d5eacc0b36a30684 REMOTE=b4dedf35391d527c4c2e969c25158ed325bb798402a4ae40d5eacc0b36a30684
[3502/3625] Checking is OK   | E:\01.userData\ZhuoMian\Github_Releases_批量下载 xray\Xray-core\v26.6.1\Xray-freebsd-arm32-v7a.zip   | LOCAL=52d03ac09547b7f4aab579418bda3857aeedda2df8c7fbac2994bb5364dc4270 REMOTE=52d03ac09547b7f4aab579418bda3857aeedda2df8c7fbac2994bb5364dc4270
[3503/3625] Checking is OK   | E:\01.userData\ZhuoMian\Github_Releases_批量下载 xray\Xray-core\v26.6.1\Xray-freebsd-arm64-v8a.zip   | LOCAL=ec40a2424a64bc802307cacba8a380ef0546815ee46df53d5765df89c9316f3c REMOTE=ec40a2424a64bc802307cacba8a380ef0546815ee46df53d5765df89c9316f3c
[3504/3625] Checking is OK   | E:\01.userData\ZhuoMian\Github_Releases_批量下载 xray\Xray-core\v26.6.1\Xray-linux-32.zip            | LOCAL=f5db56c442a822c68c8052c381c11910f22ab1983ab0a80b9b6df3091c47c097 REMOTE=f5db56c442a822c68c8052c381c11910f22ab1983ab0a80b9b6df3091c47c097
[3505/3625] Checking is OK   | E:\01.userData\ZhuoMian\Github_Releases_批量下载 xray\Xray-core\v26.6.1\Xray-linux-64.zip            | LOCAL=136e822e99e616692550723e8b607cd8858c62a390aea5704938bc27930904ba REMOTE=136e822e99e616692550723e8b607cd8858c62a390aea5704938bc27930904ba
[3506/3625] Checking is OK   | E:\01.userData\ZhuoMian\Github_Releases_批量下载 xray\Xray-core\v26.6.1\Xray-linux-arm32-v5.zip      | LOCAL=69bdd56dc310ea2a05a3536be5d4a1e9cff3668d0a1d7adb90c090af612094bd REMOTE=69bdd56dc310ea2a05a3536be5d4a1e9cff3668d0a1d7adb90c090af612094bd
[3507/3625] Checking is OK   | E:\01.userData\ZhuoMian\Github_Releases_批量下载 xray\Xray-core\v26.6.1\Xray-linux-arm32-v6.zip      | LOCAL=eb021f8f4ab72f51f447265d49378b2d136718c569a48270651931d100a1b179 REMOTE=eb021f8f4ab72f51f447265d49378b2d136718c569a48270651931d100a1b179
[3508/3625] Checking is OK   | E:\01.userData\ZhuoMian\Github_Releases_批量下载 xray\Xray-core\v26.6.1\Xray-linux-arm32-v7a.zip     | LOCAL=6142d9a5a0eaf5f42c8402939bac0fc0b711d3e479e44536c09c5e0c106cee1e REMOTE=6142d9a5a0eaf5f42c8402939bac0fc0b711d3e479e44536c09c5e0c106cee1e
[3509/3625] Checking is OK   | E:\01.userData\ZhuoMian\Github_Releases_批量下载 xray\Xray-core\v26.6.1\Xray-linux-arm64-v8a.zip     | LOCAL=5c0f397b2605a853e5b308ae6485ad2ec395ca11ed7ae0fd023c480c7fdb279d REMOTE=5c0f397b2605a853e5b308ae6485ad2ec395ca11ed7ae0fd023c480c7fdb279d
[3510/3625] Checking is OK   | E:\01.userData\ZhuoMian\Github_Releases_批量下载 xray\Xray-core\v26.6.1\Xray-linux-loong64.zip       | LOCAL=9ea85ba4d856a0560d3b43599824cc102c883fddc32a8dc7ea1a7bc095f44913 REMOTE=9ea85ba4d856a0560d3b43599824cc102c883fddc32a8dc7ea1a7bc095f44913
[3511/3625] Checking is OK   | E:\01.userData\ZhuoMian\Github_Releases_批量下载 xray\Xray-core\v26.6.1\Xray-linux-mips32.zip        | LOCAL=13924265b9ef3c72232e2d5a1ddbf97916f11b57219b6866e9a227ca20335018 REMOTE=13924265b9ef3c72232e2d5a1ddbf97916f11b57219b6866e9a227ca20335018
[3512/3625] Checking is OK   | E:\01.userData\ZhuoMian\Github_Releases_批量下载 xray\Xray-core\v26.6.1\Xray-linux-mips32le.zip      | LOCAL=6798ad33bcd701c5ca3b5b7f075cf52018434c59b4412fdb6a79f810a348c037 REMOTE=6798ad33bcd701c5ca3b5b7f075cf52018434c59b4412fdb6a79f810a348c037
[3513/3625] Checking is OK   | E:\01.userData\ZhuoMian\Github_Releases_批量下载 xray\Xray-core\v26.6.1\Xray-linux-mips64.zip        | LOCAL=58c779a4e22fad078f27e8111aeb7690bfb7685a0a2776c9697b39b4b09b1832 REMOTE=58c779a4e22fad078f27e8111aeb7690bfb7685a0a2776c9697b39b4b09b1832
[3514/3625] Checking is OK   | E:\01.userData\ZhuoMian\Github_Releases_批量下载 xray\Xray-core\v26.6.1\Xray-linux-mips64le.zip      | LOCAL=f9068b8cdec1a75698cc6a318458bddb5fcd1f5b8d274da156255c144bb5a0c5 REMOTE=f9068b8cdec1a75698cc6a318458bddb5fcd1f5b8d274da156255c144bb5a0c5
[3515/3625] Checking is OK   | E:\01.userData\ZhuoMian\Github_Releases_批量下载 xray\Xray-core\v26.6.1\Xray-linux-ppc64.zip         | LOCAL=29d090c4e7caec32efe2d7ec169a07af64ae97ac4ac3498c34ae34cb43dfeb81 REMOTE=29d090c4e7caec32efe2d7ec169a07af64ae97ac4ac3498c34ae34cb43dfeb81
[3516/3625] Checking is OK   | E:\01.userData\ZhuoMian\Github_Releases_批量下载 xray\Xray-core\v26.6.1\Xray-linux-ppc64le.zip       | LOCAL=0f23be1e9e4ba3e8c9d685448328556a6b49530233615ef1b24526c8a19e4cfa REMOTE=0f23be1e9e4ba3e8c9d685448328556a6b49530233615ef1b24526c8a19e4cfa
[3517/3625] Checking is OK   | E:\01.userData\ZhuoMian\Github_Releases_批量下载 xray\Xray-core\v26.6.1\Xray-linux-riscv64.zip       | LOCAL=7573ce0e953a2b85d584c4aa21501294d550ebdec19169f63f275978dd87e539 REMOTE=7573ce0e953a2b85d584c4aa21501294d550ebdec19169f63f275978dd87e539
[3518/3625] Checking is OK   | E:\01.userData\ZhuoMian\Github_Releases_批量下载 xray\Xray-core\v26.6.1\Xray-linux-s390x.zip         | LOCAL=4398e0be42c88bf62dd888aba31218d8b15620c467b5d560e7ab6cb5dcdec549 REMOTE=4398e0be42c88bf62dd888aba31218d8b15620c467b5d560e7ab6cb5dcdec549
[3519/3625] Checking is OK   | E:\01.userData\ZhuoMian\Github_Releases_批量下载 xray\Xray-core\v26.6.1\Xray-macos-64.zip            | LOCAL=2636b49efed01ed4fae07d3988241819d89d880c46a353f6526a2e5195c14d06 REMOTE=2636b49efed01ed4fae07d3988241819d89d880c46a353f6526a2e5195c14d06
[3520/3625] Checking is OK   | E:\01.userData\ZhuoMian\Github_Releases_批量下载 xray\Xray-core\v26.6.1\Xray-macos-arm64-v8a.zip     | LOCAL=b0c13d8215eea03929c773056dce21e903fe6e7543348f46bb42184190fb5e50 REMOTE=b0c13d8215eea03929c773056dce21e903fe6e7543348f46bb42184190fb5e50
[3521/3625] Checking is OK   | E:\01.userData\ZhuoMian\Github_Releases_批量下载 xray\Xray-core\v26.6.1\Xray-openbsd-32.zip          | LOCAL=1b100cb6e4ca2a002c559d252068fc3b76f268782c005deb35f251cdd92164ba REMOTE=1b100cb6e4ca2a002c559d252068fc3b76f268782c005deb35f251cdd92164ba
[3522/3625] Checking is OK   | E:\01.userData\ZhuoMian\Github_Releases_批量下载 xray\Xray-core\v26.6.1\Xray-openbsd-64.zip          | LOCAL=5b7ac255c2460fe137aa7cae93905415168a55c18ce8070a09f990cce61b7a97 REMOTE=5b7ac255c2460fe137aa7cae93905415168a55c18ce8070a09f990cce61b7a97
[3523/3625] Checking is OK   | E:\01.userData\ZhuoMian\Github_Releases_批量下载 xray\Xray-core\v26.6.1\Xray-openbsd-arm32-v7a.zip   | LOCAL=cb216118d0bb9b4123961e7e9f472e7ad1771b36a41064e0a969cc3a48b79085 REMOTE=cb216118d0bb9b4123961e7e9f472e7ad1771b36a41064e0a969cc3a48b79085
[3524/3625] Checking is OK   | E:\01.userData\ZhuoMian\Github_Releases_批量下载 xray\Xray-core\v26.6.1\Xray-openbsd-arm64-v8a.zip   | LOCAL=fc2b1bf0384f57a2b4c5752688e23fc0995da62a33724f5cb64636ebf4bd7b1f REMOTE=fc2b1bf0384f57a2b4c5752688e23fc0995da62a33724f5cb64636ebf4bd7b1f
[3525/3625] Checking is OK   | E:\01.userData\ZhuoMian\Github_Releases_批量下载 xray\Xray-core\v26.6.1\Xray-win7-32.zip             | LOCAL=d4ed91d243421accc5e9e4e4d42369e29e48ff522117dc231cdaa0c75235825e REMOTE=d4ed91d243421accc5e9e4e4d42369e29e48ff522117dc231cdaa0c75235825e
[3526/3625] Checking is OK   | E:\01.userData\ZhuoMian\Github_Releases_批量下载 xray\Xray-core\v26.6.1\Xray-win7-64.zip             | LOCAL=f8cf884f287c48b3e2735e4667cae686032d3873648ef0431dbe51e7aad1b5f2 REMOTE=f8cf884f287c48b3e2735e4667cae686032d3873648ef0431dbe51e7aad1b5f2
[3527/3625] Checking is OK   | E:\01.userData\ZhuoMian\Github_Releases_批量下载 xray\Xray-core\v26.6.1\Xray-windows-32.zip          | LOCAL=0cdf1046e1c951a993727d46b7337311331bb874489478831eea3aa43be1ea0e REMOTE=0cdf1046e1c951a993727d46b7337311331bb874489478831eea3aa43be1ea0e
[3528/3625] Checking is OK   | E:\01.userData\ZhuoMian\Github_Releases_批量下载 xray\Xray-core\v26.6.1\Xray-windows-64.zip          | LOCAL=0a1ee8c8a45e11e865c725db195429c79b52ee960407065089c5be586f343248 REMOTE=0a1ee8c8a45e11e865c725db195429c79b52ee960407065089c5be586f343248
[3529/3625] Checking is OK   | E:\01.userData\ZhuoMian\Github_Releases_批量下载 xray\Xray-core\v26.6.1\Xray-windows-arm64-v8a.zip   | LOCAL=b990d739e635c0c3f6fe0ac6d33ebae16d27576816c0bd469706af4f0f5a58b2 REMOTE=b990d739e635c0c3f6fe0ac6d33ebae16d27576816c0bd469706af4f0f5a58b2
[3530/3625] Checking is OK   | E:\01.userData\ZhuoMian\Github_Releases_批量下载 xray\Xray-core\v26.6.22\Xray-android-amd64.zip      | LOCAL=f6a31a3e901049923ba33acabe9300187e39fe07d02859e61a291627cc496f75 REMOTE=f6a31a3e901049923ba33acabe9300187e39fe07d02859e61a291627cc496f75
[3531/3625] Checking is OK   | E:\01.userData\ZhuoMian\Github_Releases_批量下载 xray\Xray-core\v26.6.22\Xray-android-arm64-v8a.zip  | LOCAL=3fa264c21f3f955187484332b3fb05df4b14a450685a862fe577a9262f7820f1 REMOTE=3fa264c21f3f955187484332b3fb05df4b14a450685a862fe577a9262f7820f1
[3532/3625] Checking is OK   | E:\01.userData\ZhuoMian\Github_Releases_批量下载 xray\Xray-core\v26.6.22\Xray-freebsd-32.zip         | LOCAL=1863c1a4eb710eaf22bb7677a9b70dc96418047f0c74e7f5b8566a1abe4b7fe5 REMOTE=1863c1a4eb710eaf22bb7677a9b70dc96418047f0c74e7f5b8566a1abe4b7fe5
[3533/3625] Checking is OK   | E:\01.userData\ZhuoMian\Github_Releases_批量下载 xray\Xray-core\v26.6.22\Xray-freebsd-64.zip         | LOCAL=4c2da1f342ddbc8b0c866cf552b7576284669783c3b8c84c6a625f5e1ee07c4e REMOTE=4c2da1f342ddbc8b0c866cf552b7576284669783c3b8c84c6a625f5e1ee07c4e
[3534/3625] Checking is OK   | E:\01.userData\ZhuoMian\Github_Releases_批量下载 xray\Xray-core\v26.6.22\Xray-freebsd-arm32-v7a.zip  | LOCAL=b338f3745bbdc10cad90d453c1bc98981dad8c3da6fe9beed012148880f825fd REMOTE=b338f3745bbdc10cad90d453c1bc98981dad8c3da6fe9beed012148880f825fd
[3535/3625] Checking is OK   | E:\01.userData\ZhuoMian\Github_Releases_批量下载 xray\Xray-core\v26.6.22\Xray-freebsd-arm64-v8a.zip  | LOCAL=d0e2037ec50e7cd16fe6463102044b6da83eea4bfb4d9a4b59041fb2f9700b85 REMOTE=d0e2037ec50e7cd16fe6463102044b6da83eea4bfb4d9a4b59041fb2f9700b85
[3536/3625] Checking is OK   | E:\01.userData\ZhuoMian\Github_Releases_批量下载 xray\Xray-core\v26.6.22\Xray-linux-32.zip           | LOCAL=5ea18f4e34adf4c96556622a34b6f20b98d74e1f198b74c7f0145d6a00fb03dc REMOTE=5ea18f4e34adf4c96556622a34b6f20b98d74e1f198b74c7f0145d6a00fb03dc
[3537/3625] Checking is OK   | E:\01.userData\ZhuoMian\Github_Releases_批量下载 xray\Xray-core\v26.6.22\Xray-linux-64.zip           | LOCAL=562bdeb85fb65ac114193fc21826030ef21cb3c83d1bcd64078ee4e0d4e78ef3 REMOTE=562bdeb85fb65ac114193fc21826030ef21cb3c83d1bcd64078ee4e0d4e78ef3
[3538/3625] Checking is OK   | E:\01.userData\ZhuoMian\Github_Releases_批量下载 xray\Xray-core\v26.6.22\Xray-linux-arm32-v5.zip     | LOCAL=669e630ebe24260811f09c3c7f3b58b20ca5b820a91f0a6e2bb68cb8e722ec4b REMOTE=669e630ebe24260811f09c3c7f3b58b20ca5b820a91f0a6e2bb68cb8e722ec4b
[3539/3625] Checking is OK   | E:\01.userData\ZhuoMian\Github_Releases_批量下载 xray\Xray-core\v26.6.22\Xray-linux-arm32-v6.zip     | LOCAL=b02d73726eacbdd5957eca7f218ca50fff29564fda7b6d1773bf3909e343ed07 REMOTE=b02d73726eacbdd5957eca7f218ca50fff29564fda7b6d1773bf3909e343ed07
[3540/3625] Checking is OK   | E:\01.userData\ZhuoMian\Github_Releases_批量下载 xray\Xray-core\v26.6.22\Xray-linux-arm32-v7a.zip    | LOCAL=607ac99565456cb4390237e0a1942839a4f046c5d916516edb92ddd233ad8799 REMOTE=607ac99565456cb4390237e0a1942839a4f046c5d916516edb92ddd233ad8799
[3541/3625] Checking is OK   | E:\01.userData\ZhuoMian\Github_Releases_批量下载 xray\Xray-core\v26.6.22\Xray-linux-arm64-v8a.zip    | LOCAL=257bffc9d66f5823fcc67ebc114e487ac53a3554d38cf40eaf7be265c9d8a23c REMOTE=257bffc9d66f5823fcc67ebc114e487ac53a3554d38cf40eaf7be265c9d8a23c
[3542/3625] Checking is OK   | E:\01.userData\ZhuoMian\Github_Releases_批量下载 xray\Xray-core\v26.6.22\Xray-linux-loong64.zip      | LOCAL=ae8abd1367c65f4891e4e7b58fdfad02accc73ce2f35eda70d6dc7bd1efc4ee9 REMOTE=ae8abd1367c65f4891e4e7b58fdfad02accc73ce2f35eda70d6dc7bd1efc4ee9
[3543/3625] Checking is OK   | E:\01.userData\ZhuoMian\Github_Releases_批量下载 xray\Xray-core\v26.6.22\Xray-linux-mips32.zip       | LOCAL=4c8595123ada84ec5628b9abb7666c3ba248c4b5fd038ce0f52eae17dddf9c12 REMOTE=4c8595123ada84ec5628b9abb7666c3ba248c4b5fd038ce0f52eae17dddf9c12
[3544/3625] Checking is OK   | E:\01.userData\ZhuoMian\Github_Releases_批量下载 xray\Xray-core\v26.6.22\Xray-linux-mips32le.zip     | LOCAL=51363fb7327ba38b2d761f0393cef652c33072cb6154ddbab1730d43c677a7bd REMOTE=51363fb7327ba38b2d761f0393cef652c33072cb6154ddbab1730d43c677a7bd
[3545/3625] Checking is OK   | E:\01.userData\ZhuoMian\Github_Releases_批量下载 xray\Xray-core\v26.6.22\Xray-linux-mips64.zip       | LOCAL=9d333c2238e1b613bfab67ec803fdfd93a0287e2c1e229bd8fc9b9b67a15fca2 REMOTE=9d333c2238e1b613bfab67ec803fdfd93a0287e2c1e229bd8fc9b9b67a15fca2
[3546/3625] Checking is OK   | E:\01.userData\ZhuoMian\Github_Releases_批量下载 xray\Xray-core\v26.6.22\Xray-linux-mips64le.zip     | LOCAL=792ed349595380e61fb86a5b2af0e0c77df06fc030779ff0950b125d78e273ba REMOTE=792ed349595380e61fb86a5b2af0e0c77df06fc030779ff0950b125d78e273ba
[3547/3625] Checking is OK   | E:\01.userData\ZhuoMian\Github_Releases_批量下载 xray\Xray-core\v26.6.22\Xray-linux-ppc64.zip        | LOCAL=095c28592d3a6659af0f9807315ad8303eac6813171d81caf8c0b49085d40dd2 REMOTE=095c28592d3a6659af0f9807315ad8303eac6813171d81caf8c0b49085d40dd2
[3548/3625] Checking is OK   | E:\01.userData\ZhuoMian\Github_Releases_批量下载 xray\Xray-core\v26.6.22\Xray-linux-ppc64le.zip      | LOCAL=d0f2567f31e6872e423f3039c646b6a7d4201050b94b3a034c1ce8b2a360bacf REMOTE=d0f2567f31e6872e423f3039c646b6a7d4201050b94b3a034c1ce8b2a360bacf
[3549/3625] Checking is OK   | E:\01.userData\ZhuoMian\Github_Releases_批量下载 xray\Xray-core\v26.6.22\Xray-linux-riscv64.zip      | LOCAL=b742217250c3a6eb68433a03b8813af7f78149618e24525e3550774ae78745fc REMOTE=b742217250c3a6eb68433a03b8813af7f78149618e24525e3550774ae78745fc
[3550/3625] Checking is OK   | E:\01.userData\ZhuoMian\Github_Releases_批量下载 xray\Xray-core\v26.6.22\Xray-linux-s390x.zip        | LOCAL=999a5333e243e3cfaa908293659995f86df6e5a6634a76a9a1a22933dafde26d REMOTE=999a5333e243e3cfaa908293659995f86df6e5a6634a76a9a1a22933dafde26d
[3551/3625] Checking is OK   | E:\01.userData\ZhuoMian\Github_Releases_批量下载 xray\Xray-core\v26.6.22\Xray-macos-64.zip           | LOCAL=dff448e06f72d94a126aaa7d32b19d75476e1392f7255f8856b2be9fb9e31630 REMOTE=dff448e06f72d94a126aaa7d32b19d75476e1392f7255f8856b2be9fb9e31630
[3552/3625] Checking is OK   | E:\01.userData\ZhuoMian\Github_Releases_批量下载 xray\Xray-core\v26.6.22\Xray-macos-arm64-v8a.zip    | LOCAL=426e2e832b55aa2c58988c31287d0a341360708959ec73698cc0212d1c0b9517 REMOTE=426e2e832b55aa2c58988c31287d0a341360708959ec73698cc0212d1c0b9517
[3553/3625] Checking is OK   | E:\01.userData\ZhuoMian\Github_Releases_批量下载 xray\Xray-core\v26.6.22\Xray-openbsd-32.zip         | LOCAL=642ebcb5bf82dcd1c64bc369d8a203d05bf04f0440f6240e0c1470c1c8367507 REMOTE=642ebcb5bf82dcd1c64bc369d8a203d05bf04f0440f6240e0c1470c1c8367507
[3554/3625] Checking is OK   | E:\01.userData\ZhuoMian\Github_Releases_批量下载 xray\Xray-core\v26.6.22\Xray-openbsd-64.zip         | LOCAL=82a28b2913e0afbf8057f3a551375e2586f4fc6ea052eacbdac409490cc21876 REMOTE=82a28b2913e0afbf8057f3a551375e2586f4fc6ea052eacbdac409490cc21876
[3555/3625] Checking is OK   | E:\01.userData\ZhuoMian\Github_Releases_批量下载 xray\Xray-core\v26.6.22\Xray-openbsd-arm32-v7a.zip  | LOCAL=f7ff94b8cffdc19b9a8dd32166272cb26f2ad484eeb6ab4c57c2e9b5973ac76e REMOTE=f7ff94b8cffdc19b9a8dd32166272cb26f2ad484eeb6ab4c57c2e9b5973ac76e
[3556/3625] Checking is OK   | E:\01.userData\ZhuoMian\Github_Releases_批量下载 xray\Xray-core\v26.6.22\Xray-openbsd-arm64-v8a.zip  | LOCAL=f069aa0bcc5dee5b73886a6f16395dad1ff1e76a0fd1645e68a4d50715a4d785 REMOTE=f069aa0bcc5dee5b73886a6f16395dad1ff1e76a0fd1645e68a4d50715a4d785
[3557/3625] Checking is OK   | E:\01.userData\ZhuoMian\Github_Releases_批量下载 xray\Xray-core\v26.6.22\Xray-win7-32.zip            | LOCAL=07234e17f78ad49972c98495f7c07c49ff2a1a92649de0cc1ab3cff7f91ceedd REMOTE=07234e17f78ad49972c98495f7c07c49ff2a1a92649de0cc1ab3cff7f91ceedd
[3558/3625] Checking is OK   | E:\01.userData\ZhuoMian\Github_Releases_批量下载 xray\Xray-core\v26.6.22\Xray-win7-64.zip            | LOCAL=f4284c091fe4a67ed550b43341eb80b855972d11e258986c67a3581cf47e0448 REMOTE=f4284c091fe4a67ed550b43341eb80b855972d11e258986c67a3581cf47e0448
[3559/3625] Checking is OK   | E:\01.userData\ZhuoMian\Github_Releases_批量下载 xray\Xray-core\v26.6.22\Xray-windows-32.zip         | LOCAL=006da32f89345c7cbf48aaf6e0057a7ec0aabe09b80785a7da7a929d971e544c REMOTE=006da32f89345c7cbf48aaf6e0057a7ec0aabe09b80785a7da7a929d971e544c
[3560/3625] Checking is OK   | E:\01.userData\ZhuoMian\Github_Releases_批量下载 xray\Xray-core\v26.6.22\Xray-windows-64.zip         | LOCAL=da8629b945a70dd7e967ecc007d08154705c011568885935a7a0ac9688107488 REMOTE=da8629b945a70dd7e967ecc007d08154705c011568885935a7a0ac9688107488
[3561/3625] Checking is OK   | E:\01.userData\ZhuoMian\Github_Releases_批量下载 xray\Xray-core\v26.6.22\Xray-windows-arm64-v8a.zip  | LOCAL=49a51cd57b747dab3cbd26ba997ac882a5ba51825eae173379e73f1bd00af33a REMOTE=49a51cd57b747dab3cbd26ba997ac882a5ba51825eae173379e73f1bd00af33a
[3562/3625] Checking is OK   | E:\01.userData\ZhuoMian\Github_Releases_批量下载 xray\Xray-core\v26.6.27\Xray-android-amd64.zip      | LOCAL=7dbbab7e39042840ad8fd0ca07914fa333dfbeb6dfd11c5b36fc7c83896faebd REMOTE=7dbbab7e39042840ad8fd0ca07914fa333dfbeb6dfd11c5b36fc7c83896faebd
[3563/3625] Checking is OK   | E:\01.userData\ZhuoMian\Github_Releases_批量下载 xray\Xray-core\v26.6.27\Xray-android-arm64-v8a.zip  | LOCAL=9621d72c2f706f47d7bc3c79b5326c12aa29d29013beada1c60df84ff8fe3a0f REMOTE=9621d72c2f706f47d7bc3c79b5326c12aa29d29013beada1c60df84ff8fe3a0f
[3564/3625] Checking is OK   | E:\01.userData\ZhuoMian\Github_Releases_批量下载 xray\Xray-core\v26.6.27\Xray-freebsd-32.zip         | LOCAL=092de7a816f53baf8f979e993e10d54629df00902ee049f65a69e4561a57c097 REMOTE=092de7a816f53baf8f979e993e10d54629df00902ee049f65a69e4561a57c097
[3565/3625] Checking is OK   | E:\01.userData\ZhuoMian\Github_Releases_批量下载 xray\Xray-core\v26.6.27\Xray-freebsd-64.zip         | LOCAL=5a718d02f7e7439d7246dc613fd7c5bfd8a8a2c9915840978194df9ebf14594d REMOTE=5a718d02f7e7439d7246dc613fd7c5bfd8a8a2c9915840978194df9ebf14594d
[3566/3625] Checking is OK   | E:\01.userData\ZhuoMian\Github_Releases_批量下载 xray\Xray-core\v26.6.27\Xray-freebsd-arm32-v7a.zip  | LOCAL=87b8cd8ef737e4be7d2f121804c4b5dc6ad46ec28e204532d3ccfd441b75d80b REMOTE=87b8cd8ef737e4be7d2f121804c4b5dc6ad46ec28e204532d3ccfd441b75d80b
[3567/3625] Checking is OK   | E:\01.userData\ZhuoMian\Github_Releases_批量下载 xray\Xray-core\v26.6.27\Xray-freebsd-arm64-v8a.zip  | LOCAL=4a50a7e4e44a82123aa3ae8c198ac073216e420d3438324d05b3666f45a423e6 REMOTE=4a50a7e4e44a82123aa3ae8c198ac073216e420d3438324d05b3666f45a423e6
[3568/3625] Checking is OK   | E:\01.userData\ZhuoMian\Github_Releases_批量下载 xray\Xray-core\v26.6.27\Xray-linux-32.zip           | LOCAL=a30a7bc601ca4be80675ab862cbeae4cadb0bc3242ffb687fb6865b67b8c4e8f REMOTE=a30a7bc601ca4be80675ab862cbeae4cadb0bc3242ffb687fb6865b67b8c4e8f
[3569/3625] Checking is OK   | E:\01.userData\ZhuoMian\Github_Releases_批量下载 xray\Xray-core\v26.6.27\Xray-linux-64.zip           | LOCAL=b3e5902d06d6282fe53cfa2fc426058b9aeaa429b2c812e20887cd47f26d08bf REMOTE=b3e5902d06d6282fe53cfa2fc426058b9aeaa429b2c812e20887cd47f26d08bf
[3570/3625] Checking is OK   | E:\01.userData\ZhuoMian\Github_Releases_批量下载 xray\Xray-core\v26.6.27\Xray-linux-arm32-v5.zip     | LOCAL=cec3aad9095bba4fdfcbff6dedaa11bc98f945e35186a1f228efaaa28e99c8b2 REMOTE=cec3aad9095bba4fdfcbff6dedaa11bc98f945e35186a1f228efaaa28e99c8b2
[3571/3625] Checking is OK   | E:\01.userData\ZhuoMian\Github_Releases_批量下载 xray\Xray-core\v26.6.27\Xray-linux-arm32-v6.zip     | LOCAL=d6a48164f73281e5213a27ee46cac4078df786acf15014c3bad1cb49d1bc1ec6 REMOTE=d6a48164f73281e5213a27ee46cac4078df786acf15014c3bad1cb49d1bc1ec6
[3572/3625] Checking is OK   | E:\01.userData\ZhuoMian\Github_Releases_批量下载 xray\Xray-core\v26.6.27\Xray-linux-arm32-v7a.zip    | LOCAL=c77245cf9bfd6b8ae0fa8247cd65a3478f1951e9712fcde0f0dda4a31e2ac26c REMOTE=c77245cf9bfd6b8ae0fa8247cd65a3478f1951e9712fcde0f0dda4a31e2ac26c
[3573/3625] Checking is OK   | E:\01.userData\ZhuoMian\Github_Releases_批量下载 xray\Xray-core\v26.6.27\Xray-linux-arm64-v8a.zip    | LOCAL=13a251379bea366c2cf10363ad71e75734193d401f26f518bf0c25e5c8f8c931 REMOTE=13a251379bea366c2cf10363ad71e75734193d401f26f518bf0c25e5c8f8c931
[3574/3625] Checking is OK   | E:\01.userData\ZhuoMian\Github_Releases_批量下载 xray\Xray-core\v26.6.27\Xray-linux-loong64.zip      | LOCAL=52bcba94777ff5c7c58ef63212a4375a0da088836daaf621e0a5ae7829431b4e REMOTE=52bcba94777ff5c7c58ef63212a4375a0da088836daaf621e0a5ae7829431b4e
[3575/3625] Checking is OK   | E:\01.userData\ZhuoMian\Github_Releases_批量下载 xray\Xray-core\v26.6.27\Xray-linux-mips32.zip       | LOCAL=9f78ed13743630a2a69882715a07cfa50623e58feb48192b1d3858982bffbfa7 REMOTE=9f78ed13743630a2a69882715a07cfa50623e58feb48192b1d3858982bffbfa7
[3576/3625] Checking is OK   | E:\01.userData\ZhuoMian\Github_Releases_批量下载 xray\Xray-core\v26.6.27\Xray-linux-mips32le.zip     | LOCAL=48569b62fdda2a03d2d3890968da982cb73fe05001514470388eb63d5f0218de REMOTE=48569b62fdda2a03d2d3890968da982cb73fe05001514470388eb63d5f0218de
[3577/3625] Checking is OK   | E:\01.userData\ZhuoMian\Github_Releases_批量下载 xray\Xray-core\v26.6.27\Xray-linux-mips64.zip       | LOCAL=82079509a70f3d61f57ce23aad8e887b5533d525c56c26083653c8152e6d5b1a REMOTE=82079509a70f3d61f57ce23aad8e887b5533d525c56c26083653c8152e6d5b1a
[3578/3625] Checking is OK   | E:\01.userData\ZhuoMian\Github_Releases_批量下载 xray\Xray-core\v26.6.27\Xray-linux-mips64le.zip     | LOCAL=b96ed2c321d1b70cfca87223faa31511e74f776acbf4bf3011f9e660c77ade38 REMOTE=b96ed2c321d1b70cfca87223faa31511e74f776acbf4bf3011f9e660c77ade38
[3579/3625] Checking is OK   | E:\01.userData\ZhuoMian\Github_Releases_批量下载 xray\Xray-core\v26.6.27\Xray-linux-ppc64.zip        | LOCAL=a77c2fad956956a6ffc8e48599b74ea481734abc3a40439238f779edb18a4a28 REMOTE=a77c2fad956956a6ffc8e48599b74ea481734abc3a40439238f779edb18a4a28
[3580/3625] Checking is OK   | E:\01.userData\ZhuoMian\Github_Releases_批量下载 xray\Xray-core\v26.6.27\Xray-linux-ppc64le.zip      | LOCAL=90cf42cc588d717b88d3dc3813eccbe164a164898065e02f2c0d0ed1f33da03c REMOTE=90cf42cc588d717b88d3dc3813eccbe164a164898065e02f2c0d0ed1f33da03c
[3581/3625] Checking is OK   | E:\01.userData\ZhuoMian\Github_Releases_批量下载 xray\Xray-core\v26.6.27\Xray-linux-riscv64.zip      | LOCAL=0ca12dd07344e3bf6889a00744ae8abc0e41ef6efc8952343179def99e4652de REMOTE=0ca12dd07344e3bf6889a00744ae8abc0e41ef6efc8952343179def99e4652de
[3582/3625] Checking is OK   | E:\01.userData\ZhuoMian\Github_Releases_批量下载 xray\Xray-core\v26.6.27\Xray-linux-s390x.zip        | LOCAL=be883d2b998b238421838fe29e8dd7b4b731e23def7712c3bbdac04e16319524 REMOTE=be883d2b998b238421838fe29e8dd7b4b731e23def7712c3bbdac04e16319524
[3583/3625] Checking is OK   | E:\01.userData\ZhuoMian\Github_Releases_批量下载 xray\Xray-core\v26.6.27\Xray-macos-64.zip           | LOCAL=e917da78383b631d2bc7f8d9412f619e648fc3cd73a5a0f62f031425e5330ff1 REMOTE=e917da78383b631d2bc7f8d9412f619e648fc3cd73a5a0f62f031425e5330ff1
[3584/3625] Checking is OK   | E:\01.userData\ZhuoMian\Github_Releases_批量下载 xray\Xray-core\v26.6.27\Xray-macos-arm64-v8a.zip    | LOCAL=5b63cf477b4281dc0d9d3af4d7b87391ab868a842b430e9ce8957ea0b60ecab7 REMOTE=5b63cf477b4281dc0d9d3af4d7b87391ab868a842b430e9ce8957ea0b60ecab7
[3585/3625] Checking is OK   | E:\01.userData\ZhuoMian\Github_Releases_批量下载 xray\Xray-core\v26.6.27\Xray-openbsd-32.zip         | LOCAL=48c6e15fcdf76799dc43005e63733b911f59a79c81036a089d58b43063d8ba06 REMOTE=48c6e15fcdf76799dc43005e63733b911f59a79c81036a089d58b43063d8ba06
[3586/3625] Checking is OK   | E:\01.userData\ZhuoMian\Github_Releases_批量下载 xray\Xray-core\v26.6.27\Xray-openbsd-64.zip         | LOCAL=d071c0eac42dd87de1f7e09374b0ddf6bcf20ec0315c442d7cd7a511aa7accef REMOTE=d071c0eac42dd87de1f7e09374b0ddf6bcf20ec0315c442d7cd7a511aa7accef
[3587/3625] Checking is OK   | E:\01.userData\ZhuoMian\Github_Releases_批量下载 xray\Xray-core\v26.6.27\Xray-openbsd-arm32-v7a.zip  | LOCAL=39e72cbac2953f2889a921d1f5da498fb63586b81ee88336daf38b69e3e5c042 REMOTE=39e72cbac2953f2889a921d1f5da498fb63586b81ee88336daf38b69e3e5c042
[3588/3625] Checking is OK   | E:\01.userData\ZhuoMian\Github_Releases_批量下载 xray\Xray-core\v26.6.27\Xray-openbsd-arm64-v8a.zip  | LOCAL=aaee888d7939c241e710dad2b66706e8637f39fafa581e34aef09194c6db7ddb REMOTE=aaee888d7939c241e710dad2b66706e8637f39fafa581e34aef09194c6db7ddb
[3589/3625] Checking is OK   | E:\01.userData\ZhuoMian\Github_Releases_批量下载 xray\Xray-core\v26.6.27\Xray-win7-32.zip            | LOCAL=4111a45172b79eeacd45f4db9303f78c836bfa093e908a29237ddead16854a3f REMOTE=4111a45172b79eeacd45f4db9303f78c836bfa093e908a29237ddead16854a3f
[3590/3625] Checking is OK   | E:\01.userData\ZhuoMian\Github_Releases_批量下载 xray\Xray-core\v26.6.27\Xray-win7-64.zip            | LOCAL=3205e6416105ddfe7ce7638c60d40285aa5708f109ceba08a00353b40e015e45 REMOTE=3205e6416105ddfe7ce7638c60d40285aa5708f109ceba08a00353b40e015e45
[3591/3625] Checking is OK   | E:\01.userData\ZhuoMian\Github_Releases_批量下载 xray\Xray-core\v26.6.27\Xray-windows-32.zip         | LOCAL=99dc061d92790eef737821f221c3698b0b15367d17dce205a71f96c439c62293 REMOTE=99dc061d92790eef737821f221c3698b0b15367d17dce205a71f96c439c62293
[3592/3625] Checking is OK   | E:\01.userData\ZhuoMian\Github_Releases_批量下载 xray\Xray-core\v26.6.27\Xray-windows-64.zip         | LOCAL=97f16a0701dbf931c9c4375399f8188e31615fdd5c863be5c612f946acd4dd01 REMOTE=97f16a0701dbf931c9c4375399f8188e31615fdd5c863be5c612f946acd4dd01
[3593/3625] Checking is OK   | E:\01.userData\ZhuoMian\Github_Releases_批量下载 xray\Xray-core\v26.6.27\Xray-windows-arm64-v8a.zip  | LOCAL=e9dbd1b54ebcd272691fc67535297315eda642905cf5a5076b495d857c480ecb REMOTE=e9dbd1b54ebcd272691fc67535297315eda642905cf5a5076b495d857c480ecb
[3594/3625] Checking is OK   | E:\01.userData\ZhuoMian\Github_Releases_批量下载 xray\Xray-core\v26.7.11\Xray-android-amd64.zip      | LOCAL=1b9def87ccc1c3c6b39cb92caaa6901e85f136418e738846c6819467db6865c1 REMOTE=1b9def87ccc1c3c6b39cb92caaa6901e85f136418e738846c6819467db6865c1
[3595/3625] Checking is OK   | E:\01.userData\ZhuoMian\Github_Releases_批量下载 xray\Xray-core\v26.7.11\Xray-android-arm64-v8a.zip  | LOCAL=4b9cd6a4d6cbb2abcb4cc410a03ebbebc17b7b405df0467a5f615617744b681e REMOTE=4b9cd6a4d6cbb2abcb4cc410a03ebbebc17b7b405df0467a5f615617744b681e
[3596/3625] Checking is OK   | E:\01.userData\ZhuoMian\Github_Releases_批量下载 xray\Xray-core\v26.7.11\Xray-freebsd-32.zip         | LOCAL=9ebd6e3f085b7b7f0a5ae8ebb495f71cbc9452f805fad0b0c11feaa20d168153 REMOTE=9ebd6e3f085b7b7f0a5ae8ebb495f71cbc9452f805fad0b0c11feaa20d168153
[3597/3625] Checking is OK   | E:\01.userData\ZhuoMian\Github_Releases_批量下载 xray\Xray-core\v26.7.11\Xray-freebsd-64.zip         | LOCAL=683fa02fb9d40af0e56a021762366a2a3e2afd936386a2a6d4e161b362bca46d REMOTE=683fa02fb9d40af0e56a021762366a2a3e2afd936386a2a6d4e161b362bca46d
[3598/3625] Checking is OK   | E:\01.userData\ZhuoMian\Github_Releases_批量下载 xray\Xray-core\v26.7.11\Xray-freebsd-arm32-v7a.zip  | LOCAL=0619cf850cdd445d940a145f4c4d1c0d59770d86e3da9de7e2561772c1b6d0b3 REMOTE=0619cf850cdd445d940a145f4c4d1c0d59770d86e3da9de7e2561772c1b6d0b3
[3599/3625] Checking is OK   | E:\01.userData\ZhuoMian\Github_Releases_批量下载 xray\Xray-core\v26.7.11\Xray-freebsd-arm64-v8a.zip  | LOCAL=0feca8782517505d8c057fcaade001dc7f51d01b30144ba7c199834bccbe685b REMOTE=0feca8782517505d8c057fcaade001dc7f51d01b30144ba7c199834bccbe685b
[3600/3625] Checking is OK   | E:\01.userData\ZhuoMian\Github_Releases_批量下载 xray\Xray-core\v26.7.11\Xray-linux-32.zip           | LOCAL=d4fac336c5b1999c8eeb5c8d2f5a41f40564429b012ff2a2daf1a737972d56a7 REMOTE=d4fac336c5b1999c8eeb5c8d2f5a41f40564429b012ff2a2daf1a737972d56a7
[3601/3625] Checking is OK   | E:\01.userData\ZhuoMian\Github_Releases_批量下载 xray\Xray-core\v26.7.11\Xray-linux-64.zip           | LOCAL=aa11c3685c71da0ffc71e511db50404609e7e963bb914b048f59a6a00af8930e REMOTE=aa11c3685c71da0ffc71e511db50404609e7e963bb914b048f59a6a00af8930e
[3602/3625] Checking is OK   | E:\01.userData\ZhuoMian\Github_Releases_批量下载 xray\Xray-core\v26.7.11\Xray-linux-arm32-v5.zip     | LOCAL=d007a036a88f17f7953af06514b28c4a3b806b7b54a5db1a5c865f635c209bc5 REMOTE=d007a036a88f17f7953af06514b28c4a3b806b7b54a5db1a5c865f635c209bc5
[3603/3625] Checking is OK   | E:\01.userData\ZhuoMian\Github_Releases_批量下载 xray\Xray-core\v26.7.11\Xray-linux-arm32-v6.zip     | LOCAL=68b3089ab439daf31dcf9e182202936e1ad0a6e9dad7dcdc2a1db97fd0cfcb83 REMOTE=68b3089ab439daf31dcf9e182202936e1ad0a6e9dad7dcdc2a1db97fd0cfcb83
[3604/3625] Checking is OK   | E:\01.userData\ZhuoMian\Github_Releases_批量下载 xray\Xray-core\v26.7.11\Xray-linux-arm32-v7a.zip    | LOCAL=c623b8d08d02d7a20be697619fde11c6745efb08ac5cb332ab0ff15fe567aad6 REMOTE=c623b8d08d02d7a20be697619fde11c6745efb08ac5cb332ab0ff15fe567aad6
[3605/3625] Checking is OK   | E:\01.userData\ZhuoMian\Github_Releases_批量下载 xray\Xray-core\v26.7.11\Xray-linux-arm64-v8a.zip    | LOCAL=89cfe01674d7c9f6847b7dd9389537be9acb3b9dc3c6cb9fdeba87a3e4e57fc1 REMOTE=89cfe01674d7c9f6847b7dd9389537be9acb3b9dc3c6cb9fdeba87a3e4e57fc1
[3606/3625] Checking is OK   | E:\01.userData\ZhuoMian\Github_Releases_批量下载 xray\Xray-core\v26.7.11\Xray-linux-loong64.zip      | LOCAL=588ac2d9ee0bd7a21cbcc124f3ca0079abe7df187ec4419b8fbf3faac28af932 REMOTE=588ac2d9ee0bd7a21cbcc124f3ca0079abe7df187ec4419b8fbf3faac28af932
[3607/3625] Checking is OK   | E:\01.userData\ZhuoMian\Github_Releases_批量下载 xray\Xray-core\v26.7.11\Xray-linux-mips32.zip       | LOCAL=ab444eb02d95948ef11dd8369ac04197c73f9d5d90208d7b015a1a2494c31474 REMOTE=ab444eb02d95948ef11dd8369ac04197c73f9d5d90208d7b015a1a2494c31474
[3608/3625] Checking is OK   | E:\01.userData\ZhuoMian\Github_Releases_批量下载 xray\Xray-core\v26.7.11\Xray-linux-mips32le.zip     | LOCAL=39564b010eaae23af8c84e8ee4f0911c23301dfdd07ec75408809dbe1e71960f REMOTE=39564b010eaae23af8c84e8ee4f0911c23301dfdd07ec75408809dbe1e71960f
[3609/3625] Checking is OK   | E:\01.userData\ZhuoMian\Github_Releases_批量下载 xray\Xray-core\v26.7.11\Xray-linux-mips64.zip       | LOCAL=0d8b731a34ad468afec4c30e41180e9b743cf212fbfab192a725882968bb9b39 REMOTE=0d8b731a34ad468afec4c30e41180e9b743cf212fbfab192a725882968bb9b39
[3610/3625] Checking is OK   | E:\01.userData\ZhuoMian\Github_Releases_批量下载 xray\Xray-core\v26.7.11\Xray-linux-mips64le.zip     | LOCAL=14e8d84c6190ad36e0c2fe1dedfa9bf0630fc48a8caa18d83ededcf58354968c REMOTE=14e8d84c6190ad36e0c2fe1dedfa9bf0630fc48a8caa18d83ededcf58354968c
[3611/3625] Checking is OK   | E:\01.userData\ZhuoMian\Github_Releases_批量下载 xray\Xray-core\v26.7.11\Xray-linux-ppc64.zip        | LOCAL=1941516d855185e8206ade1b1aa9bc452cab31b4ecd296739944162270d8ca60 REMOTE=1941516d855185e8206ade1b1aa9bc452cab31b4ecd296739944162270d8ca60
[3612/3625] Checking is OK   | E:\01.userData\ZhuoMian\Github_Releases_批量下载 xray\Xray-core\v26.7.11\Xray-linux-ppc64le.zip      | LOCAL=91bbde43ef643589bf6deac0568243d5b548e9fe28cfeb5d494de17f5727daa9 REMOTE=91bbde43ef643589bf6deac0568243d5b548e9fe28cfeb5d494de17f5727daa9
[3613/3625] Checking is OK   | E:\01.userData\ZhuoMian\Github_Releases_批量下载 xray\Xray-core\v26.7.11\Xray-linux-riscv64.zip      | LOCAL=07449bf8732f385ca86a6df0c104d6501865529bde7a7f93153d5f5cf48ef6fb REMOTE=07449bf8732f385ca86a6df0c104d6501865529bde7a7f93153d5f5cf48ef6fb
[3614/3625] Checking is OK   | E:\01.userData\ZhuoMian\Github_Releases_批量下载 xray\Xray-core\v26.7.11\Xray-linux-s390x.zip        | LOCAL=d57c59ba49beb8c773bc74f711a1a55c11aa8ade78bf8b20e381b5fd1a43ea48 REMOTE=d57c59ba49beb8c773bc74f711a1a55c11aa8ade78bf8b20e381b5fd1a43ea48
[3615/3625] Checking is OK   | E:\01.userData\ZhuoMian\Github_Releases_批量下载 xray\Xray-core\v26.7.11\Xray-macos-64.zip           | LOCAL=d8c116756d3a88a38a833a94bdf8bc801f69243ee888befcb56df8b4f1ec4878 REMOTE=d8c116756d3a88a38a833a94bdf8bc801f69243ee888befcb56df8b4f1ec4878
[3616/3625] Checking is OK   | E:\01.userData\ZhuoMian\Github_Releases_批量下载 xray\Xray-core\v26.7.11\Xray-macos-arm64-v8a.zip    | LOCAL=61f8f74d099098af710fa43613d9934d97b901dee909801d34f496cd463956d1 REMOTE=61f8f74d099098af710fa43613d9934d97b901dee909801d34f496cd463956d1
[3617/3625] Checking is OK   | E:\01.userData\ZhuoMian\Github_Releases_批量下载 xray\Xray-core\v26.7.11\Xray-openbsd-32.zip         | LOCAL=40de7fd0d2ed86122b0b874fafc5540beaacd7e456a5fefe7dc16112ab0771f3 REMOTE=40de7fd0d2ed86122b0b874fafc5540beaacd7e456a5fefe7dc16112ab0771f3
[3618/3625] Checking is OK   | E:\01.userData\ZhuoMian\Github_Releases_批量下载 xray\Xray-core\v26.7.11\Xray-openbsd-64.zip         | LOCAL=e443f4774f0fe7ecaa8c7e22f40001674c2daab8bcfdd4ed948de3d62ce3c127 REMOTE=e443f4774f0fe7ecaa8c7e22f40001674c2daab8bcfdd4ed948de3d62ce3c127
[3619/3625] Checking is OK   | E:\01.userData\ZhuoMian\Github_Releases_批量下载 xray\Xray-core\v26.7.11\Xray-openbsd-arm32-v7a.zip  | LOCAL=908503dd01b9c2bac8699714e116d2eaf45c70d0d16204df7e0ad09e08aa0a5e REMOTE=908503dd01b9c2bac8699714e116d2eaf45c70d0d16204df7e0ad09e08aa0a5e
[3620/3625] Checking is OK   | E:\01.userData\ZhuoMian\Github_Releases_批量下载 xray\Xray-core\v26.7.11\Xray-openbsd-arm64-v8a.zip  | LOCAL=ca6c76d25a0ac4f28a6cf6856d1fb06419e3f4332a66cc152ed98ba55647b219 REMOTE=ca6c76d25a0ac4f28a6cf6856d1fb06419e3f4332a66cc152ed98ba55647b219
[3621/3625] Checking is OK   | E:\01.userData\ZhuoMian\Github_Releases_批量下载 xray\Xray-core\v26.7.11\Xray-win7-32.zip            | LOCAL=f4aefb50942c07c1f14f60317968af787ce1a404b729ec39385d484cb7784b0e REMOTE=f4aefb50942c07c1f14f60317968af787ce1a404b729ec39385d484cb7784b0e
[3622/3625] Checking is OK   | E:\01.userData\ZhuoMian\Github_Releases_批量下载 xray\Xray-core\v26.7.11\Xray-win7-64.zip            | LOCAL=1fc81e44d8b04f589e4d1491c2abd4478549aef31cae2c67275b13823654b87b REMOTE=1fc81e44d8b04f589e4d1491c2abd4478549aef31cae2c67275b13823654b87b
[3623/3625] Checking is OK   | E:\01.userData\ZhuoMian\Github_Releases_批量下载 xray\Xray-core\v26.7.11\Xray-windows-32.zip         | LOCAL=ce078af56255a9bae12c494660566c198d142e34c33bb70174ef1f2eb1635ba3 REMOTE=ce078af56255a9bae12c494660566c198d142e34c33bb70174ef1f2eb1635ba3
[3624/3625] Checking is OK   | E:\01.userData\ZhuoMian\Github_Releases_批量下载 xray\Xray-core\v26.7.11\Xray-windows-64.zip         | LOCAL=af801b62c4d41d248d3db8016d4c6e2a7ccfb7ed443e3738aeb6f9e062321512 REMOTE=af801b62c4d41d248d3db8016d4c6e2a7ccfb7ed443e3738aeb6f9e062321512
[3625/3625] Checking is OK   | E:\01.userData\ZhuoMian\Github_Releases_批量下载 xray\Xray-core\v26.7.11\Xray-windows-arm64-v8a.zip  | LOCAL=c4868e84cbedc9fcc3e636968804a8b3891101eedefe4305aa87d3d05ee1d1b1 REMOTE=c4868e84cbedc9fcc3e636968804a8b3891101eedefe4305aa87d3d05ee1d1b1
