[   1/2453] Checking is OK   | E:\01.userData\ZhuoMian\Github_Releases_批量下载 xray\Xray-core\v1.0.0\Xray-dragonfly-64.zip        
[   2/2453] Checking is OK   | E:\01.userData\ZhuoMian\Github_Releases_批量下载 xray\Xray-core\v1.0.0\Xray-freebsd-32.zip          
[   3/2453] Checking is OK   | E:\01.userData\ZhuoMian\Github_Releases_批量下载 xray\Xray-core\v1.0.0\Xray-freebsd-64.zip          
[   4/2453] Checking is OK   | E:\01.userData\ZhuoMian\Github_Releases_批量下载 xray\Xray-core\v1.0.0\Xray-linux-32.zip            
[   5/2453] Checking is OK   | E:\01.userData\ZhuoMian\Github_Releases_批量下载 xray\Xray-core\v1.0.0\Xray-linux-64.zip            
[   6/2453] Checking is OK   | E:\01.userData\ZhuoMian\Github_Releases_批量下载 xray\Xray-core\v1.0.0\Xray-linux-arm32-v5.zip      
[   7/2453] Checking is OK   | E:\01.userData\ZhuoMian\Github_Releases_批量下载 xray\Xray-core\v1.0.0\Xray-linux-arm32-v6.zip      
[   8/2453] Checking is OK   | E:\01.userData\ZhuoMian\Github_Releases_批量下载 xray\Xray-core\v1.0.0\Xray-linux-arm32-v7a.zip     
[   9/2453] Checking is OK   | E:\01.userData\ZhuoMian\Github_Releases_批量下载 xray\Xray-core\v1.0.0\Xray-linux-arm64-v8a.zip     
[  10/2453] Checking is OK   | E:\01.userData\ZhuoMian\Github_Releases_批量下载 xray\Xray-core\v1.0.0\Xray-linux-mips32.zip        
[  11/2453] Checking is OK   | E:\01.userData\ZhuoMian\Github_Releases_批量下载 xray\Xray-core\v1.0.0\Xray-linux-mips32le.zip      
[  12/2453] Checking is OK   | E:\01.userData\ZhuoMian\Github_Releases_批量下载 xray\Xray-core\v1.0.0\Xray-linux-mips64.zip        
[  13/2453] Checking is OK   | E:\01.userData\ZhuoMian\Github_Releases_批量下载 xray\Xray-core\v1.0.0\Xray-linux-mips64le.zip      
[  14/2453] Checking is OK   | E:\01.userData\ZhuoMian\Github_Releases_批量下载 xray\Xray-core\v1.0.0\Xray-linux-ppc64.zip         
[  15/2453] Checking is OK   | E:\01.userData\ZhuoMian\Github_Releases_批量下载 xray\Xray-core\v1.0.0\Xray-linux-ppc64le.zip       
[  16/2453] Checking is OK   | E:\01.userData\ZhuoMian\Github_Releases_批量下载 xray\Xray-core\v1.0.0\Xray-linux-riscv64.zip       
[  17/2453] Checking is OK   | E:\01.userData\ZhuoMian\Github_Releases_批量下载 xray\Xray-core\v1.0.0\Xray-linux-s390x.zip         
[  18/2453] Checking is OK   | E:\01.userData\ZhuoMian\Github_Releases_批量下载 xray\Xray-core\v1.0.0\Xray-macos-64.zip            
[  19/2453] Checking is OK   | E:\01.userData\ZhuoMian\Github_Releases_批量下载 xray\Xray-core\v1.0.0\Xray-openbsd-32.zip          
[  20/2453] Checking is OK   | E:\01.userData\ZhuoMian\Github_Releases_批量下载 xray\Xray-core\v1.0.0\Xray-openbsd-64.zip          
[  21/2453] Checking is OK   | E:\01.userData\ZhuoMian\Github_Releases_批量下载 xray\Xray-core\v1.0.0\Xray-windows-32.zip          
[  22/2453] Checking is OK   | E:\01.userData\ZhuoMian\Github_Releases_批量下载 xray\Xray-core\v1.0.0\Xray-windows-64.zip          
[  23/2453] Checking is OK   | E:\01.userData\ZhuoMian\Github_Releases_批量下载 xray\Xray-core\v1.0.0\Xray-windows-arm32-v7a.zip   
[  24/2453] Checking is OK   | E:\01.userData\ZhuoMian\Github_Releases_批量下载 xray\Xray-core\v1.1.2\Xray-android-arm64-v8a.zip   
[  25/2453] Checking is OK   | E:\01.userData\ZhuoMian\Github_Releases_批量下载 xray\Xray-core\v1.1.2\Xray-dragonfly-64.zip        
[  26/2453] Checking is OK   | E:\01.userData\ZhuoMian\Github_Releases_批量下载 xray\Xray-core\v1.1.2\Xray-freebsd-32.zip          
[  27/2453] Checking is OK   | E:\01.userData\ZhuoMian\Github_Releases_批量下载 xray\Xray-core\v1.1.2\Xray-freebsd-64.zip          
[  28/2453] Checking is OK   | E:\01.userData\ZhuoMian\Github_Releases_批量下载 xray\Xray-core\v1.1.2\Xray-linux-32.zip            
[  29/2453] Checking is OK   | E:\01.userData\ZhuoMian\Github_Releases_批量下载 xray\Xray-core\v1.1.2\Xray-linux-64.zip            
[  30/2453] Checking is OK   | E:\01.userData\ZhuoMian\Github_Releases_批量下载 xray\Xray-core\v1.1.2\Xray-linux-arm32-v5.zip      
[  31/2453] Checking is OK   | E:\01.userData\ZhuoMian\Github_Releases_批量下载 xray\Xray-core\v1.1.2\Xray-linux-arm32-v6.zip      
[  32/2453] Checking is OK   | E:\01.userData\ZhuoMian\Github_Releases_批量下载 xray\Xray-core\v1.1.2\Xray-linux-arm32-v7a.zip     
[  33/2453] Checking is OK   | E:\01.userData\ZhuoMian\Github_Releases_批量下载 xray\Xray-core\v1.1.2\Xray-linux-arm64-v8a.zip     
[  34/2453] Checking is OK   | E:\01.userData\ZhuoMian\Github_Releases_批量下载 xray\Xray-core\v1.1.2\Xray-linux-mips32.zip        
[  35/2453] Checking is OK   | E:\01.userData\ZhuoMian\Github_Releases_批量下载 xray\Xray-core\v1.1.2\Xray-linux-mips32le.zip      
[  36/2453] Checking is OK   | E:\01.userData\ZhuoMian\Github_Releases_批量下载 xray\Xray-core\v1.1.2\Xray-linux-mips64.zip        
[  37/2453] Checking is OK   | E:\01.userData\ZhuoMian\Github_Releases_批量下载 xray\Xray-core\v1.1.2\Xray-linux-mips64le.zip      
[  38/2453] Checking is OK   | E:\01.userData\ZhuoMian\Github_Releases_批量下载 xray\Xray-core\v1.1.2\Xray-linux-ppc64.zip         
[  39/2453] Checking is OK   | E:\01.userData\ZhuoMian\Github_Releases_批量下载 xray\Xray-core\v1.1.2\Xray-linux-ppc64le.zip       
[  40/2453] Checking is OK   | E:\01.userData\ZhuoMian\Github_Releases_批量下载 xray\Xray-core\v1.1.2\Xray-linux-riscv64.zip       
[  41/2453] Checking is OK   | E:\01.userData\ZhuoMian\Github_Releases_批量下载 xray\Xray-core\v1.1.2\Xray-linux-s390x.zip         
[  42/2453] Checking is OK   | E:\01.userData\ZhuoMian\Github_Releases_批量下载 xray\Xray-core\v1.1.2\Xray-macos-64.zip            
[  43/2453] Checking is OK   | E:\01.userData\ZhuoMian\Github_Releases_批量下载 xray\Xray-core\v1.1.2\Xray-openbsd-32.zip          
[  44/2453] Checking is OK   | E:\01.userData\ZhuoMian\Github_Releases_批量下载 xray\Xray-core\v1.1.2\Xray-openbsd-64.zip          
[  45/2453] Checking is OK   | E:\01.userData\ZhuoMian\Github_Releases_批量下载 xray\Xray-core\v1.1.2\Xray-windows-32.zip          
[  46/2453] Checking is OK   | E:\01.userData\ZhuoMian\Github_Releases_批量下载 xray\Xray-core\v1.1.2\Xray-windows-64.zip          
[  47/2453] Checking is OK   | E:\01.userData\ZhuoMian\Github_Releases_批量下载 xray\Xray-core\v1.1.2\Xray-windows-arm32-v7a.zip   
[  48/2453] Checking is OK   | E:\01.userData\ZhuoMian\Github_Releases_批量下载 xray\Xray-core\v1.1.3\Xray-android-arm64-v8a.zip   
[  49/2453] Checking is OK   | E:\01.userData\ZhuoMian\Github_Releases_批量下载 xray\Xray-core\v1.1.3\Xray-dragonfly-64.zip        
[  50/2453] Checking is OK   | E:\01.userData\ZhuoMian\Github_Releases_批量下载 xray\Xray-core\v1.1.3\Xray-freebsd-32.zip          
[  51/2453] Checking is OK   | E:\01.userData\ZhuoMian\Github_Releases_批量下载 xray\Xray-core\v1.1.3\Xray-freebsd-64.zip          
[  52/2453] Checking is OK   | E:\01.userData\ZhuoMian\Github_Releases_批量下载 xray\Xray-core\v1.1.3\Xray-linux-32.zip            
[  53/2453] Checking is OK   | E:\01.userData\ZhuoMian\Github_Releases_批量下载 xray\Xray-core\v1.1.3\Xray-linux-64.zip            
[  54/2453] Checking is OK   | E:\01.userData\ZhuoMian\Github_Releases_批量下载 xray\Xray-core\v1.1.3\Xray-linux-arm32-v5.zip      
[  55/2453] Checking is OK   | E:\01.userData\ZhuoMian\Github_Releases_批量下载 xray\Xray-core\v1.1.3\Xray-linux-arm32-v6.zip      
[  56/2453] Checking is OK   | E:\01.userData\ZhuoMian\Github_Releases_批量下载 xray\Xray-core\v1.1.3\Xray-linux-arm32-v7a.zip     
[  57/2453] Checking is OK   | E:\01.userData\ZhuoMian\Github_Releases_批量下载 xray\Xray-core\v1.1.3\Xray-linux-arm64-v8a.zip     
[  58/2453] Checking is OK   | E:\01.userData\ZhuoMian\Github_Releases_批量下载 xray\Xray-core\v1.1.3\Xray-linux-mips32.zip        
[  59/2453] Checking is OK   | E:\01.userData\ZhuoMian\Github_Releases_批量下载 xray\Xray-core\v1.1.3\Xray-linux-mips32le.zip      
[  60/2453] Checking is OK   | E:\01.userData\ZhuoMian\Github_Releases_批量下载 xray\Xray-core\v1.1.3\Xray-linux-mips64.zip        
[  61/2453] Checking is OK   | E:\01.userData\ZhuoMian\Github_Releases_批量下载 xray\Xray-core\v1.1.3\Xray-linux-mips64le.zip      
[  62/2453] Checking is OK   | E:\01.userData\ZhuoMian\Github_Releases_批量下载 xray\Xray-core\v1.1.3\Xray-linux-ppc64.zip         
[  63/2453] Checking is OK   | E:\01.userData\ZhuoMian\Github_Releases_批量下载 xray\Xray-core\v1.1.3\Xray-linux-ppc64le.zip       
[  64/2453] Checking is OK   | E:\01.userData\ZhuoMian\Github_Releases_批量下载 xray\Xray-core\v1.1.3\Xray-linux-riscv64.zip       
[  65/2453] Checking is OK   | E:\01.userData\ZhuoMian\Github_Releases_批量下载 xray\Xray-core\v1.1.3\Xray-linux-s390x.zip         
[  66/2453] Checking is OK   | E:\01.userData\ZhuoMian\Github_Releases_批量下载 xray\Xray-core\v1.1.3\Xray-macos-64.zip            
[  67/2453] Checking is OK   | E:\01.userData\ZhuoMian\Github_Releases_批量下载 xray\Xray-core\v1.1.3\Xray-openbsd-32.zip          
[  68/2453] Checking is OK   | E:\01.userData\ZhuoMian\Github_Releases_批量下载 xray\Xray-core\v1.1.3\Xray-openbsd-64.zip          
[  69/2453] Checking is OK   | E:\01.userData\ZhuoMian\Github_Releases_批量下载 xray\Xray-core\v1.1.3\Xray-windows-32.zip          
[  70/2453] Checking is OK   | E:\01.userData\ZhuoMian\Github_Releases_批量下载 xray\Xray-core\v1.1.3\Xray-windows-64.zip          
[  71/2453] Checking is OK   | E:\01.userData\ZhuoMian\Github_Releases_批量下载 xray\Xray-core\v1.1.3\Xray-windows-arm32-v7a.zip   
[  72/2453] Checking is OK   | E:\01.userData\ZhuoMian\Github_Releases_批量下载 xray\Xray-core\v1.1.4\Xray-android-arm64-v8a.zip   
[  73/2453] Checking is OK   | E:\01.userData\ZhuoMian\Github_Releases_批量下载 xray\Xray-core\v1.1.4\Xray-dragonfly-64.zip        
[  74/2453] Checking is OK   | E:\01.userData\ZhuoMian\Github_Releases_批量下载 xray\Xray-core\v1.1.4\Xray-freebsd-32.zip          
[  75/2453] Checking is OK   | E:\01.userData\ZhuoMian\Github_Releases_批量下载 xray\Xray-core\v1.1.4\Xray-freebsd-64.zip          
[  76/2453] Checking is OK   | E:\01.userData\ZhuoMian\Github_Releases_批量下载 xray\Xray-core\v1.1.4\Xray-linux-32.zip            
[  77/2453] Checking is OK   | E:\01.userData\ZhuoMian\Github_Releases_批量下载 xray\Xray-core\v1.1.4\Xray-linux-64.zip            
[  78/2453] Checking is OK   | E:\01.userData\ZhuoMian\Github_Releases_批量下载 xray\Xray-core\v1.1.4\Xray-linux-arm32-v5.zip      
[  79/2453] Checking is OK   | E:\01.userData\ZhuoMian\Github_Releases_批量下载 xray\Xray-core\v1.1.4\Xray-linux-arm32-v6.zip      
[  80/2453] Checking is OK   | E:\01.userData\ZhuoMian\Github_Releases_批量下载 xray\Xray-core\v1.1.4\Xray-linux-arm32-v7a.zip     
[  81/2453] Checking is OK   | E:\01.userData\ZhuoMian\Github_Releases_批量下载 xray\Xray-core\v1.1.4\Xray-linux-arm64-v8a.zip     
[  82/2453] Checking is OK   | E:\01.userData\ZhuoMian\Github_Releases_批量下载 xray\Xray-core\v1.1.4\Xray-linux-mips32.zip        
[  83/2453] Checking is OK   | E:\01.userData\ZhuoMian\Github_Releases_批量下载 xray\Xray-core\v1.1.4\Xray-linux-mips32le.zip      
[  84/2453] Checking is OK   | E:\01.userData\ZhuoMian\Github_Releases_批量下载 xray\Xray-core\v1.1.4\Xray-linux-mips64.zip        
[  85/2453] Checking is OK   | E:\01.userData\ZhuoMian\Github_Releases_批量下载 xray\Xray-core\v1.1.4\Xray-linux-mips64le.zip      
[  86/2453] Checking is OK   | E:\01.userData\ZhuoMian\Github_Releases_批量下载 xray\Xray-core\v1.1.4\Xray-linux-ppc64.zip         
[  87/2453] Checking is OK   | E:\01.userData\ZhuoMian\Github_Releases_批量下载 xray\Xray-core\v1.1.4\Xray-linux-ppc64le.zip       
[  88/2453] Checking is OK   | E:\01.userData\ZhuoMian\Github_Releases_批量下载 xray\Xray-core\v1.1.4\Xray-linux-riscv64.zip       
[  89/2453] Checking is OK   | E:\01.userData\ZhuoMian\Github_Releases_批量下载 xray\Xray-core\v1.1.4\Xray-linux-s390x.zip         
[  90/2453] Checking is OK   | E:\01.userData\ZhuoMian\Github_Releases_批量下载 xray\Xray-core\v1.1.4\Xray-macos-64.zip            
[  91/2453] Checking is OK   | E:\01.userData\ZhuoMian\Github_Releases_批量下载 xray\Xray-core\v1.1.4\Xray-openbsd-32.zip          
[  92/2453] Checking is OK   | E:\01.userData\ZhuoMian\Github_Releases_批量下载 xray\Xray-core\v1.1.4\Xray-openbsd-64.zip          
[  93/2453] Checking is OK   | E:\01.userData\ZhuoMian\Github_Releases_批量下载 xray\Xray-core\v1.1.4\Xray-windows-32.zip          
[  94/2453] Checking is OK   | E:\01.userData\ZhuoMian\Github_Releases_批量下载 xray\Xray-core\v1.1.4\Xray-windows-64.zip          
[  95/2453] Checking is OK   | E:\01.userData\ZhuoMian\Github_Releases_批量下载 xray\Xray-core\v1.1.4\Xray-windows-arm32-v7a.zip   
[  96/2453] Checking is OK   | E:\01.userData\ZhuoMian\Github_Releases_批量下载 xray\Xray-core\v1.1.5\Xray-android-arm64-v8a.zip   
[  97/2453] Checking is OK   | E:\01.userData\ZhuoMian\Github_Releases_批量下载 xray\Xray-core\v1.1.5\Xray-dragonfly-64.zip        
[  98/2453] Checking is OK   | E:\01.userData\ZhuoMian\Github_Releases_批量下载 xray\Xray-core\v1.1.5\Xray-freebsd-32.zip          
[  99/2453] Checking is OK   | E:\01.userData\ZhuoMian\Github_Releases_批量下载 xray\Xray-core\v1.1.5\Xray-freebsd-64.zip          
[ 100/2453] Checking is OK   | E:\01.userData\ZhuoMian\Github_Releases_批量下载 xray\Xray-core\v1.1.5\Xray-linux-32.zip            
[ 101/2453] Checking is OK   | E:\01.userData\ZhuoMian\Github_Releases_批量下载 xray\Xray-core\v1.1.5\Xray-linux-64.zip            
[ 102/2453] Checking is OK   | E:\01.userData\ZhuoMian\Github_Releases_批量下载 xray\Xray-core\v1.1.5\Xray-linux-arm32-v5.zip      
[ 103/2453] Checking is OK   | E:\01.userData\ZhuoMian\Github_Releases_批量下载 xray\Xray-core\v1.1.5\Xray-linux-arm32-v6.zip      
[ 104/2453] Checking is OK   | E:\01.userData\ZhuoMian\Github_Releases_批量下载 xray\Xray-core\v1.1.5\Xray-linux-arm32-v7a.zip     
[ 105/2453] Checking is OK   | E:\01.userData\ZhuoMian\Github_Releases_批量下载 xray\Xray-core\v1.1.5\Xray-linux-arm64-v8a.zip     
[ 106/2453] Checking is OK   | E:\01.userData\ZhuoMian\Github_Releases_批量下载 xray\Xray-core\v1.1.5\Xray-linux-mips32.zip        
[ 107/2453] Checking is OK   | E:\01.userData\ZhuoMian\Github_Releases_批量下载 xray\Xray-core\v1.1.5\Xray-linux-mips32le.zip      
[ 108/2453] Checking is OK   | E:\01.userData\ZhuoMian\Github_Releases_批量下载 xray\Xray-core\v1.1.5\Xray-linux-mips64.zip        
[ 109/2453] Checking is OK   | E:\01.userData\ZhuoMian\Github_Releases_批量下载 xray\Xray-core\v1.1.5\Xray-linux-mips64le.zip      
[ 110/2453] Checking is OK   | E:\01.userData\ZhuoMian\Github_Releases_批量下载 xray\Xray-core\v1.1.5\Xray-linux-ppc64.zip         
[ 111/2453] Checking is OK   | E:\01.userData\ZhuoMian\Github_Releases_批量下载 xray\Xray-core\v1.1.5\Xray-linux-ppc64le.zip       
[ 112/2453] Checking is OK   | E:\01.userData\ZhuoMian\Github_Releases_批量下载 xray\Xray-core\v1.1.5\Xray-linux-riscv64.zip       
[ 113/2453] Checking is OK   | E:\01.userData\ZhuoMian\Github_Releases_批量下载 xray\Xray-core\v1.1.5\Xray-linux-s390x.zip         
[ 114/2453] Checking is OK   | E:\01.userData\ZhuoMian\Github_Releases_批量下载 xray\Xray-core\v1.1.5\Xray-macos-64.zip            
[ 115/2453] Checking is OK   | E:\01.userData\ZhuoMian\Github_Releases_批量下载 xray\Xray-core\v1.1.5\Xray-openbsd-32.zip          
[ 116/2453] Checking is OK   | E:\01.userData\ZhuoMian\Github_Releases_批量下载 xray\Xray-core\v1.1.5\Xray-openbsd-64.zip          
[ 117/2453] Checking is OK   | E:\01.userData\ZhuoMian\Github_Releases_批量下载 xray\Xray-core\v1.1.5\Xray-windows-32.zip          
[ 118/2453] Checking is OK   | E:\01.userData\ZhuoMian\Github_Releases_批量下载 xray\Xray-core\v1.1.5\Xray-windows-64.zip          
[ 119/2453] Checking is OK   | E:\01.userData\ZhuoMian\Github_Releases_批量下载 xray\Xray-core\v1.1.5\Xray-windows-arm32-v7a.zip   
[ 120/2453] Checking is OK   | E:\01.userData\ZhuoMian\Github_Releases_批量下载 xray\Xray-core\v1.2.0\Xray-android-arm64-v8a.zip   
[ 121/2453] Checking is OK   | E:\01.userData\ZhuoMian\Github_Releases_批量下载 xray\Xray-core\v1.2.0\Xray-dragonfly-64.zip        
[ 122/2453] Checking is OK   | E:\01.userData\ZhuoMian\Github_Releases_批量下载 xray\Xray-core\v1.2.0\Xray-freebsd-32.zip          
[ 123/2453] Checking is OK   | E:\01.userData\ZhuoMian\Github_Releases_批量下载 xray\Xray-core\v1.2.0\Xray-freebsd-64.zip          
[ 124/2453] Checking is OK   | E:\01.userData\ZhuoMian\Github_Releases_批量下载 xray\Xray-core\v1.2.0\Xray-linux-32.zip            
[ 125/2453] Checking is OK   | E:\01.userData\ZhuoMian\Github_Releases_批量下载 xray\Xray-core\v1.2.0\Xray-linux-64.zip            
[ 126/2453] Checking is OK   | E:\01.userData\ZhuoMian\Github_Releases_批量下载 xray\Xray-core\v1.2.0\Xray-linux-arm32-v5.zip      
[ 127/2453] Checking is OK   | E:\01.userData\ZhuoMian\Github_Releases_批量下载 xray\Xray-core\v1.2.0\Xray-linux-arm32-v6.zip      
[ 128/2453] Checking is OK   | E:\01.userData\ZhuoMian\Github_Releases_批量下载 xray\Xray-core\v1.2.0\Xray-linux-arm32-v7a.zip     
[ 129/2453] Checking is OK   | E:\01.userData\ZhuoMian\Github_Releases_批量下载 xray\Xray-core\v1.2.0\Xray-linux-arm64-v8a.zip     
[ 130/2453] Checking is OK   | E:\01.userData\ZhuoMian\Github_Releases_批量下载 xray\Xray-core\v1.2.0\Xray-linux-mips32.zip        
[ 131/2453] Checking is OK   | E:\01.userData\ZhuoMian\Github_Releases_批量下载 xray\Xray-core\v1.2.0\Xray-linux-mips32le.zip      
[ 132/2453] Checking is OK   | E:\01.userData\ZhuoMian\Github_Releases_批量下载 xray\Xray-core\v1.2.0\Xray-linux-mips64.zip        
[ 133/2453] Checking is OK   | E:\01.userData\ZhuoMian\Github_Releases_批量下载 xray\Xray-core\v1.2.0\Xray-linux-mips64le.zip      
[ 134/2453] Checking is OK   | E:\01.userData\ZhuoMian\Github_Releases_批量下载 xray\Xray-core\v1.2.0\Xray-linux-ppc64.zip         
[ 135/2453] Checking is OK   | E:\01.userData\ZhuoMian\Github_Releases_批量下载 xray\Xray-core\v1.2.0\Xray-linux-ppc64le.zip       
[ 136/2453] Checking is OK   | E:\01.userData\ZhuoMian\Github_Releases_批量下载 xray\Xray-core\v1.2.0\Xray-linux-riscv64.zip       
[ 137/2453] Checking is OK   | E:\01.userData\ZhuoMian\Github_Releases_批量下载 xray\Xray-core\v1.2.0\Xray-linux-s390x.zip         
[ 138/2453] Checking is OK   | E:\01.userData\ZhuoMian\Github_Releases_批量下载 xray\Xray-core\v1.2.0\Xray-macos-64.zip            
[ 139/2453] Checking is OK   | E:\01.userData\ZhuoMian\Github_Releases_批量下载 xray\Xray-core\v1.2.0\Xray-openbsd-32.zip          
[ 140/2453] Checking is OK   | E:\01.userData\ZhuoMian\Github_Releases_批量下载 xray\Xray-core\v1.2.0\Xray-openbsd-64.zip          
[ 141/2453] Checking is OK   | E:\01.userData\ZhuoMian\Github_Releases_批量下载 xray\Xray-core\v1.2.0\Xray-windows-32.zip          
[ 142/2453] Checking is OK   | E:\01.userData\ZhuoMian\Github_Releases_批量下载 xray\Xray-core\v1.2.0\Xray-windows-64.zip          
[ 143/2453] Checking is OK   | E:\01.userData\ZhuoMian\Github_Releases_批量下载 xray\Xray-core\v1.2.0\Xray-windows-arm32-v7a.zip   
[ 144/2453] Checking is OK   | E:\01.userData\ZhuoMian\Github_Releases_批量下载 xray\Xray-core\v1.2.1\Xray-android-arm64-v8a.zip   
[ 145/2453] Checking is OK   | E:\01.userData\ZhuoMian\Github_Releases_批量下载 xray\Xray-core\v1.2.1\Xray-dragonfly-64.zip        
[ 146/2453] Checking is OK   | E:\01.userData\ZhuoMian\Github_Releases_批量下载 xray\Xray-core\v1.2.1\Xray-freebsd-32.zip          
[ 147/2453] Checking is OK   | E:\01.userData\ZhuoMian\Github_Releases_批量下载 xray\Xray-core\v1.2.1\Xray-freebsd-64.zip          
[ 148/2453] Checking is OK   | E:\01.userData\ZhuoMian\Github_Releases_批量下载 xray\Xray-core\v1.2.1\Xray-linux-32.zip            
[ 149/2453] Checking is OK   | E:\01.userData\ZhuoMian\Github_Releases_批量下载 xray\Xray-core\v1.2.1\Xray-linux-64.zip            
[ 150/2453] Checking is OK   | E:\01.userData\ZhuoMian\Github_Releases_批量下载 xray\Xray-core\v1.2.1\Xray-linux-arm32-v5.zip      
[ 151/2453] Checking is OK   | E:\01.userData\ZhuoMian\Github_Releases_批量下载 xray\Xray-core\v1.2.1\Xray-linux-arm32-v6.zip      
[ 152/2453] Checking is OK   | E:\01.userData\ZhuoMian\Github_Releases_批量下载 xray\Xray-core\v1.2.1\Xray-linux-arm32-v7a.zip     
[ 153/2453] Checking is OK   | E:\01.userData\ZhuoMian\Github_Releases_批量下载 xray\Xray-core\v1.2.1\Xray-linux-arm64-v8a.zip     
[ 154/2453] Checking is OK   | E:\01.userData\ZhuoMian\Github_Releases_批量下载 xray\Xray-core\v1.2.1\Xray-linux-mips32.zip        
[ 155/2453] Checking is OK   | E:\01.userData\ZhuoMian\Github_Releases_批量下载 xray\Xray-core\v1.2.1\Xray-linux-mips32le.zip      
[ 156/2453] Checking is OK   | E:\01.userData\ZhuoMian\Github_Releases_批量下载 xray\Xray-core\v1.2.1\Xray-linux-mips64.zip        
[ 157/2453] Checking is OK   | E:\01.userData\ZhuoMian\Github_Releases_批量下载 xray\Xray-core\v1.2.1\Xray-linux-mips64le.zip      
[ 158/2453] Checking is OK   | E:\01.userData\ZhuoMian\Github_Releases_批量下载 xray\Xray-core\v1.2.1\Xray-linux-ppc64.zip         
[ 159/2453] Checking is OK   | E:\01.userData\ZhuoMian\Github_Releases_批量下载 xray\Xray-core\v1.2.1\Xray-linux-ppc64le.zip       
[ 160/2453] Checking is OK   | E:\01.userData\ZhuoMian\Github_Releases_批量下载 xray\Xray-core\v1.2.1\Xray-linux-riscv64.zip       
[ 161/2453] Checking is OK   | E:\01.userData\ZhuoMian\Github_Releases_批量下载 xray\Xray-core\v1.2.1\Xray-linux-s390x.zip         
[ 162/2453] Checking is OK   | E:\01.userData\ZhuoMian\Github_Releases_批量下载 xray\Xray-core\v1.2.1\Xray-macos-64.zip            
[ 163/2453] Checking is OK   | E:\01.userData\ZhuoMian\Github_Releases_批量下载 xray\Xray-core\v1.2.1\Xray-openbsd-32.zip          
[ 164/2453] Checking is OK   | E:\01.userData\ZhuoMian\Github_Releases_批量下载 xray\Xray-core\v1.2.1\Xray-openbsd-64.zip          
[ 165/2453] Checking is OK   | E:\01.userData\ZhuoMian\Github_Releases_批量下载 xray\Xray-core\v1.2.1\Xray-windows-32.zip          
[ 166/2453] Checking is OK   | E:\01.userData\ZhuoMian\Github_Releases_批量下载 xray\Xray-core\v1.2.1\Xray-windows-64.zip          
[ 167/2453] Checking is OK   | E:\01.userData\ZhuoMian\Github_Releases_批量下载 xray\Xray-core\v1.2.1\Xray-windows-arm32-v7a.zip   
[ 168/2453] Checking is OK   | E:\01.userData\ZhuoMian\Github_Releases_批量下载 xray\Xray-core\v1.2.2\Xray-android-arm64-v8a.zip   
[ 169/2453] Checking is OK   | E:\01.userData\ZhuoMian\Github_Releases_批量下载 xray\Xray-core\v1.2.2\Xray-dragonfly-64.zip        
[ 170/2453] Checking is OK   | E:\01.userData\ZhuoMian\Github_Releases_批量下载 xray\Xray-core\v1.2.2\Xray-freebsd-32.zip          
[ 171/2453] Checking is OK   | E:\01.userData\ZhuoMian\Github_Releases_批量下载 xray\Xray-core\v1.2.2\Xray-freebsd-64.zip          
[ 172/2453] Checking is OK   | E:\01.userData\ZhuoMian\Github_Releases_批量下载 xray\Xray-core\v1.2.2\Xray-linux-32.zip            
[ 173/2453] Checking is OK   | E:\01.userData\ZhuoMian\Github_Releases_批量下载 xray\Xray-core\v1.2.2\Xray-linux-64.zip            
[ 174/2453] Checking is OK   | E:\01.userData\ZhuoMian\Github_Releases_批量下载 xray\Xray-core\v1.2.2\Xray-linux-arm32-v5.zip      
[ 175/2453] Checking is OK   | E:\01.userData\ZhuoMian\Github_Releases_批量下载 xray\Xray-core\v1.2.2\Xray-linux-arm32-v6.zip      
[ 176/2453] Checking is OK   | E:\01.userData\ZhuoMian\Github_Releases_批量下载 xray\Xray-core\v1.2.2\Xray-linux-arm32-v7a.zip     
[ 177/2453] Checking is OK   | E:\01.userData\ZhuoMian\Github_Releases_批量下载 xray\Xray-core\v1.2.2\Xray-linux-arm64-v8a.zip     
[ 178/2453] Checking is OK   | E:\01.userData\ZhuoMian\Github_Releases_批量下载 xray\Xray-core\v1.2.2\Xray-linux-mips32.zip        
[ 179/2453] Checking is OK   | E:\01.userData\ZhuoMian\Github_Releases_批量下载 xray\Xray-core\v1.2.2\Xray-linux-mips32le.zip      
[ 180/2453] Checking is OK   | E:\01.userData\ZhuoMian\Github_Releases_批量下载 xray\Xray-core\v1.2.2\Xray-linux-mips64.zip        
[ 181/2453] Checking is OK   | E:\01.userData\ZhuoMian\Github_Releases_批量下载 xray\Xray-core\v1.2.2\Xray-linux-mips64le.zip      
[ 182/2453] Checking is OK   | E:\01.userData\ZhuoMian\Github_Releases_批量下载 xray\Xray-core\v1.2.2\Xray-linux-ppc64.zip         
[ 183/2453] Checking is OK   | E:\01.userData\ZhuoMian\Github_Releases_批量下载 xray\Xray-core\v1.2.2\Xray-linux-ppc64le.zip       
[ 184/2453] Checking is OK   | E:\01.userData\ZhuoMian\Github_Releases_批量下载 xray\Xray-core\v1.2.2\Xray-linux-riscv64.zip       
[ 185/2453] Checking is OK   | E:\01.userData\ZhuoMian\Github_Releases_批量下载 xray\Xray-core\v1.2.2\Xray-linux-s390x.zip         
[ 186/2453] Checking is OK   | E:\01.userData\ZhuoMian\Github_Releases_批量下载 xray\Xray-core\v1.2.2\Xray-macos-64.zip            
[ 187/2453] Checking is OK   | E:\01.userData\ZhuoMian\Github_Releases_批量下载 xray\Xray-core\v1.2.2\Xray-macos-arm64-v8a.zip     
[ 188/2453] Checking is OK   | E:\01.userData\ZhuoMian\Github_Releases_批量下载 xray\Xray-core\v1.2.2\Xray-openbsd-32.zip          
[ 189/2453] Checking is OK   | E:\01.userData\ZhuoMian\Github_Releases_批量下载 xray\Xray-core\v1.2.2\Xray-openbsd-64.zip          
[ 190/2453] Checking is OK   | E:\01.userData\ZhuoMian\Github_Releases_批量下载 xray\Xray-core\v1.2.2\Xray-windows-32.zip          
[ 191/2453] Checking is OK   | E:\01.userData\ZhuoMian\Github_Releases_批量下载 xray\Xray-core\v1.2.2\Xray-windows-64.zip          
[ 192/2453] Checking is OK   | E:\01.userData\ZhuoMian\Github_Releases_批量下载 xray\Xray-core\v1.2.2\Xray-windows-arm32-v7a.zip   
[ 193/2453] Checking is OK   | E:\01.userData\ZhuoMian\Github_Releases_批量下载 xray\Xray-core\v1.2.3\Xray-android-arm64-v8a.zip   
[ 194/2453] Checking is OK   | E:\01.userData\ZhuoMian\Github_Releases_批量下载 xray\Xray-core\v1.2.3\Xray-dragonfly-64.zip        
[ 195/2453] Checking is OK   | E:\01.userData\ZhuoMian\Github_Releases_批量下载 xray\Xray-core\v1.2.3\Xray-freebsd-32.zip          
[ 196/2453] Checking is OK   | E:\01.userData\ZhuoMian\Github_Releases_批量下载 xray\Xray-core\v1.2.3\Xray-freebsd-64.zip          
[ 197/2453] Checking is OK   | E:\01.userData\ZhuoMian\Github_Releases_批量下载 xray\Xray-core\v1.2.3\Xray-linux-32.zip            
[ 198/2453] Checking is OK   | E:\01.userData\ZhuoMian\Github_Releases_批量下载 xray\Xray-core\v1.2.3\Xray-linux-64.zip            
[ 199/2453] Checking is OK   | E:\01.userData\ZhuoMian\Github_Releases_批量下载 xray\Xray-core\v1.2.3\Xray-linux-arm32-v5.zip      
[ 200/2453] Checking is OK   | E:\01.userData\ZhuoMian\Github_Releases_批量下载 xray\Xray-core\v1.2.3\Xray-linux-arm32-v6.zip      
[ 201/2453] Checking is OK   | E:\01.userData\ZhuoMian\Github_Releases_批量下载 xray\Xray-core\v1.2.3\Xray-linux-arm32-v7a.zip     
[ 202/2453] Checking is OK   | E:\01.userData\ZhuoMian\Github_Releases_批量下载 xray\Xray-core\v1.2.3\Xray-linux-arm64-v8a.zip     
[ 203/2453] Checking is OK   | E:\01.userData\ZhuoMian\Github_Releases_批量下载 xray\Xray-core\v1.2.3\Xray-linux-mips32.zip        
[ 204/2453] Checking is OK   | E:\01.userData\ZhuoMian\Github_Releases_批量下载 xray\Xray-core\v1.2.3\Xray-linux-mips32le.zip      
[ 205/2453] Checking is OK   | E:\01.userData\ZhuoMian\Github_Releases_批量下载 xray\Xray-core\v1.2.3\Xray-linux-mips64.zip        
[ 206/2453] Checking is OK   | E:\01.userData\ZhuoMian\Github_Releases_批量下载 xray\Xray-core\v1.2.3\Xray-linux-mips64le.zip      
[ 207/2453] Checking is OK   | E:\01.userData\ZhuoMian\Github_Releases_批量下载 xray\Xray-core\v1.2.3\Xray-linux-ppc64.zip         
[ 208/2453] Checking is OK   | E:\01.userData\ZhuoMian\Github_Releases_批量下载 xray\Xray-core\v1.2.3\Xray-linux-ppc64le.zip       
[ 209/2453] Checking is OK   | E:\01.userData\ZhuoMian\Github_Releases_批量下载 xray\Xray-core\v1.2.3\Xray-linux-riscv64.zip       
[ 210/2453] Checking is OK   | E:\01.userData\ZhuoMian\Github_Releases_批量下载 xray\Xray-core\v1.2.3\Xray-linux-s390x.zip         
[ 211/2453] Checking is OK   | E:\01.userData\ZhuoMian\Github_Releases_批量下载 xray\Xray-core\v1.2.3\Xray-macos-64.zip            
[ 212/2453] Checking is OK   | E:\01.userData\ZhuoMian\Github_Releases_批量下载 xray\Xray-core\v1.2.3\Xray-macos-arm64-v8a.zip     
[ 213/2453] Checking is OK   | E:\01.userData\ZhuoMian\Github_Releases_批量下载 xray\Xray-core\v1.2.3\Xray-openbsd-32.zip          
[ 214/2453] Checking is OK   | E:\01.userData\ZhuoMian\Github_Releases_批量下载 xray\Xray-core\v1.2.3\Xray-openbsd-64.zip          
[ 215/2453] Checking is OK   | E:\01.userData\ZhuoMian\Github_Releases_批量下载 xray\Xray-core\v1.2.3\Xray-windows-32.zip          
[ 216/2453] Checking is OK   | E:\01.userData\ZhuoMian\Github_Releases_批量下载 xray\Xray-core\v1.2.3\Xray-windows-64.zip          
[ 217/2453] Checking is OK   | E:\01.userData\ZhuoMian\Github_Releases_批量下载 xray\Xray-core\v1.2.3\Xray-windows-arm32-v7a.zip   
[ 218/2453] Checking is OK   | E:\01.userData\ZhuoMian\Github_Releases_批量下载 xray\Xray-core\v1.2.4\Xray-android-arm64-v8a.zip   
[ 219/2453] Checking is OK   | E:\01.userData\ZhuoMian\Github_Releases_批量下载 xray\Xray-core\v1.2.4\Xray-dragonfly-64.zip        
[ 220/2453] Checking is OK   | E:\01.userData\ZhuoMian\Github_Releases_批量下载 xray\Xray-core\v1.2.4\Xray-freebsd-32.zip          
[ 221/2453] Checking is OK   | E:\01.userData\ZhuoMian\Github_Releases_批量下载 xray\Xray-core\v1.2.4\Xray-freebsd-64.zip          
[ 222/2453] Checking is OK   | E:\01.userData\ZhuoMian\Github_Releases_批量下载 xray\Xray-core\v1.2.4\Xray-linux-32.zip            
[ 223/2453] Checking is OK   | E:\01.userData\ZhuoMian\Github_Releases_批量下载 xray\Xray-core\v1.2.4\Xray-linux-64.zip            
[ 224/2453] Checking is OK   | E:\01.userData\ZhuoMian\Github_Releases_批量下载 xray\Xray-core\v1.2.4\Xray-linux-arm32-v5.zip      
[ 225/2453] Checking is OK   | E:\01.userData\ZhuoMian\Github_Releases_批量下载 xray\Xray-core\v1.2.4\Xray-linux-arm32-v6.zip      
[ 226/2453] Checking is OK   | E:\01.userData\ZhuoMian\Github_Releases_批量下载 xray\Xray-core\v1.2.4\Xray-linux-arm32-v7a.zip     
[ 227/2453] Checking is OK   | E:\01.userData\ZhuoMian\Github_Releases_批量下载 xray\Xray-core\v1.2.4\Xray-linux-arm64-v8a.zip     
[ 228/2453] Checking is OK   | E:\01.userData\ZhuoMian\Github_Releases_批量下载 xray\Xray-core\v1.2.4\Xray-linux-mips32.zip        
[ 229/2453] Checking is OK   | E:\01.userData\ZhuoMian\Github_Releases_批量下载 xray\Xray-core\v1.2.4\Xray-linux-mips32le.zip      
[ 230/2453] Checking is OK   | E:\01.userData\ZhuoMian\Github_Releases_批量下载 xray\Xray-core\v1.2.4\Xray-linux-mips64.zip        
[ 231/2453] Checking is OK   | E:\01.userData\ZhuoMian\Github_Releases_批量下载 xray\Xray-core\v1.2.4\Xray-linux-mips64le.zip      
[ 232/2453] Checking is OK   | E:\01.userData\ZhuoMian\Github_Releases_批量下载 xray\Xray-core\v1.2.4\Xray-linux-ppc64.zip         
[ 233/2453] Checking is OK   | E:\01.userData\ZhuoMian\Github_Releases_批量下载 xray\Xray-core\v1.2.4\Xray-linux-ppc64le.zip       
[ 234/2453] Checking is OK   | E:\01.userData\ZhuoMian\Github_Releases_批量下载 xray\Xray-core\v1.2.4\Xray-linux-riscv64.zip       
[ 235/2453] Checking is OK   | E:\01.userData\ZhuoMian\Github_Releases_批量下载 xray\Xray-core\v1.2.4\Xray-linux-s390x.zip         
[ 236/2453] Checking is OK   | E:\01.userData\ZhuoMian\Github_Releases_批量下载 xray\Xray-core\v1.2.4\Xray-macos-64.zip            
[ 237/2453] Checking is OK   | E:\01.userData\ZhuoMian\Github_Releases_批量下载 xray\Xray-core\v1.2.4\Xray-macos-arm64-v8a.zip     
[ 238/2453] Checking is OK   | E:\01.userData\ZhuoMian\Github_Releases_批量下载 xray\Xray-core\v1.2.4\Xray-openbsd-32.zip          
[ 239/2453] Checking is OK   | E:\01.userData\ZhuoMian\Github_Releases_批量下载 xray\Xray-core\v1.2.4\Xray-openbsd-64.zip          
[ 240/2453] Checking is OK   | E:\01.userData\ZhuoMian\Github_Releases_批量下载 xray\Xray-core\v1.2.4\Xray-windows-32.zip          
[ 241/2453] Checking is OK   | E:\01.userData\ZhuoMian\Github_Releases_批量下载 xray\Xray-core\v1.2.4\Xray-windows-64.zip          
[ 242/2453] Checking is OK   | E:\01.userData\ZhuoMian\Github_Releases_批量下载 xray\Xray-core\v1.2.4\Xray-windows-arm32-v7a.zip   
[ 243/2453] Checking is OK   | E:\01.userData\ZhuoMian\Github_Releases_批量下载 xray\Xray-core\v1.3.0\Xray-android-arm64-v8a.zip   
[ 244/2453] Checking is OK   | E:\01.userData\ZhuoMian\Github_Releases_批量下载 xray\Xray-core\v1.3.0\Xray-dragonfly-64.zip        
[ 245/2453] Checking is OK   | E:\01.userData\ZhuoMian\Github_Releases_批量下载 xray\Xray-core\v1.3.0\Xray-freebsd-32.zip          
[ 246/2453] Checking is OK   | E:\01.userData\ZhuoMian\Github_Releases_批量下载 xray\Xray-core\v1.3.0\Xray-freebsd-64.zip          
[ 247/2453] Checking is OK   | E:\01.userData\ZhuoMian\Github_Releases_批量下载 xray\Xray-core\v1.3.0\Xray-linux-32.zip            
[ 248/2453] Checking is OK   | E:\01.userData\ZhuoMian\Github_Releases_批量下载 xray\Xray-core\v1.3.0\Xray-linux-64.zip            
[ 249/2453] Checking is OK   | E:\01.userData\ZhuoMian\Github_Releases_批量下载 xray\Xray-core\v1.3.0\Xray-linux-arm32-v5.zip      
[ 250/2453] Checking is OK   | E:\01.userData\ZhuoMian\Github_Releases_批量下载 xray\Xray-core\v1.3.0\Xray-linux-arm32-v6.zip      
[ 251/2453] Checking is OK   | E:\01.userData\ZhuoMian\Github_Releases_批量下载 xray\Xray-core\v1.3.0\Xray-linux-arm32-v7a.zip     
[ 252/2453] Checking is OK   | E:\01.userData\ZhuoMian\Github_Releases_批量下载 xray\Xray-core\v1.3.0\Xray-linux-arm64-v8a.zip     
[ 253/2453] Checking is OK   | E:\01.userData\ZhuoMian\Github_Releases_批量下载 xray\Xray-core\v1.3.0\Xray-linux-mips32.zip        
[ 254/2453] Checking is OK   | E:\01.userData\ZhuoMian\Github_Releases_批量下载 xray\Xray-core\v1.3.0\Xray-linux-mips32le.zip      
[ 255/2453] Checking is OK   | E:\01.userData\ZhuoMian\Github_Releases_批量下载 xray\Xray-core\v1.3.0\Xray-linux-mips64.zip        
[ 256/2453] Checking is OK   | E:\01.userData\ZhuoMian\Github_Releases_批量下载 xray\Xray-core\v1.3.0\Xray-linux-mips64le.zip      
[ 257/2453] Checking is OK   | E:\01.userData\ZhuoMian\Github_Releases_批量下载 xray\Xray-core\v1.3.0\Xray-linux-ppc64.zip         
[ 258/2453] Checking is OK   | E:\01.userData\ZhuoMian\Github_Releases_批量下载 xray\Xray-core\v1.3.0\Xray-linux-ppc64le.zip       
[ 259/2453] Checking is OK   | E:\01.userData\ZhuoMian\Github_Releases_批量下载 xray\Xray-core\v1.3.0\Xray-linux-riscv64.zip       
[ 260/2453] Checking is OK   | E:\01.userData\ZhuoMian\Github_Releases_批量下载 xray\Xray-core\v1.3.0\Xray-linux-s390x.zip         
[ 261/2453] Checking is OK   | E:\01.userData\ZhuoMian\Github_Releases_批量下载 xray\Xray-core\v1.3.0\Xray-macos-64.zip            
[ 262/2453] Checking is OK   | E:\01.userData\ZhuoMian\Github_Releases_批量下载 xray\Xray-core\v1.3.0\Xray-macos-arm64-v8a.zip     
[ 263/2453] Checking is OK   | E:\01.userData\ZhuoMian\Github_Releases_批量下载 xray\Xray-core\v1.3.0\Xray-openbsd-32.zip          
[ 264/2453] Checking is OK   | E:\01.userData\ZhuoMian\Github_Releases_批量下载 xray\Xray-core\v1.3.0\Xray-openbsd-64.zip          
[ 265/2453] Checking is OK   | E:\01.userData\ZhuoMian\Github_Releases_批量下载 xray\Xray-core\v1.3.0\Xray-windows-32.zip          
[ 266/2453] Checking is OK   | E:\01.userData\ZhuoMian\Github_Releases_批量下载 xray\Xray-core\v1.3.0\Xray-windows-64.zip          
[ 267/2453] Checking is OK   | E:\01.userData\ZhuoMian\Github_Releases_批量下载 xray\Xray-core\v1.3.0\Xray-windows-arm32-v7a.zip   
[ 268/2453] Checking is OK   | E:\01.userData\ZhuoMian\Github_Releases_批量下载 xray\Xray-core\v1.3.1\Xray-android-arm64-v8a.zip   
[ 269/2453] Checking is OK   | E:\01.userData\ZhuoMian\Github_Releases_批量下载 xray\Xray-core\v1.3.1\Xray-dragonfly-64.zip        
[ 270/2453] Checking is OK   | E:\01.userData\ZhuoMian\Github_Releases_批量下载 xray\Xray-core\v1.3.1\Xray-freebsd-32.zip          
[ 271/2453] Checking is OK   | E:\01.userData\ZhuoMian\Github_Releases_批量下载 xray\Xray-core\v1.3.1\Xray-freebsd-64.zip          
[ 272/2453] Checking is OK   | E:\01.userData\ZhuoMian\Github_Releases_批量下载 xray\Xray-core\v1.3.1\Xray-freebsd-arm32-v7a.zip   
[ 273/2453] Checking is OK   | E:\01.userData\ZhuoMian\Github_Releases_批量下载 xray\Xray-core\v1.3.1\Xray-freebsd-arm64-v8a.zip   
[ 274/2453] Checking is OK   | E:\01.userData\ZhuoMian\Github_Releases_批量下载 xray\Xray-core\v1.3.1\Xray-linux-32.zip            
[ 275/2453] Checking is OK   | E:\01.userData\ZhuoMian\Github_Releases_批量下载 xray\Xray-core\v1.3.1\Xray-linux-64.zip            
[ 276/2453] Checking is OK   | E:\01.userData\ZhuoMian\Github_Releases_批量下载 xray\Xray-core\v1.3.1\Xray-linux-arm32-v5.zip      
[ 277/2453] Checking is OK   | E:\01.userData\ZhuoMian\Github_Releases_批量下载 xray\Xray-core\v1.3.1\Xray-linux-arm32-v6.zip      
[ 278/2453] Checking is OK   | E:\01.userData\ZhuoMian\Github_Releases_批量下载 xray\Xray-core\v1.3.1\Xray-linux-arm32-v7a.zip     
[ 279/2453] Checking is OK   | E:\01.userData\ZhuoMian\Github_Releases_批量下载 xray\Xray-core\v1.3.1\Xray-linux-arm64-v8a.zip     
[ 280/2453] Checking is OK   | E:\01.userData\ZhuoMian\Github_Releases_批量下载 xray\Xray-core\v1.3.1\Xray-linux-mips32.zip        
[ 281/2453] Checking is OK   | E:\01.userData\ZhuoMian\Github_Releases_批量下载 xray\Xray-core\v1.3.1\Xray-linux-mips32le.zip      
[ 282/2453] Checking is OK   | E:\01.userData\ZhuoMian\Github_Releases_批量下载 xray\Xray-core\v1.3.1\Xray-linux-mips64.zip        
[ 283/2453] Checking is OK   | E:\01.userData\ZhuoMian\Github_Releases_批量下载 xray\Xray-core\v1.3.1\Xray-linux-mips64le.zip      
[ 284/2453] Checking is OK   | E:\01.userData\ZhuoMian\Github_Releases_批量下载 xray\Xray-core\v1.3.1\Xray-linux-ppc64.zip         
[ 285/2453] Checking is OK   | E:\01.userData\ZhuoMian\Github_Releases_批量下载 xray\Xray-core\v1.3.1\Xray-linux-riscv64.zip       
[ 286/2453] Checking is OK   | E:\01.userData\ZhuoMian\Github_Releases_批量下载 xray\Xray-core\v1.3.1\Xray-linux-rppc64le.zip      
[ 287/2453] Checking is OK   | E:\01.userData\ZhuoMian\Github_Releases_批量下载 xray\Xray-core\v1.3.1\Xray-linux-s390x.zip         
[ 288/2453] Checking is OK   | E:\01.userData\ZhuoMian\Github_Releases_批量下载 xray\Xray-core\v1.3.1\Xray-macos-64.zip            
[ 289/2453] Checking is OK   | E:\01.userData\ZhuoMian\Github_Releases_批量下载 xray\Xray-core\v1.3.1\Xray-macos-arm64-v8a.zip     
[ 290/2453] Checking is OK   | E:\01.userData\ZhuoMian\Github_Releases_批量下载 xray\Xray-core\v1.3.1\Xray-openbsd-32.zip          
[ 291/2453] Checking is OK   | E:\01.userData\ZhuoMian\Github_Releases_批量下载 xray\Xray-core\v1.3.1\Xray-openbsd-64.zip          
[ 292/2453] Checking is OK   | E:\01.userData\ZhuoMian\Github_Releases_批量下载 xray\Xray-core\v1.3.1\Xray-openbsd-arm32-v7a.zip   
[ 293/2453] Checking is OK   | E:\01.userData\ZhuoMian\Github_Releases_批量下载 xray\Xray-core\v1.3.1\Xray-openbsd-arm64-v8a.zip   
[ 294/2453] Checking is OK   | E:\01.userData\ZhuoMian\Github_Releases_批量下载 xray\Xray-core\v1.3.1\Xray-windows-32.zip          
[ 295/2453] Checking is OK   | E:\01.userData\ZhuoMian\Github_Releases_批量下载 xray\Xray-core\v1.3.1\Xray-windows-64.zip          
[ 296/2453] Checking is OK   | E:\01.userData\ZhuoMian\Github_Releases_批量下载 xray\Xray-core\v1.3.1\Xray-windows-arm32-v7a.zip   
[ 297/2453] Checking is OK   | E:\01.userData\ZhuoMian\Github_Releases_批量下载 xray\Xray-core\v1.4.0\Xray-android-arm64-v8a.zip   
[ 298/2453] Checking is OK   | E:\01.userData\ZhuoMian\Github_Releases_批量下载 xray\Xray-core\v1.4.0\Xray-dragonfly-64.zip        
[ 299/2453] Checking is OK   | E:\01.userData\ZhuoMian\Github_Releases_批量下载 xray\Xray-core\v1.4.0\Xray-freebsd-32.zip          
[ 300/2453] Checking is OK   | E:\01.userData\ZhuoMian\Github_Releases_批量下载 xray\Xray-core\v1.4.0\Xray-freebsd-64.zip          
[ 301/2453] Checking is OK   | E:\01.userData\ZhuoMian\Github_Releases_批量下载 xray\Xray-core\v1.4.0\Xray-freebsd-arm32-v7a.zip   
[ 302/2453] Checking is OK   | E:\01.userData\ZhuoMian\Github_Releases_批量下载 xray\Xray-core\v1.4.0\Xray-freebsd-arm64-v8a.zip   
[ 303/2453] Checking is OK   | E:\01.userData\ZhuoMian\Github_Releases_批量下载 xray\Xray-core\v1.4.0\Xray-linux-32.zip            
[ 304/2453] Checking is OK   | E:\01.userData\ZhuoMian\Github_Releases_批量下载 xray\Xray-core\v1.4.0\Xray-linux-64.zip            
[ 305/2453] Checking is OK   | E:\01.userData\ZhuoMian\Github_Releases_批量下载 xray\Xray-core\v1.4.0\Xray-linux-arm32-v5.zip      
[ 306/2453] Checking is OK   | E:\01.userData\ZhuoMian\Github_Releases_批量下载 xray\Xray-core\v1.4.0\Xray-linux-arm32-v6.zip      
[ 307/2453] Checking is OK   | E:\01.userData\ZhuoMian\Github_Releases_批量下载 xray\Xray-core\v1.4.0\Xray-linux-arm32-v7a.zip     
[ 308/2453] Checking is OK   | E:\01.userData\ZhuoMian\Github_Releases_批量下载 xray\Xray-core\v1.4.0\Xray-linux-arm64-v8a.zip     
[ 309/2453] Checking is OK   | E:\01.userData\ZhuoMian\Github_Releases_批量下载 xray\Xray-core\v1.4.0\Xray-linux-mips32.zip        
[ 310/2453] Checking is OK   | E:\01.userData\ZhuoMian\Github_Releases_批量下载 xray\Xray-core\v1.4.0\Xray-linux-mips32le.zip      
[ 311/2453] Checking is OK   | E:\01.userData\ZhuoMian\Github_Releases_批量下载 xray\Xray-core\v1.4.0\Xray-linux-mips64.zip        
[ 312/2453] Checking is OK   | E:\01.userData\ZhuoMian\Github_Releases_批量下载 xray\Xray-core\v1.4.0\Xray-linux-mips64le.zip      
[ 313/2453] Checking is OK   | E:\01.userData\ZhuoMian\Github_Releases_批量下载 xray\Xray-core\v1.4.0\Xray-linux-ppc64.zip         
[ 314/2453] Checking is OK   | E:\01.userData\ZhuoMian\Github_Releases_批量下载 xray\Xray-core\v1.4.0\Xray-linux-ppc64le.zip       
[ 315/2453] Checking is OK   | E:\01.userData\ZhuoMian\Github_Releases_批量下载 xray\Xray-core\v1.4.0\Xray-linux-riscv64.zip       
[ 316/2453] Checking is OK   | E:\01.userData\ZhuoMian\Github_Releases_批量下载 xray\Xray-core\v1.4.0\Xray-linux-s390x.zip         
[ 317/2453] Checking is OK   | E:\01.userData\ZhuoMian\Github_Releases_批量下载 xray\Xray-core\v1.4.0\Xray-macos-64.zip            
[ 318/2453] Checking is OK   | E:\01.userData\ZhuoMian\Github_Releases_批量下载 xray\Xray-core\v1.4.0\Xray-macos-arm64-v8a.zip     
[ 319/2453] Checking is OK   | E:\01.userData\ZhuoMian\Github_Releases_批量下载 xray\Xray-core\v1.4.0\Xray-openbsd-32.zip          
[ 320/2453] Checking is OK   | E:\01.userData\ZhuoMian\Github_Releases_批量下载 xray\Xray-core\v1.4.0\Xray-openbsd-64.zip          
[ 321/2453] Checking is OK   | E:\01.userData\ZhuoMian\Github_Releases_批量下载 xray\Xray-core\v1.4.0\Xray-openbsd-arm32-v7a.zip   
[ 322/2453] Checking is OK   | E:\01.userData\ZhuoMian\Github_Releases_批量下载 xray\Xray-core\v1.4.0\Xray-openbsd-arm64-v8a.zip   
[ 323/2453] Checking is OK   | E:\01.userData\ZhuoMian\Github_Releases_批量下载 xray\Xray-core\v1.4.0\Xray-windows-32.zip          
[ 324/2453] Checking is OK   | E:\01.userData\ZhuoMian\Github_Releases_批量下载 xray\Xray-core\v1.4.0\Xray-windows-64.zip          
[ 325/2453] Checking is OK   | E:\01.userData\ZhuoMian\Github_Releases_批量下载 xray\Xray-core\v1.4.0\Xray-windows-arm32-v7a.zip   
[ 326/2453] Checking is OK   | E:\01.userData\ZhuoMian\Github_Releases_批量下载 xray\Xray-core\v1.4.2\Xray-android-arm64-v8a.zip   
[ 327/2453] Checking is OK   | E:\01.userData\ZhuoMian\Github_Releases_批量下载 xray\Xray-core\v1.4.2\Xray-dragonfly-64.zip        
[ 328/2453] Checking is OK   | E:\01.userData\ZhuoMian\Github_Releases_批量下载 xray\Xray-core\v1.4.2\Xray-freebsd-32.zip          
[ 329/2453] Checking is OK   | E:\01.userData\ZhuoMian\Github_Releases_批量下载 xray\Xray-core\v1.4.2\Xray-freebsd-64.zip          
[ 330/2453] Checking is OK   | E:\01.userData\ZhuoMian\Github_Releases_批量下载 xray\Xray-core\v1.4.2\Xray-freebsd-arm32-v7a.zip   
[ 331/2453] Checking is OK   | E:\01.userData\ZhuoMian\Github_Releases_批量下载 xray\Xray-core\v1.4.2\Xray-freebsd-arm64-v8a.zip   
[ 332/2453] Checking is OK   | E:\01.userData\ZhuoMian\Github_Releases_批量下载 xray\Xray-core\v1.4.2\Xray-linux-32.zip            
[ 333/2453] Checking is OK   | E:\01.userData\ZhuoMian\Github_Releases_批量下载 xray\Xray-core\v1.4.2\Xray-linux-64.zip            
[ 334/2453] Checking is OK   | E:\01.userData\ZhuoMian\Github_Releases_批量下载 xray\Xray-core\v1.4.2\Xray-linux-arm32-v5.zip      
[ 335/2453] Checking is OK   | E:\01.userData\ZhuoMian\Github_Releases_批量下载 xray\Xray-core\v1.4.2\Xray-linux-arm32-v6.zip      
[ 336/2453] Checking is OK   | E:\01.userData\ZhuoMian\Github_Releases_批量下载 xray\Xray-core\v1.4.2\Xray-linux-arm32-v7a.zip     
[ 337/2453] Checking is OK   | E:\01.userData\ZhuoMian\Github_Releases_批量下载 xray\Xray-core\v1.4.2\Xray-linux-arm64-v8a.zip     
[ 338/2453] Checking is OK   | E:\01.userData\ZhuoMian\Github_Releases_批量下载 xray\Xray-core\v1.4.2\Xray-linux-mips32.zip        
[ 339/2453] Checking is OK   | E:\01.userData\ZhuoMian\Github_Releases_批量下载 xray\Xray-core\v1.4.2\Xray-linux-mips32le.zip      
[ 340/2453] Checking is OK   | E:\01.userData\ZhuoMian\Github_Releases_批量下载 xray\Xray-core\v1.4.2\Xray-linux-mips64.zip        
[ 341/2453] Checking is OK   | E:\01.userData\ZhuoMian\Github_Releases_批量下载 xray\Xray-core\v1.4.2\Xray-linux-mips64le.zip      
[ 342/2453] Checking is OK   | E:\01.userData\ZhuoMian\Github_Releases_批量下载 xray\Xray-core\v1.4.2\Xray-linux-ppc64.zip         
[ 343/2453] Checking is OK   | E:\01.userData\ZhuoMian\Github_Releases_批量下载 xray\Xray-core\v1.4.2\Xray-linux-ppc64le.zip       
[ 344/2453] Checking is OK   | E:\01.userData\ZhuoMian\Github_Releases_批量下载 xray\Xray-core\v1.4.2\Xray-linux-riscv64.zip       
[ 345/2453] Checking is OK   | E:\01.userData\ZhuoMian\Github_Releases_批量下载 xray\Xray-core\v1.4.2\Xray-linux-s390x.zip         
[ 346/2453] Checking is OK   | E:\01.userData\ZhuoMian\Github_Releases_批量下载 xray\Xray-core\v1.4.2\Xray-macos-64.zip            
[ 347/2453] Checking is OK   | E:\01.userData\ZhuoMian\Github_Releases_批量下载 xray\Xray-core\v1.4.2\Xray-macos-arm64-v8a.zip     
[ 348/2453] Checking is OK   | E:\01.userData\ZhuoMian\Github_Releases_批量下载 xray\Xray-core\v1.4.2\Xray-openbsd-32.zip          
[ 349/2453] Checking is OK   | E:\01.userData\ZhuoMian\Github_Releases_批量下载 xray\Xray-core\v1.4.2\Xray-openbsd-64.zip          
[ 350/2453] Checking is OK   | E:\01.userData\ZhuoMian\Github_Releases_批量下载 xray\Xray-core\v1.4.2\Xray-openbsd-arm32-v7a.zip   
[ 351/2453] Checking is OK   | E:\01.userData\ZhuoMian\Github_Releases_批量下载 xray\Xray-core\v1.4.2\Xray-openbsd-arm64-v8a.zip   
[ 352/2453] Checking is OK   | E:\01.userData\ZhuoMian\Github_Releases_批量下载 xray\Xray-core\v1.4.2\Xray-windows-32.zip          
[ 353/2453] Checking is OK   | E:\01.userData\ZhuoMian\Github_Releases_批量下载 xray\Xray-core\v1.4.2\Xray-windows-64.zip          
[ 354/2453] Checking is OK   | E:\01.userData\ZhuoMian\Github_Releases_批量下载 xray\Xray-core\v1.4.2\Xray-windows-arm32-v7a.zip   
[ 355/2453] Checking is OK   | E:\01.userData\ZhuoMian\Github_Releases_批量下载 xray\Xray-core\v1.4.3\Xray-android-arm64-v8a.zip   
[ 356/2453] Checking is OK   | E:\01.userData\ZhuoMian\Github_Releases_批量下载 xray\Xray-core\v1.4.3\Xray-dragonfly-64.zip        
[ 357/2453] Checking is OK   | E:\01.userData\ZhuoMian\Github_Releases_批量下载 xray\Xray-core\v1.4.3\Xray-freebsd-32.zip          
[ 358/2453] Checking is OK   | E:\01.userData\ZhuoMian\Github_Releases_批量下载 xray\Xray-core\v1.4.3\Xray-freebsd-64.zip          
[ 359/2453] Checking is OK   | E:\01.userData\ZhuoMian\Github_Releases_批量下载 xray\Xray-core\v1.4.3\Xray-freebsd-arm32-v7a.zip   
[ 360/2453] Checking is OK   | E:\01.userData\ZhuoMian\Github_Releases_批量下载 xray\Xray-core\v1.4.3\Xray-freebsd-arm64-v8a.zip   
[ 361/2453] Checking is OK   | E:\01.userData\ZhuoMian\Github_Releases_批量下载 xray\Xray-core\v1.4.3\Xray-linux-32.zip            
[ 362/2453] Checking is OK   | E:\01.userData\ZhuoMian\Github_Releases_批量下载 xray\Xray-core\v1.4.3\Xray-linux-64.zip            
[ 363/2453] Checking is OK   | E:\01.userData\ZhuoMian\Github_Releases_批量下载 xray\Xray-core\v1.4.3\Xray-linux-arm32-v5.zip      
[ 364/2453] Checking is OK   | E:\01.userData\ZhuoMian\Github_Releases_批量下载 xray\Xray-core\v1.4.3\Xray-linux-arm32-v6.zip      
[ 365/2453] Checking is OK   | E:\01.userData\ZhuoMian\Github_Releases_批量下载 xray\Xray-core\v1.4.3\Xray-linux-arm32-v7a.zip     
[ 366/2453] Checking is OK   | E:\01.userData\ZhuoMian\Github_Releases_批量下载 xray\Xray-core\v1.4.3\Xray-linux-arm64-v8a.zip     
[ 367/2453] Checking is OK   | E:\01.userData\ZhuoMian\Github_Releases_批量下载 xray\Xray-core\v1.4.3\Xray-linux-mips32.zip        
[ 368/2453] Checking is OK   | E:\01.userData\ZhuoMian\Github_Releases_批量下载 xray\Xray-core\v1.4.3\Xray-linux-mips32le.zip      
[ 369/2453] Checking is OK   | E:\01.userData\ZhuoMian\Github_Releases_批量下载 xray\Xray-core\v1.4.3\Xray-linux-mips64.zip        
[ 370/2453] Checking is OK   | E:\01.userData\ZhuoMian\Github_Releases_批量下载 xray\Xray-core\v1.4.3\Xray-linux-mips64le.zip      
[ 371/2453] Checking is OK   | E:\01.userData\ZhuoMian\Github_Releases_批量下载 xray\Xray-core\v1.4.3\Xray-linux-ppc64.zip         
[ 372/2453] Checking is OK   | E:\01.userData\ZhuoMian\Github_Releases_批量下载 xray\Xray-core\v1.4.3\Xray-linux-ppc64le.zip       
[ 373/2453] Checking is OK   | E:\01.userData\ZhuoMian\Github_Releases_批量下载 xray\Xray-core\v1.4.3\Xray-linux-riscv64.zip       
[ 374/2453] Checking is OK   | E:\01.userData\ZhuoMian\Github_Releases_批量下载 xray\Xray-core\v1.4.3\Xray-linux-s390x.zip         
[ 375/2453] Checking is OK   | E:\01.userData\ZhuoMian\Github_Releases_批量下载 xray\Xray-core\v1.4.3\Xray-macos-64.zip            
[ 376/2453] Checking is OK   | E:\01.userData\ZhuoMian\Github_Releases_批量下载 xray\Xray-core\v1.4.3\Xray-macos-arm64-v8a.zip     
[ 377/2453] Checking is OK   | E:\01.userData\ZhuoMian\Github_Releases_批量下载 xray\Xray-core\v1.4.3\Xray-openbsd-32.zip          
[ 378/2453] Checking is OK   | E:\01.userData\ZhuoMian\Github_Releases_批量下载 xray\Xray-core\v1.4.3\Xray-openbsd-64.zip          
[ 379/2453] Checking is OK   | E:\01.userData\ZhuoMian\Github_Releases_批量下载 xray\Xray-core\v1.4.3\Xray-openbsd-arm32-v7a.zip   
[ 380/2453] Checking is OK   | E:\01.userData\ZhuoMian\Github_Releases_批量下载 xray\Xray-core\v1.4.3\Xray-openbsd-arm64-v8a.zip   
[ 381/2453] Checking is OK   | E:\01.userData\ZhuoMian\Github_Releases_批量下载 xray\Xray-core\v1.4.3\Xray-windows-32.zip          
[ 382/2453] Checking is OK   | E:\01.userData\ZhuoMian\Github_Releases_批量下载 xray\Xray-core\v1.4.3\Xray-windows-64.zip          
[ 383/2453] Checking is OK   | E:\01.userData\ZhuoMian\Github_Releases_批量下载 xray\Xray-core\v1.4.3\Xray-windows-arm32-v7a.zip   
[ 384/2453] Checking is OK   | E:\01.userData\ZhuoMian\Github_Releases_批量下载 xray\Xray-core\v1.4.5\Xray-android-arm64-v8a.zip   
[ 385/2453] Checking is OK   | E:\01.userData\ZhuoMian\Github_Releases_批量下载 xray\Xray-core\v1.4.5\Xray-dragonfly-64.zip        
[ 386/2453] Checking is OK   | E:\01.userData\ZhuoMian\Github_Releases_批量下载 xray\Xray-core\v1.4.5\Xray-freebsd-32.zip          
[ 387/2453] Checking is OK   | E:\01.userData\ZhuoMian\Github_Releases_批量下载 xray\Xray-core\v1.4.5\Xray-freebsd-64.zip          
[ 388/2453] Checking is OK   | E:\01.userData\ZhuoMian\Github_Releases_批量下载 xray\Xray-core\v1.4.5\Xray-freebsd-arm32-v7a.zip   
[ 389/2453] Checking is OK   | E:\01.userData\ZhuoMian\Github_Releases_批量下载 xray\Xray-core\v1.4.5\Xray-freebsd-arm64-v8a.zip   
[ 390/2453] Checking is OK   | E:\01.userData\ZhuoMian\Github_Releases_批量下载 xray\Xray-core\v1.4.5\Xray-linux-32.zip            
[ 391/2453] Checking is OK   | E:\01.userData\ZhuoMian\Github_Releases_批量下载 xray\Xray-core\v1.4.5\Xray-linux-64.zip            
[ 392/2453] Checking is OK   | E:\01.userData\ZhuoMian\Github_Releases_批量下载 xray\Xray-core\v1.4.5\Xray-linux-arm32-v5.zip      
[ 393/2453] Checking is OK   | E:\01.userData\ZhuoMian\Github_Releases_批量下载 xray\Xray-core\v1.4.5\Xray-linux-arm32-v6.zip      
[ 394/2453] Checking is OK   | E:\01.userData\ZhuoMian\Github_Releases_批量下载 xray\Xray-core\v1.4.5\Xray-linux-arm32-v7a.zip     
[ 395/2453] Checking is OK   | E:\01.userData\ZhuoMian\Github_Releases_批量下载 xray\Xray-core\v1.4.5\Xray-linux-arm64-v8a.zip     
[ 396/2453] Checking is OK   | E:\01.userData\ZhuoMian\Github_Releases_批量下载 xray\Xray-core\v1.4.5\Xray-linux-mips32.zip        
[ 397/2453] Checking is OK   | E:\01.userData\ZhuoMian\Github_Releases_批量下载 xray\Xray-core\v1.4.5\Xray-linux-mips32le.zip      
[ 398/2453] Checking is OK   | E:\01.userData\ZhuoMian\Github_Releases_批量下载 xray\Xray-core\v1.4.5\Xray-linux-mips64.zip        
[ 399/2453] Checking is OK   | E:\01.userData\ZhuoMian\Github_Releases_批量下载 xray\Xray-core\v1.4.5\Xray-linux-mips64le.zip      
[ 400/2453] Checking is OK   | E:\01.userData\ZhuoMian\Github_Releases_批量下载 xray\Xray-core\v1.4.5\Xray-linux-ppc64.zip         
[ 401/2453] Checking is OK   | E:\01.userData\ZhuoMian\Github_Releases_批量下载 xray\Xray-core\v1.4.5\Xray-linux-ppc64le.zip       
[ 402/2453] Checking is OK   | E:\01.userData\ZhuoMian\Github_Releases_批量下载 xray\Xray-core\v1.4.5\Xray-linux-riscv64.zip       
[ 403/2453] Checking is OK   | E:\01.userData\ZhuoMian\Github_Releases_批量下载 xray\Xray-core\v1.4.5\Xray-linux-s390x.zip         
[ 404/2453] Checking is OK   | E:\01.userData\ZhuoMian\Github_Releases_批量下载 xray\Xray-core\v1.4.5\Xray-macos-64.zip            
[ 405/2453] Checking is OK   | E:\01.userData\ZhuoMian\Github_Releases_批量下载 xray\Xray-core\v1.4.5\Xray-macos-arm64-v8a.zip     
[ 406/2453] Checking is OK   | E:\01.userData\ZhuoMian\Github_Releases_批量下载 xray\Xray-core\v1.4.5\Xray-openbsd-32.zip          
[ 407/2453] Checking is OK   | E:\01.userData\ZhuoMian\Github_Releases_批量下载 xray\Xray-core\v1.4.5\Xray-openbsd-64.zip          
[ 408/2453] Checking is OK   | E:\01.userData\ZhuoMian\Github_Releases_批量下载 xray\Xray-core\v1.4.5\Xray-openbsd-arm32-v7a.zip   
[ 409/2453] Checking is OK   | E:\01.userData\ZhuoMian\Github_Releases_批量下载 xray\Xray-core\v1.4.5\Xray-openbsd-arm64-v8a.zip   
[ 410/2453] Checking is OK   | E:\01.userData\ZhuoMian\Github_Releases_批量下载 xray\Xray-core\v1.4.5\Xray-windows-32.zip          
[ 411/2453] Checking is OK   | E:\01.userData\ZhuoMian\Github_Releases_批量下载 xray\Xray-core\v1.4.5\Xray-windows-64.zip          
[ 412/2453] Checking is OK   | E:\01.userData\ZhuoMian\Github_Releases_批量下载 xray\Xray-core\v1.4.5\Xray-windows-arm32-v7a.zip   
[ 413/2453] Checking is OK   | E:\01.userData\ZhuoMian\Github_Releases_批量下载 xray\Xray-core\v1.5.0\Xray-android-arm64-v8a.zip   
[ 414/2453] Checking is OK   | E:\01.userData\ZhuoMian\Github_Releases_批量下载 xray\Xray-core\v1.5.0\Xray-dragonfly-64.zip        
[ 415/2453] Checking is OK   | E:\01.userData\ZhuoMian\Github_Releases_批量下载 xray\Xray-core\v1.5.0\Xray-freebsd-32.zip          
[ 416/2453] Checking is OK   | E:\01.userData\ZhuoMian\Github_Releases_批量下载 xray\Xray-core\v1.5.0\Xray-freebsd-64.zip          
[ 417/2453] Checking is OK   | E:\01.userData\ZhuoMian\Github_Releases_批量下载 xray\Xray-core\v1.5.0\Xray-freebsd-arm32-v7a.zip   
[ 418/2453] Checking is OK   | E:\01.userData\ZhuoMian\Github_Releases_批量下载 xray\Xray-core\v1.5.0\Xray-freebsd-arm64-v8a.zip   
[ 419/2453] Checking is OK   | E:\01.userData\ZhuoMian\Github_Releases_批量下载 xray\Xray-core\v1.5.0\Xray-linux-32.zip            
[ 420/2453] Checking is OK   | E:\01.userData\ZhuoMian\Github_Releases_批量下载 xray\Xray-core\v1.5.0\Xray-linux-64.zip            
[ 421/2453] Checking is OK   | E:\01.userData\ZhuoMian\Github_Releases_批量下载 xray\Xray-core\v1.5.0\Xray-linux-arm32-v5.zip      
[ 422/2453] Checking is OK   | E:\01.userData\ZhuoMian\Github_Releases_批量下载 xray\Xray-core\v1.5.0\Xray-linux-arm32-v6.zip      
[ 423/2453] Checking is OK   | E:\01.userData\ZhuoMian\Github_Releases_批量下载 xray\Xray-core\v1.5.0\Xray-linux-arm32-v7a.zip     
[ 424/2453] Checking is OK   | E:\01.userData\ZhuoMian\Github_Releases_批量下载 xray\Xray-core\v1.5.0\Xray-linux-arm64-v8a.zip     
[ 425/2453] Checking is OK   | E:\01.userData\ZhuoMian\Github_Releases_批量下载 xray\Xray-core\v1.5.0\Xray-linux-mips32.zip        
[ 426/2453] Checking is OK   | E:\01.userData\ZhuoMian\Github_Releases_批量下载 xray\Xray-core\v1.5.0\Xray-linux-mips32le.zip      
[ 427/2453] Checking is OK   | E:\01.userData\ZhuoMian\Github_Releases_批量下载 xray\Xray-core\v1.5.0\Xray-linux-mips64.zip        
[ 428/2453] Checking is OK   | E:\01.userData\ZhuoMian\Github_Releases_批量下载 xray\Xray-core\v1.5.0\Xray-linux-mips64le.zip      
[ 429/2453] Checking is OK   | E:\01.userData\ZhuoMian\Github_Releases_批量下载 xray\Xray-core\v1.5.0\Xray-linux-ppc64.zip         
[ 430/2453] Checking is OK   | E:\01.userData\ZhuoMian\Github_Releases_批量下载 xray\Xray-core\v1.5.0\Xray-linux-ppc64le.zip       
[ 431/2453] Checking is OK   | E:\01.userData\ZhuoMian\Github_Releases_批量下载 xray\Xray-core\v1.5.0\Xray-linux-riscv64.zip       
[ 432/2453] Checking is OK   | E:\01.userData\ZhuoMian\Github_Releases_批量下载 xray\Xray-core\v1.5.0\Xray-linux-s390x.zip         
[ 433/2453] Checking is OK   | E:\01.userData\ZhuoMian\Github_Releases_批量下载 xray\Xray-core\v1.5.0\Xray-macos-64.zip            
[ 434/2453] Checking is OK   | E:\01.userData\ZhuoMian\Github_Releases_批量下载 xray\Xray-core\v1.5.0\Xray-macos-arm64-v8a.zip     
[ 435/2453] Checking is OK   | E:\01.userData\ZhuoMian\Github_Releases_批量下载 xray\Xray-core\v1.5.0\Xray-openbsd-32.zip          
[ 436/2453] Checking is OK   | E:\01.userData\ZhuoMian\Github_Releases_批量下载 xray\Xray-core\v1.5.0\Xray-openbsd-64.zip          
[ 437/2453] Checking is OK   | E:\01.userData\ZhuoMian\Github_Releases_批量下载 xray\Xray-core\v1.5.0\Xray-openbsd-arm32-v7a.zip   
[ 438/2453] Checking is OK   | E:\01.userData\ZhuoMian\Github_Releases_批量下载 xray\Xray-core\v1.5.0\Xray-openbsd-arm64-v8a.zip   
[ 439/2453] Checking is OK   | E:\01.userData\ZhuoMian\Github_Releases_批量下载 xray\Xray-core\v1.5.0\Xray-windows-32.zip          
[ 440/2453] Checking is OK   | E:\01.userData\ZhuoMian\Github_Releases_批量下载 xray\Xray-core\v1.5.0\Xray-windows-64.zip          
[ 441/2453] Checking is OK   | E:\01.userData\ZhuoMian\Github_Releases_批量下载 xray\Xray-core\v1.5.0\Xray-windows-arm32-v7a.zip   
[ 442/2453] Checking is OK   | E:\01.userData\ZhuoMian\Github_Releases_批量下载 xray\Xray-core\v1.5.0\Xray-windows-arm64-v8a.zip   
[ 443/2453] Checking is OK   | E:\01.userData\ZhuoMian\Github_Releases_批量下载 xray\Xray-core\v1.5.1\Xray-android-arm64-v8a.zip   
[ 444/2453] Checking is OK   | E:\01.userData\ZhuoMian\Github_Releases_批量下载 xray\Xray-core\v1.5.1\Xray-dragonfly-64.zip        
[ 445/2453] Checking is OK   | E:\01.userData\ZhuoMian\Github_Releases_批量下载 xray\Xray-core\v1.5.1\Xray-freebsd-32.zip          
[ 446/2453] Checking is OK   | E:\01.userData\ZhuoMian\Github_Releases_批量下载 xray\Xray-core\v1.5.1\Xray-freebsd-64.zip          
[ 447/2453] Checking is OK   | E:\01.userData\ZhuoMian\Github_Releases_批量下载 xray\Xray-core\v1.5.1\Xray-freebsd-arm32-v7a.zip   
[ 448/2453] Checking is OK   | E:\01.userData\ZhuoMian\Github_Releases_批量下载 xray\Xray-core\v1.5.1\Xray-freebsd-arm64-v8a.zip   
[ 449/2453] Checking is OK   | E:\01.userData\ZhuoMian\Github_Releases_批量下载 xray\Xray-core\v1.5.1\Xray-linux-32.zip            
[ 450/2453] Checking is OK   | E:\01.userData\ZhuoMian\Github_Releases_批量下载 xray\Xray-core\v1.5.1\Xray-linux-64.zip            
[ 451/2453] Checking is OK   | E:\01.userData\ZhuoMian\Github_Releases_批量下载 xray\Xray-core\v1.5.1\Xray-linux-arm32-v5.zip      
[ 452/2453] Checking is OK   | E:\01.userData\ZhuoMian\Github_Releases_批量下载 xray\Xray-core\v1.5.1\Xray-linux-arm32-v6.zip      
[ 453/2453] Checking is OK   | E:\01.userData\ZhuoMian\Github_Releases_批量下载 xray\Xray-core\v1.5.1\Xray-linux-arm32-v7a.zip     
[ 454/2453] Checking is OK   | E:\01.userData\ZhuoMian\Github_Releases_批量下载 xray\Xray-core\v1.5.1\Xray-linux-arm64-v8a.zip     
[ 455/2453] Checking is OK   | E:\01.userData\ZhuoMian\Github_Releases_批量下载 xray\Xray-core\v1.5.1\Xray-linux-mips32.zip        
[ 456/2453] Checking is OK   | E:\01.userData\ZhuoMian\Github_Releases_批量下载 xray\Xray-core\v1.5.1\Xray-linux-mips32le.zip      
[ 457/2453] Checking is OK   | E:\01.userData\ZhuoMian\Github_Releases_批量下载 xray\Xray-core\v1.5.1\Xray-linux-mips64.zip        
[ 458/2453] Checking is OK   | E:\01.userData\ZhuoMian\Github_Releases_批量下载 xray\Xray-core\v1.5.1\Xray-linux-mips64le.zip      
[ 459/2453] Checking is OK   | E:\01.userData\ZhuoMian\Github_Releases_批量下载 xray\Xray-core\v1.5.1\Xray-linux-ppc64.zip         
[ 460/2453] Checking is OK   | E:\01.userData\ZhuoMian\Github_Releases_批量下载 xray\Xray-core\v1.5.1\Xray-linux-ppc64le.zip       
[ 461/2453] Checking is OK   | E:\01.userData\ZhuoMian\Github_Releases_批量下载 xray\Xray-core\v1.5.1\Xray-linux-riscv64.zip       
[ 462/2453] Checking is OK   | E:\01.userData\ZhuoMian\Github_Releases_批量下载 xray\Xray-core\v1.5.1\Xray-linux-s390x.zip         
[ 463/2453] Checking is OK   | E:\01.userData\ZhuoMian\Github_Releases_批量下载 xray\Xray-core\v1.5.1\Xray-macos-64.zip            
[ 464/2453] Checking is OK   | E:\01.userData\ZhuoMian\Github_Releases_批量下载 xray\Xray-core\v1.5.1\Xray-macos-arm64-v8a.zip     
[ 465/2453] Checking is OK   | E:\01.userData\ZhuoMian\Github_Releases_批量下载 xray\Xray-core\v1.5.1\Xray-openbsd-32.zip          
[ 466/2453] Checking is OK   | E:\01.userData\ZhuoMian\Github_Releases_批量下载 xray\Xray-core\v1.5.1\Xray-openbsd-64.zip          
[ 467/2453] Checking is OK   | E:\01.userData\ZhuoMian\Github_Releases_批量下载 xray\Xray-core\v1.5.1\Xray-openbsd-arm32-v7a.zip   
[ 468/2453] Checking is OK   | E:\01.userData\ZhuoMian\Github_Releases_批量下载 xray\Xray-core\v1.5.1\Xray-openbsd-arm64-v8a.zip   
[ 469/2453] Checking is OK   | E:\01.userData\ZhuoMian\Github_Releases_批量下载 xray\Xray-core\v1.5.1\Xray-windows-32.zip          
[ 470/2453] Checking is OK   | E:\01.userData\ZhuoMian\Github_Releases_批量下载 xray\Xray-core\v1.5.1\Xray-windows-64.zip          
[ 471/2453] Checking is OK   | E:\01.userData\ZhuoMian\Github_Releases_批量下载 xray\Xray-core\v1.5.1\Xray-windows-arm32-v7a.zip   
[ 472/2453] Checking is OK   | E:\01.userData\ZhuoMian\Github_Releases_批量下载 xray\Xray-core\v1.5.1\Xray-windows-arm64-v8a.zip   
[ 473/2453] Checking is OK   | E:\01.userData\ZhuoMian\Github_Releases_批量下载 xray\Xray-core\v1.5.10\Xray-android-arm64-v8a.zip  
[ 474/2453] Checking is OK   | E:\01.userData\ZhuoMian\Github_Releases_批量下载 xray\Xray-core\v1.5.10\Xray-dragonfly-64.zip       
[ 475/2453] Checking is OK   | E:\01.userData\ZhuoMian\Github_Releases_批量下载 xray\Xray-core\v1.5.10\Xray-freebsd-32.zip         
[ 476/2453] Checking is OK   | E:\01.userData\ZhuoMian\Github_Releases_批量下载 xray\Xray-core\v1.5.10\Xray-freebsd-64.zip         
[ 477/2453] Checking is OK   | E:\01.userData\ZhuoMian\Github_Releases_批量下载 xray\Xray-core\v1.5.10\Xray-freebsd-arm32-v7a.zip  
[ 478/2453] Checking is OK   | E:\01.userData\ZhuoMian\Github_Releases_批量下载 xray\Xray-core\v1.5.10\Xray-freebsd-arm64-v8a.zip  
[ 479/2453] Checking is OK   | E:\01.userData\ZhuoMian\Github_Releases_批量下载 xray\Xray-core\v1.5.10\Xray-linux-32.zip           
[ 480/2453] Checking is OK   | E:\01.userData\ZhuoMian\Github_Releases_批量下载 xray\Xray-core\v1.5.10\Xray-linux-64.zip           
[ 481/2453] Checking is OK   | E:\01.userData\ZhuoMian\Github_Releases_批量下载 xray\Xray-core\v1.5.10\Xray-linux-arm32-v5.zip     
[ 482/2453] Checking is OK   | E:\01.userData\ZhuoMian\Github_Releases_批量下载 xray\Xray-core\v1.5.10\Xray-linux-arm32-v6.zip     
[ 483/2453] Checking is OK   | E:\01.userData\ZhuoMian\Github_Releases_批量下载 xray\Xray-core\v1.5.10\Xray-linux-arm32-v7a.zip    
[ 484/2453] Checking is OK   | E:\01.userData\ZhuoMian\Github_Releases_批量下载 xray\Xray-core\v1.5.10\Xray-linux-arm64-v8a.zip    
[ 485/2453] Checking is OK   | E:\01.userData\ZhuoMian\Github_Releases_批量下载 xray\Xray-core\v1.5.10\Xray-linux-mips32.zip       
[ 486/2453] Checking is OK   | E:\01.userData\ZhuoMian\Github_Releases_批量下载 xray\Xray-core\v1.5.10\Xray-linux-mips32le.zip     
[ 487/2453] Checking is OK   | E:\01.userData\ZhuoMian\Github_Releases_批量下载 xray\Xray-core\v1.5.10\Xray-linux-mips64.zip       
[ 488/2453] Checking is OK   | E:\01.userData\ZhuoMian\Github_Releases_批量下载 xray\Xray-core\v1.5.10\Xray-linux-mips64le.zip     
[ 489/2453] Checking is OK   | E:\01.userData\ZhuoMian\Github_Releases_批量下载 xray\Xray-core\v1.5.10\Xray-linux-ppc64.zip        
[ 490/2453] Checking is OK   | E:\01.userData\ZhuoMian\Github_Releases_批量下载 xray\Xray-core\v1.5.10\Xray-linux-ppc64le.zip      
[ 491/2453] Checking is OK   | E:\01.userData\ZhuoMian\Github_Releases_批量下载 xray\Xray-core\v1.5.10\Xray-linux-riscv64.zip      
[ 492/2453] Checking is OK   | E:\01.userData\ZhuoMian\Github_Releases_批量下载 xray\Xray-core\v1.5.10\Xray-linux-s390x.zip        
[ 493/2453] Checking is OK   | E:\01.userData\ZhuoMian\Github_Releases_批量下载 xray\Xray-core\v1.5.10\Xray-macos-64.zip           
[ 494/2453] Checking is OK   | E:\01.userData\ZhuoMian\Github_Releases_批量下载 xray\Xray-core\v1.5.10\Xray-macos-arm64-v8a.zip    
[ 495/2453] Checking is OK   | E:\01.userData\ZhuoMian\Github_Releases_批量下载 xray\Xray-core\v1.5.10\Xray-openbsd-32.zip         
[ 496/2453] Checking is OK   | E:\01.userData\ZhuoMian\Github_Releases_批量下载 xray\Xray-core\v1.5.10\Xray-openbsd-64.zip         
[ 497/2453] Checking is OK   | E:\01.userData\ZhuoMian\Github_Releases_批量下载 xray\Xray-core\v1.5.10\Xray-openbsd-arm32-v7a.zip  
[ 498/2453] Checking is OK   | E:\01.userData\ZhuoMian\Github_Releases_批量下载 xray\Xray-core\v1.5.10\Xray-openbsd-arm64-v8a.zip  
[ 499/2453] Checking is OK   | E:\01.userData\ZhuoMian\Github_Releases_批量下载 xray\Xray-core\v1.5.10\Xray-windows-32.zip         
[ 500/2453] Checking is OK   | E:\01.userData\ZhuoMian\Github_Releases_批量下载 xray\Xray-core\v1.5.10\Xray-windows-64.zip         
[ 501/2453] Checking is OK   | E:\01.userData\ZhuoMian\Github_Releases_批量下载 xray\Xray-core\v1.5.10\Xray-windows-arm32-v7a.zip  
[ 502/2453] Checking is OK   | E:\01.userData\ZhuoMian\Github_Releases_批量下载 xray\Xray-core\v1.5.10\Xray-windows-arm64-v8a.zip  
[ 503/2453] Checking is OK   | E:\01.userData\ZhuoMian\Github_Releases_批量下载 xray\Xray-core\v1.5.2\Xray-android-arm64-v8a.zip   
[ 504/2453] Checking is OK   | E:\01.userData\ZhuoMian\Github_Releases_批量下载 xray\Xray-core\v1.5.2\Xray-dragonfly-64.zip        
[ 505/2453] Checking is OK   | E:\01.userData\ZhuoMian\Github_Releases_批量下载 xray\Xray-core\v1.5.2\Xray-freebsd-32.zip          
[ 506/2453] Checking is OK   | E:\01.userData\ZhuoMian\Github_Releases_批量下载 xray\Xray-core\v1.5.2\Xray-freebsd-64.zip          
[ 507/2453] Checking is OK   | E:\01.userData\ZhuoMian\Github_Releases_批量下载 xray\Xray-core\v1.5.2\Xray-freebsd-arm32-v7a.zip   
[ 508/2453] Checking is OK   | E:\01.userData\ZhuoMian\Github_Releases_批量下载 xray\Xray-core\v1.5.2\Xray-freebsd-arm64-v8a.zip   
[ 509/2453] Checking is OK   | E:\01.userData\ZhuoMian\Github_Releases_批量下载 xray\Xray-core\v1.5.2\Xray-linux-32.zip            
[ 510/2453] Checking is OK   | E:\01.userData\ZhuoMian\Github_Releases_批量下载 xray\Xray-core\v1.5.2\Xray-linux-64.zip            
[ 511/2453] Checking is OK   | E:\01.userData\ZhuoMian\Github_Releases_批量下载 xray\Xray-core\v1.5.2\Xray-linux-arm32-v5.zip      
[ 512/2453] Checking is OK   | E:\01.userData\ZhuoMian\Github_Releases_批量下载 xray\Xray-core\v1.5.2\Xray-linux-arm32-v6.zip      
[ 513/2453] Checking is OK   | E:\01.userData\ZhuoMian\Github_Releases_批量下载 xray\Xray-core\v1.5.2\Xray-linux-arm32-v7a.zip     
[ 514/2453] Checking is OK   | E:\01.userData\ZhuoMian\Github_Releases_批量下载 xray\Xray-core\v1.5.2\Xray-linux-arm64-v8a.zip     
[ 515/2453] Checking is OK   | E:\01.userData\ZhuoMian\Github_Releases_批量下载 xray\Xray-core\v1.5.2\Xray-linux-mips32.zip        
[ 516/2453] Checking is OK   | E:\01.userData\ZhuoMian\Github_Releases_批量下载 xray\Xray-core\v1.5.2\Xray-linux-mips32le.zip      
[ 517/2453] Checking is OK   | E:\01.userData\ZhuoMian\Github_Releases_批量下载 xray\Xray-core\v1.5.2\Xray-linux-mips64.zip        
[ 518/2453] Checking is OK   | E:\01.userData\ZhuoMian\Github_Releases_批量下载 xray\Xray-core\v1.5.2\Xray-linux-mips64le.zip      
[ 519/2453] Checking is OK   | E:\01.userData\ZhuoMian\Github_Releases_批量下载 xray\Xray-core\v1.5.2\Xray-linux-ppc64.zip         
[ 520/2453] Checking is OK   | E:\01.userData\ZhuoMian\Github_Releases_批量下载 xray\Xray-core\v1.5.2\Xray-linux-ppc64le.zip       
[ 521/2453] Checking is OK   | E:\01.userData\ZhuoMian\Github_Releases_批量下载 xray\Xray-core\v1.5.2\Xray-linux-riscv64.zip       
[ 522/2453] Checking is OK   | E:\01.userData\ZhuoMian\Github_Releases_批量下载 xray\Xray-core\v1.5.2\Xray-linux-s390x.zip         
[ 523/2453] Checking is OK   | E:\01.userData\ZhuoMian\Github_Releases_批量下载 xray\Xray-core\v1.5.2\Xray-macos-64.zip            
[ 524/2453] Checking is OK   | E:\01.userData\ZhuoMian\Github_Releases_批量下载 xray\Xray-core\v1.5.2\Xray-macos-arm64-v8a.zip     
[ 525/2453] Checking is OK   | E:\01.userData\ZhuoMian\Github_Releases_批量下载 xray\Xray-core\v1.5.2\Xray-openbsd-32.zip          
[ 526/2453] Checking is OK   | E:\01.userData\ZhuoMian\Github_Releases_批量下载 xray\Xray-core\v1.5.2\Xray-openbsd-64.zip          
[ 527/2453] Checking is OK   | E:\01.userData\ZhuoMian\Github_Releases_批量下载 xray\Xray-core\v1.5.2\Xray-openbsd-arm32-v7a.zip   
[ 528/2453] Checking is OK   | E:\01.userData\ZhuoMian\Github_Releases_批量下载 xray\Xray-core\v1.5.2\Xray-openbsd-arm64-v8a.zip   
[ 529/2453] Checking is OK   | E:\01.userData\ZhuoMian\Github_Releases_批量下载 xray\Xray-core\v1.5.2\Xray-windows-32.zip          
[ 530/2453] Checking is OK   | E:\01.userData\ZhuoMian\Github_Releases_批量下载 xray\Xray-core\v1.5.2\Xray-windows-64.zip          
[ 531/2453] Checking is OK   | E:\01.userData\ZhuoMian\Github_Releases_批量下载 xray\Xray-core\v1.5.2\Xray-windows-arm32-v7a.zip   
[ 532/2453] Checking is OK   | E:\01.userData\ZhuoMian\Github_Releases_批量下载 xray\Xray-core\v1.5.2\Xray-windows-arm64-v8a.zip   
[ 533/2453] Checking is OK   | E:\01.userData\ZhuoMian\Github_Releases_批量下载 xray\Xray-core\v1.5.3\Xray-android-arm64-v8a.zip   
[ 534/2453] Checking is OK   | E:\01.userData\ZhuoMian\Github_Releases_批量下载 xray\Xray-core\v1.5.3\Xray-dragonfly-64.zip        
[ 535/2453] Checking is OK   | E:\01.userData\ZhuoMian\Github_Releases_批量下载 xray\Xray-core\v1.5.3\Xray-freebsd-32.zip          
[ 536/2453] Checking is OK   | E:\01.userData\ZhuoMian\Github_Releases_批量下载 xray\Xray-core\v1.5.3\Xray-freebsd-64.zip          
[ 537/2453] Checking is OK   | E:\01.userData\ZhuoMian\Github_Releases_批量下载 xray\Xray-core\v1.5.3\Xray-freebsd-arm32-v7a.zip   
[ 538/2453] Checking is OK   | E:\01.userData\ZhuoMian\Github_Releases_批量下载 xray\Xray-core\v1.5.3\Xray-freebsd-arm64-v8a.zip   
[ 539/2453] Checking is OK   | E:\01.userData\ZhuoMian\Github_Releases_批量下载 xray\Xray-core\v1.5.3\Xray-linux-32.zip            
[ 540/2453] Checking is OK   | E:\01.userData\ZhuoMian\Github_Releases_批量下载 xray\Xray-core\v1.5.3\Xray-linux-64.zip            
[ 541/2453] Checking is OK   | E:\01.userData\ZhuoMian\Github_Releases_批量下载 xray\Xray-core\v1.5.3\Xray-linux-arm32-v5.zip      
[ 542/2453] Checking is OK   | E:\01.userData\ZhuoMian\Github_Releases_批量下载 xray\Xray-core\v1.5.3\Xray-linux-arm32-v6.zip      
[ 543/2453] Checking is OK   | E:\01.userData\ZhuoMian\Github_Releases_批量下载 xray\Xray-core\v1.5.3\Xray-linux-arm32-v7a.zip     
[ 544/2453] Checking is OK   | E:\01.userData\ZhuoMian\Github_Releases_批量下载 xray\Xray-core\v1.5.3\Xray-linux-arm64-v8a.zip     
[ 545/2453] Checking is OK   | E:\01.userData\ZhuoMian\Github_Releases_批量下载 xray\Xray-core\v1.5.3\Xray-linux-mips32.zip        
[ 546/2453] Checking is OK   | E:\01.userData\ZhuoMian\Github_Releases_批量下载 xray\Xray-core\v1.5.3\Xray-linux-mips32le.zip      
[ 547/2453] Checking is OK   | E:\01.userData\ZhuoMian\Github_Releases_批量下载 xray\Xray-core\v1.5.3\Xray-linux-mips64.zip        
[ 548/2453] Checking is OK   | E:\01.userData\ZhuoMian\Github_Releases_批量下载 xray\Xray-core\v1.5.3\Xray-linux-mips64le.zip      
[ 549/2453] Checking is OK   | E:\01.userData\ZhuoMian\Github_Releases_批量下载 xray\Xray-core\v1.5.3\Xray-linux-ppc64.zip         
[ 550/2453] Checking is OK   | E:\01.userData\ZhuoMian\Github_Releases_批量下载 xray\Xray-core\v1.5.3\Xray-linux-ppc64le.zip       
[ 551/2453] Checking is OK   | E:\01.userData\ZhuoMian\Github_Releases_批量下载 xray\Xray-core\v1.5.3\Xray-linux-riscv64.zip       
[ 552/2453] Checking is OK   | E:\01.userData\ZhuoMian\Github_Releases_批量下载 xray\Xray-core\v1.5.3\Xray-linux-s390x.zip         
[ 553/2453] Checking is OK   | E:\01.userData\ZhuoMian\Github_Releases_批量下载 xray\Xray-core\v1.5.3\Xray-macos-64.zip            
[ 554/2453] Checking is OK   | E:\01.userData\ZhuoMian\Github_Releases_批量下载 xray\Xray-core\v1.5.3\Xray-macos-arm64-v8a.zip     
[ 555/2453] Checking is OK   | E:\01.userData\ZhuoMian\Github_Releases_批量下载 xray\Xray-core\v1.5.3\Xray-openbsd-32.zip          
[ 556/2453] Checking is OK   | E:\01.userData\ZhuoMian\Github_Releases_批量下载 xray\Xray-core\v1.5.3\Xray-openbsd-64.zip          
[ 557/2453] Checking is OK   | E:\01.userData\ZhuoMian\Github_Releases_批量下载 xray\Xray-core\v1.5.3\Xray-openbsd-arm32-v7a.zip   
[ 558/2453] Checking is OK   | E:\01.userData\ZhuoMian\Github_Releases_批量下载 xray\Xray-core\v1.5.3\Xray-openbsd-arm64-v8a.zip   
[ 559/2453] Checking is OK   | E:\01.userData\ZhuoMian\Github_Releases_批量下载 xray\Xray-core\v1.5.3\Xray-windows-32.zip          
[ 560/2453] Checking is OK   | E:\01.userData\ZhuoMian\Github_Releases_批量下载 xray\Xray-core\v1.5.3\Xray-windows-64.zip          
[ 561/2453] Checking is OK   | E:\01.userData\ZhuoMian\Github_Releases_批量下载 xray\Xray-core\v1.5.3\Xray-windows-arm32-v7a.zip   
[ 562/2453] Checking is OK   | E:\01.userData\ZhuoMian\Github_Releases_批量下载 xray\Xray-core\v1.5.3\Xray-windows-arm64-v8a.zip   
[ 563/2453] Checking is OK   | E:\01.userData\ZhuoMian\Github_Releases_批量下载 xray\Xray-core\v1.5.4\Xray-android-arm64-v8a.zip   
[ 564/2453] Checking is OK   | E:\01.userData\ZhuoMian\Github_Releases_批量下载 xray\Xray-core\v1.5.4\Xray-dragonfly-64.zip        
[ 565/2453] Checking is OK   | E:\01.userData\ZhuoMian\Github_Releases_批量下载 xray\Xray-core\v1.5.4\Xray-freebsd-32.zip          
[ 566/2453] Checking is OK   | E:\01.userData\ZhuoMian\Github_Releases_批量下载 xray\Xray-core\v1.5.4\Xray-freebsd-64.zip          
[ 567/2453] Checking is OK   | E:\01.userData\ZhuoMian\Github_Releases_批量下载 xray\Xray-core\v1.5.4\Xray-freebsd-arm32-v7a.zip   
[ 568/2453] Checking is OK   | E:\01.userData\ZhuoMian\Github_Releases_批量下载 xray\Xray-core\v1.5.4\Xray-freebsd-arm64-v8a.zip   
[ 569/2453] Checking is OK   | E:\01.userData\ZhuoMian\Github_Releases_批量下载 xray\Xray-core\v1.5.4\Xray-linux-32.zip            
[ 570/2453] Checking is OK   | E:\01.userData\ZhuoMian\Github_Releases_批量下载 xray\Xray-core\v1.5.4\Xray-linux-64.zip            
[ 571/2453] Checking is OK   | E:\01.userData\ZhuoMian\Github_Releases_批量下载 xray\Xray-core\v1.5.4\Xray-linux-arm32-v5.zip      
[ 572/2453] Checking is OK   | E:\01.userData\ZhuoMian\Github_Releases_批量下载 xray\Xray-core\v1.5.4\Xray-linux-arm32-v6.zip      
[ 573/2453] Checking is OK   | E:\01.userData\ZhuoMian\Github_Releases_批量下载 xray\Xray-core\v1.5.4\Xray-linux-arm32-v7a.zip     
[ 574/2453] Checking is OK   | E:\01.userData\ZhuoMian\Github_Releases_批量下载 xray\Xray-core\v1.5.4\Xray-linux-arm64-v8a.zip     
[ 575/2453] Checking is OK   | E:\01.userData\ZhuoMian\Github_Releases_批量下载 xray\Xray-core\v1.5.4\Xray-linux-mips32.zip        
[ 576/2453] Checking is OK   | E:\01.userData\ZhuoMian\Github_Releases_批量下载 xray\Xray-core\v1.5.4\Xray-linux-mips32le.zip      
[ 577/2453] Checking is OK   | E:\01.userData\ZhuoMian\Github_Releases_批量下载 xray\Xray-core\v1.5.4\Xray-linux-mips64.zip        
[ 578/2453] Checking is OK   | E:\01.userData\ZhuoMian\Github_Releases_批量下载 xray\Xray-core\v1.5.4\Xray-linux-mips64le.zip      
[ 579/2453] Checking is OK   | E:\01.userData\ZhuoMian\Github_Releases_批量下载 xray\Xray-core\v1.5.4\Xray-linux-ppc64.zip         
[ 580/2453] Checking is OK   | E:\01.userData\ZhuoMian\Github_Releases_批量下载 xray\Xray-core\v1.5.4\Xray-linux-ppc64le.zip       
[ 581/2453] Checking is OK   | E:\01.userData\ZhuoMian\Github_Releases_批量下载 xray\Xray-core\v1.5.4\Xray-linux-riscv64.zip       
[ 582/2453] Checking is OK   | E:\01.userData\ZhuoMian\Github_Releases_批量下载 xray\Xray-core\v1.5.4\Xray-linux-s390x.zip         
[ 583/2453] Checking is OK   | E:\01.userData\ZhuoMian\Github_Releases_批量下载 xray\Xray-core\v1.5.4\Xray-macos-64.zip            
[ 584/2453] Checking is OK   | E:\01.userData\ZhuoMian\Github_Releases_批量下载 xray\Xray-core\v1.5.4\Xray-macos-arm64-v8a.zip     
[ 585/2453] Checking is OK   | E:\01.userData\ZhuoMian\Github_Releases_批量下载 xray\Xray-core\v1.5.4\Xray-openbsd-32.zip          
[ 586/2453] Checking is OK   | E:\01.userData\ZhuoMian\Github_Releases_批量下载 xray\Xray-core\v1.5.4\Xray-openbsd-64.zip          
[ 587/2453] Checking is OK   | E:\01.userData\ZhuoMian\Github_Releases_批量下载 xray\Xray-core\v1.5.4\Xray-openbsd-arm32-v7a.zip   
[ 588/2453] Checking is OK   | E:\01.userData\ZhuoMian\Github_Releases_批量下载 xray\Xray-core\v1.5.4\Xray-openbsd-arm64-v8a.zip   
[ 589/2453] Checking is OK   | E:\01.userData\ZhuoMian\Github_Releases_批量下载 xray\Xray-core\v1.5.4\Xray-windows-32.zip          
[ 590/2453] Checking is OK   | E:\01.userData\ZhuoMian\Github_Releases_批量下载 xray\Xray-core\v1.5.4\Xray-windows-64.zip          
[ 591/2453] Checking is OK   | E:\01.userData\ZhuoMian\Github_Releases_批量下载 xray\Xray-core\v1.5.4\Xray-windows-arm32-v7a.zip   
[ 592/2453] Checking is OK   | E:\01.userData\ZhuoMian\Github_Releases_批量下载 xray\Xray-core\v1.5.4\Xray-windows-arm64-v8a.zip   
[ 593/2453] Checking is OK   | E:\01.userData\ZhuoMian\Github_Releases_批量下载 xray\Xray-core\v1.5.5\Xray-android-arm64-v8a.zip   
[ 594/2453] Checking is OK   | E:\01.userData\ZhuoMian\Github_Releases_批量下载 xray\Xray-core\v1.5.5\Xray-dragonfly-64.zip        
[ 595/2453] Checking is OK   | E:\01.userData\ZhuoMian\Github_Releases_批量下载 xray\Xray-core\v1.5.5\Xray-freebsd-32.zip          
[ 596/2453] Checking is OK   | E:\01.userData\ZhuoMian\Github_Releases_批量下载 xray\Xray-core\v1.5.5\Xray-freebsd-64.zip          
[ 597/2453] Checking is OK   | E:\01.userData\ZhuoMian\Github_Releases_批量下载 xray\Xray-core\v1.5.5\Xray-freebsd-arm32-v7a.zip   
[ 598/2453] Checking is OK   | E:\01.userData\ZhuoMian\Github_Releases_批量下载 xray\Xray-core\v1.5.5\Xray-freebsd-arm64-v8a.zip   
[ 599/2453] Checking is OK   | E:\01.userData\ZhuoMian\Github_Releases_批量下载 xray\Xray-core\v1.5.5\Xray-linux-32.zip            
[ 600/2453] Checking is OK   | E:\01.userData\ZhuoMian\Github_Releases_批量下载 xray\Xray-core\v1.5.5\Xray-linux-64.zip            
[ 601/2453] Checking is OK   | E:\01.userData\ZhuoMian\Github_Releases_批量下载 xray\Xray-core\v1.5.5\Xray-linux-arm32-v5.zip      
[ 602/2453] Checking is OK   | E:\01.userData\ZhuoMian\Github_Releases_批量下载 xray\Xray-core\v1.5.5\Xray-linux-arm32-v6.zip      
[ 603/2453] Checking is OK   | E:\01.userData\ZhuoMian\Github_Releases_批量下载 xray\Xray-core\v1.5.5\Xray-linux-arm32-v7a.zip     
[ 604/2453] Checking is OK   | E:\01.userData\ZhuoMian\Github_Releases_批量下载 xray\Xray-core\v1.5.5\Xray-linux-arm64-v8a.zip     
[ 605/2453] Checking is OK   | E:\01.userData\ZhuoMian\Github_Releases_批量下载 xray\Xray-core\v1.5.5\Xray-linux-mips32.zip        
[ 606/2453] Checking is OK   | E:\01.userData\ZhuoMian\Github_Releases_批量下载 xray\Xray-core\v1.5.5\Xray-linux-mips32le.zip      
[ 607/2453] Checking is OK   | E:\01.userData\ZhuoMian\Github_Releases_批量下载 xray\Xray-core\v1.5.5\Xray-linux-mips64.zip        
[ 608/2453] Checking is OK   | E:\01.userData\ZhuoMian\Github_Releases_批量下载 xray\Xray-core\v1.5.5\Xray-linux-mips64le.zip      
[ 609/2453] Checking is OK   | E:\01.userData\ZhuoMian\Github_Releases_批量下载 xray\Xray-core\v1.5.5\Xray-linux-ppc64.zip         
[ 610/2453] Checking is OK   | E:\01.userData\ZhuoMian\Github_Releases_批量下载 xray\Xray-core\v1.5.5\Xray-linux-ppc64le.zip       
[ 611/2453] Checking is OK   | E:\01.userData\ZhuoMian\Github_Releases_批量下载 xray\Xray-core\v1.5.5\Xray-linux-riscv64.zip       
[ 612/2453] Checking is OK   | E:\01.userData\ZhuoMian\Github_Releases_批量下载 xray\Xray-core\v1.5.5\Xray-linux-s390x.zip         
[ 613/2453] Checking is OK   | E:\01.userData\ZhuoMian\Github_Releases_批量下载 xray\Xray-core\v1.5.5\Xray-macos-64.zip            
[ 614/2453] Checking is OK   | E:\01.userData\ZhuoMian\Github_Releases_批量下载 xray\Xray-core\v1.5.5\Xray-macos-arm64-v8a.zip     
[ 615/2453] Checking is OK   | E:\01.userData\ZhuoMian\Github_Releases_批量下载 xray\Xray-core\v1.5.5\Xray-openbsd-32.zip          
[ 616/2453] Checking is OK   | E:\01.userData\ZhuoMian\Github_Releases_批量下载 xray\Xray-core\v1.5.5\Xray-openbsd-64.zip          
[ 617/2453] Checking is OK   | E:\01.userData\ZhuoMian\Github_Releases_批量下载 xray\Xray-core\v1.5.5\Xray-openbsd-arm32-v7a.zip   
[ 618/2453] Checking is OK   | E:\01.userData\ZhuoMian\Github_Releases_批量下载 xray\Xray-core\v1.5.5\Xray-openbsd-arm64-v8a.zip   
[ 619/2453] Checking is OK   | E:\01.userData\ZhuoMian\Github_Releases_批量下载 xray\Xray-core\v1.5.5\Xray-windows-32.zip          
[ 620/2453] Checking is OK   | E:\01.userData\ZhuoMian\Github_Releases_批量下载 xray\Xray-core\v1.5.5\Xray-windows-64.zip          
[ 621/2453] Checking is OK   | E:\01.userData\ZhuoMian\Github_Releases_批量下载 xray\Xray-core\v1.5.5\Xray-windows-arm32-v7a.zip   
[ 622/2453] Checking is OK   | E:\01.userData\ZhuoMian\Github_Releases_批量下载 xray\Xray-core\v1.5.5\Xray-windows-arm64-v8a.zip   
[ 623/2453] Checking is OK   | E:\01.userData\ZhuoMian\Github_Releases_批量下载 xray\Xray-core\v1.5.6\Xray-android-arm64-v8a.zip   
[ 624/2453] Checking is OK   | E:\01.userData\ZhuoMian\Github_Releases_批量下载 xray\Xray-core\v1.5.6\Xray-dragonfly-64.zip        
[ 625/2453] Checking is OK   | E:\01.userData\ZhuoMian\Github_Releases_批量下载 xray\Xray-core\v1.5.6\Xray-freebsd-32.zip          
[ 626/2453] Checking is OK   | E:\01.userData\ZhuoMian\Github_Releases_批量下载 xray\Xray-core\v1.5.6\Xray-freebsd-64.zip          
[ 627/2453] Checking is OK   | E:\01.userData\ZhuoMian\Github_Releases_批量下载 xray\Xray-core\v1.5.6\Xray-freebsd-arm32-v7a.zip   
[ 628/2453] Checking is OK   | E:\01.userData\ZhuoMian\Github_Releases_批量下载 xray\Xray-core\v1.5.6\Xray-freebsd-arm64-v8a.zip   
[ 629/2453] Checking is OK   | E:\01.userData\ZhuoMian\Github_Releases_批量下载 xray\Xray-core\v1.5.6\Xray-linux-32.zip            
[ 630/2453] Checking is OK   | E:\01.userData\ZhuoMian\Github_Releases_批量下载 xray\Xray-core\v1.5.6\Xray-linux-64.zip            
[ 631/2453] Checking is OK   | E:\01.userData\ZhuoMian\Github_Releases_批量下载 xray\Xray-core\v1.5.6\Xray-linux-arm32-v5.zip      
[ 632/2453] Checking is OK   | E:\01.userData\ZhuoMian\Github_Releases_批量下载 xray\Xray-core\v1.5.6\Xray-linux-arm32-v6.zip      
[ 633/2453] Checking is OK   | E:\01.userData\ZhuoMian\Github_Releases_批量下载 xray\Xray-core\v1.5.6\Xray-linux-arm32-v7a.zip     
[ 634/2453] Checking is OK   | E:\01.userData\ZhuoMian\Github_Releases_批量下载 xray\Xray-core\v1.5.6\Xray-linux-arm64-v8a.zip     
[ 635/2453] Checking is OK   | E:\01.userData\ZhuoMian\Github_Releases_批量下载 xray\Xray-core\v1.5.6\Xray-linux-mips32.zip        
[ 636/2453] Checking is OK   | E:\01.userData\ZhuoMian\Github_Releases_批量下载 xray\Xray-core\v1.5.6\Xray-linux-mips32le.zip      
[ 637/2453] Checking is OK   | E:\01.userData\ZhuoMian\Github_Releases_批量下载 xray\Xray-core\v1.5.6\Xray-linux-mips64.zip        
[ 638/2453] Checking is OK   | E:\01.userData\ZhuoMian\Github_Releases_批量下载 xray\Xray-core\v1.5.6\Xray-linux-mips64le.zip      
[ 639/2453] Checking is OK   | E:\01.userData\ZhuoMian\Github_Releases_批量下载 xray\Xray-core\v1.5.6\Xray-linux-ppc64.zip         
[ 640/2453] Checking is OK   | E:\01.userData\ZhuoMian\Github_Releases_批量下载 xray\Xray-core\v1.5.6\Xray-linux-ppc64le.zip       
[ 641/2453] Checking is OK   | E:\01.userData\ZhuoMian\Github_Releases_批量下载 xray\Xray-core\v1.5.6\Xray-linux-riscv64.zip       
[ 642/2453] Checking is OK   | E:\01.userData\ZhuoMian\Github_Releases_批量下载 xray\Xray-core\v1.5.6\Xray-linux-s390x.zip         
[ 643/2453] Checking is OK   | E:\01.userData\ZhuoMian\Github_Releases_批量下载 xray\Xray-core\v1.5.6\Xray-macos-64.zip            
[ 644/2453] Checking is OK   | E:\01.userData\ZhuoMian\Github_Releases_批量下载 xray\Xray-core\v1.5.6\Xray-macos-arm64-v8a.zip     
[ 645/2453] Checking is OK   | E:\01.userData\ZhuoMian\Github_Releases_批量下载 xray\Xray-core\v1.5.6\Xray-openbsd-32.zip          
[ 646/2453] Checking is OK   | E:\01.userData\ZhuoMian\Github_Releases_批量下载 xray\Xray-core\v1.5.6\Xray-openbsd-64.zip          
[ 647/2453] Checking is OK   | E:\01.userData\ZhuoMian\Github_Releases_批量下载 xray\Xray-core\v1.5.6\Xray-openbsd-arm32-v7a.zip   
[ 648/2453] Checking is OK   | E:\01.userData\ZhuoMian\Github_Releases_批量下载 xray\Xray-core\v1.5.6\Xray-openbsd-arm64-v8a.zip   
[ 649/2453] Checking is OK   | E:\01.userData\ZhuoMian\Github_Releases_批量下载 xray\Xray-core\v1.5.6\Xray-windows-32.zip          
[ 650/2453] Checking is OK   | E:\01.userData\ZhuoMian\Github_Releases_批量下载 xray\Xray-core\v1.5.6\Xray-windows-64.zip          
[ 651/2453] Checking is OK   | E:\01.userData\ZhuoMian\Github_Releases_批量下载 xray\Xray-core\v1.5.6\Xray-windows-arm32-v7a.zip   
[ 652/2453] Checking is OK   | E:\01.userData\ZhuoMian\Github_Releases_批量下载 xray\Xray-core\v1.5.6\Xray-windows-arm64-v8a.zip   
[ 653/2453] Checking is OK   | E:\01.userData\ZhuoMian\Github_Releases_批量下载 xray\Xray-core\v1.5.7\Xray-android-arm64-v8a.zip   
[ 654/2453] Checking is OK   | E:\01.userData\ZhuoMian\Github_Releases_批量下载 xray\Xray-core\v1.5.7\Xray-dragonfly-64.zip        
[ 655/2453] Checking is OK   | E:\01.userData\ZhuoMian\Github_Releases_批量下载 xray\Xray-core\v1.5.7\Xray-freebsd-32.zip          
[ 656/2453] Checking is OK   | E:\01.userData\ZhuoMian\Github_Releases_批量下载 xray\Xray-core\v1.5.7\Xray-freebsd-64.zip          
[ 657/2453] Checking is OK   | E:\01.userData\ZhuoMian\Github_Releases_批量下载 xray\Xray-core\v1.5.7\Xray-freebsd-arm32-v7a.zip   
[ 658/2453] Checking is OK   | E:\01.userData\ZhuoMian\Github_Releases_批量下载 xray\Xray-core\v1.5.7\Xray-freebsd-arm64-v8a.zip   
[ 659/2453] Checking is OK   | E:\01.userData\ZhuoMian\Github_Releases_批量下载 xray\Xray-core\v1.5.7\Xray-linux-32.zip            
[ 660/2453] Checking is OK   | E:\01.userData\ZhuoMian\Github_Releases_批量下载 xray\Xray-core\v1.5.7\Xray-linux-64.zip            
[ 661/2453] Checking is OK   | E:\01.userData\ZhuoMian\Github_Releases_批量下载 xray\Xray-core\v1.5.7\Xray-linux-arm32-v5.zip      
[ 662/2453] Checking is OK   | E:\01.userData\ZhuoMian\Github_Releases_批量下载 xray\Xray-core\v1.5.7\Xray-linux-arm32-v6.zip      
[ 663/2453] Checking is OK   | E:\01.userData\ZhuoMian\Github_Releases_批量下载 xray\Xray-core\v1.5.7\Xray-linux-arm32-v7a.zip     
[ 664/2453] Checking is OK   | E:\01.userData\ZhuoMian\Github_Releases_批量下载 xray\Xray-core\v1.5.7\Xray-linux-arm64-v8a.zip     
[ 665/2453] Checking is OK   | E:\01.userData\ZhuoMian\Github_Releases_批量下载 xray\Xray-core\v1.5.7\Xray-linux-mips32.zip        
[ 666/2453] Checking is OK   | E:\01.userData\ZhuoMian\Github_Releases_批量下载 xray\Xray-core\v1.5.7\Xray-linux-mips32le.zip      
[ 667/2453] Checking is OK   | E:\01.userData\ZhuoMian\Github_Releases_批量下载 xray\Xray-core\v1.5.7\Xray-linux-mips64.zip        
[ 668/2453] Checking is OK   | E:\01.userData\ZhuoMian\Github_Releases_批量下载 xray\Xray-core\v1.5.7\Xray-linux-mips64le.zip      
[ 669/2453] Checking is OK   | E:\01.userData\ZhuoMian\Github_Releases_批量下载 xray\Xray-core\v1.5.7\Xray-linux-ppc64.zip         
[ 670/2453] Checking is OK   | E:\01.userData\ZhuoMian\Github_Releases_批量下载 xray\Xray-core\v1.5.7\Xray-linux-ppc64le.zip       
[ 671/2453] Checking is OK   | E:\01.userData\ZhuoMian\Github_Releases_批量下载 xray\Xray-core\v1.5.7\Xray-linux-riscv64.zip       
[ 672/2453] Checking is OK   | E:\01.userData\ZhuoMian\Github_Releases_批量下载 xray\Xray-core\v1.5.7\Xray-linux-s390x.zip         
[ 673/2453] Checking is OK   | E:\01.userData\ZhuoMian\Github_Releases_批量下载 xray\Xray-core\v1.5.7\Xray-macos-64.zip            
[ 674/2453] Checking is OK   | E:\01.userData\ZhuoMian\Github_Releases_批量下载 xray\Xray-core\v1.5.7\Xray-macos-arm64-v8a.zip     
[ 675/2453] Checking is OK   | E:\01.userData\ZhuoMian\Github_Releases_批量下载 xray\Xray-core\v1.5.7\Xray-openbsd-32.zip          
[ 676/2453] Checking is OK   | E:\01.userData\ZhuoMian\Github_Releases_批量下载 xray\Xray-core\v1.5.7\Xray-openbsd-64.zip          
[ 677/2453] Checking is OK   | E:\01.userData\ZhuoMian\Github_Releases_批量下载 xray\Xray-core\v1.5.7\Xray-openbsd-arm32-v7a.zip   
[ 678/2453] Checking is OK   | E:\01.userData\ZhuoMian\Github_Releases_批量下载 xray\Xray-core\v1.5.7\Xray-openbsd-arm64-v8a.zip   
[ 679/2453] Checking is OK   | E:\01.userData\ZhuoMian\Github_Releases_批量下载 xray\Xray-core\v1.5.7\Xray-windows-32.zip          
[ 680/2453] Checking is OK   | E:\01.userData\ZhuoMian\Github_Releases_批量下载 xray\Xray-core\v1.5.7\Xray-windows-64.zip          
[ 681/2453] Checking is OK   | E:\01.userData\ZhuoMian\Github_Releases_批量下载 xray\Xray-core\v1.5.7\Xray-windows-arm32-v7a.zip   
[ 682/2453] Checking is OK   | E:\01.userData\ZhuoMian\Github_Releases_批量下载 xray\Xray-core\v1.5.7\Xray-windows-arm64-v8a.zip   
[ 683/2453] Checking is OK   | E:\01.userData\ZhuoMian\Github_Releases_批量下载 xray\Xray-core\v1.5.8\Xray-android-arm64-v8a.zip   
[ 684/2453] Checking is OK   | E:\01.userData\ZhuoMian\Github_Releases_批量下载 xray\Xray-core\v1.5.8\Xray-dragonfly-64.zip        
[ 685/2453] Checking is OK   | E:\01.userData\ZhuoMian\Github_Releases_批量下载 xray\Xray-core\v1.5.8\Xray-freebsd-32.zip          
[ 686/2453] Checking is OK   | E:\01.userData\ZhuoMian\Github_Releases_批量下载 xray\Xray-core\v1.5.8\Xray-freebsd-64.zip          
[ 687/2453] Checking is OK   | E:\01.userData\ZhuoMian\Github_Releases_批量下载 xray\Xray-core\v1.5.8\Xray-freebsd-arm32-v7a.zip   
[ 688/2453] Checking is OK   | E:\01.userData\ZhuoMian\Github_Releases_批量下载 xray\Xray-core\v1.5.8\Xray-freebsd-arm64-v8a.zip   
[ 689/2453] Checking is OK   | E:\01.userData\ZhuoMian\Github_Releases_批量下载 xray\Xray-core\v1.5.8\Xray-linux-32.zip            
[ 690/2453] Checking is OK   | E:\01.userData\ZhuoMian\Github_Releases_批量下载 xray\Xray-core\v1.5.8\Xray-linux-64.zip            
[ 691/2453] Checking is OK   | E:\01.userData\ZhuoMian\Github_Releases_批量下载 xray\Xray-core\v1.5.8\Xray-linux-arm32-v5.zip      
[ 692/2453] Checking is OK   | E:\01.userData\ZhuoMian\Github_Releases_批量下载 xray\Xray-core\v1.5.8\Xray-linux-arm32-v6.zip      
[ 693/2453] Checking is OK   | E:\01.userData\ZhuoMian\Github_Releases_批量下载 xray\Xray-core\v1.5.8\Xray-linux-arm32-v7a.zip     
[ 694/2453] Checking is OK   | E:\01.userData\ZhuoMian\Github_Releases_批量下载 xray\Xray-core\v1.5.8\Xray-linux-arm64-v8a.zip     
[ 695/2453] Checking is OK   | E:\01.userData\ZhuoMian\Github_Releases_批量下载 xray\Xray-core\v1.5.8\Xray-linux-mips32.zip        
[ 696/2453] Checking is OK   | E:\01.userData\ZhuoMian\Github_Releases_批量下载 xray\Xray-core\v1.5.8\Xray-linux-mips32le.zip      
[ 697/2453] Checking is OK   | E:\01.userData\ZhuoMian\Github_Releases_批量下载 xray\Xray-core\v1.5.8\Xray-linux-mips64.zip        
[ 698/2453] Checking is OK   | E:\01.userData\ZhuoMian\Github_Releases_批量下载 xray\Xray-core\v1.5.8\Xray-linux-mips64le.zip      
[ 699/2453] Checking is OK   | E:\01.userData\ZhuoMian\Github_Releases_批量下载 xray\Xray-core\v1.5.8\Xray-linux-ppc64.zip         
[ 700/2453] Checking is OK   | E:\01.userData\ZhuoMian\Github_Releases_批量下载 xray\Xray-core\v1.5.8\Xray-linux-ppc64le.zip       
[ 701/2453] Checking is OK   | E:\01.userData\ZhuoMian\Github_Releases_批量下载 xray\Xray-core\v1.5.8\Xray-linux-riscv64.zip       
[ 702/2453] Checking is OK   | E:\01.userData\ZhuoMian\Github_Releases_批量下载 xray\Xray-core\v1.5.8\Xray-linux-s390x.zip         
[ 703/2453] Checking is OK   | E:\01.userData\ZhuoMian\Github_Releases_批量下载 xray\Xray-core\v1.5.8\Xray-macos-64.zip            
[ 704/2453] Checking is OK   | E:\01.userData\ZhuoMian\Github_Releases_批量下载 xray\Xray-core\v1.5.8\Xray-macos-arm64-v8a.zip     
[ 705/2453] Checking is OK   | E:\01.userData\ZhuoMian\Github_Releases_批量下载 xray\Xray-core\v1.5.8\Xray-openbsd-32.zip          
[ 706/2453] Checking is OK   | E:\01.userData\ZhuoMian\Github_Releases_批量下载 xray\Xray-core\v1.5.8\Xray-openbsd-64.zip          
[ 707/2453] Checking is OK   | E:\01.userData\ZhuoMian\Github_Releases_批量下载 xray\Xray-core\v1.5.8\Xray-openbsd-arm32-v7a.zip   
[ 708/2453] Checking is OK   | E:\01.userData\ZhuoMian\Github_Releases_批量下载 xray\Xray-core\v1.5.8\Xray-openbsd-arm64-v8a.zip   
[ 709/2453] Checking is OK   | E:\01.userData\ZhuoMian\Github_Releases_批量下载 xray\Xray-core\v1.5.8\Xray-windows-32.zip          
[ 710/2453] Checking is OK   | E:\01.userData\ZhuoMian\Github_Releases_批量下载 xray\Xray-core\v1.5.8\Xray-windows-64.zip          
[ 711/2453] Checking is OK   | E:\01.userData\ZhuoMian\Github_Releases_批量下载 xray\Xray-core\v1.5.8\Xray-windows-arm32-v7a.zip   
[ 712/2453] Checking is OK   | E:\01.userData\ZhuoMian\Github_Releases_批量下载 xray\Xray-core\v1.5.8\Xray-windows-arm64-v8a.zip   
[ 713/2453] Checking is OK   | E:\01.userData\ZhuoMian\Github_Releases_批量下载 xray\Xray-core\v1.5.9\Xray-android-arm64-v8a.zip   
[ 714/2453] Checking is OK   | E:\01.userData\ZhuoMian\Github_Releases_批量下载 xray\Xray-core\v1.5.9\Xray-dragonfly-64.zip        
[ 715/2453] Checking is OK   | E:\01.userData\ZhuoMian\Github_Releases_批量下载 xray\Xray-core\v1.5.9\Xray-freebsd-32.zip          
[ 716/2453] Checking is OK   | E:\01.userData\ZhuoMian\Github_Releases_批量下载 xray\Xray-core\v1.5.9\Xray-freebsd-64.zip          
[ 717/2453] Checking is OK   | E:\01.userData\ZhuoMian\Github_Releases_批量下载 xray\Xray-core\v1.5.9\Xray-freebsd-arm32-v7a.zip   
[ 718/2453] Checking is OK   | E:\01.userData\ZhuoMian\Github_Releases_批量下载 xray\Xray-core\v1.5.9\Xray-freebsd-arm64-v8a.zip   
[ 719/2453] Checking is OK   | E:\01.userData\ZhuoMian\Github_Releases_批量下载 xray\Xray-core\v1.5.9\Xray-linux-32.zip            
[ 720/2453] Checking is OK   | E:\01.userData\ZhuoMian\Github_Releases_批量下载 xray\Xray-core\v1.5.9\Xray-linux-64.zip            
[ 721/2453] Checking is OK   | E:\01.userData\ZhuoMian\Github_Releases_批量下载 xray\Xray-core\v1.5.9\Xray-linux-arm32-v5.zip      
[ 722/2453] Checking is OK   | E:\01.userData\ZhuoMian\Github_Releases_批量下载 xray\Xray-core\v1.5.9\Xray-linux-arm32-v6.zip      
[ 723/2453] Checking is OK   | E:\01.userData\ZhuoMian\Github_Releases_批量下载 xray\Xray-core\v1.5.9\Xray-linux-arm32-v7a.zip     
[ 724/2453] Checking is OK   | E:\01.userData\ZhuoMian\Github_Releases_批量下载 xray\Xray-core\v1.5.9\Xray-linux-arm64-v8a.zip     
[ 725/2453] Checking is OK   | E:\01.userData\ZhuoMian\Github_Releases_批量下载 xray\Xray-core\v1.5.9\Xray-linux-mips32.zip        
[ 726/2453] Checking is OK   | E:\01.userData\ZhuoMian\Github_Releases_批量下载 xray\Xray-core\v1.5.9\Xray-linux-mips32le.zip      
[ 727/2453] Checking is OK   | E:\01.userData\ZhuoMian\Github_Releases_批量下载 xray\Xray-core\v1.5.9\Xray-linux-mips64.zip        
[ 728/2453] Checking is OK   | E:\01.userData\ZhuoMian\Github_Releases_批量下载 xray\Xray-core\v1.5.9\Xray-linux-mips64le.zip      
[ 729/2453] Checking is OK   | E:\01.userData\ZhuoMian\Github_Releases_批量下载 xray\Xray-core\v1.5.9\Xray-linux-ppc64.zip         
[ 730/2453] Checking is OK   | E:\01.userData\ZhuoMian\Github_Releases_批量下载 xray\Xray-core\v1.5.9\Xray-linux-ppc64le.zip       
[ 731/2453] Checking is OK   | E:\01.userData\ZhuoMian\Github_Releases_批量下载 xray\Xray-core\v1.5.9\Xray-linux-riscv64.zip       
[ 732/2453] Checking is OK   | E:\01.userData\ZhuoMian\Github_Releases_批量下载 xray\Xray-core\v1.5.9\Xray-linux-s390x.zip         
[ 733/2453] Checking is OK   | E:\01.userData\ZhuoMian\Github_Releases_批量下载 xray\Xray-core\v1.5.9\Xray-macos-64.zip            
[ 734/2453] Checking is OK   | E:\01.userData\ZhuoMian\Github_Releases_批量下载 xray\Xray-core\v1.5.9\Xray-macos-arm64-v8a.zip     
[ 735/2453] Checking is OK   | E:\01.userData\ZhuoMian\Github_Releases_批量下载 xray\Xray-core\v1.5.9\Xray-openbsd-32.zip          
[ 736/2453] Checking is OK   | E:\01.userData\ZhuoMian\Github_Releases_批量下载 xray\Xray-core\v1.5.9\Xray-openbsd-64.zip          
[ 737/2453] Checking is OK   | E:\01.userData\ZhuoMian\Github_Releases_批量下载 xray\Xray-core\v1.5.9\Xray-openbsd-arm32-v7a.zip   
[ 738/2453] Checking is OK   | E:\01.userData\ZhuoMian\Github_Releases_批量下载 xray\Xray-core\v1.5.9\Xray-openbsd-arm64-v8a.zip   
[ 739/2453] Checking is OK   | E:\01.userData\ZhuoMian\Github_Releases_批量下载 xray\Xray-core\v1.5.9\Xray-windows-32.zip          
[ 740/2453] Checking is OK   | E:\01.userData\ZhuoMian\Github_Releases_批量下载 xray\Xray-core\v1.5.9\Xray-windows-64.zip          
[ 741/2453] Checking is OK   | E:\01.userData\ZhuoMian\Github_Releases_批量下载 xray\Xray-core\v1.5.9\Xray-windows-arm32-v7a.zip   
[ 742/2453] Checking is OK   | E:\01.userData\ZhuoMian\Github_Releases_批量下载 xray\Xray-core\v1.5.9\Xray-windows-arm64-v8a.zip   
[ 743/2453] Checking is OK   | E:\01.userData\ZhuoMian\Github_Releases_批量下载 xray\Xray-core\v1.6.0\Xray-android-arm64-v8a.zip   
[ 744/2453] Checking is OK   | E:\01.userData\ZhuoMian\Github_Releases_批量下载 xray\Xray-core\v1.6.0\Xray-dragonfly-64.zip        
[ 745/2453] Checking is OK   | E:\01.userData\ZhuoMian\Github_Releases_批量下载 xray\Xray-core\v1.6.0\Xray-freebsd-32.zip          
[ 746/2453] Checking is OK   | E:\01.userData\ZhuoMian\Github_Releases_批量下载 xray\Xray-core\v1.6.0\Xray-freebsd-64.zip          
[ 747/2453] Checking is OK   | E:\01.userData\ZhuoMian\Github_Releases_批量下载 xray\Xray-core\v1.6.0\Xray-freebsd-arm32-v7a.zip   
[ 748/2453] Checking is OK   | E:\01.userData\ZhuoMian\Github_Releases_批量下载 xray\Xray-core\v1.6.0\Xray-freebsd-arm64-v8a.zip   
[ 749/2453] Checking is OK   | E:\01.userData\ZhuoMian\Github_Releases_批量下载 xray\Xray-core\v1.6.0\Xray-linux-32.zip            
[ 750/2453] Checking is OK   | E:\01.userData\ZhuoMian\Github_Releases_批量下载 xray\Xray-core\v1.6.0\Xray-linux-64.zip            
[ 751/2453] Checking is OK   | E:\01.userData\ZhuoMian\Github_Releases_批量下载 xray\Xray-core\v1.6.0\Xray-linux-arm32-v5.zip      
[ 752/2453] Checking is OK   | E:\01.userData\ZhuoMian\Github_Releases_批量下载 xray\Xray-core\v1.6.0\Xray-linux-arm32-v6.zip      
[ 753/2453] Checking is OK   | E:\01.userData\ZhuoMian\Github_Releases_批量下载 xray\Xray-core\v1.6.0\Xray-linux-arm32-v7a.zip     
[ 754/2453] Checking is OK   | E:\01.userData\ZhuoMian\Github_Releases_批量下载 xray\Xray-core\v1.6.0\Xray-linux-arm64-v8a.zip     
[ 755/2453] Checking is OK   | E:\01.userData\ZhuoMian\Github_Releases_批量下载 xray\Xray-core\v1.6.0\Xray-linux-mips32.zip        
[ 756/2453] Checking is OK   | E:\01.userData\ZhuoMian\Github_Releases_批量下载 xray\Xray-core\v1.6.0\Xray-linux-mips32le.zip      
[ 757/2453] Checking is OK   | E:\01.userData\ZhuoMian\Github_Releases_批量下载 xray\Xray-core\v1.6.0\Xray-linux-mips64.zip        
[ 758/2453] Checking is OK   | E:\01.userData\ZhuoMian\Github_Releases_批量下载 xray\Xray-core\v1.6.0\Xray-linux-mips64le.zip      
[ 759/2453] Checking is OK   | E:\01.userData\ZhuoMian\Github_Releases_批量下载 xray\Xray-core\v1.6.0\Xray-linux-ppc64.zip         
[ 760/2453] Checking is OK   | E:\01.userData\ZhuoMian\Github_Releases_批量下载 xray\Xray-core\v1.6.0\Xray-linux-ppc64le.zip       
[ 761/2453] Checking is OK   | E:\01.userData\ZhuoMian\Github_Releases_批量下载 xray\Xray-core\v1.6.0\Xray-linux-riscv64.zip       
[ 762/2453] Checking is OK   | E:\01.userData\ZhuoMian\Github_Releases_批量下载 xray\Xray-core\v1.6.0\Xray-linux-s390x.zip         
[ 763/2453] Checking is OK   | E:\01.userData\ZhuoMian\Github_Releases_批量下载 xray\Xray-core\v1.6.0\Xray-macos-64.zip            
[ 764/2453] Checking is OK   | E:\01.userData\ZhuoMian\Github_Releases_批量下载 xray\Xray-core\v1.6.0\Xray-macos-arm64-v8a.zip     
[ 765/2453] Checking is OK   | E:\01.userData\ZhuoMian\Github_Releases_批量下载 xray\Xray-core\v1.6.0\Xray-openbsd-32.zip          
[ 766/2453] Checking is OK   | E:\01.userData\ZhuoMian\Github_Releases_批量下载 xray\Xray-core\v1.6.0\Xray-openbsd-64.zip          
[ 767/2453] Checking is OK   | E:\01.userData\ZhuoMian\Github_Releases_批量下载 xray\Xray-core\v1.6.0\Xray-openbsd-arm32-v7a.zip   
[ 768/2453] Checking is OK   | E:\01.userData\ZhuoMian\Github_Releases_批量下载 xray\Xray-core\v1.6.0\Xray-openbsd-arm64-v8a.zip   
[ 769/2453] Checking is OK   | E:\01.userData\ZhuoMian\Github_Releases_批量下载 xray\Xray-core\v1.6.0\Xray-windows-32.zip          
[ 770/2453] Checking is OK   | E:\01.userData\ZhuoMian\Github_Releases_批量下载 xray\Xray-core\v1.6.0\Xray-windows-64.zip          
[ 771/2453] Checking is OK   | E:\01.userData\ZhuoMian\Github_Releases_批量下载 xray\Xray-core\v1.6.0\Xray-windows-arm32-v7a.zip   
[ 772/2453] Checking is OK   | E:\01.userData\ZhuoMian\Github_Releases_批量下载 xray\Xray-core\v1.6.0\Xray-windows-arm64-v8a.zip   
[ 773/2453] Checking is OK   | E:\01.userData\ZhuoMian\Github_Releases_批量下载 xray\Xray-core\v1.6.1\Xray-android-arm64-v8a.zip   
[ 774/2453] Checking is OK   | E:\01.userData\ZhuoMian\Github_Releases_批量下载 xray\Xray-core\v1.6.1\Xray-dragonfly-64.zip        
[ 775/2453] Checking is OK   | E:\01.userData\ZhuoMian\Github_Releases_批量下载 xray\Xray-core\v1.6.1\Xray-freebsd-32.zip          
[ 776/2453] Checking is OK   | E:\01.userData\ZhuoMian\Github_Releases_批量下载 xray\Xray-core\v1.6.1\Xray-freebsd-64.zip          
[ 777/2453] Checking is OK   | E:\01.userData\ZhuoMian\Github_Releases_批量下载 xray\Xray-core\v1.6.1\Xray-freebsd-arm32-v7a.zip   
[ 778/2453] Checking is OK   | E:\01.userData\ZhuoMian\Github_Releases_批量下载 xray\Xray-core\v1.6.1\Xray-freebsd-arm64-v8a.zip   
[ 779/2453] Checking is OK   | E:\01.userData\ZhuoMian\Github_Releases_批量下载 xray\Xray-core\v1.6.1\Xray-linux-32.zip            
[ 780/2453] Checking is OK   | E:\01.userData\ZhuoMian\Github_Releases_批量下载 xray\Xray-core\v1.6.1\Xray-linux-64.zip            
[ 781/2453] Checking is OK   | E:\01.userData\ZhuoMian\Github_Releases_批量下载 xray\Xray-core\v1.6.1\Xray-linux-arm32-v5.zip      
[ 782/2453] Checking is OK   | E:\01.userData\ZhuoMian\Github_Releases_批量下载 xray\Xray-core\v1.6.1\Xray-linux-arm32-v6.zip      
[ 783/2453] Checking is OK   | E:\01.userData\ZhuoMian\Github_Releases_批量下载 xray\Xray-core\v1.6.1\Xray-linux-arm32-v7a.zip     
[ 784/2453] Checking is OK   | E:\01.userData\ZhuoMian\Github_Releases_批量下载 xray\Xray-core\v1.6.1\Xray-linux-arm64-v8a.zip     
[ 785/2453] Checking is OK   | E:\01.userData\ZhuoMian\Github_Releases_批量下载 xray\Xray-core\v1.6.1\Xray-linux-mips32.zip        
[ 786/2453] Checking is OK   | E:\01.userData\ZhuoMian\Github_Releases_批量下载 xray\Xray-core\v1.6.1\Xray-linux-mips32le.zip      
[ 787/2453] Checking is OK   | E:\01.userData\ZhuoMian\Github_Releases_批量下载 xray\Xray-core\v1.6.1\Xray-linux-mips64.zip        
[ 788/2453] Checking is OK   | E:\01.userData\ZhuoMian\Github_Releases_批量下载 xray\Xray-core\v1.6.1\Xray-linux-mips64le.zip      
[ 789/2453] Checking is OK   | E:\01.userData\ZhuoMian\Github_Releases_批量下载 xray\Xray-core\v1.6.1\Xray-linux-ppc64.zip         
[ 790/2453] Checking is OK   | E:\01.userData\ZhuoMian\Github_Releases_批量下载 xray\Xray-core\v1.6.1\Xray-linux-ppc64le.zip       
[ 791/2453] Checking is OK   | E:\01.userData\ZhuoMian\Github_Releases_批量下载 xray\Xray-core\v1.6.1\Xray-linux-riscv64.zip       
[ 792/2453] Checking is OK   | E:\01.userData\ZhuoMian\Github_Releases_批量下载 xray\Xray-core\v1.6.1\Xray-linux-s390x.zip         
[ 793/2453] Checking is OK   | E:\01.userData\ZhuoMian\Github_Releases_批量下载 xray\Xray-core\v1.6.1\Xray-macos-64.zip            
[ 794/2453] Checking is OK   | E:\01.userData\ZhuoMian\Github_Releases_批量下载 xray\Xray-core\v1.6.1\Xray-macos-arm64-v8a.zip     
[ 795/2453] Checking is OK   | E:\01.userData\ZhuoMian\Github_Releases_批量下载 xray\Xray-core\v1.6.1\Xray-openbsd-32.zip          
[ 796/2453] Checking is OK   | E:\01.userData\ZhuoMian\Github_Releases_批量下载 xray\Xray-core\v1.6.1\Xray-openbsd-64.zip          
[ 797/2453] Checking is OK   | E:\01.userData\ZhuoMian\Github_Releases_批量下载 xray\Xray-core\v1.6.1\Xray-openbsd-arm32-v7a.zip   
[ 798/2453] Checking is OK   | E:\01.userData\ZhuoMian\Github_Releases_批量下载 xray\Xray-core\v1.6.1\Xray-openbsd-arm64-v8a.zip   
[ 799/2453] Checking is OK   | E:\01.userData\ZhuoMian\Github_Releases_批量下载 xray\Xray-core\v1.6.1\Xray-windows-32.zip          
[ 800/2453] Checking is OK   | E:\01.userData\ZhuoMian\Github_Releases_批量下载 xray\Xray-core\v1.6.1\Xray-windows-64.zip          
[ 801/2453] Checking is OK   | E:\01.userData\ZhuoMian\Github_Releases_批量下载 xray\Xray-core\v1.6.1\Xray-windows-arm32-v7a.zip   
[ 802/2453] Checking is OK   | E:\01.userData\ZhuoMian\Github_Releases_批量下载 xray\Xray-core\v1.6.1\Xray-windows-arm64-v8a.zip   
[ 803/2453] Checking is OK   | E:\01.userData\ZhuoMian\Github_Releases_批量下载 xray\Xray-core\v1.6.2\Xray-android-arm64-v8a.zip   
[ 804/2453] Checking is OK   | E:\01.userData\ZhuoMian\Github_Releases_批量下载 xray\Xray-core\v1.6.2\Xray-dragonfly-64.zip        
[ 805/2453] Checking is OK   | E:\01.userData\ZhuoMian\Github_Releases_批量下载 xray\Xray-core\v1.6.2\Xray-freebsd-32.zip          
[ 806/2453] Checking is OK   | E:\01.userData\ZhuoMian\Github_Releases_批量下载 xray\Xray-core\v1.6.2\Xray-freebsd-64.zip          
[ 807/2453] Checking is OK   | E:\01.userData\ZhuoMian\Github_Releases_批量下载 xray\Xray-core\v1.6.2\Xray-freebsd-arm32-v7a.zip   
[ 808/2453] Checking is OK   | E:\01.userData\ZhuoMian\Github_Releases_批量下载 xray\Xray-core\v1.6.2\Xray-freebsd-arm64-v8a.zip   
[ 809/2453] Checking is OK   | E:\01.userData\ZhuoMian\Github_Releases_批量下载 xray\Xray-core\v1.6.2\Xray-linux-32.zip            
[ 810/2453] Checking is OK   | E:\01.userData\ZhuoMian\Github_Releases_批量下载 xray\Xray-core\v1.6.2\Xray-linux-64.zip            
[ 811/2453] Checking is OK   | E:\01.userData\ZhuoMian\Github_Releases_批量下载 xray\Xray-core\v1.6.2\Xray-linux-arm32-v5.zip      
[ 812/2453] Checking is OK   | E:\01.userData\ZhuoMian\Github_Releases_批量下载 xray\Xray-core\v1.6.2\Xray-linux-arm32-v6.zip      
[ 813/2453] Checking is OK   | E:\01.userData\ZhuoMian\Github_Releases_批量下载 xray\Xray-core\v1.6.2\Xray-linux-arm32-v7a.zip     
[ 814/2453] Checking is OK   | E:\01.userData\ZhuoMian\Github_Releases_批量下载 xray\Xray-core\v1.6.2\Xray-linux-arm64-v8a.zip     
[ 815/2453] Checking is OK   | E:\01.userData\ZhuoMian\Github_Releases_批量下载 xray\Xray-core\v1.6.2\Xray-linux-mips32.zip        
[ 816/2453] Checking is OK   | E:\01.userData\ZhuoMian\Github_Releases_批量下载 xray\Xray-core\v1.6.2\Xray-linux-mips32le.zip      
[ 817/2453] Checking is OK   | E:\01.userData\ZhuoMian\Github_Releases_批量下载 xray\Xray-core\v1.6.2\Xray-linux-mips64.zip        
[ 818/2453] Checking is OK   | E:\01.userData\ZhuoMian\Github_Releases_批量下载 xray\Xray-core\v1.6.2\Xray-linux-mips64le.zip      
[ 819/2453] Checking is OK   | E:\01.userData\ZhuoMian\Github_Releases_批量下载 xray\Xray-core\v1.6.2\Xray-linux-ppc64.zip         
[ 820/2453] Checking is OK   | E:\01.userData\ZhuoMian\Github_Releases_批量下载 xray\Xray-core\v1.6.2\Xray-linux-ppc64le.zip       
[ 821/2453] Checking is OK   | E:\01.userData\ZhuoMian\Github_Releases_批量下载 xray\Xray-core\v1.6.2\Xray-linux-riscv64.zip       
[ 822/2453] Checking is OK   | E:\01.userData\ZhuoMian\Github_Releases_批量下载 xray\Xray-core\v1.6.2\Xray-linux-s390x.zip         
[ 823/2453] Checking is OK   | E:\01.userData\ZhuoMian\Github_Releases_批量下载 xray\Xray-core\v1.6.2\Xray-macos-64.zip            
[ 824/2453] Checking is OK   | E:\01.userData\ZhuoMian\Github_Releases_批量下载 xray\Xray-core\v1.6.2\Xray-macos-arm64-v8a.zip     
[ 825/2453] Checking is OK   | E:\01.userData\ZhuoMian\Github_Releases_批量下载 xray\Xray-core\v1.6.2\Xray-openbsd-32.zip          
[ 826/2453] Checking is OK   | E:\01.userData\ZhuoMian\Github_Releases_批量下载 xray\Xray-core\v1.6.2\Xray-openbsd-64.zip          
[ 827/2453] Checking is OK   | E:\01.userData\ZhuoMian\Github_Releases_批量下载 xray\Xray-core\v1.6.2\Xray-openbsd-arm32-v7a.zip   
[ 828/2453] Checking is OK   | E:\01.userData\ZhuoMian\Github_Releases_批量下载 xray\Xray-core\v1.6.2\Xray-openbsd-arm64-v8a.zip   
[ 829/2453] Checking is OK   | E:\01.userData\ZhuoMian\Github_Releases_批量下载 xray\Xray-core\v1.6.2\Xray-windows-32.zip          
[ 830/2453] Checking is OK   | E:\01.userData\ZhuoMian\Github_Releases_批量下载 xray\Xray-core\v1.6.2\Xray-windows-64.zip          
[ 831/2453] Checking is OK   | E:\01.userData\ZhuoMian\Github_Releases_批量下载 xray\Xray-core\v1.6.2\Xray-windows-arm32-v7a.zip   
[ 832/2453] Checking is OK   | E:\01.userData\ZhuoMian\Github_Releases_批量下载 xray\Xray-core\v1.6.2\Xray-windows-arm64-v8a.zip   
[ 833/2453] Checking is OK   | E:\01.userData\ZhuoMian\Github_Releases_批量下载 xray\Xray-core\v1.6.3\Xray-android-arm64-v8a.zip   
[ 834/2453] Checking is OK   | E:\01.userData\ZhuoMian\Github_Releases_批量下载 xray\Xray-core\v1.6.3\Xray-dragonfly-64.zip        
[ 835/2453] Checking is OK   | E:\01.userData\ZhuoMian\Github_Releases_批量下载 xray\Xray-core\v1.6.3\Xray-freebsd-32.zip          
[ 836/2453] Checking is OK   | E:\01.userData\ZhuoMian\Github_Releases_批量下载 xray\Xray-core\v1.6.3\Xray-freebsd-64.zip          
[ 837/2453] Checking is OK   | E:\01.userData\ZhuoMian\Github_Releases_批量下载 xray\Xray-core\v1.6.3\Xray-freebsd-arm32-v7a.zip   
[ 838/2453] Checking is OK   | E:\01.userData\ZhuoMian\Github_Releases_批量下载 xray\Xray-core\v1.6.3\Xray-freebsd-arm64-v8a.zip   
[ 839/2453] Checking is OK   | E:\01.userData\ZhuoMian\Github_Releases_批量下载 xray\Xray-core\v1.6.3\Xray-linux-32.zip            
[ 840/2453] Checking is OK   | E:\01.userData\ZhuoMian\Github_Releases_批量下载 xray\Xray-core\v1.6.3\Xray-linux-64.zip            
[ 841/2453] Checking is OK   | E:\01.userData\ZhuoMian\Github_Releases_批量下载 xray\Xray-core\v1.6.3\Xray-linux-arm32-v5.zip      
[ 842/2453] Checking is OK   | E:\01.userData\ZhuoMian\Github_Releases_批量下载 xray\Xray-core\v1.6.3\Xray-linux-arm32-v6.zip      
[ 843/2453] Checking is OK   | E:\01.userData\ZhuoMian\Github_Releases_批量下载 xray\Xray-core\v1.6.3\Xray-linux-arm32-v7a.zip     
[ 844/2453] Checking is OK   | E:\01.userData\ZhuoMian\Github_Releases_批量下载 xray\Xray-core\v1.6.3\Xray-linux-arm64-v8a.zip     
[ 845/2453] Checking is OK   | E:\01.userData\ZhuoMian\Github_Releases_批量下载 xray\Xray-core\v1.6.3\Xray-linux-mips32.zip        
[ 846/2453] Checking is OK   | E:\01.userData\ZhuoMian\Github_Releases_批量下载 xray\Xray-core\v1.6.3\Xray-linux-mips32le.zip      
[ 847/2453] Checking is OK   | E:\01.userData\ZhuoMian\Github_Releases_批量下载 xray\Xray-core\v1.6.3\Xray-linux-mips64.zip        
[ 848/2453] Checking is OK   | E:\01.userData\ZhuoMian\Github_Releases_批量下载 xray\Xray-core\v1.6.3\Xray-linux-mips64le.zip      
[ 849/2453] Checking is OK   | E:\01.userData\ZhuoMian\Github_Releases_批量下载 xray\Xray-core\v1.6.3\Xray-linux-ppc64.zip         
[ 850/2453] Checking is OK   | E:\01.userData\ZhuoMian\Github_Releases_批量下载 xray\Xray-core\v1.6.3\Xray-linux-ppc64le.zip       
[ 851/2453] Checking is OK   | E:\01.userData\ZhuoMian\Github_Releases_批量下载 xray\Xray-core\v1.6.3\Xray-linux-riscv64.zip       
[ 852/2453] Checking is OK   | E:\01.userData\ZhuoMian\Github_Releases_批量下载 xray\Xray-core\v1.6.3\Xray-linux-s390x.zip         
[ 853/2453] Checking is OK   | E:\01.userData\ZhuoMian\Github_Releases_批量下载 xray\Xray-core\v1.6.3\Xray-macos-64.zip            
[ 854/2453] Checking is OK   | E:\01.userData\ZhuoMian\Github_Releases_批量下载 xray\Xray-core\v1.6.3\Xray-macos-arm64-v8a.zip     
[ 855/2453] Checking is OK   | E:\01.userData\ZhuoMian\Github_Releases_批量下载 xray\Xray-core\v1.6.3\Xray-openbsd-32.zip          
[ 856/2453] Checking is OK   | E:\01.userData\ZhuoMian\Github_Releases_批量下载 xray\Xray-core\v1.6.3\Xray-openbsd-64.zip          
[ 857/2453] Checking is OK   | E:\01.userData\ZhuoMian\Github_Releases_批量下载 xray\Xray-core\v1.6.3\Xray-openbsd-arm32-v7a.zip   
[ 858/2453] Checking is OK   | E:\01.userData\ZhuoMian\Github_Releases_批量下载 xray\Xray-core\v1.6.3\Xray-openbsd-arm64-v8a.zip   
[ 859/2453] Checking is OK   | E:\01.userData\ZhuoMian\Github_Releases_批量下载 xray\Xray-core\v1.6.3\Xray-windows-32.zip          
[ 860/2453] Checking is OK   | E:\01.userData\ZhuoMian\Github_Releases_批量下载 xray\Xray-core\v1.6.3\Xray-windows-64.zip          
[ 861/2453] Checking is OK   | E:\01.userData\ZhuoMian\Github_Releases_批量下载 xray\Xray-core\v1.6.3\Xray-windows-arm32-v7a.zip   
[ 862/2453] Checking is OK   | E:\01.userData\ZhuoMian\Github_Releases_批量下载 xray\Xray-core\v1.6.3\Xray-windows-arm64-v8a.zip   
[ 863/2453] Checking is OK   | E:\01.userData\ZhuoMian\Github_Releases_批量下载 xray\Xray-core\v1.6.4\Xray-android-arm64-v8a.zip   
[ 864/2453] Checking is OK   | E:\01.userData\ZhuoMian\Github_Releases_批量下载 xray\Xray-core\v1.6.4\Xray-dragonfly-64.zip        
[ 865/2453] Checking is OK   | E:\01.userData\ZhuoMian\Github_Releases_批量下载 xray\Xray-core\v1.6.4\Xray-freebsd-32.zip          
[ 866/2453] Checking is OK   | E:\01.userData\ZhuoMian\Github_Releases_批量下载 xray\Xray-core\v1.6.4\Xray-freebsd-64.zip          
[ 867/2453] Checking is OK   | E:\01.userData\ZhuoMian\Github_Releases_批量下载 xray\Xray-core\v1.6.4\Xray-freebsd-arm32-v7a.zip   
[ 868/2453] Checking is OK   | E:\01.userData\ZhuoMian\Github_Releases_批量下载 xray\Xray-core\v1.6.4\Xray-freebsd-arm64-v8a.zip   
[ 869/2453] Checking is OK   | E:\01.userData\ZhuoMian\Github_Releases_批量下载 xray\Xray-core\v1.6.4\Xray-linux-32.zip            
[ 870/2453] Checking is OK   | E:\01.userData\ZhuoMian\Github_Releases_批量下载 xray\Xray-core\v1.6.4\Xray-linux-64.zip            
[ 871/2453] Checking is OK   | E:\01.userData\ZhuoMian\Github_Releases_批量下载 xray\Xray-core\v1.6.4\Xray-linux-arm32-v5.zip      
[ 872/2453] Checking is OK   | E:\01.userData\ZhuoMian\Github_Releases_批量下载 xray\Xray-core\v1.6.4\Xray-linux-arm32-v6.zip      
[ 873/2453] Checking is OK   | E:\01.userData\ZhuoMian\Github_Releases_批量下载 xray\Xray-core\v1.6.4\Xray-linux-arm32-v7a.zip     
[ 874/2453] Checking is OK   | E:\01.userData\ZhuoMian\Github_Releases_批量下载 xray\Xray-core\v1.6.4\Xray-linux-arm64-v8a.zip     
[ 875/2453] Checking is OK   | E:\01.userData\ZhuoMian\Github_Releases_批量下载 xray\Xray-core\v1.6.4\Xray-linux-mips32.zip        
[ 876/2453] Checking is OK   | E:\01.userData\ZhuoMian\Github_Releases_批量下载 xray\Xray-core\v1.6.4\Xray-linux-mips32le.zip      
[ 877/2453] Checking is OK   | E:\01.userData\ZhuoMian\Github_Releases_批量下载 xray\Xray-core\v1.6.4\Xray-linux-mips64.zip        
[ 878/2453] Checking is OK   | E:\01.userData\ZhuoMian\Github_Releases_批量下载 xray\Xray-core\v1.6.4\Xray-linux-mips64le.zip      
[ 879/2453] Checking is OK   | E:\01.userData\ZhuoMian\Github_Releases_批量下载 xray\Xray-core\v1.6.4\Xray-linux-ppc64.zip         
[ 880/2453] Checking is OK   | E:\01.userData\ZhuoMian\Github_Releases_批量下载 xray\Xray-core\v1.6.4\Xray-linux-ppc64le.zip       
[ 881/2453] Checking is OK   | E:\01.userData\ZhuoMian\Github_Releases_批量下载 xray\Xray-core\v1.6.4\Xray-linux-riscv64.zip       
[ 882/2453] Checking is OK   | E:\01.userData\ZhuoMian\Github_Releases_批量下载 xray\Xray-core\v1.6.4\Xray-linux-s390x.zip         
[ 883/2453] Checking is OK   | E:\01.userData\ZhuoMian\Github_Releases_批量下载 xray\Xray-core\v1.6.4\Xray-macos-64.zip            
[ 884/2453] Checking is OK   | E:\01.userData\ZhuoMian\Github_Releases_批量下载 xray\Xray-core\v1.6.4\Xray-macos-arm64-v8a.zip     
[ 885/2453] Checking is OK   | E:\01.userData\ZhuoMian\Github_Releases_批量下载 xray\Xray-core\v1.6.4\Xray-openbsd-32.zip          
[ 886/2453] Checking is OK   | E:\01.userData\ZhuoMian\Github_Releases_批量下载 xray\Xray-core\v1.6.4\Xray-openbsd-64.zip          
[ 887/2453] Checking is OK   | E:\01.userData\ZhuoMian\Github_Releases_批量下载 xray\Xray-core\v1.6.4\Xray-openbsd-arm32-v7a.zip   
[ 888/2453] Checking is OK   | E:\01.userData\ZhuoMian\Github_Releases_批量下载 xray\Xray-core\v1.6.4\Xray-openbsd-arm64-v8a.zip   
[ 889/2453] Checking is OK   | E:\01.userData\ZhuoMian\Github_Releases_批量下载 xray\Xray-core\v1.6.4\Xray-windows-32.zip          
[ 890/2453] Checking is OK   | E:\01.userData\ZhuoMian\Github_Releases_批量下载 xray\Xray-core\v1.6.4\Xray-windows-64.zip          
[ 891/2453] Checking is OK   | E:\01.userData\ZhuoMian\Github_Releases_批量下载 xray\Xray-core\v1.6.4\Xray-windows-arm32-v7a.zip   
[ 892/2453] Checking is OK   | E:\01.userData\ZhuoMian\Github_Releases_批量下载 xray\Xray-core\v1.6.4\Xray-windows-arm64-v8a.zip   
[ 893/2453] Checking is OK   | E:\01.userData\ZhuoMian\Github_Releases_批量下载 xray\Xray-core\v1.6.5\Xray-android-arm64-v8a.zip   
[ 894/2453] Checking is OK   | E:\01.userData\ZhuoMian\Github_Releases_批量下载 xray\Xray-core\v1.6.5\Xray-dragonfly-64.zip        
[ 895/2453] Checking is OK   | E:\01.userData\ZhuoMian\Github_Releases_批量下载 xray\Xray-core\v1.6.5\Xray-freebsd-32.zip          
[ 896/2453] Checking is OK   | E:\01.userData\ZhuoMian\Github_Releases_批量下载 xray\Xray-core\v1.6.5\Xray-freebsd-64.zip          
[ 897/2453] Checking is OK   | E:\01.userData\ZhuoMian\Github_Releases_批量下载 xray\Xray-core\v1.6.5\Xray-freebsd-arm32-v7a.zip   
[ 898/2453] Checking is OK   | E:\01.userData\ZhuoMian\Github_Releases_批量下载 xray\Xray-core\v1.6.5\Xray-freebsd-arm64-v8a.zip   
[ 899/2453] Checking is OK   | E:\01.userData\ZhuoMian\Github_Releases_批量下载 xray\Xray-core\v1.6.5\Xray-linux-32.zip            
[ 900/2453] Checking is OK   | E:\01.userData\ZhuoMian\Github_Releases_批量下载 xray\Xray-core\v1.6.5\Xray-linux-64.zip            
[ 901/2453] Checking is OK   | E:\01.userData\ZhuoMian\Github_Releases_批量下载 xray\Xray-core\v1.6.5\Xray-linux-arm32-v5.zip      
[ 902/2453] Checking is OK   | E:\01.userData\ZhuoMian\Github_Releases_批量下载 xray\Xray-core\v1.6.5\Xray-linux-arm32-v6.zip      
[ 903/2453] Checking is OK   | E:\01.userData\ZhuoMian\Github_Releases_批量下载 xray\Xray-core\v1.6.5\Xray-linux-arm32-v7a.zip     
[ 904/2453] Checking is OK   | E:\01.userData\ZhuoMian\Github_Releases_批量下载 xray\Xray-core\v1.6.5\Xray-linux-arm64-v8a.zip     
[ 905/2453] Checking is OK   | E:\01.userData\ZhuoMian\Github_Releases_批量下载 xray\Xray-core\v1.6.5\Xray-linux-mips32.zip        
[ 906/2453] Checking is OK   | E:\01.userData\ZhuoMian\Github_Releases_批量下载 xray\Xray-core\v1.6.5\Xray-linux-mips32le.zip      
[ 907/2453] Checking is OK   | E:\01.userData\ZhuoMian\Github_Releases_批量下载 xray\Xray-core\v1.6.5\Xray-linux-mips64.zip        
[ 908/2453] Checking is OK   | E:\01.userData\ZhuoMian\Github_Releases_批量下载 xray\Xray-core\v1.6.5\Xray-linux-mips64le.zip      
[ 909/2453] Checking is OK   | E:\01.userData\ZhuoMian\Github_Releases_批量下载 xray\Xray-core\v1.6.5\Xray-linux-ppc64.zip         
[ 910/2453] Checking is OK   | E:\01.userData\ZhuoMian\Github_Releases_批量下载 xray\Xray-core\v1.6.5\Xray-linux-ppc64le.zip       
[ 911/2453] Checking is OK   | E:\01.userData\ZhuoMian\Github_Releases_批量下载 xray\Xray-core\v1.6.5\Xray-linux-riscv64.zip       
[ 912/2453] Checking is OK   | E:\01.userData\ZhuoMian\Github_Releases_批量下载 xray\Xray-core\v1.6.5\Xray-linux-s390x.zip         
[ 913/2453] Checking is OK   | E:\01.userData\ZhuoMian\Github_Releases_批量下载 xray\Xray-core\v1.6.5\Xray-macos-64.zip            
[ 914/2453] Checking is OK   | E:\01.userData\ZhuoMian\Github_Releases_批量下载 xray\Xray-core\v1.6.5\Xray-macos-arm64-v8a.zip     
[ 915/2453] Checking is OK   | E:\01.userData\ZhuoMian\Github_Releases_批量下载 xray\Xray-core\v1.6.5\Xray-openbsd-32.zip          
[ 916/2453] Checking is OK   | E:\01.userData\ZhuoMian\Github_Releases_批量下载 xray\Xray-core\v1.6.5\Xray-openbsd-64.zip          
[ 917/2453] Checking is OK   | E:\01.userData\ZhuoMian\Github_Releases_批量下载 xray\Xray-core\v1.6.5\Xray-openbsd-arm32-v7a.zip   
[ 918/2453] Checking is OK   | E:\01.userData\ZhuoMian\Github_Releases_批量下载 xray\Xray-core\v1.6.5\Xray-openbsd-arm64-v8a.zip   
[ 919/2453] Checking is OK   | E:\01.userData\ZhuoMian\Github_Releases_批量下载 xray\Xray-core\v1.6.5\Xray-windows-32.zip          
[ 920/2453] Checking is OK   | E:\01.userData\ZhuoMian\Github_Releases_批量下载 xray\Xray-core\v1.6.5\Xray-windows-64.zip          
[ 921/2453] Checking is OK   | E:\01.userData\ZhuoMian\Github_Releases_批量下载 xray\Xray-core\v1.6.5\Xray-windows-arm32-v7a.zip   
[ 922/2453] Checking is OK   | E:\01.userData\ZhuoMian\Github_Releases_批量下载 xray\Xray-core\v1.6.5\Xray-windows-arm64-v8a.zip   
[ 923/2453] Checking is OK   | E:\01.userData\ZhuoMian\Github_Releases_批量下载 xray\Xray-core\v1.7.0\Xray-android-arm64-v8a.zip   
[ 924/2453] Checking is OK   | E:\01.userData\ZhuoMian\Github_Releases_批量下载 xray\Xray-core\v1.7.0\Xray-dragonfly-64.zip        
[ 925/2453] Checking is OK   | E:\01.userData\ZhuoMian\Github_Releases_批量下载 xray\Xray-core\v1.7.0\Xray-freebsd-32.zip          
[ 926/2453] Checking is OK   | E:\01.userData\ZhuoMian\Github_Releases_批量下载 xray\Xray-core\v1.7.0\Xray-freebsd-64.zip          
[ 927/2453] Checking is OK   | E:\01.userData\ZhuoMian\Github_Releases_批量下载 xray\Xray-core\v1.7.0\Xray-freebsd-arm32-v7a.zip   
[ 928/2453] Checking is OK   | E:\01.userData\ZhuoMian\Github_Releases_批量下载 xray\Xray-core\v1.7.0\Xray-freebsd-arm64-v8a.zip   
[ 929/2453] Checking is OK   | E:\01.userData\ZhuoMian\Github_Releases_批量下载 xray\Xray-core\v1.7.0\Xray-linux-32.zip            
[ 930/2453] Checking is OK   | E:\01.userData\ZhuoMian\Github_Releases_批量下载 xray\Xray-core\v1.7.0\Xray-linux-64.zip            
[ 931/2453] Checking is OK   | E:\01.userData\ZhuoMian\Github_Releases_批量下载 xray\Xray-core\v1.7.0\Xray-linux-arm32-v5.zip      
[ 932/2453] Checking is OK   | E:\01.userData\ZhuoMian\Github_Releases_批量下载 xray\Xray-core\v1.7.0\Xray-linux-arm32-v6.zip      
[ 933/2453] Checking is OK   | E:\01.userData\ZhuoMian\Github_Releases_批量下载 xray\Xray-core\v1.7.0\Xray-linux-arm32-v7a.zip     
[ 934/2453] Checking is OK   | E:\01.userData\ZhuoMian\Github_Releases_批量下载 xray\Xray-core\v1.7.0\Xray-linux-arm64-v8a.zip     
[ 935/2453] Checking is OK   | E:\01.userData\ZhuoMian\Github_Releases_批量下载 xray\Xray-core\v1.7.0\Xray-linux-mips32.zip        
[ 936/2453] Checking is OK   | E:\01.userData\ZhuoMian\Github_Releases_批量下载 xray\Xray-core\v1.7.0\Xray-linux-mips32le.zip      
[ 937/2453] Checking is OK   | E:\01.userData\ZhuoMian\Github_Releases_批量下载 xray\Xray-core\v1.7.0\Xray-linux-mips64.zip        
[ 938/2453] Checking is OK   | E:\01.userData\ZhuoMian\Github_Releases_批量下载 xray\Xray-core\v1.7.0\Xray-linux-mips64le.zip      
[ 939/2453] Checking is OK   | E:\01.userData\ZhuoMian\Github_Releases_批量下载 xray\Xray-core\v1.7.0\Xray-linux-ppc64.zip         
[ 940/2453] Checking is OK   | E:\01.userData\ZhuoMian\Github_Releases_批量下载 xray\Xray-core\v1.7.0\Xray-linux-ppc64le.zip       
[ 941/2453] Checking is OK   | E:\01.userData\ZhuoMian\Github_Releases_批量下载 xray\Xray-core\v1.7.0\Xray-linux-riscv64.zip       
[ 942/2453] Checking is OK   | E:\01.userData\ZhuoMian\Github_Releases_批量下载 xray\Xray-core\v1.7.0\Xray-linux-s390x.zip         
[ 943/2453] Checking is OK   | E:\01.userData\ZhuoMian\Github_Releases_批量下载 xray\Xray-core\v1.7.0\Xray-macos-64.zip            
[ 944/2453] Checking is OK   | E:\01.userData\ZhuoMian\Github_Releases_批量下载 xray\Xray-core\v1.7.0\Xray-macos-arm64-v8a.zip     
[ 945/2453] Checking is OK   | E:\01.userData\ZhuoMian\Github_Releases_批量下载 xray\Xray-core\v1.7.0\Xray-openbsd-32.zip          
[ 946/2453] Checking is OK   | E:\01.userData\ZhuoMian\Github_Releases_批量下载 xray\Xray-core\v1.7.0\Xray-openbsd-64.zip          
[ 947/2453] Checking is OK   | E:\01.userData\ZhuoMian\Github_Releases_批量下载 xray\Xray-core\v1.7.0\Xray-openbsd-arm32-v7a.zip   
[ 948/2453] Checking is OK   | E:\01.userData\ZhuoMian\Github_Releases_批量下载 xray\Xray-core\v1.7.0\Xray-openbsd-arm64-v8a.zip   
[ 949/2453] Checking is OK   | E:\01.userData\ZhuoMian\Github_Releases_批量下载 xray\Xray-core\v1.7.0\Xray-windows-32.zip          
[ 950/2453] Checking is OK   | E:\01.userData\ZhuoMian\Github_Releases_批量下载 xray\Xray-core\v1.7.0\Xray-windows-64.zip          
[ 951/2453] Checking is OK   | E:\01.userData\ZhuoMian\Github_Releases_批量下载 xray\Xray-core\v1.7.0\Xray-windows-arm32-v7a.zip   
[ 952/2453] Checking is OK   | E:\01.userData\ZhuoMian\Github_Releases_批量下载 xray\Xray-core\v1.7.0\Xray-windows-arm64-v8a.zip   
[ 953/2453] Checking is OK   | E:\01.userData\ZhuoMian\Github_Releases_批量下载 xray\Xray-core\v1.7.1\Xray-android-arm64-v8a.zip   
[ 954/2453] Checking is OK   | E:\01.userData\ZhuoMian\Github_Releases_批量下载 xray\Xray-core\v1.7.1\Xray-dragonfly-64.zip        
[ 955/2453] Checking is OK   | E:\01.userData\ZhuoMian\Github_Releases_批量下载 xray\Xray-core\v1.7.1\Xray-freebsd-32.zip          
[ 956/2453] Checking is OK   | E:\01.userData\ZhuoMian\Github_Releases_批量下载 xray\Xray-core\v1.7.1\Xray-freebsd-64.zip          
[ 957/2453] Checking is OK   | E:\01.userData\ZhuoMian\Github_Releases_批量下载 xray\Xray-core\v1.7.1\Xray-freebsd-arm32-v7a.zip   
[ 958/2453] Checking is OK   | E:\01.userData\ZhuoMian\Github_Releases_批量下载 xray\Xray-core\v1.7.1\Xray-freebsd-arm64-v8a.zip   
[ 959/2453] Checking is OK   | E:\01.userData\ZhuoMian\Github_Releases_批量下载 xray\Xray-core\v1.7.1\Xray-linux-32.zip            
[ 960/2453] Checking is OK   | E:\01.userData\ZhuoMian\Github_Releases_批量下载 xray\Xray-core\v1.7.1\Xray-linux-64.zip            
[ 961/2453] Checking is OK   | E:\01.userData\ZhuoMian\Github_Releases_批量下载 xray\Xray-core\v1.7.1\Xray-linux-arm32-v5.zip      
[ 962/2453] Checking is OK   | E:\01.userData\ZhuoMian\Github_Releases_批量下载 xray\Xray-core\v1.7.1\Xray-linux-arm32-v6.zip      
[ 963/2453] Checking is OK   | E:\01.userData\ZhuoMian\Github_Releases_批量下载 xray\Xray-core\v1.7.1\Xray-linux-arm32-v7a.zip     
[ 964/2453] Checking is OK   | E:\01.userData\ZhuoMian\Github_Releases_批量下载 xray\Xray-core\v1.7.1\Xray-linux-arm64-v8a.zip     
[ 965/2453] Checking is OK   | E:\01.userData\ZhuoMian\Github_Releases_批量下载 xray\Xray-core\v1.7.1\Xray-linux-mips32.zip        
[ 966/2453] Checking is OK   | E:\01.userData\ZhuoMian\Github_Releases_批量下载 xray\Xray-core\v1.7.1\Xray-linux-mips32le.zip      
[ 967/2453] Checking is OK   | E:\01.userData\ZhuoMian\Github_Releases_批量下载 xray\Xray-core\v1.7.1\Xray-linux-mips64.zip        
[ 968/2453] Checking is OK   | E:\01.userData\ZhuoMian\Github_Releases_批量下载 xray\Xray-core\v1.7.1\Xray-linux-mips64le.zip      
[ 969/2453] Checking is OK   | E:\01.userData\ZhuoMian\Github_Releases_批量下载 xray\Xray-core\v1.7.1\Xray-linux-ppc64.zip         
[ 970/2453] Checking is OK   | E:\01.userData\ZhuoMian\Github_Releases_批量下载 xray\Xray-core\v1.7.1\Xray-linux-ppc64le.zip       
[ 971/2453] Checking is OK   | E:\01.userData\ZhuoMian\Github_Releases_批量下载 xray\Xray-core\v1.7.1\Xray-linux-riscv64.zip       
[ 972/2453] Checking is OK   | E:\01.userData\ZhuoMian\Github_Releases_批量下载 xray\Xray-core\v1.7.1\Xray-linux-s390x.zip         
[ 973/2453] Checking is OK   | E:\01.userData\ZhuoMian\Github_Releases_批量下载 xray\Xray-core\v1.7.1\Xray-macos-64.zip            
[ 974/2453] Checking is OK   | E:\01.userData\ZhuoMian\Github_Releases_批量下载 xray\Xray-core\v1.7.1\Xray-macos-arm64-v8a.zip     
[ 975/2453] Checking is OK   | E:\01.userData\ZhuoMian\Github_Releases_批量下载 xray\Xray-core\v1.7.1\Xray-openbsd-32.zip          
[ 976/2453] Checking is OK   | E:\01.userData\ZhuoMian\Github_Releases_批量下载 xray\Xray-core\v1.7.1\Xray-openbsd-64.zip          
[ 977/2453] Checking is OK   | E:\01.userData\ZhuoMian\Github_Releases_批量下载 xray\Xray-core\v1.7.1\Xray-openbsd-arm32-v7a.zip   
[ 978/2453] Checking is OK   | E:\01.userData\ZhuoMian\Github_Releases_批量下载 xray\Xray-core\v1.7.1\Xray-openbsd-arm64-v8a.zip   
[ 979/2453] Checking is OK   | E:\01.userData\ZhuoMian\Github_Releases_批量下载 xray\Xray-core\v1.7.1\Xray-windows-32.zip          
[ 980/2453] Checking is OK   | E:\01.userData\ZhuoMian\Github_Releases_批量下载 xray\Xray-core\v1.7.1\Xray-windows-64.zip          
[ 981/2453] Checking is OK   | E:\01.userData\ZhuoMian\Github_Releases_批量下载 xray\Xray-core\v1.7.1\Xray-windows-arm32-v7a.zip   
[ 982/2453] Checking is OK   | E:\01.userData\ZhuoMian\Github_Releases_批量下载 xray\Xray-core\v1.7.1\Xray-windows-arm64-v8a.zip   
[ 983/2453] Checking is OK   | E:\01.userData\ZhuoMian\Github_Releases_批量下载 xray\Xray-core\v1.7.2\Xray-android-arm64-v8a.zip   
[ 984/2453] Checking is OK   | E:\01.userData\ZhuoMian\Github_Releases_批量下载 xray\Xray-core\v1.7.2\Xray-dragonfly-64.zip        
[ 985/2453] Checking is OK   | E:\01.userData\ZhuoMian\Github_Releases_批量下载 xray\Xray-core\v1.7.2\Xray-freebsd-32.zip          
[ 986/2453] Checking is OK   | E:\01.userData\ZhuoMian\Github_Releases_批量下载 xray\Xray-core\v1.7.2\Xray-freebsd-64.zip          
[ 987/2453] Checking is OK   | E:\01.userData\ZhuoMian\Github_Releases_批量下载 xray\Xray-core\v1.7.2\Xray-freebsd-arm32-v7a.zip   
[ 988/2453] Checking is OK   | E:\01.userData\ZhuoMian\Github_Releases_批量下载 xray\Xray-core\v1.7.2\Xray-freebsd-arm64-v8a.zip   
[ 989/2453] Checking is OK   | E:\01.userData\ZhuoMian\Github_Releases_批量下载 xray\Xray-core\v1.7.2\Xray-linux-32.zip            
[ 990/2453] Checking is OK   | E:\01.userData\ZhuoMian\Github_Releases_批量下载 xray\Xray-core\v1.7.2\Xray-linux-64.zip            
[ 991/2453] Checking is OK   | E:\01.userData\ZhuoMian\Github_Releases_批量下载 xray\Xray-core\v1.7.2\Xray-linux-arm32-v5.zip      
[ 992/2453] Checking is OK   | E:\01.userData\ZhuoMian\Github_Releases_批量下载 xray\Xray-core\v1.7.2\Xray-linux-arm32-v6.zip      
[ 993/2453] Checking is OK   | E:\01.userData\ZhuoMian\Github_Releases_批量下载 xray\Xray-core\v1.7.2\Xray-linux-arm32-v7a.zip     
[ 994/2453] Checking is OK   | E:\01.userData\ZhuoMian\Github_Releases_批量下载 xray\Xray-core\v1.7.2\Xray-linux-arm64-v8a.zip     
[ 995/2453] Checking is OK   | E:\01.userData\ZhuoMian\Github_Releases_批量下载 xray\Xray-core\v1.7.2\Xray-linux-mips32.zip        
[ 996/2453] Checking is OK   | E:\01.userData\ZhuoMian\Github_Releases_批量下载 xray\Xray-core\v1.7.2\Xray-linux-mips32le.zip      
[ 997/2453] Checking is OK   | E:\01.userData\ZhuoMian\Github_Releases_批量下载 xray\Xray-core\v1.7.2\Xray-linux-mips64.zip        
[ 998/2453] Checking is OK   | E:\01.userData\ZhuoMian\Github_Releases_批量下载 xray\Xray-core\v1.7.2\Xray-linux-mips64le.zip      
[ 999/2453] Checking is OK   | E:\01.userData\ZhuoMian\Github_Releases_批量下载 xray\Xray-core\v1.7.2\Xray-linux-ppc64.zip         
[1000/2453] Checking is OK   | E:\01.userData\ZhuoMian\Github_Releases_批量下载 xray\Xray-core\v1.7.2\Xray-linux-ppc64le.zip       
[1001/2453] Checking is OK   | E:\01.userData\ZhuoMian\Github_Releases_批量下载 xray\Xray-core\v1.7.2\Xray-linux-riscv64.zip       
[1002/2453] Checking is OK   | E:\01.userData\ZhuoMian\Github_Releases_批量下载 xray\Xray-core\v1.7.2\Xray-linux-s390x.zip         
[1003/2453] Checking is OK   | E:\01.userData\ZhuoMian\Github_Releases_批量下载 xray\Xray-core\v1.7.2\Xray-macos-64.zip            
[1004/2453] Checking is OK   | E:\01.userData\ZhuoMian\Github_Releases_批量下载 xray\Xray-core\v1.7.2\Xray-macos-arm64-v8a.zip     
[1005/2453] Checking is OK   | E:\01.userData\ZhuoMian\Github_Releases_批量下载 xray\Xray-core\v1.7.2\Xray-openbsd-32.zip          
[1006/2453] Checking is OK   | E:\01.userData\ZhuoMian\Github_Releases_批量下载 xray\Xray-core\v1.7.2\Xray-openbsd-64.zip          
[1007/2453] Checking is OK   | E:\01.userData\ZhuoMian\Github_Releases_批量下载 xray\Xray-core\v1.7.2\Xray-openbsd-arm32-v7a.zip   
[1008/2453] Checking is OK   | E:\01.userData\ZhuoMian\Github_Releases_批量下载 xray\Xray-core\v1.7.2\Xray-openbsd-arm64-v8a.zip   
[1009/2453] Checking is OK   | E:\01.userData\ZhuoMian\Github_Releases_批量下载 xray\Xray-core\v1.7.2\Xray-windows-32.zip          
[1010/2453] Checking is OK   | E:\01.userData\ZhuoMian\Github_Releases_批量下载 xray\Xray-core\v1.7.2\Xray-windows-64.zip          
[1011/2453] Checking is OK   | E:\01.userData\ZhuoMian\Github_Releases_批量下载 xray\Xray-core\v1.7.2\Xray-windows-arm32-v7a.zip   
[1012/2453] Checking is OK   | E:\01.userData\ZhuoMian\Github_Releases_批量下载 xray\Xray-core\v1.7.2\Xray-windows-arm64-v8a.zip   
[1013/2453] Checking is OK   | E:\01.userData\ZhuoMian\Github_Releases_批量下载 xray\Xray-core\v1.7.3\Xray-android-arm64-v8a.zip   
[1014/2453] Checking is OK   | E:\01.userData\ZhuoMian\Github_Releases_批量下载 xray\Xray-core\v1.7.3\Xray-dragonfly-64.zip        
[1015/2453] Checking is OK   | E:\01.userData\ZhuoMian\Github_Releases_批量下载 xray\Xray-core\v1.7.3\Xray-freebsd-32.zip          
[1016/2453] Checking is OK   | E:\01.userData\ZhuoMian\Github_Releases_批量下载 xray\Xray-core\v1.7.3\Xray-freebsd-64.zip          
[1017/2453] Checking is OK   | E:\01.userData\ZhuoMian\Github_Releases_批量下载 xray\Xray-core\v1.7.3\Xray-freebsd-arm32-v7a.zip   
[1018/2453] Checking is OK   | E:\01.userData\ZhuoMian\Github_Releases_批量下载 xray\Xray-core\v1.7.3\Xray-freebsd-arm64-v8a.zip   
[1019/2453] Checking is OK   | E:\01.userData\ZhuoMian\Github_Releases_批量下载 xray\Xray-core\v1.7.3\Xray-linux-32.zip            
[1020/2453] Checking is OK   | E:\01.userData\ZhuoMian\Github_Releases_批量下载 xray\Xray-core\v1.7.3\Xray-linux-64.zip            
[1021/2453] Checking is OK   | E:\01.userData\ZhuoMian\Github_Releases_批量下载 xray\Xray-core\v1.7.3\Xray-linux-arm32-v5.zip      
[1022/2453] Checking is OK   | E:\01.userData\ZhuoMian\Github_Releases_批量下载 xray\Xray-core\v1.7.3\Xray-linux-arm32-v6.zip      
[1023/2453] Checking is OK   | E:\01.userData\ZhuoMian\Github_Releases_批量下载 xray\Xray-core\v1.7.3\Xray-linux-arm32-v7a.zip     
[1024/2453] Checking is OK   | E:\01.userData\ZhuoMian\Github_Releases_批量下载 xray\Xray-core\v1.7.3\Xray-linux-arm64-v8a.zip     
[1025/2453] Checking is OK   | E:\01.userData\ZhuoMian\Github_Releases_批量下载 xray\Xray-core\v1.7.3\Xray-linux-mips32.zip        
[1026/2453] Checking is OK   | E:\01.userData\ZhuoMian\Github_Releases_批量下载 xray\Xray-core\v1.7.3\Xray-linux-mips32le.zip      
[1027/2453] Checking is OK   | E:\01.userData\ZhuoMian\Github_Releases_批量下载 xray\Xray-core\v1.7.3\Xray-linux-mips64.zip        
[1028/2453] Checking is OK   | E:\01.userData\ZhuoMian\Github_Releases_批量下载 xray\Xray-core\v1.7.3\Xray-linux-mips64le.zip      
[1029/2453] Checking is OK   | E:\01.userData\ZhuoMian\Github_Releases_批量下载 xray\Xray-core\v1.7.3\Xray-linux-ppc64.zip         
[1030/2453] Checking is OK   | E:\01.userData\ZhuoMian\Github_Releases_批量下载 xray\Xray-core\v1.7.3\Xray-linux-ppc64le.zip       
[1031/2453] Checking is OK   | E:\01.userData\ZhuoMian\Github_Releases_批量下载 xray\Xray-core\v1.7.3\Xray-linux-riscv64.zip       
[1032/2453] Checking is OK   | E:\01.userData\ZhuoMian\Github_Releases_批量下载 xray\Xray-core\v1.7.3\Xray-linux-s390x.zip         
[1033/2453] Checking is OK   | E:\01.userData\ZhuoMian\Github_Releases_批量下载 xray\Xray-core\v1.7.3\Xray-macos-64.zip            
[1034/2453] Checking is OK   | E:\01.userData\ZhuoMian\Github_Releases_批量下载 xray\Xray-core\v1.7.3\Xray-macos-arm64-v8a.zip     
[1035/2453] Checking is OK   | E:\01.userData\ZhuoMian\Github_Releases_批量下载 xray\Xray-core\v1.7.3\Xray-openbsd-32.zip          
[1036/2453] Checking is OK   | E:\01.userData\ZhuoMian\Github_Releases_批量下载 xray\Xray-core\v1.7.3\Xray-openbsd-64.zip          
[1037/2453] Checking is OK   | E:\01.userData\ZhuoMian\Github_Releases_批量下载 xray\Xray-core\v1.7.3\Xray-openbsd-arm32-v7a.zip   
[1038/2453] Checking is OK   | E:\01.userData\ZhuoMian\Github_Releases_批量下载 xray\Xray-core\v1.7.3\Xray-openbsd-arm64-v8a.zip   
[1039/2453] Checking is OK   | E:\01.userData\ZhuoMian\Github_Releases_批量下载 xray\Xray-core\v1.7.3\Xray-windows-32.zip          
[1040/2453] Checking is OK   | E:\01.userData\ZhuoMian\Github_Releases_批量下载 xray\Xray-core\v1.7.3\Xray-windows-64.zip          
[1041/2453] Checking is OK   | E:\01.userData\ZhuoMian\Github_Releases_批量下载 xray\Xray-core\v1.7.3\Xray-windows-arm32-v7a.zip   
[1042/2453] Checking is OK   | E:\01.userData\ZhuoMian\Github_Releases_批量下载 xray\Xray-core\v1.7.3\Xray-windows-arm64-v8a.zip   
[1043/2453] Checking is OK   | E:\01.userData\ZhuoMian\Github_Releases_批量下载 xray\Xray-core\v1.7.5\Xray-android-arm64-v8a.zip   
[1044/2453] Checking is OK   | E:\01.userData\ZhuoMian\Github_Releases_批量下载 xray\Xray-core\v1.7.5\Xray-dragonfly-64.zip        
[1045/2453] Checking is OK   | E:\01.userData\ZhuoMian\Github_Releases_批量下载 xray\Xray-core\v1.7.5\Xray-freebsd-32.zip          
[1046/2453] Checking is OK   | E:\01.userData\ZhuoMian\Github_Releases_批量下载 xray\Xray-core\v1.7.5\Xray-freebsd-64.zip          
[1047/2453] Checking is OK   | E:\01.userData\ZhuoMian\Github_Releases_批量下载 xray\Xray-core\v1.7.5\Xray-freebsd-arm32-v7a.zip   
[1048/2453] Checking is OK   | E:\01.userData\ZhuoMian\Github_Releases_批量下载 xray\Xray-core\v1.7.5\Xray-freebsd-arm64-v8a.zip   
[1049/2453] Checking is OK   | E:\01.userData\ZhuoMian\Github_Releases_批量下载 xray\Xray-core\v1.7.5\Xray-linux-32.zip            
[1050/2453] Checking is OK   | E:\01.userData\ZhuoMian\Github_Releases_批量下载 xray\Xray-core\v1.7.5\Xray-linux-64.zip            
[1051/2453] Checking is OK   | E:\01.userData\ZhuoMian\Github_Releases_批量下载 xray\Xray-core\v1.7.5\Xray-linux-arm32-v5.zip      
[1052/2453] Checking is OK   | E:\01.userData\ZhuoMian\Github_Releases_批量下载 xray\Xray-core\v1.7.5\Xray-linux-arm32-v6.zip      
[1053/2453] Checking is OK   | E:\01.userData\ZhuoMian\Github_Releases_批量下载 xray\Xray-core\v1.7.5\Xray-linux-arm32-v7a.zip     
[1054/2453] Checking is OK   | E:\01.userData\ZhuoMian\Github_Releases_批量下载 xray\Xray-core\v1.7.5\Xray-linux-arm64-v8a.zip     
[1055/2453] Checking is OK   | E:\01.userData\ZhuoMian\Github_Releases_批量下载 xray\Xray-core\v1.7.5\Xray-linux-mips32.zip        
[1056/2453] Checking is OK   | E:\01.userData\ZhuoMian\Github_Releases_批量下载 xray\Xray-core\v1.7.5\Xray-linux-mips32le.zip      
[1057/2453] Checking is OK   | E:\01.userData\ZhuoMian\Github_Releases_批量下载 xray\Xray-core\v1.7.5\Xray-linux-mips64.zip        
[1058/2453] Checking is OK   | E:\01.userData\ZhuoMian\Github_Releases_批量下载 xray\Xray-core\v1.7.5\Xray-linux-mips64le.zip      
[1059/2453] Checking is OK   | E:\01.userData\ZhuoMian\Github_Releases_批量下载 xray\Xray-core\v1.7.5\Xray-linux-ppc64.zip         
[1060/2453] Checking is OK   | E:\01.userData\ZhuoMian\Github_Releases_批量下载 xray\Xray-core\v1.7.5\Xray-linux-ppc64le.zip       
[1061/2453] Checking is OK   | E:\01.userData\ZhuoMian\Github_Releases_批量下载 xray\Xray-core\v1.7.5\Xray-linux-riscv64.zip       
[1062/2453] Checking is OK   | E:\01.userData\ZhuoMian\Github_Releases_批量下载 xray\Xray-core\v1.7.5\Xray-linux-s390x.zip         
[1063/2453] Checking is OK   | E:\01.userData\ZhuoMian\Github_Releases_批量下载 xray\Xray-core\v1.7.5\Xray-macos-64.zip            
[1064/2453] Checking is OK   | E:\01.userData\ZhuoMian\Github_Releases_批量下载 xray\Xray-core\v1.7.5\Xray-macos-arm64-v8a.zip     
[1065/2453] Checking is OK   | E:\01.userData\ZhuoMian\Github_Releases_批量下载 xray\Xray-core\v1.7.5\Xray-openbsd-32.zip          
[1066/2453] Checking is OK   | E:\01.userData\ZhuoMian\Github_Releases_批量下载 xray\Xray-core\v1.7.5\Xray-openbsd-64.zip          
[1067/2453] Checking is OK   | E:\01.userData\ZhuoMian\Github_Releases_批量下载 xray\Xray-core\v1.7.5\Xray-openbsd-arm32-v7a.zip   
[1068/2453] Checking is OK   | E:\01.userData\ZhuoMian\Github_Releases_批量下载 xray\Xray-core\v1.7.5\Xray-openbsd-arm64-v8a.zip   
[1069/2453] Checking is OK   | E:\01.userData\ZhuoMian\Github_Releases_批量下载 xray\Xray-core\v1.7.5\Xray-windows-32.zip          
[1070/2453] Checking is OK   | E:\01.userData\ZhuoMian\Github_Releases_批量下载 xray\Xray-core\v1.7.5\Xray-windows-64.zip          
[1071/2453] Checking is OK   | E:\01.userData\ZhuoMian\Github_Releases_批量下载 xray\Xray-core\v1.7.5\Xray-windows-arm32-v7a.zip   
[1072/2453] Checking is OK   | E:\01.userData\ZhuoMian\Github_Releases_批量下载 xray\Xray-core\v1.7.5\Xray-windows-arm64-v8a.zip   
[1073/2453] Checking is OK   | E:\01.userData\ZhuoMian\Github_Releases_批量下载 xray\Xray-core\v1.8.0\Xray-android-arm64-v8a.zip   
[1074/2453] Checking is OK   | E:\01.userData\ZhuoMian\Github_Releases_批量下载 xray\Xray-core\v1.8.0\Xray-dragonfly-64.zip        
[1075/2453] Checking is OK   | E:\01.userData\ZhuoMian\Github_Releases_批量下载 xray\Xray-core\v1.8.0\Xray-freebsd-32.zip          
[1076/2453] Checking is OK   | E:\01.userData\ZhuoMian\Github_Releases_批量下载 xray\Xray-core\v1.8.0\Xray-freebsd-64.zip          
[1077/2453] Checking is OK   | E:\01.userData\ZhuoMian\Github_Releases_批量下载 xray\Xray-core\v1.8.0\Xray-freebsd-arm32-v7a.zip   
[1078/2453] Checking is OK   | E:\01.userData\ZhuoMian\Github_Releases_批量下载 xray\Xray-core\v1.8.0\Xray-freebsd-arm64-v8a.zip   
[1079/2453] Checking is OK   | E:\01.userData\ZhuoMian\Github_Releases_批量下载 xray\Xray-core\v1.8.0\Xray-linux-32.zip            
[1080/2453] Checking is OK   | E:\01.userData\ZhuoMian\Github_Releases_批量下载 xray\Xray-core\v1.8.0\Xray-linux-64.zip            
[1081/2453] Checking is OK   | E:\01.userData\ZhuoMian\Github_Releases_批量下载 xray\Xray-core\v1.8.0\Xray-linux-arm32-v5.zip      
[1082/2453] Checking is OK   | E:\01.userData\ZhuoMian\Github_Releases_批量下载 xray\Xray-core\v1.8.0\Xray-linux-arm32-v6.zip      
[1083/2453] Checking is OK   | E:\01.userData\ZhuoMian\Github_Releases_批量下载 xray\Xray-core\v1.8.0\Xray-linux-arm32-v7a.zip     
[1084/2453] Checking is OK   | E:\01.userData\ZhuoMian\Github_Releases_批量下载 xray\Xray-core\v1.8.0\Xray-linux-arm64-v8a.zip     
[1085/2453] Checking is OK   | E:\01.userData\ZhuoMian\Github_Releases_批量下载 xray\Xray-core\v1.8.0\Xray-linux-mips32.zip        
[1086/2453] Checking is OK   | E:\01.userData\ZhuoMian\Github_Releases_批量下载 xray\Xray-core\v1.8.0\Xray-linux-mips32le.zip      
[1087/2453] Checking is OK   | E:\01.userData\ZhuoMian\Github_Releases_批量下载 xray\Xray-core\v1.8.0\Xray-linux-mips64.zip        
[1088/2453] Checking is OK   | E:\01.userData\ZhuoMian\Github_Releases_批量下载 xray\Xray-core\v1.8.0\Xray-linux-mips64le.zip      
[1089/2453] Checking is OK   | E:\01.userData\ZhuoMian\Github_Releases_批量下载 xray\Xray-core\v1.8.0\Xray-linux-ppc64.zip         
[1090/2453] Checking is OK   | E:\01.userData\ZhuoMian\Github_Releases_批量下载 xray\Xray-core\v1.8.0\Xray-linux-ppc64le.zip       
[1091/2453] Checking is OK   | E:\01.userData\ZhuoMian\Github_Releases_批量下载 xray\Xray-core\v1.8.0\Xray-linux-riscv64.zip       
[1092/2453] Checking is OK   | E:\01.userData\ZhuoMian\Github_Releases_批量下载 xray\Xray-core\v1.8.0\Xray-linux-s390x.zip         
[1093/2453] Checking is OK   | E:\01.userData\ZhuoMian\Github_Releases_批量下载 xray\Xray-core\v1.8.0\Xray-macos-64.zip            
[1094/2453] Checking is OK   | E:\01.userData\ZhuoMian\Github_Releases_批量下载 xray\Xray-core\v1.8.0\Xray-macos-arm64-v8a.zip     
[1095/2453] Checking is OK   | E:\01.userData\ZhuoMian\Github_Releases_批量下载 xray\Xray-core\v1.8.0\Xray-openbsd-32.zip          
[1096/2453] Checking is OK   | E:\01.userData\ZhuoMian\Github_Releases_批量下载 xray\Xray-core\v1.8.0\Xray-openbsd-64.zip          
[1097/2453] Checking is OK   | E:\01.userData\ZhuoMian\Github_Releases_批量下载 xray\Xray-core\v1.8.0\Xray-openbsd-arm32-v7a.zip   
[1098/2453] Checking is OK   | E:\01.userData\ZhuoMian\Github_Releases_批量下载 xray\Xray-core\v1.8.0\Xray-openbsd-arm64-v8a.zip   
[1099/2453] Checking is OK   | E:\01.userData\ZhuoMian\Github_Releases_批量下载 xray\Xray-core\v1.8.0\Xray-windows-32.zip          
[1100/2453] Checking is OK   | E:\01.userData\ZhuoMian\Github_Releases_批量下载 xray\Xray-core\v1.8.0\Xray-windows-64.zip          
[1101/2453] Checking is OK   | E:\01.userData\ZhuoMian\Github_Releases_批量下载 xray\Xray-core\v1.8.0\Xray-windows-arm32-v7a.zip   
[1102/2453] Checking is OK   | E:\01.userData\ZhuoMian\Github_Releases_批量下载 xray\Xray-core\v1.8.0\Xray-windows-arm64-v8a.zip   
[1103/2453] Checking is OK   | E:\01.userData\ZhuoMian\Github_Releases_批量下载 xray\Xray-core\v1.8.1\Xray-android-arm64-v8a.zip   
[1104/2453] Checking is OK   | E:\01.userData\ZhuoMian\Github_Releases_批量下载 xray\Xray-core\v1.8.1\Xray-dragonfly-64.zip        
[1105/2453] Checking is OK   | E:\01.userData\ZhuoMian\Github_Releases_批量下载 xray\Xray-core\v1.8.1\Xray-freebsd-32.zip          
[1106/2453] Checking is OK   | E:\01.userData\ZhuoMian\Github_Releases_批量下载 xray\Xray-core\v1.8.1\Xray-freebsd-64.zip          
[1107/2453] Checking is OK   | E:\01.userData\ZhuoMian\Github_Releases_批量下载 xray\Xray-core\v1.8.1\Xray-freebsd-arm32-v7a.zip   
[1108/2453] Checking is OK   | E:\01.userData\ZhuoMian\Github_Releases_批量下载 xray\Xray-core\v1.8.1\Xray-freebsd-arm64-v8a.zip   
[1109/2453] Checking is OK   | E:\01.userData\ZhuoMian\Github_Releases_批量下载 xray\Xray-core\v1.8.1\Xray-linux-32.zip            
[1110/2453] Checking is OK   | E:\01.userData\ZhuoMian\Github_Releases_批量下载 xray\Xray-core\v1.8.1\Xray-linux-64.zip            
[1111/2453] Checking is OK   | E:\01.userData\ZhuoMian\Github_Releases_批量下载 xray\Xray-core\v1.8.1\Xray-linux-arm32-v5.zip      
[1112/2453] Checking is OK   | E:\01.userData\ZhuoMian\Github_Releases_批量下载 xray\Xray-core\v1.8.1\Xray-linux-arm32-v6.zip      
[1113/2453] Checking is OK   | E:\01.userData\ZhuoMian\Github_Releases_批量下载 xray\Xray-core\v1.8.1\Xray-linux-arm32-v7a.zip     
[1114/2453] Checking is OK   | E:\01.userData\ZhuoMian\Github_Releases_批量下载 xray\Xray-core\v1.8.1\Xray-linux-arm64-v8a.zip     
[1115/2453] Checking is OK   | E:\01.userData\ZhuoMian\Github_Releases_批量下载 xray\Xray-core\v1.8.1\Xray-linux-mips32.zip        
[1116/2453] Checking is OK   | E:\01.userData\ZhuoMian\Github_Releases_批量下载 xray\Xray-core\v1.8.1\Xray-linux-mips32le.zip      
[1117/2453] Checking is OK   | E:\01.userData\ZhuoMian\Github_Releases_批量下载 xray\Xray-core\v1.8.1\Xray-linux-mips64.zip        
[1118/2453] Checking is OK   | E:\01.userData\ZhuoMian\Github_Releases_批量下载 xray\Xray-core\v1.8.1\Xray-linux-mips64le.zip      
[1119/2453] Checking is OK   | E:\01.userData\ZhuoMian\Github_Releases_批量下载 xray\Xray-core\v1.8.1\Xray-linux-ppc64.zip         
[1120/2453] Checking is OK   | E:\01.userData\ZhuoMian\Github_Releases_批量下载 xray\Xray-core\v1.8.1\Xray-linux-ppc64le.zip       
[1121/2453] Checking is OK   | E:\01.userData\ZhuoMian\Github_Releases_批量下载 xray\Xray-core\v1.8.1\Xray-linux-riscv64.zip       
[1122/2453] Checking is OK   | E:\01.userData\ZhuoMian\Github_Releases_批量下载 xray\Xray-core\v1.8.1\Xray-linux-s390x.zip         
[1123/2453] Checking is OK   | E:\01.userData\ZhuoMian\Github_Releases_批量下载 xray\Xray-core\v1.8.1\Xray-macos-64.zip            
[1124/2453] Checking is OK   | E:\01.userData\ZhuoMian\Github_Releases_批量下载 xray\Xray-core\v1.8.1\Xray-macos-arm64-v8a.zip     
[1125/2453] Checking is OK   | E:\01.userData\ZhuoMian\Github_Releases_批量下载 xray\Xray-core\v1.8.1\Xray-openbsd-32.zip          
[1126/2453] Checking is OK   | E:\01.userData\ZhuoMian\Github_Releases_批量下载 xray\Xray-core\v1.8.1\Xray-openbsd-64.zip          
[1127/2453] Checking is OK   | E:\01.userData\ZhuoMian\Github_Releases_批量下载 xray\Xray-core\v1.8.1\Xray-openbsd-arm32-v7a.zip   
[1128/2453] Checking is OK   | E:\01.userData\ZhuoMian\Github_Releases_批量下载 xray\Xray-core\v1.8.1\Xray-openbsd-arm64-v8a.zip   
[1129/2453] Checking is OK   | E:\01.userData\ZhuoMian\Github_Releases_批量下载 xray\Xray-core\v1.8.1\Xray-windows-32.zip          
[1130/2453] Checking is OK   | E:\01.userData\ZhuoMian\Github_Releases_批量下载 xray\Xray-core\v1.8.1\Xray-windows-64.zip          
[1131/2453] Checking is OK   | E:\01.userData\ZhuoMian\Github_Releases_批量下载 xray\Xray-core\v1.8.1\Xray-windows-arm32-v7a.zip   
[1132/2453] Checking is OK   | E:\01.userData\ZhuoMian\Github_Releases_批量下载 xray\Xray-core\v1.8.1\Xray-windows-arm64-v8a.zip   
[1133/2453] Checking is OK   | E:\01.userData\ZhuoMian\Github_Releases_批量下载 xray\Xray-core\v1.8.10\Xray-android-arm64-v8a.zip  
[1134/2453] Checking is OK   | E:\01.userData\ZhuoMian\Github_Releases_批量下载 xray\Xray-core\v1.8.10\Xray-freebsd-32.zip         
[1135/2453] Checking is OK   | E:\01.userData\ZhuoMian\Github_Releases_批量下载 xray\Xray-core\v1.8.10\Xray-freebsd-64.zip         
[1136/2453] Checking is OK   | E:\01.userData\ZhuoMian\Github_Releases_批量下载 xray\Xray-core\v1.8.10\Xray-freebsd-arm32-v7a.zip  
[1137/2453] Checking is OK   | E:\01.userData\ZhuoMian\Github_Releases_批量下载 xray\Xray-core\v1.8.10\Xray-freebsd-arm64-v8a.zip  
[1138/2453] Checking is OK   | E:\01.userData\ZhuoMian\Github_Releases_批量下载 xray\Xray-core\v1.8.10\Xray-linux-32.zip           
[1139/2453] Checking is OK   | E:\01.userData\ZhuoMian\Github_Releases_批量下载 xray\Xray-core\v1.8.10\Xray-linux-64.zip           
[1140/2453] Checking is OK   | E:\01.userData\ZhuoMian\Github_Releases_批量下载 xray\Xray-core\v1.8.10\Xray-linux-arm32-v5.zip     
[1141/2453] Checking is OK   | E:\01.userData\ZhuoMian\Github_Releases_批量下载 xray\Xray-core\v1.8.10\Xray-linux-arm32-v6.zip     
[1142/2453] Checking is OK   | E:\01.userData\ZhuoMian\Github_Releases_批量下载 xray\Xray-core\v1.8.10\Xray-linux-arm32-v7a.zip    
[1143/2453] Checking is OK   | E:\01.userData\ZhuoMian\Github_Releases_批量下载 xray\Xray-core\v1.8.10\Xray-linux-arm64-v8a.zip    
[1144/2453] Checking is OK   | E:\01.userData\ZhuoMian\Github_Releases_批量下载 xray\Xray-core\v1.8.10\Xray-linux-loong64.zip      
[1145/2453] Checking is OK   | E:\01.userData\ZhuoMian\Github_Releases_批量下载 xray\Xray-core\v1.8.10\Xray-linux-mips32.zip       
[1146/2453] Checking is OK   | E:\01.userData\ZhuoMian\Github_Releases_批量下载 xray\Xray-core\v1.8.10\Xray-linux-mips32le.zip     
[1147/2453] Checking is OK   | E:\01.userData\ZhuoMian\Github_Releases_批量下载 xray\Xray-core\v1.8.10\Xray-linux-mips64.zip       
[1148/2453] Checking is OK   | E:\01.userData\ZhuoMian\Github_Releases_批量下载 xray\Xray-core\v1.8.10\Xray-linux-mips64le.zip     
[1149/2453] Checking is OK   | E:\01.userData\ZhuoMian\Github_Releases_批量下载 xray\Xray-core\v1.8.10\Xray-linux-ppc64.zip        
[1150/2453] Checking is OK   | E:\01.userData\ZhuoMian\Github_Releases_批量下载 xray\Xray-core\v1.8.10\Xray-linux-ppc64le.zip      
[1151/2453] Checking is OK   | E:\01.userData\ZhuoMian\Github_Releases_批量下载 xray\Xray-core\v1.8.10\Xray-linux-riscv64.zip      
[1152/2453] Checking is OK   | E:\01.userData\ZhuoMian\Github_Releases_批量下载 xray\Xray-core\v1.8.10\Xray-linux-s390x.zip        
[1153/2453] Checking is OK   | E:\01.userData\ZhuoMian\Github_Releases_批量下载 xray\Xray-core\v1.8.10\Xray-macos-64.zip           
[1154/2453] Checking is OK   | E:\01.userData\ZhuoMian\Github_Releases_批量下载 xray\Xray-core\v1.8.10\Xray-macos-arm64-v8a.zip    
[1155/2453] Checking is OK   | E:\01.userData\ZhuoMian\Github_Releases_批量下载 xray\Xray-core\v1.8.10\Xray-openbsd-32.zip         
[1156/2453] Checking is OK   | E:\01.userData\ZhuoMian\Github_Releases_批量下载 xray\Xray-core\v1.8.10\Xray-openbsd-64.zip         
[1157/2453] Checking is OK   | E:\01.userData\ZhuoMian\Github_Releases_批量下载 xray\Xray-core\v1.8.10\Xray-openbsd-arm32-v7a.zip  
[1158/2453] Checking is OK   | E:\01.userData\ZhuoMian\Github_Releases_批量下载 xray\Xray-core\v1.8.10\Xray-openbsd-arm64-v8a.zip  
[1159/2453] Checking is OK   | E:\01.userData\ZhuoMian\Github_Releases_批量下载 xray\Xray-core\v1.8.10\Xray-windows-32.zip         
[1160/2453] Checking is OK   | E:\01.userData\ZhuoMian\Github_Releases_批量下载 xray\Xray-core\v1.8.10\Xray-windows-64.zip         
[1161/2453] Checking is OK   | E:\01.userData\ZhuoMian\Github_Releases_批量下载 xray\Xray-core\v1.8.10\Xray-windows-arm32-v7a.zip  
[1162/2453] Checking is OK   | E:\01.userData\ZhuoMian\Github_Releases_批量下载 xray\Xray-core\v1.8.10\Xray-windows-arm64-v8a.zip  
[1163/2453] Checking is OK   | E:\01.userData\ZhuoMian\Github_Releases_批量下载 xray\Xray-core\v1.8.11\Xray-android-arm64-v8a.zip  
[1164/2453] Checking is OK   | E:\01.userData\ZhuoMian\Github_Releases_批量下载 xray\Xray-core\v1.8.11\Xray-freebsd-32.zip         
[1165/2453] Checking is OK   | E:\01.userData\ZhuoMian\Github_Releases_批量下载 xray\Xray-core\v1.8.11\Xray-freebsd-64.zip         
[1166/2453] Checking is OK   | E:\01.userData\ZhuoMian\Github_Releases_批量下载 xray\Xray-core\v1.8.11\Xray-freebsd-arm32-v7a.zip  
[1167/2453] Checking is OK   | E:\01.userData\ZhuoMian\Github_Releases_批量下载 xray\Xray-core\v1.8.11\Xray-freebsd-arm64-v8a.zip  
[1168/2453] Checking is OK   | E:\01.userData\ZhuoMian\Github_Releases_批量下载 xray\Xray-core\v1.8.11\Xray-linux-32.zip           
[1169/2453] Checking is OK   | E:\01.userData\ZhuoMian\Github_Releases_批量下载 xray\Xray-core\v1.8.11\Xray-linux-64.zip           
[1170/2453] Checking is OK   | E:\01.userData\ZhuoMian\Github_Releases_批量下载 xray\Xray-core\v1.8.11\Xray-linux-arm32-v5.zip     
[1171/2453] Checking is OK   | E:\01.userData\ZhuoMian\Github_Releases_批量下载 xray\Xray-core\v1.8.11\Xray-linux-arm32-v6.zip     
[1172/2453] Checking is OK   | E:\01.userData\ZhuoMian\Github_Releases_批量下载 xray\Xray-core\v1.8.11\Xray-linux-arm32-v7a.zip    
[1173/2453] Checking is OK   | E:\01.userData\ZhuoMian\Github_Releases_批量下载 xray\Xray-core\v1.8.11\Xray-linux-arm64-v8a.zip    
[1174/2453] Checking is OK   | E:\01.userData\ZhuoMian\Github_Releases_批量下载 xray\Xray-core\v1.8.11\Xray-linux-loong64.zip      
[1175/2453] Checking is OK   | E:\01.userData\ZhuoMian\Github_Releases_批量下载 xray\Xray-core\v1.8.11\Xray-linux-mips32.zip       
[1176/2453] Checking is OK   | E:\01.userData\ZhuoMian\Github_Releases_批量下载 xray\Xray-core\v1.8.11\Xray-linux-mips32le.zip     
[1177/2453] Checking is OK   | E:\01.userData\ZhuoMian\Github_Releases_批量下载 xray\Xray-core\v1.8.11\Xray-linux-mips64.zip       
[1178/2453] Checking is OK   | E:\01.userData\ZhuoMian\Github_Releases_批量下载 xray\Xray-core\v1.8.11\Xray-linux-mips64le.zip     
[1179/2453] Checking is OK   | E:\01.userData\ZhuoMian\Github_Releases_批量下载 xray\Xray-core\v1.8.11\Xray-linux-ppc64.zip        
[1180/2453] Checking is OK   | E:\01.userData\ZhuoMian\Github_Releases_批量下载 xray\Xray-core\v1.8.11\Xray-linux-ppc64le.zip      
[1181/2453] Checking is OK   | E:\01.userData\ZhuoMian\Github_Releases_批量下载 xray\Xray-core\v1.8.11\Xray-linux-riscv64.zip      
[1182/2453] Checking is OK   | E:\01.userData\ZhuoMian\Github_Releases_批量下载 xray\Xray-core\v1.8.11\Xray-linux-s390x.zip        
[1183/2453] Checking is OK   | E:\01.userData\ZhuoMian\Github_Releases_批量下载 xray\Xray-core\v1.8.11\Xray-macos-64.zip           
[1184/2453] Checking is OK   | E:\01.userData\ZhuoMian\Github_Releases_批量下载 xray\Xray-core\v1.8.11\Xray-macos-arm64-v8a.zip    
[1185/2453] Checking is OK   | E:\01.userData\ZhuoMian\Github_Releases_批量下载 xray\Xray-core\v1.8.11\Xray-openbsd-32.zip         
[1186/2453] Checking is OK   | E:\01.userData\ZhuoMian\Github_Releases_批量下载 xray\Xray-core\v1.8.11\Xray-openbsd-64.zip         
[1187/2453] Checking is OK   | E:\01.userData\ZhuoMian\Github_Releases_批量下载 xray\Xray-core\v1.8.11\Xray-openbsd-arm32-v7a.zip  
[1188/2453] Checking is OK   | E:\01.userData\ZhuoMian\Github_Releases_批量下载 xray\Xray-core\v1.8.11\Xray-openbsd-arm64-v8a.zip  
[1189/2453] Checking is OK   | E:\01.userData\ZhuoMian\Github_Releases_批量下载 xray\Xray-core\v1.8.11\Xray-windows-32.zip         
[1190/2453] Checking is OK   | E:\01.userData\ZhuoMian\Github_Releases_批量下载 xray\Xray-core\v1.8.11\Xray-windows-64.zip         
[1191/2453] Checking is OK   | E:\01.userData\ZhuoMian\Github_Releases_批量下载 xray\Xray-core\v1.8.11\Xray-windows-arm32-v7a.zip  
[1192/2453] Checking is OK   | E:\01.userData\ZhuoMian\Github_Releases_批量下载 xray\Xray-core\v1.8.11\Xray-windows-arm64-v8a.zip  
[1193/2453] Checking is OK   | E:\01.userData\ZhuoMian\Github_Releases_批量下载 xray\Xray-core\v1.8.12\Xray-android-arm64-v8a.zip  
[1194/2453] Checking is OK   | E:\01.userData\ZhuoMian\Github_Releases_批量下载 xray\Xray-core\v1.8.12\Xray-freebsd-32.zip         
[1195/2453] Checking is OK   | E:\01.userData\ZhuoMian\Github_Releases_批量下载 xray\Xray-core\v1.8.12\Xray-freebsd-64.zip         
[1196/2453] Checking is OK   | E:\01.userData\ZhuoMian\Github_Releases_批量下载 xray\Xray-core\v1.8.12\Xray-freebsd-arm32-v7a.zip  
[1197/2453] Checking is OK   | E:\01.userData\ZhuoMian\Github_Releases_批量下载 xray\Xray-core\v1.8.12\Xray-freebsd-arm64-v8a.zip  
[1198/2453] Checking is OK   | E:\01.userData\ZhuoMian\Github_Releases_批量下载 xray\Xray-core\v1.8.12\Xray-linux-32.zip           
[1199/2453] Checking is OK   | E:\01.userData\ZhuoMian\Github_Releases_批量下载 xray\Xray-core\v1.8.12\Xray-linux-64.zip           
[1200/2453] Checking is OK   | E:\01.userData\ZhuoMian\Github_Releases_批量下载 xray\Xray-core\v1.8.12\Xray-linux-arm32-v5.zip     
[1201/2453] Checking is OK   | E:\01.userData\ZhuoMian\Github_Releases_批量下载 xray\Xray-core\v1.8.12\Xray-linux-arm32-v6.zip     
[1202/2453] Checking is OK   | E:\01.userData\ZhuoMian\Github_Releases_批量下载 xray\Xray-core\v1.8.12\Xray-linux-arm32-v7a.zip    
[1203/2453] Checking is OK   | E:\01.userData\ZhuoMian\Github_Releases_批量下载 xray\Xray-core\v1.8.12\Xray-linux-arm64-v8a.zip    
[1204/2453] Checking is OK   | E:\01.userData\ZhuoMian\Github_Releases_批量下载 xray\Xray-core\v1.8.12\Xray-linux-loong64.zip      
[1205/2453] Checking is OK   | E:\01.userData\ZhuoMian\Github_Releases_批量下载 xray\Xray-core\v1.8.12\Xray-linux-mips32.zip       
[1206/2453] Checking is OK   | E:\01.userData\ZhuoMian\Github_Releases_批量下载 xray\Xray-core\v1.8.12\Xray-linux-mips32le.zip     
[1207/2453] Checking is OK   | E:\01.userData\ZhuoMian\Github_Releases_批量下载 xray\Xray-core\v1.8.12\Xray-linux-mips64.zip       
[1208/2453] Checking is OK   | E:\01.userData\ZhuoMian\Github_Releases_批量下载 xray\Xray-core\v1.8.12\Xray-linux-mips64le.zip     
[1209/2453] Checking is OK   | E:\01.userData\ZhuoMian\Github_Releases_批量下载 xray\Xray-core\v1.8.12\Xray-linux-ppc64.zip        
[1210/2453] Checking is OK   | E:\01.userData\ZhuoMian\Github_Releases_批量下载 xray\Xray-core\v1.8.12\Xray-linux-ppc64le.zip      
[1211/2453] Checking is OK   | E:\01.userData\ZhuoMian\Github_Releases_批量下载 xray\Xray-core\v1.8.12\Xray-linux-riscv64.zip      
[1212/2453] Checking is OK   | E:\01.userData\ZhuoMian\Github_Releases_批量下载 xray\Xray-core\v1.8.12\Xray-linux-s390x.zip        
[1213/2453] Checking is OK   | E:\01.userData\ZhuoMian\Github_Releases_批量下载 xray\Xray-core\v1.8.12\Xray-macos-64.zip           
[1214/2453] Checking is OK   | E:\01.userData\ZhuoMian\Github_Releases_批量下载 xray\Xray-core\v1.8.12\Xray-macos-arm64-v8a.zip    
[1215/2453] Checking is OK   | E:\01.userData\ZhuoMian\Github_Releases_批量下载 xray\Xray-core\v1.8.12\Xray-openbsd-32.zip         
[1216/2453] Checking is OK   | E:\01.userData\ZhuoMian\Github_Releases_批量下载 xray\Xray-core\v1.8.12\Xray-openbsd-64.zip         
[1217/2453] Checking is OK   | E:\01.userData\ZhuoMian\Github_Releases_批量下载 xray\Xray-core\v1.8.12\Xray-openbsd-arm32-v7a.zip  
[1218/2453] Checking is OK   | E:\01.userData\ZhuoMian\Github_Releases_批量下载 xray\Xray-core\v1.8.12\Xray-openbsd-arm64-v8a.zip  
[1219/2453] Checking is OK   | E:\01.userData\ZhuoMian\Github_Releases_批量下载 xray\Xray-core\v1.8.12\Xray-windows-32.zip         
[1220/2453] Checking is OK   | E:\01.userData\ZhuoMian\Github_Releases_批量下载 xray\Xray-core\v1.8.12\Xray-windows-64.zip         
[1221/2453] Checking is OK   | E:\01.userData\ZhuoMian\Github_Releases_批量下载 xray\Xray-core\v1.8.12\Xray-windows-arm32-v7a.zip  
[1222/2453] Checking is OK   | E:\01.userData\ZhuoMian\Github_Releases_批量下载 xray\Xray-core\v1.8.12\Xray-windows-arm64-v8a.zip  
[1223/2453] Checking is OK   | E:\01.userData\ZhuoMian\Github_Releases_批量下载 xray\Xray-core\v1.8.13\Xray-android-arm64-v8a.zip  
[1224/2453] Checking is OK   | E:\01.userData\ZhuoMian\Github_Releases_批量下载 xray\Xray-core\v1.8.13\Xray-freebsd-32.zip         
[1225/2453] Checking is OK   | E:\01.userData\ZhuoMian\Github_Releases_批量下载 xray\Xray-core\v1.8.13\Xray-freebsd-64.zip         
[1226/2453] Checking is OK   | E:\01.userData\ZhuoMian\Github_Releases_批量下载 xray\Xray-core\v1.8.13\Xray-freebsd-arm32-v7a.zip  
[1227/2453] Checking is OK   | E:\01.userData\ZhuoMian\Github_Releases_批量下载 xray\Xray-core\v1.8.13\Xray-freebsd-arm64-v8a.zip  
[1228/2453] Checking is OK   | E:\01.userData\ZhuoMian\Github_Releases_批量下载 xray\Xray-core\v1.8.13\Xray-linux-32.zip           
[1229/2453] Checking is OK   | E:\01.userData\ZhuoMian\Github_Releases_批量下载 xray\Xray-core\v1.8.13\Xray-linux-64.zip           
[1230/2453] Checking is OK   | E:\01.userData\ZhuoMian\Github_Releases_批量下载 xray\Xray-core\v1.8.13\Xray-linux-arm32-v5.zip     
[1231/2453] Checking is OK   | E:\01.userData\ZhuoMian\Github_Releases_批量下载 xray\Xray-core\v1.8.13\Xray-linux-arm32-v6.zip     
[1232/2453] Checking is OK   | E:\01.userData\ZhuoMian\Github_Releases_批量下载 xray\Xray-core\v1.8.13\Xray-linux-arm32-v7a.zip    
[1233/2453] Checking is OK   | E:\01.userData\ZhuoMian\Github_Releases_批量下载 xray\Xray-core\v1.8.13\Xray-linux-arm64-v8a.zip    
[1234/2453] Checking is OK   | E:\01.userData\ZhuoMian\Github_Releases_批量下载 xray\Xray-core\v1.8.13\Xray-linux-loong64.zip      
[1235/2453] Checking is OK   | E:\01.userData\ZhuoMian\Github_Releases_批量下载 xray\Xray-core\v1.8.13\Xray-linux-mips32.zip       
[1236/2453] Checking is OK   | E:\01.userData\ZhuoMian\Github_Releases_批量下载 xray\Xray-core\v1.8.13\Xray-linux-mips32le.zip     
[1237/2453] Checking is OK   | E:\01.userData\ZhuoMian\Github_Releases_批量下载 xray\Xray-core\v1.8.13\Xray-linux-mips64.zip       
[1238/2453] Checking is OK   | E:\01.userData\ZhuoMian\Github_Releases_批量下载 xray\Xray-core\v1.8.13\Xray-linux-mips64le.zip     
[1239/2453] Checking is OK   | E:\01.userData\ZhuoMian\Github_Releases_批量下载 xray\Xray-core\v1.8.13\Xray-linux-ppc64.zip        
[1240/2453] Checking is OK   | E:\01.userData\ZhuoMian\Github_Releases_批量下载 xray\Xray-core\v1.8.13\Xray-linux-ppc64le.zip      
[1241/2453] Checking is OK   | E:\01.userData\ZhuoMian\Github_Releases_批量下载 xray\Xray-core\v1.8.13\Xray-linux-riscv64.zip      
[1242/2453] Checking is OK   | E:\01.userData\ZhuoMian\Github_Releases_批量下载 xray\Xray-core\v1.8.13\Xray-linux-s390x.zip        
[1243/2453] Checking is OK   | E:\01.userData\ZhuoMian\Github_Releases_批量下载 xray\Xray-core\v1.8.13\Xray-macos-64.zip           
[1244/2453] Checking is OK   | E:\01.userData\ZhuoMian\Github_Releases_批量下载 xray\Xray-core\v1.8.13\Xray-macos-arm64-v8a.zip    
[1245/2453] Checking is OK   | E:\01.userData\ZhuoMian\Github_Releases_批量下载 xray\Xray-core\v1.8.13\Xray-openbsd-32.zip         
[1246/2453] Checking is OK   | E:\01.userData\ZhuoMian\Github_Releases_批量下载 xray\Xray-core\v1.8.13\Xray-openbsd-64.zip         
[1247/2453] Checking is OK   | E:\01.userData\ZhuoMian\Github_Releases_批量下载 xray\Xray-core\v1.8.13\Xray-openbsd-arm32-v7a.zip  
[1248/2453] Checking is OK   | E:\01.userData\ZhuoMian\Github_Releases_批量下载 xray\Xray-core\v1.8.13\Xray-openbsd-arm64-v8a.zip  
[1249/2453] Checking is OK   | E:\01.userData\ZhuoMian\Github_Releases_批量下载 xray\Xray-core\v1.8.13\Xray-windows-32.zip         
[1250/2453] Checking is OK   | E:\01.userData\ZhuoMian\Github_Releases_批量下载 xray\Xray-core\v1.8.13\Xray-windows-64.zip         
[1251/2453] Checking is OK   | E:\01.userData\ZhuoMian\Github_Releases_批量下载 xray\Xray-core\v1.8.13\Xray-windows-arm32-v7a.zip  
[1252/2453] Checking is OK   | E:\01.userData\ZhuoMian\Github_Releases_批量下载 xray\Xray-core\v1.8.13\Xray-windows-arm64-v8a.zip  
[1253/2453] Checking is OK   | E:\01.userData\ZhuoMian\Github_Releases_批量下载 xray\Xray-core\v1.8.15\Xray-android-arm64-v8a.zip  
[1254/2453] Checking is OK   | E:\01.userData\ZhuoMian\Github_Releases_批量下载 xray\Xray-core\v1.8.15\Xray-freebsd-32.zip         
[1255/2453] Checking is OK   | E:\01.userData\ZhuoMian\Github_Releases_批量下载 xray\Xray-core\v1.8.15\Xray-freebsd-64.zip         
[1256/2453] Checking is OK   | E:\01.userData\ZhuoMian\Github_Releases_批量下载 xray\Xray-core\v1.8.15\Xray-freebsd-arm32-v7a.zip  
[1257/2453] Checking is OK   | E:\01.userData\ZhuoMian\Github_Releases_批量下载 xray\Xray-core\v1.8.15\Xray-freebsd-arm64-v8a.zip  
[1258/2453] Checking is OK   | E:\01.userData\ZhuoMian\Github_Releases_批量下载 xray\Xray-core\v1.8.15\Xray-linux-32.zip           
[1259/2453] Checking is OK   | E:\01.userData\ZhuoMian\Github_Releases_批量下载 xray\Xray-core\v1.8.15\Xray-linux-64.zip           
[1260/2453] Checking is OK   | E:\01.userData\ZhuoMian\Github_Releases_批量下载 xray\Xray-core\v1.8.15\Xray-linux-arm32-v5.zip     
[1261/2453] Checking is OK   | E:\01.userData\ZhuoMian\Github_Releases_批量下载 xray\Xray-core\v1.8.15\Xray-linux-arm32-v6.zip     
[1262/2453] Checking is OK   | E:\01.userData\ZhuoMian\Github_Releases_批量下载 xray\Xray-core\v1.8.15\Xray-linux-arm32-v7a.zip    
[1263/2453] Checking is OK   | E:\01.userData\ZhuoMian\Github_Releases_批量下载 xray\Xray-core\v1.8.15\Xray-linux-arm64-v8a.zip    
[1264/2453] Checking is OK   | E:\01.userData\ZhuoMian\Github_Releases_批量下载 xray\Xray-core\v1.8.15\Xray-linux-loong64.zip      
[1265/2453] Checking is OK   | E:\01.userData\ZhuoMian\Github_Releases_批量下载 xray\Xray-core\v1.8.15\Xray-linux-mips32.zip       
[1266/2453] Checking is OK   | E:\01.userData\ZhuoMian\Github_Releases_批量下载 xray\Xray-core\v1.8.15\Xray-linux-mips32le.zip     
[1267/2453] Checking is OK   | E:\01.userData\ZhuoMian\Github_Releases_批量下载 xray\Xray-core\v1.8.15\Xray-linux-mips64.zip       
[1268/2453] Checking is OK   | E:\01.userData\ZhuoMian\Github_Releases_批量下载 xray\Xray-core\v1.8.15\Xray-linux-mips64le.zip     
[1269/2453] Checking is OK   | E:\01.userData\ZhuoMian\Github_Releases_批量下载 xray\Xray-core\v1.8.15\Xray-linux-ppc64.zip        
[1270/2453] Checking is OK   | E:\01.userData\ZhuoMian\Github_Releases_批量下载 xray\Xray-core\v1.8.15\Xray-linux-ppc64le.zip      
[1271/2453] Checking is OK   | E:\01.userData\ZhuoMian\Github_Releases_批量下载 xray\Xray-core\v1.8.15\Xray-linux-riscv64.zip      
[1272/2453] Checking is OK   | E:\01.userData\ZhuoMian\Github_Releases_批量下载 xray\Xray-core\v1.8.15\Xray-linux-s390x.zip        
[1273/2453] Checking is OK   | E:\01.userData\ZhuoMian\Github_Releases_批量下载 xray\Xray-core\v1.8.15\Xray-macos-64.zip           
[1274/2453] Checking is OK   | E:\01.userData\ZhuoMian\Github_Releases_批量下载 xray\Xray-core\v1.8.15\Xray-macos-arm64-v8a.zip    
[1275/2453] Checking is OK   | E:\01.userData\ZhuoMian\Github_Releases_批量下载 xray\Xray-core\v1.8.15\Xray-openbsd-32.zip         
[1276/2453] Checking is OK   | E:\01.userData\ZhuoMian\Github_Releases_批量下载 xray\Xray-core\v1.8.15\Xray-openbsd-64.zip         
[1277/2453] Checking is OK   | E:\01.userData\ZhuoMian\Github_Releases_批量下载 xray\Xray-core\v1.8.15\Xray-openbsd-arm32-v7a.zip  
[1278/2453] Checking is OK   | E:\01.userData\ZhuoMian\Github_Releases_批量下载 xray\Xray-core\v1.8.15\Xray-openbsd-arm64-v8a.zip  
[1279/2453] Checking is OK   | E:\01.userData\ZhuoMian\Github_Releases_批量下载 xray\Xray-core\v1.8.15\Xray-windows-32.zip         
[1280/2453] Checking is OK   | E:\01.userData\ZhuoMian\Github_Releases_批量下载 xray\Xray-core\v1.8.15\Xray-windows-64.zip         
[1281/2453] Checking is OK   | E:\01.userData\ZhuoMian\Github_Releases_批量下载 xray\Xray-core\v1.8.15\Xray-windows-arm32-v7a.zip  
[1282/2453] Checking is OK   | E:\01.userData\ZhuoMian\Github_Releases_批量下载 xray\Xray-core\v1.8.15\Xray-windows-arm64-v8a.zip  
[1283/2453] Checking is OK   | E:\01.userData\ZhuoMian\Github_Releases_批量下载 xray\Xray-core\v1.8.16\Xray-android-arm64-v8a.zip  
[1284/2453] Checking is OK   | E:\01.userData\ZhuoMian\Github_Releases_批量下载 xray\Xray-core\v1.8.16\Xray-freebsd-32.zip         
[1285/2453] Checking is OK   | E:\01.userData\ZhuoMian\Github_Releases_批量下载 xray\Xray-core\v1.8.16\Xray-freebsd-64.zip         
[1286/2453] Checking is OK   | E:\01.userData\ZhuoMian\Github_Releases_批量下载 xray\Xray-core\v1.8.16\Xray-freebsd-arm32-v7a.zip  
[1287/2453] Checking is OK   | E:\01.userData\ZhuoMian\Github_Releases_批量下载 xray\Xray-core\v1.8.16\Xray-freebsd-arm64-v8a.zip  
[1288/2453] Checking is OK   | E:\01.userData\ZhuoMian\Github_Releases_批量下载 xray\Xray-core\v1.8.16\Xray-linux-32.zip           
[1289/2453] Checking is OK   | E:\01.userData\ZhuoMian\Github_Releases_批量下载 xray\Xray-core\v1.8.16\Xray-linux-64.zip           
[1290/2453] Checking is OK   | E:\01.userData\ZhuoMian\Github_Releases_批量下载 xray\Xray-core\v1.8.16\Xray-linux-arm32-v5.zip     
[1291/2453] Checking is OK   | E:\01.userData\ZhuoMian\Github_Releases_批量下载 xray\Xray-core\v1.8.16\Xray-linux-arm32-v6.zip     
[1292/2453] Checking is OK   | E:\01.userData\ZhuoMian\Github_Releases_批量下载 xray\Xray-core\v1.8.16\Xray-linux-arm32-v7a.zip    
[1293/2453] Checking is OK   | E:\01.userData\ZhuoMian\Github_Releases_批量下载 xray\Xray-core\v1.8.16\Xray-linux-arm64-v8a.zip    
[1294/2453] Checking is OK   | E:\01.userData\ZhuoMian\Github_Releases_批量下载 xray\Xray-core\v1.8.16\Xray-linux-loong64.zip      
[1295/2453] Checking is OK   | E:\01.userData\ZhuoMian\Github_Releases_批量下载 xray\Xray-core\v1.8.16\Xray-linux-mips32.zip       
[1296/2453] Checking is OK   | E:\01.userData\ZhuoMian\Github_Releases_批量下载 xray\Xray-core\v1.8.16\Xray-linux-mips32le.zip     
[1297/2453] Checking is OK   | E:\01.userData\ZhuoMian\Github_Releases_批量下载 xray\Xray-core\v1.8.16\Xray-linux-mips64.zip       
[1298/2453] Checking is OK   | E:\01.userData\ZhuoMian\Github_Releases_批量下载 xray\Xray-core\v1.8.16\Xray-linux-mips64le.zip     
[1299/2453] Checking is OK   | E:\01.userData\ZhuoMian\Github_Releases_批量下载 xray\Xray-core\v1.8.16\Xray-linux-ppc64.zip        
[1300/2453] Checking is OK   | E:\01.userData\ZhuoMian\Github_Releases_批量下载 xray\Xray-core\v1.8.16\Xray-linux-ppc64le.zip      
[1301/2453] Checking is OK   | E:\01.userData\ZhuoMian\Github_Releases_批量下载 xray\Xray-core\v1.8.16\Xray-linux-riscv64.zip      
[1302/2453] Checking is OK   | E:\01.userData\ZhuoMian\Github_Releases_批量下载 xray\Xray-core\v1.8.16\Xray-linux-s390x.zip        
[1303/2453] Checking is OK   | E:\01.userData\ZhuoMian\Github_Releases_批量下载 xray\Xray-core\v1.8.16\Xray-macos-64.zip           
[1304/2453] Checking is OK   | E:\01.userData\ZhuoMian\Github_Releases_批量下载 xray\Xray-core\v1.8.16\Xray-macos-arm64-v8a.zip    
[1305/2453] Checking is OK   | E:\01.userData\ZhuoMian\Github_Releases_批量下载 xray\Xray-core\v1.8.16\Xray-openbsd-32.zip         
[1306/2453] Checking is OK   | E:\01.userData\ZhuoMian\Github_Releases_批量下载 xray\Xray-core\v1.8.16\Xray-openbsd-64.zip         
[1307/2453] Checking is OK   | E:\01.userData\ZhuoMian\Github_Releases_批量下载 xray\Xray-core\v1.8.16\Xray-openbsd-arm32-v7a.zip  
[1308/2453] Checking is OK   | E:\01.userData\ZhuoMian\Github_Releases_批量下载 xray\Xray-core\v1.8.16\Xray-openbsd-arm64-v8a.zip  
[1309/2453] Checking is OK   | E:\01.userData\ZhuoMian\Github_Releases_批量下载 xray\Xray-core\v1.8.16\Xray-windows-32.zip         
[1310/2453] Checking is OK   | E:\01.userData\ZhuoMian\Github_Releases_批量下载 xray\Xray-core\v1.8.16\Xray-windows-64.zip         
[1311/2453] Checking is OK   | E:\01.userData\ZhuoMian\Github_Releases_批量下载 xray\Xray-core\v1.8.16\Xray-windows-arm32-v7a.zip  
[1312/2453] Checking is OK   | E:\01.userData\ZhuoMian\Github_Releases_批量下载 xray\Xray-core\v1.8.16\Xray-windows-arm64-v8a.zip  
[1313/2453] Checking is OK   | E:\01.userData\ZhuoMian\Github_Releases_批量下载 xray\Xray-core\v1.8.17\Xray-android-arm64-v8a.zip  
[1314/2453] Checking is OK   | E:\01.userData\ZhuoMian\Github_Releases_批量下载 xray\Xray-core\v1.8.17\Xray-freebsd-32.zip         
[1315/2453] Checking is OK   | E:\01.userData\ZhuoMian\Github_Releases_批量下载 xray\Xray-core\v1.8.17\Xray-freebsd-64.zip         
[1316/2453] Checking is OK   | E:\01.userData\ZhuoMian\Github_Releases_批量下载 xray\Xray-core\v1.8.17\Xray-freebsd-arm32-v7a.zip  
[1317/2453] Checking is OK   | E:\01.userData\ZhuoMian\Github_Releases_批量下载 xray\Xray-core\v1.8.17\Xray-freebsd-arm64-v8a.zip  
[1318/2453] Checking is OK   | E:\01.userData\ZhuoMian\Github_Releases_批量下载 xray\Xray-core\v1.8.17\Xray-linux-32.zip           
[1319/2453] Checking is OK   | E:\01.userData\ZhuoMian\Github_Releases_批量下载 xray\Xray-core\v1.8.17\Xray-linux-64.zip           
[1320/2453] Checking is OK   | E:\01.userData\ZhuoMian\Github_Releases_批量下载 xray\Xray-core\v1.8.17\Xray-linux-arm32-v5.zip     
[1321/2453] Checking is OK   | E:\01.userData\ZhuoMian\Github_Releases_批量下载 xray\Xray-core\v1.8.17\Xray-linux-arm32-v6.zip     
[1322/2453] Checking is OK   | E:\01.userData\ZhuoMian\Github_Releases_批量下载 xray\Xray-core\v1.8.17\Xray-linux-arm32-v7a.zip    
[1323/2453] Checking is OK   | E:\01.userData\ZhuoMian\Github_Releases_批量下载 xray\Xray-core\v1.8.17\Xray-linux-arm64-v8a.zip    
[1324/2453] Checking is OK   | E:\01.userData\ZhuoMian\Github_Releases_批量下载 xray\Xray-core\v1.8.17\Xray-linux-loong64.zip      
[1325/2453] Checking is OK   | E:\01.userData\ZhuoMian\Github_Releases_批量下载 xray\Xray-core\v1.8.17\Xray-linux-mips32.zip       
[1326/2453] Checking is OK   | E:\01.userData\ZhuoMian\Github_Releases_批量下载 xray\Xray-core\v1.8.17\Xray-linux-mips32le.zip     
[1327/2453] Checking is OK   | E:\01.userData\ZhuoMian\Github_Releases_批量下载 xray\Xray-core\v1.8.17\Xray-linux-mips64.zip       
[1328/2453] Checking is OK   | E:\01.userData\ZhuoMian\Github_Releases_批量下载 xray\Xray-core\v1.8.17\Xray-linux-mips64le.zip     
[1329/2453] Checking is OK   | E:\01.userData\ZhuoMian\Github_Releases_批量下载 xray\Xray-core\v1.8.17\Xray-linux-ppc64.zip        
[1330/2453] Checking is OK   | E:\01.userData\ZhuoMian\Github_Releases_批量下载 xray\Xray-core\v1.8.17\Xray-linux-ppc64le.zip      
[1331/2453] Checking is OK   | E:\01.userData\ZhuoMian\Github_Releases_批量下载 xray\Xray-core\v1.8.17\Xray-linux-riscv64.zip      
[1332/2453] Checking is OK   | E:\01.userData\ZhuoMian\Github_Releases_批量下载 xray\Xray-core\v1.8.17\Xray-linux-s390x.zip        
[1333/2453] Checking is OK   | E:\01.userData\ZhuoMian\Github_Releases_批量下载 xray\Xray-core\v1.8.17\Xray-macos-64.zip           
[1334/2453] Checking is OK   | E:\01.userData\ZhuoMian\Github_Releases_批量下载 xray\Xray-core\v1.8.17\Xray-macos-arm64-v8a.zip    
[1335/2453] Checking is OK   | E:\01.userData\ZhuoMian\Github_Releases_批量下载 xray\Xray-core\v1.8.17\Xray-openbsd-32.zip         
[1336/2453] Checking is OK   | E:\01.userData\ZhuoMian\Github_Releases_批量下载 xray\Xray-core\v1.8.17\Xray-openbsd-64.zip         
[1337/2453] Checking is OK   | E:\01.userData\ZhuoMian\Github_Releases_批量下载 xray\Xray-core\v1.8.17\Xray-openbsd-arm32-v7a.zip  
[1338/2453] Checking is OK   | E:\01.userData\ZhuoMian\Github_Releases_批量下载 xray\Xray-core\v1.8.17\Xray-openbsd-arm64-v8a.zip  
[1339/2453] Checking is OK   | E:\01.userData\ZhuoMian\Github_Releases_批量下载 xray\Xray-core\v1.8.17\Xray-windows-32.zip         
[1340/2453] Checking is OK   | E:\01.userData\ZhuoMian\Github_Releases_批量下载 xray\Xray-core\v1.8.17\Xray-windows-64.zip         
[1341/2453] Checking is OK   | E:\01.userData\ZhuoMian\Github_Releases_批量下载 xray\Xray-core\v1.8.17\Xray-windows-arm32-v7a.zip  
[1342/2453] Checking is OK   | E:\01.userData\ZhuoMian\Github_Releases_批量下载 xray\Xray-core\v1.8.17\Xray-windows-arm64-v8a.zip  
[1343/2453] Checking is OK   | E:\01.userData\ZhuoMian\Github_Releases_批量下载 xray\Xray-core\v1.8.18\Xray-android-arm64-v8a.zip  
[1344/2453] Checking is OK   | E:\01.userData\ZhuoMian\Github_Releases_批量下载 xray\Xray-core\v1.8.18\Xray-freebsd-32.zip         
[1345/2453] Checking is OK   | E:\01.userData\ZhuoMian\Github_Releases_批量下载 xray\Xray-core\v1.8.18\Xray-freebsd-64.zip         
[1346/2453] Checking is OK   | E:\01.userData\ZhuoMian\Github_Releases_批量下载 xray\Xray-core\v1.8.18\Xray-freebsd-arm32-v7a.zip  
[1347/2453] Checking is OK   | E:\01.userData\ZhuoMian\Github_Releases_批量下载 xray\Xray-core\v1.8.18\Xray-freebsd-arm64-v8a.zip  
[1348/2453] Checking is OK   | E:\01.userData\ZhuoMian\Github_Releases_批量下载 xray\Xray-core\v1.8.18\Xray-linux-32.zip           
[1349/2453] Checking is OK   | E:\01.userData\ZhuoMian\Github_Releases_批量下载 xray\Xray-core\v1.8.18\Xray-linux-64.zip           
[1350/2453] Checking is OK   | E:\01.userData\ZhuoMian\Github_Releases_批量下载 xray\Xray-core\v1.8.18\Xray-linux-arm32-v5.zip     
[1351/2453] Checking is OK   | E:\01.userData\ZhuoMian\Github_Releases_批量下载 xray\Xray-core\v1.8.18\Xray-linux-arm32-v6.zip     
[1352/2453] Checking is OK   | E:\01.userData\ZhuoMian\Github_Releases_批量下载 xray\Xray-core\v1.8.18\Xray-linux-arm32-v7a.zip    
[1353/2453] Checking is OK   | E:\01.userData\ZhuoMian\Github_Releases_批量下载 xray\Xray-core\v1.8.18\Xray-linux-arm64-v8a.zip    
[1354/2453] Checking is OK   | E:\01.userData\ZhuoMian\Github_Releases_批量下载 xray\Xray-core\v1.8.18\Xray-linux-loong64.zip      
[1355/2453] Checking is OK   | E:\01.userData\ZhuoMian\Github_Releases_批量下载 xray\Xray-core\v1.8.18\Xray-linux-mips32.zip       
[1356/2453] Checking is OK   | E:\01.userData\ZhuoMian\Github_Releases_批量下载 xray\Xray-core\v1.8.18\Xray-linux-mips32le.zip     
[1357/2453] Checking is OK   | E:\01.userData\ZhuoMian\Github_Releases_批量下载 xray\Xray-core\v1.8.18\Xray-linux-mips64.zip       
[1358/2453] Checking is OK   | E:\01.userData\ZhuoMian\Github_Releases_批量下载 xray\Xray-core\v1.8.18\Xray-linux-mips64le.zip     
[1359/2453] Checking is OK   | E:\01.userData\ZhuoMian\Github_Releases_批量下载 xray\Xray-core\v1.8.18\Xray-linux-ppc64.zip        
[1360/2453] Checking is OK   | E:\01.userData\ZhuoMian\Github_Releases_批量下载 xray\Xray-core\v1.8.18\Xray-linux-ppc64le.zip      
[1361/2453] Checking is OK   | E:\01.userData\ZhuoMian\Github_Releases_批量下载 xray\Xray-core\v1.8.18\Xray-linux-riscv64.zip      
[1362/2453] Checking is OK   | E:\01.userData\ZhuoMian\Github_Releases_批量下载 xray\Xray-core\v1.8.18\Xray-linux-s390x.zip        
[1363/2453] Checking is OK   | E:\01.userData\ZhuoMian\Github_Releases_批量下载 xray\Xray-core\v1.8.18\Xray-macos-64.zip           
[1364/2453] Checking is OK   | E:\01.userData\ZhuoMian\Github_Releases_批量下载 xray\Xray-core\v1.8.18\Xray-macos-arm64-v8a.zip    
[1365/2453] Checking is OK   | E:\01.userData\ZhuoMian\Github_Releases_批量下载 xray\Xray-core\v1.8.18\Xray-openbsd-32.zip         
[1366/2453] Checking is OK   | E:\01.userData\ZhuoMian\Github_Releases_批量下载 xray\Xray-core\v1.8.18\Xray-openbsd-64.zip         
[1367/2453] Checking is OK   | E:\01.userData\ZhuoMian\Github_Releases_批量下载 xray\Xray-core\v1.8.18\Xray-openbsd-arm32-v7a.zip  
[1368/2453] Checking is OK   | E:\01.userData\ZhuoMian\Github_Releases_批量下载 xray\Xray-core\v1.8.18\Xray-openbsd-arm64-v8a.zip  
[1369/2453] Checking is OK   | E:\01.userData\ZhuoMian\Github_Releases_批量下载 xray\Xray-core\v1.8.18\Xray-win7-32.zip            
[1370/2453] Checking is OK   | E:\01.userData\ZhuoMian\Github_Releases_批量下载 xray\Xray-core\v1.8.18\Xray-win7-64.zip            
[1371/2453] Checking is OK   | E:\01.userData\ZhuoMian\Github_Releases_批量下载 xray\Xray-core\v1.8.18\Xray-windows-32.zip         
[1372/2453] Checking is OK   | E:\01.userData\ZhuoMian\Github_Releases_批量下载 xray\Xray-core\v1.8.18\Xray-windows-64.zip         
[1373/2453] Checking is OK   | E:\01.userData\ZhuoMian\Github_Releases_批量下载 xray\Xray-core\v1.8.18\Xray-windows-arm32-v7a.zip  
[1374/2453] Checking is OK   | E:\01.userData\ZhuoMian\Github_Releases_批量下载 xray\Xray-core\v1.8.18\Xray-windows-arm64-v8a.zip  
[1375/2453] Checking is OK   | E:\01.userData\ZhuoMian\Github_Releases_批量下载 xray\Xray-core\v1.8.19\Xray-android-arm64-v8a.zip  
[1376/2453] Checking is OK   | E:\01.userData\ZhuoMian\Github_Releases_批量下载 xray\Xray-core\v1.8.19\Xray-freebsd-32.zip         
[1377/2453] Checking is OK   | E:\01.userData\ZhuoMian\Github_Releases_批量下载 xray\Xray-core\v1.8.19\Xray-freebsd-64.zip         
[1378/2453] Checking is OK   | E:\01.userData\ZhuoMian\Github_Releases_批量下载 xray\Xray-core\v1.8.19\Xray-freebsd-arm32-v7a.zip  
[1379/2453] Checking is OK   | E:\01.userData\ZhuoMian\Github_Releases_批量下载 xray\Xray-core\v1.8.19\Xray-freebsd-arm64-v8a.zip  
[1380/2453] Checking is OK   | E:\01.userData\ZhuoMian\Github_Releases_批量下载 xray\Xray-core\v1.8.19\Xray-linux-32.zip           
[1381/2453] Checking is OK   | E:\01.userData\ZhuoMian\Github_Releases_批量下载 xray\Xray-core\v1.8.19\Xray-linux-64.zip           
[1382/2453] Checking is OK   | E:\01.userData\ZhuoMian\Github_Releases_批量下载 xray\Xray-core\v1.8.19\Xray-linux-arm32-v5.zip     
[1383/2453] Checking is OK   | E:\01.userData\ZhuoMian\Github_Releases_批量下载 xray\Xray-core\v1.8.19\Xray-linux-arm32-v6.zip     
[1384/2453] Checking is OK   | E:\01.userData\ZhuoMian\Github_Releases_批量下载 xray\Xray-core\v1.8.19\Xray-linux-arm32-v7a.zip    
[1385/2453] Checking is OK   | E:\01.userData\ZhuoMian\Github_Releases_批量下载 xray\Xray-core\v1.8.19\Xray-linux-arm64-v8a.zip    
[1386/2453] Checking is OK   | E:\01.userData\ZhuoMian\Github_Releases_批量下载 xray\Xray-core\v1.8.19\Xray-linux-loong64.zip      
[1387/2453] Checking is OK   | E:\01.userData\ZhuoMian\Github_Releases_批量下载 xray\Xray-core\v1.8.19\Xray-linux-mips32.zip       
[1388/2453] Checking is OK   | E:\01.userData\ZhuoMian\Github_Releases_批量下载 xray\Xray-core\v1.8.19\Xray-linux-mips32le.zip     
[1389/2453] Checking is OK   | E:\01.userData\ZhuoMian\Github_Releases_批量下载 xray\Xray-core\v1.8.19\Xray-linux-mips64.zip       
[1390/2453] Checking is OK   | E:\01.userData\ZhuoMian\Github_Releases_批量下载 xray\Xray-core\v1.8.19\Xray-linux-mips64le.zip     
[1391/2453] Checking is OK   | E:\01.userData\ZhuoMian\Github_Releases_批量下载 xray\Xray-core\v1.8.19\Xray-linux-ppc64.zip        
[1392/2453] Checking is OK   | E:\01.userData\ZhuoMian\Github_Releases_批量下载 xray\Xray-core\v1.8.19\Xray-linux-ppc64le.zip      
[1393/2453] Checking is OK   | E:\01.userData\ZhuoMian\Github_Releases_批量下载 xray\Xray-core\v1.8.19\Xray-linux-riscv64.zip      
[1394/2453] Checking is OK   | E:\01.userData\ZhuoMian\Github_Releases_批量下载 xray\Xray-core\v1.8.19\Xray-linux-s390x.zip        
[1395/2453] Checking is OK   | E:\01.userData\ZhuoMian\Github_Releases_批量下载 xray\Xray-core\v1.8.19\Xray-macos-64.zip           
[1396/2453] Checking is OK   | E:\01.userData\ZhuoMian\Github_Releases_批量下载 xray\Xray-core\v1.8.19\Xray-macos-arm64-v8a.zip    
[1397/2453] Checking is OK   | E:\01.userData\ZhuoMian\Github_Releases_批量下载 xray\Xray-core\v1.8.19\Xray-openbsd-32.zip         
[1398/2453] Checking is OK   | E:\01.userData\ZhuoMian\Github_Releases_批量下载 xray\Xray-core\v1.8.19\Xray-openbsd-64.zip         
[1399/2453] Checking is OK   | E:\01.userData\ZhuoMian\Github_Releases_批量下载 xray\Xray-core\v1.8.19\Xray-openbsd-arm32-v7a.zip  
[1400/2453] Checking is OK   | E:\01.userData\ZhuoMian\Github_Releases_批量下载 xray\Xray-core\v1.8.19\Xray-openbsd-arm64-v8a.zip  
[1401/2453] Checking is OK   | E:\01.userData\ZhuoMian\Github_Releases_批量下载 xray\Xray-core\v1.8.19\Xray-win7-32.zip            
[1402/2453] Checking is OK   | E:\01.userData\ZhuoMian\Github_Releases_批量下载 xray\Xray-core\v1.8.19\Xray-win7-64.zip            
[1403/2453] Checking is OK   | E:\01.userData\ZhuoMian\Github_Releases_批量下载 xray\Xray-core\v1.8.19\Xray-windows-32.zip         
[1404/2453] Checking is OK   | E:\01.userData\ZhuoMian\Github_Releases_批量下载 xray\Xray-core\v1.8.19\Xray-windows-64.zip         
[1405/2453] Checking is OK   | E:\01.userData\ZhuoMian\Github_Releases_批量下载 xray\Xray-core\v1.8.19\Xray-windows-arm32-v7a.zip  
[1406/2453] Checking is OK   | E:\01.userData\ZhuoMian\Github_Releases_批量下载 xray\Xray-core\v1.8.19\Xray-windows-arm64-v8a.zip  
[1407/2453] Checking is OK   | E:\01.userData\ZhuoMian\Github_Releases_批量下载 xray\Xray-core\v1.8.20\Xray-android-arm64-v8a.zip  
[1408/2453] Checking is OK   | E:\01.userData\ZhuoMian\Github_Releases_批量下载 xray\Xray-core\v1.8.20\Xray-freebsd-32.zip         
[1409/2453] Checking is OK   | E:\01.userData\ZhuoMian\Github_Releases_批量下载 xray\Xray-core\v1.8.20\Xray-freebsd-64.zip         
[1410/2453] Checking is OK   | E:\01.userData\ZhuoMian\Github_Releases_批量下载 xray\Xray-core\v1.8.20\Xray-freebsd-arm32-v7a.zip  
[1411/2453] Checking is OK   | E:\01.userData\ZhuoMian\Github_Releases_批量下载 xray\Xray-core\v1.8.20\Xray-freebsd-arm64-v8a.zip  
[1412/2453] Checking is OK   | E:\01.userData\ZhuoMian\Github_Releases_批量下载 xray\Xray-core\v1.8.20\Xray-linux-32.zip           
[1413/2453] Checking is OK   | E:\01.userData\ZhuoMian\Github_Releases_批量下载 xray\Xray-core\v1.8.20\Xray-linux-64.zip           
[1414/2453] Checking is OK   | E:\01.userData\ZhuoMian\Github_Releases_批量下载 xray\Xray-core\v1.8.20\Xray-linux-arm32-v5.zip     
[1415/2453] Checking is OK   | E:\01.userData\ZhuoMian\Github_Releases_批量下载 xray\Xray-core\v1.8.20\Xray-linux-arm32-v6.zip     
[1416/2453] Checking is OK   | E:\01.userData\ZhuoMian\Github_Releases_批量下载 xray\Xray-core\v1.8.20\Xray-linux-arm32-v7a.zip    
[1417/2453] Checking is OK   | E:\01.userData\ZhuoMian\Github_Releases_批量下载 xray\Xray-core\v1.8.20\Xray-linux-arm64-v8a.zip    
[1418/2453] Checking is OK   | E:\01.userData\ZhuoMian\Github_Releases_批量下载 xray\Xray-core\v1.8.20\Xray-linux-loong64.zip      
[1419/2453] Checking is OK   | E:\01.userData\ZhuoMian\Github_Releases_批量下载 xray\Xray-core\v1.8.20\Xray-linux-mips32.zip       
[1420/2453] Checking is OK   | E:\01.userData\ZhuoMian\Github_Releases_批量下载 xray\Xray-core\v1.8.20\Xray-linux-mips32le.zip     
[1421/2453] Checking is OK   | E:\01.userData\ZhuoMian\Github_Releases_批量下载 xray\Xray-core\v1.8.20\Xray-linux-mips64.zip       
[1422/2453] Checking is OK   | E:\01.userData\ZhuoMian\Github_Releases_批量下载 xray\Xray-core\v1.8.20\Xray-linux-mips64le.zip     
[1423/2453] Checking is OK   | E:\01.userData\ZhuoMian\Github_Releases_批量下载 xray\Xray-core\v1.8.20\Xray-linux-ppc64.zip        
[1424/2453] Checking is OK   | E:\01.userData\ZhuoMian\Github_Releases_批量下载 xray\Xray-core\v1.8.20\Xray-linux-ppc64le.zip      
[1425/2453] Checking is OK   | E:\01.userData\ZhuoMian\Github_Releases_批量下载 xray\Xray-core\v1.8.20\Xray-linux-riscv64.zip      
[1426/2453] Checking is OK   | E:\01.userData\ZhuoMian\Github_Releases_批量下载 xray\Xray-core\v1.8.20\Xray-linux-s390x.zip        
[1427/2453] Checking is OK   | E:\01.userData\ZhuoMian\Github_Releases_批量下载 xray\Xray-core\v1.8.20\Xray-macos-64.zip           
[1428/2453] Checking is OK   | E:\01.userData\ZhuoMian\Github_Releases_批量下载 xray\Xray-core\v1.8.20\Xray-macos-arm64-v8a.zip    
[1429/2453] Checking is OK   | E:\01.userData\ZhuoMian\Github_Releases_批量下载 xray\Xray-core\v1.8.20\Xray-openbsd-32.zip         
[1430/2453] Checking is OK   | E:\01.userData\ZhuoMian\Github_Releases_批量下载 xray\Xray-core\v1.8.20\Xray-openbsd-64.zip         
[1431/2453] Checking is OK   | E:\01.userData\ZhuoMian\Github_Releases_批量下载 xray\Xray-core\v1.8.20\Xray-openbsd-arm32-v7a.zip  
[1432/2453] Checking is OK   | E:\01.userData\ZhuoMian\Github_Releases_批量下载 xray\Xray-core\v1.8.20\Xray-openbsd-arm64-v8a.zip  
[1433/2453] Checking is OK   | E:\01.userData\ZhuoMian\Github_Releases_批量下载 xray\Xray-core\v1.8.20\Xray-win7-32.zip            
[1434/2453] Checking is OK   | E:\01.userData\ZhuoMian\Github_Releases_批量下载 xray\Xray-core\v1.8.20\Xray-win7-64.zip            
[1435/2453] Checking is OK   | E:\01.userData\ZhuoMian\Github_Releases_批量下载 xray\Xray-core\v1.8.20\Xray-windows-32.zip         
[1436/2453] Checking is OK   | E:\01.userData\ZhuoMian\Github_Releases_批量下载 xray\Xray-core\v1.8.20\Xray-windows-64.zip         
[1437/2453] Checking is OK   | E:\01.userData\ZhuoMian\Github_Releases_批量下载 xray\Xray-core\v1.8.20\Xray-windows-arm32-v7a.zip  
[1438/2453] Checking is OK   | E:\01.userData\ZhuoMian\Github_Releases_批量下载 xray\Xray-core\v1.8.20\Xray-windows-arm64-v8a.zip  
[1439/2453] Checking is OK   | E:\01.userData\ZhuoMian\Github_Releases_批量下载 xray\Xray-core\v1.8.21\Xray-android-arm64-v8a.zip  
[1440/2453] Checking is OK   | E:\01.userData\ZhuoMian\Github_Releases_批量下载 xray\Xray-core\v1.8.21\Xray-freebsd-32.zip         
[1441/2453] Checking is OK   | E:\01.userData\ZhuoMian\Github_Releases_批量下载 xray\Xray-core\v1.8.21\Xray-freebsd-64.zip         
[1442/2453] Checking is OK   | E:\01.userData\ZhuoMian\Github_Releases_批量下载 xray\Xray-core\v1.8.21\Xray-freebsd-arm32-v7a.zip  
[1443/2453] Checking is OK   | E:\01.userData\ZhuoMian\Github_Releases_批量下载 xray\Xray-core\v1.8.21\Xray-freebsd-arm64-v8a.zip  
[1444/2453] Checking is OK   | E:\01.userData\ZhuoMian\Github_Releases_批量下载 xray\Xray-core\v1.8.21\Xray-linux-32.zip           
[1445/2453] Checking is OK   | E:\01.userData\ZhuoMian\Github_Releases_批量下载 xray\Xray-core\v1.8.21\Xray-linux-64.zip           
[1446/2453] Checking is OK   | E:\01.userData\ZhuoMian\Github_Releases_批量下载 xray\Xray-core\v1.8.21\Xray-linux-arm32-v5.zip     
[1447/2453] Checking is OK   | E:\01.userData\ZhuoMian\Github_Releases_批量下载 xray\Xray-core\v1.8.21\Xray-linux-arm32-v6.zip     
[1448/2453] Checking is OK   | E:\01.userData\ZhuoMian\Github_Releases_批量下载 xray\Xray-core\v1.8.21\Xray-linux-arm32-v7a.zip    
[1449/2453] Checking is OK   | E:\01.userData\ZhuoMian\Github_Releases_批量下载 xray\Xray-core\v1.8.21\Xray-linux-arm64-v8a.zip    
[1450/2453] Checking is OK   | E:\01.userData\ZhuoMian\Github_Releases_批量下载 xray\Xray-core\v1.8.21\Xray-linux-loong64.zip      
[1451/2453] Checking is OK   | E:\01.userData\ZhuoMian\Github_Releases_批量下载 xray\Xray-core\v1.8.21\Xray-linux-mips32.zip       
[1452/2453] Checking is OK   | E:\01.userData\ZhuoMian\Github_Releases_批量下载 xray\Xray-core\v1.8.21\Xray-linux-mips32le.zip     
[1453/2453] Checking is OK   | E:\01.userData\ZhuoMian\Github_Releases_批量下载 xray\Xray-core\v1.8.21\Xray-linux-mips64.zip       
[1454/2453] Checking is OK   | E:\01.userData\ZhuoMian\Github_Releases_批量下载 xray\Xray-core\v1.8.21\Xray-linux-mips64le.zip     
[1455/2453] Checking is OK   | E:\01.userData\ZhuoMian\Github_Releases_批量下载 xray\Xray-core\v1.8.21\Xray-linux-ppc64.zip        
[1456/2453] Checking is OK   | E:\01.userData\ZhuoMian\Github_Releases_批量下载 xray\Xray-core\v1.8.21\Xray-linux-ppc64le.zip      
[1457/2453] Checking is OK   | E:\01.userData\ZhuoMian\Github_Releases_批量下载 xray\Xray-core\v1.8.21\Xray-linux-riscv64.zip      
[1458/2453] Checking is OK   | E:\01.userData\ZhuoMian\Github_Releases_批量下载 xray\Xray-core\v1.8.21\Xray-linux-s390x.zip        
[1459/2453] Checking is OK   | E:\01.userData\ZhuoMian\Github_Releases_批量下载 xray\Xray-core\v1.8.21\Xray-macos-64.zip           
[1460/2453] Checking is OK   | E:\01.userData\ZhuoMian\Github_Releases_批量下载 xray\Xray-core\v1.8.21\Xray-macos-arm64-v8a.zip    
[1461/2453] Checking is OK   | E:\01.userData\ZhuoMian\Github_Releases_批量下载 xray\Xray-core\v1.8.21\Xray-openbsd-32.zip         
[1462/2453] Checking is OK   | E:\01.userData\ZhuoMian\Github_Releases_批量下载 xray\Xray-core\v1.8.21\Xray-openbsd-64.zip         
[1463/2453] Checking is OK   | E:\01.userData\ZhuoMian\Github_Releases_批量下载 xray\Xray-core\v1.8.21\Xray-openbsd-arm32-v7a.zip  
[1464/2453] Checking is OK   | E:\01.userData\ZhuoMian\Github_Releases_批量下载 xray\Xray-core\v1.8.21\Xray-openbsd-arm64-v8a.zip  
[1465/2453] Checking is OK   | E:\01.userData\ZhuoMian\Github_Releases_批量下载 xray\Xray-core\v1.8.21\Xray-win7-32.zip            
[1466/2453] Checking is OK   | E:\01.userData\ZhuoMian\Github_Releases_批量下载 xray\Xray-core\v1.8.21\Xray-win7-64.zip            
[1467/2453] Checking is OK   | E:\01.userData\ZhuoMian\Github_Releases_批量下载 xray\Xray-core\v1.8.21\Xray-windows-32.zip         
[1468/2453] Checking is OK   | E:\01.userData\ZhuoMian\Github_Releases_批量下载 xray\Xray-core\v1.8.21\Xray-windows-64.zip         
[1469/2453] Checking is OK   | E:\01.userData\ZhuoMian\Github_Releases_批量下载 xray\Xray-core\v1.8.21\Xray-windows-arm32-v7a.zip  
[1470/2453] Checking is OK   | E:\01.userData\ZhuoMian\Github_Releases_批量下载 xray\Xray-core\v1.8.21\Xray-windows-arm64-v8a.zip  
[1471/2453] Checking is OK   | E:\01.userData\ZhuoMian\Github_Releases_批量下载 xray\Xray-core\v1.8.23\Xray-android-arm64-v8a.zip  
[1472/2453] Checking is OK   | E:\01.userData\ZhuoMian\Github_Releases_批量下载 xray\Xray-core\v1.8.23\Xray-freebsd-32.zip         
[1473/2453] Checking is OK   | E:\01.userData\ZhuoMian\Github_Releases_批量下载 xray\Xray-core\v1.8.23\Xray-freebsd-64.zip         
[1474/2453] Checking is OK   | E:\01.userData\ZhuoMian\Github_Releases_批量下载 xray\Xray-core\v1.8.23\Xray-freebsd-arm32-v7a.zip  
[1475/2453] Checking is OK   | E:\01.userData\ZhuoMian\Github_Releases_批量下载 xray\Xray-core\v1.8.23\Xray-freebsd-arm64-v8a.zip  
[1476/2453] Checking is OK   | E:\01.userData\ZhuoMian\Github_Releases_批量下载 xray\Xray-core\v1.8.23\Xray-linux-32.zip           
[1477/2453] Checking is OK   | E:\01.userData\ZhuoMian\Github_Releases_批量下载 xray\Xray-core\v1.8.23\Xray-linux-64.zip           
[1478/2453] Checking is OK   | E:\01.userData\ZhuoMian\Github_Releases_批量下载 xray\Xray-core\v1.8.23\Xray-linux-arm32-v5.zip     
[1479/2453] Checking is OK   | E:\01.userData\ZhuoMian\Github_Releases_批量下载 xray\Xray-core\v1.8.23\Xray-linux-arm32-v6.zip     
[1480/2453] Checking is OK   | E:\01.userData\ZhuoMian\Github_Releases_批量下载 xray\Xray-core\v1.8.23\Xray-linux-arm32-v7a.zip    
[1481/2453] Checking is OK   | E:\01.userData\ZhuoMian\Github_Releases_批量下载 xray\Xray-core\v1.8.23\Xray-linux-arm64-v8a.zip    
[1482/2453] Checking is OK   | E:\01.userData\ZhuoMian\Github_Releases_批量下载 xray\Xray-core\v1.8.23\Xray-linux-loong64.zip      
[1483/2453] Checking is OK   | E:\01.userData\ZhuoMian\Github_Releases_批量下载 xray\Xray-core\v1.8.23\Xray-linux-mips32.zip       
[1484/2453] Checking is OK   | E:\01.userData\ZhuoMian\Github_Releases_批量下载 xray\Xray-core\v1.8.23\Xray-linux-mips32le.zip     
[1485/2453] Checking is OK   | E:\01.userData\ZhuoMian\Github_Releases_批量下载 xray\Xray-core\v1.8.23\Xray-linux-mips64.zip       
[1486/2453] Checking is OK   | E:\01.userData\ZhuoMian\Github_Releases_批量下载 xray\Xray-core\v1.8.23\Xray-linux-mips64le.zip     
[1487/2453] Checking is OK   | E:\01.userData\ZhuoMian\Github_Releases_批量下载 xray\Xray-core\v1.8.23\Xray-linux-ppc64.zip        
[1488/2453] Checking is OK   | E:\01.userData\ZhuoMian\Github_Releases_批量下载 xray\Xray-core\v1.8.23\Xray-linux-ppc64le.zip      
[1489/2453] Checking is OK   | E:\01.userData\ZhuoMian\Github_Releases_批量下载 xray\Xray-core\v1.8.23\Xray-linux-riscv64.zip      
[1490/2453] Checking is OK   | E:\01.userData\ZhuoMian\Github_Releases_批量下载 xray\Xray-core\v1.8.23\Xray-linux-s390x.zip        
[1491/2453] Checking is OK   | E:\01.userData\ZhuoMian\Github_Releases_批量下载 xray\Xray-core\v1.8.23\Xray-macos-64.zip           
[1492/2453] Checking is OK   | E:\01.userData\ZhuoMian\Github_Releases_批量下载 xray\Xray-core\v1.8.23\Xray-macos-arm64-v8a.zip    
[1493/2453] Checking is OK   | E:\01.userData\ZhuoMian\Github_Releases_批量下载 xray\Xray-core\v1.8.23\Xray-openbsd-32.zip         
[1494/2453] Checking is OK   | E:\01.userData\ZhuoMian\Github_Releases_批量下载 xray\Xray-core\v1.8.23\Xray-openbsd-64.zip         
[1495/2453] Checking is OK   | E:\01.userData\ZhuoMian\Github_Releases_批量下载 xray\Xray-core\v1.8.23\Xray-openbsd-arm32-v7a.zip  
[1496/2453] Checking is OK   | E:\01.userData\ZhuoMian\Github_Releases_批量下载 xray\Xray-core\v1.8.23\Xray-openbsd-arm64-v8a.zip  
[1497/2453] Checking is OK   | E:\01.userData\ZhuoMian\Github_Releases_批量下载 xray\Xray-core\v1.8.23\Xray-win7-32.zip            
[1498/2453] Checking is OK   | E:\01.userData\ZhuoMian\Github_Releases_批量下载 xray\Xray-core\v1.8.23\Xray-win7-64.zip            
[1499/2453] Checking is OK   | E:\01.userData\ZhuoMian\Github_Releases_批量下载 xray\Xray-core\v1.8.23\Xray-windows-32.zip         
[1500/2453] Checking is OK   | E:\01.userData\ZhuoMian\Github_Releases_批量下载 xray\Xray-core\v1.8.23\Xray-windows-64.zip         
[1501/2453] Checking is OK   | E:\01.userData\ZhuoMian\Github_Releases_批量下载 xray\Xray-core\v1.8.23\Xray-windows-arm32-v7a.zip  
[1502/2453] Checking is OK   | E:\01.userData\ZhuoMian\Github_Releases_批量下载 xray\Xray-core\v1.8.23\Xray-windows-arm64-v8a.zip  
[1503/2453] Checking is OK   | E:\01.userData\ZhuoMian\Github_Releases_批量下载 xray\Xray-core\v1.8.24\Xray-android-arm64-v8a.zip  
[1504/2453] Checking is OK   | E:\01.userData\ZhuoMian\Github_Releases_批量下载 xray\Xray-core\v1.8.24\Xray-freebsd-32.zip         
[1505/2453] Checking is OK   | E:\01.userData\ZhuoMian\Github_Releases_批量下载 xray\Xray-core\v1.8.24\Xray-freebsd-64.zip         
[1506/2453] Checking is OK   | E:\01.userData\ZhuoMian\Github_Releases_批量下载 xray\Xray-core\v1.8.24\Xray-freebsd-arm32-v7a.zip  
[1507/2453] Checking is OK   | E:\01.userData\ZhuoMian\Github_Releases_批量下载 xray\Xray-core\v1.8.24\Xray-freebsd-arm64-v8a.zip  
[1508/2453] Checking is OK   | E:\01.userData\ZhuoMian\Github_Releases_批量下载 xray\Xray-core\v1.8.24\Xray-linux-32.zip           
[1509/2453] Checking is OK   | E:\01.userData\ZhuoMian\Github_Releases_批量下载 xray\Xray-core\v1.8.24\Xray-linux-64.zip           
[1510/2453] Checking is OK   | E:\01.userData\ZhuoMian\Github_Releases_批量下载 xray\Xray-core\v1.8.24\Xray-linux-arm32-v5.zip     
[1511/2453] Checking is OK   | E:\01.userData\ZhuoMian\Github_Releases_批量下载 xray\Xray-core\v1.8.24\Xray-linux-arm32-v6.zip     
[1512/2453] Checking is OK   | E:\01.userData\ZhuoMian\Github_Releases_批量下载 xray\Xray-core\v1.8.24\Xray-linux-arm32-v7a.zip    
[1513/2453] Checking is OK   | E:\01.userData\ZhuoMian\Github_Releases_批量下载 xray\Xray-core\v1.8.24\Xray-linux-arm64-v8a.zip    
[1514/2453] Checking is OK   | E:\01.userData\ZhuoMian\Github_Releases_批量下载 xray\Xray-core\v1.8.24\Xray-linux-loong64.zip      
[1515/2453] Checking is OK   | E:\01.userData\ZhuoMian\Github_Releases_批量下载 xray\Xray-core\v1.8.24\Xray-linux-mips32.zip       
[1516/2453] Checking is OK   | E:\01.userData\ZhuoMian\Github_Releases_批量下载 xray\Xray-core\v1.8.24\Xray-linux-mips32le.zip     
[1517/2453] Checking is OK   | E:\01.userData\ZhuoMian\Github_Releases_批量下载 xray\Xray-core\v1.8.24\Xray-linux-mips64.zip       
[1518/2453] Checking is OK   | E:\01.userData\ZhuoMian\Github_Releases_批量下载 xray\Xray-core\v1.8.24\Xray-linux-mips64le.zip     
[1519/2453] Checking is OK   | E:\01.userData\ZhuoMian\Github_Releases_批量下载 xray\Xray-core\v1.8.24\Xray-linux-ppc64.zip        
[1520/2453] Checking is OK   | E:\01.userData\ZhuoMian\Github_Releases_批量下载 xray\Xray-core\v1.8.24\Xray-linux-ppc64le.zip      
[1521/2453] Checking is OK   | E:\01.userData\ZhuoMian\Github_Releases_批量下载 xray\Xray-core\v1.8.24\Xray-linux-riscv64.zip      
[1522/2453] Checking is OK   | E:\01.userData\ZhuoMian\Github_Releases_批量下载 xray\Xray-core\v1.8.24\Xray-linux-s390x.zip        
[1523/2453] Checking is OK   | E:\01.userData\ZhuoMian\Github_Releases_批量下载 xray\Xray-core\v1.8.24\Xray-macos-64.zip           
[1524/2453] Checking is OK   | E:\01.userData\ZhuoMian\Github_Releases_批量下载 xray\Xray-core\v1.8.24\Xray-macos-arm64-v8a.zip    
[1525/2453] Checking is OK   | E:\01.userData\ZhuoMian\Github_Releases_批量下载 xray\Xray-core\v1.8.24\Xray-openbsd-32.zip         
[1526/2453] Checking is OK   | E:\01.userData\ZhuoMian\Github_Releases_批量下载 xray\Xray-core\v1.8.24\Xray-openbsd-64.zip         
[1527/2453] Checking is OK   | E:\01.userData\ZhuoMian\Github_Releases_批量下载 xray\Xray-core\v1.8.24\Xray-openbsd-arm32-v7a.zip  
[1528/2453] Checking is OK   | E:\01.userData\ZhuoMian\Github_Releases_批量下载 xray\Xray-core\v1.8.24\Xray-openbsd-arm64-v8a.zip  
[1529/2453] Checking is OK   | E:\01.userData\ZhuoMian\Github_Releases_批量下载 xray\Xray-core\v1.8.24\Xray-win7-32.zip            
[1530/2453] Checking is OK   | E:\01.userData\ZhuoMian\Github_Releases_批量下载 xray\Xray-core\v1.8.24\Xray-win7-64.zip            
[1531/2453] Checking is OK   | E:\01.userData\ZhuoMian\Github_Releases_批量下载 xray\Xray-core\v1.8.24\Xray-windows-32.zip         
[1532/2453] Checking is OK   | E:\01.userData\ZhuoMian\Github_Releases_批量下载 xray\Xray-core\v1.8.24\Xray-windows-64.zip         
[1533/2453] Checking is OK   | E:\01.userData\ZhuoMian\Github_Releases_批量下载 xray\Xray-core\v1.8.24\Xray-windows-arm32-v7a.zip  
[1534/2453] Checking is OK   | E:\01.userData\ZhuoMian\Github_Releases_批量下载 xray\Xray-core\v1.8.24\Xray-windows-arm64-v8a.zip  
[1535/2453] Checking is OK   | E:\01.userData\ZhuoMian\Github_Releases_批量下载 xray\Xray-core\v1.8.3\Xray-android-arm64-v8a.zip   
[1536/2453] Checking is OK   | E:\01.userData\ZhuoMian\Github_Releases_批量下载 xray\Xray-core\v1.8.3\Xray-dragonfly-64.zip        
[1537/2453] Checking is OK   | E:\01.userData\ZhuoMian\Github_Releases_批量下载 xray\Xray-core\v1.8.3\Xray-freebsd-32.zip          
[1538/2453] Checking is OK   | E:\01.userData\ZhuoMian\Github_Releases_批量下载 xray\Xray-core\v1.8.3\Xray-freebsd-64.zip          
[1539/2453] Checking is OK   | E:\01.userData\ZhuoMian\Github_Releases_批量下载 xray\Xray-core\v1.8.3\Xray-freebsd-arm32-v7a.zip   
[1540/2453] Checking is OK   | E:\01.userData\ZhuoMian\Github_Releases_批量下载 xray\Xray-core\v1.8.3\Xray-freebsd-arm64-v8a.zip   
[1541/2453] Checking is OK   | E:\01.userData\ZhuoMian\Github_Releases_批量下载 xray\Xray-core\v1.8.3\Xray-linux-32.zip            
[1542/2453] Checking is OK   | E:\01.userData\ZhuoMian\Github_Releases_批量下载 xray\Xray-core\v1.8.3\Xray-linux-64.zip            
[1543/2453] Checking is OK   | E:\01.userData\ZhuoMian\Github_Releases_批量下载 xray\Xray-core\v1.8.3\Xray-linux-arm32-v5.zip      
[1544/2453] Checking is OK   | E:\01.userData\ZhuoMian\Github_Releases_批量下载 xray\Xray-core\v1.8.3\Xray-linux-arm32-v6.zip      
[1545/2453] Checking is OK   | E:\01.userData\ZhuoMian\Github_Releases_批量下载 xray\Xray-core\v1.8.3\Xray-linux-arm32-v7a.zip     
[1546/2453] Checking is OK   | E:\01.userData\ZhuoMian\Github_Releases_批量下载 xray\Xray-core\v1.8.3\Xray-linux-arm64-v8a.zip     
[1547/2453] Checking is OK   | E:\01.userData\ZhuoMian\Github_Releases_批量下载 xray\Xray-core\v1.8.3\Xray-linux-mips32.zip        
[1548/2453] Checking is OK   | E:\01.userData\ZhuoMian\Github_Releases_批量下载 xray\Xray-core\v1.8.3\Xray-linux-mips32le.zip      
[1549/2453] Checking is OK   | E:\01.userData\ZhuoMian\Github_Releases_批量下载 xray\Xray-core\v1.8.3\Xray-linux-mips64.zip        
[1550/2453] Checking is OK   | E:\01.userData\ZhuoMian\Github_Releases_批量下载 xray\Xray-core\v1.8.3\Xray-linux-mips64le.zip      
[1551/2453] Checking is OK   | E:\01.userData\ZhuoMian\Github_Releases_批量下载 xray\Xray-core\v1.8.3\Xray-linux-ppc64.zip         
[1552/2453] Checking is OK   | E:\01.userData\ZhuoMian\Github_Releases_批量下载 xray\Xray-core\v1.8.3\Xray-linux-ppc64le.zip       
[1553/2453] Checking is OK   | E:\01.userData\ZhuoMian\Github_Releases_批量下载 xray\Xray-core\v1.8.3\Xray-linux-riscv64.zip       
[1554/2453] Checking is OK   | E:\01.userData\ZhuoMian\Github_Releases_批量下载 xray\Xray-core\v1.8.3\Xray-linux-s390x.zip         
[1555/2453] Checking is OK   | E:\01.userData\ZhuoMian\Github_Releases_批量下载 xray\Xray-core\v1.8.3\Xray-macos-64.zip            
[1556/2453] Checking is OK   | E:\01.userData\ZhuoMian\Github_Releases_批量下载 xray\Xray-core\v1.8.3\Xray-macos-arm64-v8a.zip     
[1557/2453] Checking is OK   | E:\01.userData\ZhuoMian\Github_Releases_批量下载 xray\Xray-core\v1.8.3\Xray-openbsd-32.zip          
[1558/2453] Checking is OK   | E:\01.userData\ZhuoMian\Github_Releases_批量下载 xray\Xray-core\v1.8.3\Xray-openbsd-64.zip          
[1559/2453] Checking is OK   | E:\01.userData\ZhuoMian\Github_Releases_批量下载 xray\Xray-core\v1.8.3\Xray-openbsd-arm32-v7a.zip   
[1560/2453] Checking is OK   | E:\01.userData\ZhuoMian\Github_Releases_批量下载 xray\Xray-core\v1.8.3\Xray-openbsd-arm64-v8a.zip   
[1561/2453] Checking is OK   | E:\01.userData\ZhuoMian\Github_Releases_批量下载 xray\Xray-core\v1.8.3\Xray-windows-32.zip          
[1562/2453] Checking is OK   | E:\01.userData\ZhuoMian\Github_Releases_批量下载 xray\Xray-core\v1.8.3\Xray-windows-64.zip          
[1563/2453] Checking is OK   | E:\01.userData\ZhuoMian\Github_Releases_批量下载 xray\Xray-core\v1.8.3\Xray-windows-arm32-v7a.zip   
[1564/2453] Checking is OK   | E:\01.userData\ZhuoMian\Github_Releases_批量下载 xray\Xray-core\v1.8.3\Xray-windows-arm64-v8a.zip   
[1565/2453] Checking is OK   | E:\01.userData\ZhuoMian\Github_Releases_批量下载 xray\Xray-core\v1.8.4\Xray-android-arm64-v8a.zip   
[1566/2453] Checking is OK   | E:\01.userData\ZhuoMian\Github_Releases_批量下载 xray\Xray-core\v1.8.4\Xray-dragonfly-64.zip        
[1567/2453] Checking is OK   | E:\01.userData\ZhuoMian\Github_Releases_批量下载 xray\Xray-core\v1.8.4\Xray-freebsd-32.zip          
[1568/2453] Checking is OK   | E:\01.userData\ZhuoMian\Github_Releases_批量下载 xray\Xray-core\v1.8.4\Xray-freebsd-64.zip          
[1569/2453] Checking is OK   | E:\01.userData\ZhuoMian\Github_Releases_批量下载 xray\Xray-core\v1.8.4\Xray-freebsd-arm32-v7a.zip   
[1570/2453] Checking is OK   | E:\01.userData\ZhuoMian\Github_Releases_批量下载 xray\Xray-core\v1.8.4\Xray-freebsd-arm64-v8a.zip   
[1571/2453] Checking is OK   | E:\01.userData\ZhuoMian\Github_Releases_批量下载 xray\Xray-core\v1.8.4\Xray-linux-32.zip            
[1572/2453] Checking is OK   | E:\01.userData\ZhuoMian\Github_Releases_批量下载 xray\Xray-core\v1.8.4\Xray-linux-64.zip            
[1573/2453] Checking is OK   | E:\01.userData\ZhuoMian\Github_Releases_批量下载 xray\Xray-core\v1.8.4\Xray-linux-arm32-v5.zip      
[1574/2453] Checking is OK   | E:\01.userData\ZhuoMian\Github_Releases_批量下载 xray\Xray-core\v1.8.4\Xray-linux-arm32-v6.zip      
[1575/2453] Checking is OK   | E:\01.userData\ZhuoMian\Github_Releases_批量下载 xray\Xray-core\v1.8.4\Xray-linux-arm32-v7a.zip     
[1576/2453] Checking is OK   | E:\01.userData\ZhuoMian\Github_Releases_批量下载 xray\Xray-core\v1.8.4\Xray-linux-arm64-v8a.zip     
[1577/2453] Checking is OK   | E:\01.userData\ZhuoMian\Github_Releases_批量下载 xray\Xray-core\v1.8.4\Xray-linux-loong64.zip       
[1578/2453] Checking is OK   | E:\01.userData\ZhuoMian\Github_Releases_批量下载 xray\Xray-core\v1.8.4\Xray-linux-mips32.zip        
[1579/2453] Checking is OK   | E:\01.userData\ZhuoMian\Github_Releases_批量下载 xray\Xray-core\v1.8.4\Xray-linux-mips32le.zip      
[1580/2453] Checking is OK   | E:\01.userData\ZhuoMian\Github_Releases_批量下载 xray\Xray-core\v1.8.4\Xray-linux-mips64.zip        
[1581/2453] Checking is OK   | E:\01.userData\ZhuoMian\Github_Releases_批量下载 xray\Xray-core\v1.8.4\Xray-linux-mips64le.zip      
[1582/2453] Checking is OK   | E:\01.userData\ZhuoMian\Github_Releases_批量下载 xray\Xray-core\v1.8.4\Xray-linux-ppc64.zip         
[1583/2453] Checking is OK   | E:\01.userData\ZhuoMian\Github_Releases_批量下载 xray\Xray-core\v1.8.4\Xray-linux-ppc64le.zip       
[1584/2453] Checking is OK   | E:\01.userData\ZhuoMian\Github_Releases_批量下载 xray\Xray-core\v1.8.4\Xray-linux-riscv64.zip       
[1585/2453] Checking is OK   | E:\01.userData\ZhuoMian\Github_Releases_批量下载 xray\Xray-core\v1.8.4\Xray-linux-s390x.zip         
[1586/2453] Checking is OK   | E:\01.userData\ZhuoMian\Github_Releases_批量下载 xray\Xray-core\v1.8.4\Xray-macos-64.zip            
[1587/2453] Checking is OK   | E:\01.userData\ZhuoMian\Github_Releases_批量下载 xray\Xray-core\v1.8.4\Xray-macos-arm64-v8a.zip     
[1588/2453] Checking is OK   | E:\01.userData\ZhuoMian\Github_Releases_批量下载 xray\Xray-core\v1.8.4\Xray-openbsd-32.zip          
[1589/2453] Checking is OK   | E:\01.userData\ZhuoMian\Github_Releases_批量下载 xray\Xray-core\v1.8.4\Xray-openbsd-64.zip          
[1590/2453] Checking is OK   | E:\01.userData\ZhuoMian\Github_Releases_批量下载 xray\Xray-core\v1.8.4\Xray-openbsd-arm32-v7a.zip   
[1591/2453] Checking is OK   | E:\01.userData\ZhuoMian\Github_Releases_批量下载 xray\Xray-core\v1.8.4\Xray-openbsd-arm64-v8a.zip   
[1592/2453] Checking is OK   | E:\01.userData\ZhuoMian\Github_Releases_批量下载 xray\Xray-core\v1.8.4\Xray-windows-32.zip          
[1593/2453] Checking is OK   | E:\01.userData\ZhuoMian\Github_Releases_批量下载 xray\Xray-core\v1.8.4\Xray-windows-64.zip          
[1594/2453] Checking is OK   | E:\01.userData\ZhuoMian\Github_Releases_批量下载 xray\Xray-core\v1.8.4\Xray-windows-arm32-v7a.zip   
[1595/2453] Checking is OK   | E:\01.userData\ZhuoMian\Github_Releases_批量下载 xray\Xray-core\v1.8.4\Xray-windows-arm64-v8a.zip   
[1596/2453] Checking is OK   | E:\01.userData\ZhuoMian\Github_Releases_批量下载 xray\Xray-core\v1.8.6\Xray-android-arm64-v8a.zip   
[1597/2453] Checking is OK   | E:\01.userData\ZhuoMian\Github_Releases_批量下载 xray\Xray-core\v1.8.6\Xray-freebsd-32.zip          
[1598/2453] Checking is OK   | E:\01.userData\ZhuoMian\Github_Releases_批量下载 xray\Xray-core\v1.8.6\Xray-freebsd-64.zip          
[1599/2453] Checking is OK   | E:\01.userData\ZhuoMian\Github_Releases_批量下载 xray\Xray-core\v1.8.6\Xray-freebsd-arm32-v7a.zip   
[1600/2453] Checking is OK   | E:\01.userData\ZhuoMian\Github_Releases_批量下载 xray\Xray-core\v1.8.6\Xray-freebsd-arm64-v8a.zip   
[1601/2453] Checking is OK   | E:\01.userData\ZhuoMian\Github_Releases_批量下载 xray\Xray-core\v1.8.6\Xray-linux-32.zip            
[1602/2453] Checking is OK   | E:\01.userData\ZhuoMian\Github_Releases_批量下载 xray\Xray-core\v1.8.6\Xray-linux-64.zip            
[1603/2453] Checking is OK   | E:\01.userData\ZhuoMian\Github_Releases_批量下载 xray\Xray-core\v1.8.6\Xray-linux-arm32-v5.zip      
[1604/2453] Checking is OK   | E:\01.userData\ZhuoMian\Github_Releases_批量下载 xray\Xray-core\v1.8.6\Xray-linux-arm32-v6.zip      
[1605/2453] Checking is OK   | E:\01.userData\ZhuoMian\Github_Releases_批量下载 xray\Xray-core\v1.8.6\Xray-linux-arm32-v7a.zip     
[1606/2453] Checking is OK   | E:\01.userData\ZhuoMian\Github_Releases_批量下载 xray\Xray-core\v1.8.6\Xray-linux-arm64-v8a.zip     
[1607/2453] Checking is OK   | E:\01.userData\ZhuoMian\Github_Releases_批量下载 xray\Xray-core\v1.8.6\Xray-linux-loong64.zip       
[1608/2453] Checking is OK   | E:\01.userData\ZhuoMian\Github_Releases_批量下载 xray\Xray-core\v1.8.6\Xray-linux-mips32.zip        
[1609/2453] Checking is OK   | E:\01.userData\ZhuoMian\Github_Releases_批量下载 xray\Xray-core\v1.8.6\Xray-linux-mips32le.zip      
[1610/2453] Checking is OK   | E:\01.userData\ZhuoMian\Github_Releases_批量下载 xray\Xray-core\v1.8.6\Xray-linux-mips64.zip        
[1611/2453] Checking is OK   | E:\01.userData\ZhuoMian\Github_Releases_批量下载 xray\Xray-core\v1.8.6\Xray-linux-mips64le.zip      
[1612/2453] Checking is OK   | E:\01.userData\ZhuoMian\Github_Releases_批量下载 xray\Xray-core\v1.8.6\Xray-linux-ppc64.zip         
[1613/2453] Checking is OK   | E:\01.userData\ZhuoMian\Github_Releases_批量下载 xray\Xray-core\v1.8.6\Xray-linux-ppc64le.zip       
[1614/2453] Checking is OK   | E:\01.userData\ZhuoMian\Github_Releases_批量下载 xray\Xray-core\v1.8.6\Xray-linux-riscv64.zip       
[1615/2453] Checking is OK   | E:\01.userData\ZhuoMian\Github_Releases_批量下载 xray\Xray-core\v1.8.6\Xray-linux-s390x.zip         
[1616/2453] Checking is OK   | E:\01.userData\ZhuoMian\Github_Releases_批量下载 xray\Xray-core\v1.8.6\Xray-macos-64.zip            
[1617/2453] Checking is OK   | E:\01.userData\ZhuoMian\Github_Releases_批量下载 xray\Xray-core\v1.8.6\Xray-macos-arm64-v8a.zip     
[1618/2453] Checking is OK   | E:\01.userData\ZhuoMian\Github_Releases_批量下载 xray\Xray-core\v1.8.6\Xray-openbsd-32.zip          
[1619/2453] Checking is OK   | E:\01.userData\ZhuoMian\Github_Releases_批量下载 xray\Xray-core\v1.8.6\Xray-openbsd-64.zip          
[1620/2453] Checking is OK   | E:\01.userData\ZhuoMian\Github_Releases_批量下载 xray\Xray-core\v1.8.6\Xray-openbsd-arm32-v7a.zip   
[1621/2453] Checking is OK   | E:\01.userData\ZhuoMian\Github_Releases_批量下载 xray\Xray-core\v1.8.6\Xray-openbsd-arm64-v8a.zip   
[1622/2453] Checking is OK   | E:\01.userData\ZhuoMian\Github_Releases_批量下载 xray\Xray-core\v1.8.6\Xray-windows-32.zip          
[1623/2453] Checking is OK   | E:\01.userData\ZhuoMian\Github_Releases_批量下载 xray\Xray-core\v1.8.6\Xray-windows-64.zip          
[1624/2453] Checking is OK   | E:\01.userData\ZhuoMian\Github_Releases_批量下载 xray\Xray-core\v1.8.6\Xray-windows-arm32-v7a.zip   
[1625/2453] Checking is OK   | E:\01.userData\ZhuoMian\Github_Releases_批量下载 xray\Xray-core\v1.8.6\Xray-windows-arm64-v8a.zip   
[1626/2453] Checking is OK   | E:\01.userData\ZhuoMian\Github_Releases_批量下载 xray\Xray-core\v1.8.7\Xray-android-arm64-v8a.zip   
[1627/2453] Checking is OK   | E:\01.userData\ZhuoMian\Github_Releases_批量下载 xray\Xray-core\v1.8.7\Xray-freebsd-32.zip          
[1628/2453] Checking is OK   | E:\01.userData\ZhuoMian\Github_Releases_批量下载 xray\Xray-core\v1.8.7\Xray-freebsd-64.zip          
[1629/2453] Checking is OK   | E:\01.userData\ZhuoMian\Github_Releases_批量下载 xray\Xray-core\v1.8.7\Xray-freebsd-arm32-v7a.zip   
[1630/2453] Checking is OK   | E:\01.userData\ZhuoMian\Github_Releases_批量下载 xray\Xray-core\v1.8.7\Xray-freebsd-arm64-v8a.zip   
[1631/2453] Checking is OK   | E:\01.userData\ZhuoMian\Github_Releases_批量下载 xray\Xray-core\v1.8.7\Xray-linux-32.zip            
[1632/2453] Checking is OK   | E:\01.userData\ZhuoMian\Github_Releases_批量下载 xray\Xray-core\v1.8.7\Xray-linux-64.zip            
[1633/2453] Checking is OK   | E:\01.userData\ZhuoMian\Github_Releases_批量下载 xray\Xray-core\v1.8.7\Xray-linux-arm32-v5.zip      
[1634/2453] Checking is OK   | E:\01.userData\ZhuoMian\Github_Releases_批量下载 xray\Xray-core\v1.8.7\Xray-linux-arm32-v6.zip      
[1635/2453] Checking is OK   | E:\01.userData\ZhuoMian\Github_Releases_批量下载 xray\Xray-core\v1.8.7\Xray-linux-arm32-v7a.zip     
[1636/2453] Checking is OK   | E:\01.userData\ZhuoMian\Github_Releases_批量下载 xray\Xray-core\v1.8.7\Xray-linux-arm64-v8a.zip     
[1637/2453] Checking is OK   | E:\01.userData\ZhuoMian\Github_Releases_批量下载 xray\Xray-core\v1.8.7\Xray-linux-loong64.zip       
[1638/2453] Checking is OK   | E:\01.userData\ZhuoMian\Github_Releases_批量下载 xray\Xray-core\v1.8.7\Xray-linux-mips32.zip        
[1639/2453] Checking is OK   | E:\01.userData\ZhuoMian\Github_Releases_批量下载 xray\Xray-core\v1.8.7\Xray-linux-mips32le.zip      
[1640/2453] Checking is OK   | E:\01.userData\ZhuoMian\Github_Releases_批量下载 xray\Xray-core\v1.8.7\Xray-linux-mips64.zip        
[1641/2453] Checking is OK   | E:\01.userData\ZhuoMian\Github_Releases_批量下载 xray\Xray-core\v1.8.7\Xray-linux-mips64le.zip      
[1642/2453] Checking is OK   | E:\01.userData\ZhuoMian\Github_Releases_批量下载 xray\Xray-core\v1.8.7\Xray-linux-ppc64.zip         
[1643/2453] Checking is OK   | E:\01.userData\ZhuoMian\Github_Releases_批量下载 xray\Xray-core\v1.8.7\Xray-linux-ppc64le.zip       
[1644/2453] Checking is OK   | E:\01.userData\ZhuoMian\Github_Releases_批量下载 xray\Xray-core\v1.8.7\Xray-linux-riscv64.zip       
[1645/2453] Checking is OK   | E:\01.userData\ZhuoMian\Github_Releases_批量下载 xray\Xray-core\v1.8.7\Xray-linux-s390x.zip         
[1646/2453] Checking is OK   | E:\01.userData\ZhuoMian\Github_Releases_批量下载 xray\Xray-core\v1.8.7\Xray-macos-64.zip            
[1647/2453] Checking is OK   | E:\01.userData\ZhuoMian\Github_Releases_批量下载 xray\Xray-core\v1.8.7\Xray-macos-arm64-v8a.zip     
[1648/2453] Checking is OK   | E:\01.userData\ZhuoMian\Github_Releases_批量下载 xray\Xray-core\v1.8.7\Xray-openbsd-32.zip          
[1649/2453] Checking is OK   | E:\01.userData\ZhuoMian\Github_Releases_批量下载 xray\Xray-core\v1.8.7\Xray-openbsd-64.zip          
[1650/2453] Checking is OK   | E:\01.userData\ZhuoMian\Github_Releases_批量下载 xray\Xray-core\v1.8.7\Xray-openbsd-arm32-v7a.zip   
[1651/2453] Checking is OK   | E:\01.userData\ZhuoMian\Github_Releases_批量下载 xray\Xray-core\v1.8.7\Xray-openbsd-arm64-v8a.zip   
[1652/2453] Checking is OK   | E:\01.userData\ZhuoMian\Github_Releases_批量下载 xray\Xray-core\v1.8.7\Xray-windows-32.zip          
[1653/2453] Checking is OK   | E:\01.userData\ZhuoMian\Github_Releases_批量下载 xray\Xray-core\v1.8.7\Xray-windows-64.zip          
[1654/2453] Checking is OK   | E:\01.userData\ZhuoMian\Github_Releases_批量下载 xray\Xray-core\v1.8.7\Xray-windows-arm32-v7a.zip   
[1655/2453] Checking is OK   | E:\01.userData\ZhuoMian\Github_Releases_批量下载 xray\Xray-core\v1.8.7\Xray-windows-arm64-v8a.zip   
[1656/2453] Checking is OK   | E:\01.userData\ZhuoMian\Github_Releases_批量下载 xray\Xray-core\v1.8.8\Xray-android-arm64-v8a.zip   
[1657/2453] Checking is OK   | E:\01.userData\ZhuoMian\Github_Releases_批量下载 xray\Xray-core\v1.8.8\Xray-freebsd-32.zip          
[1658/2453] Checking is OK   | E:\01.userData\ZhuoMian\Github_Releases_批量下载 xray\Xray-core\v1.8.8\Xray-freebsd-64.zip          
[1659/2453] Checking is OK   | E:\01.userData\ZhuoMian\Github_Releases_批量下载 xray\Xray-core\v1.8.8\Xray-freebsd-arm32-v7a.zip   
[1660/2453] Checking is OK   | E:\01.userData\ZhuoMian\Github_Releases_批量下载 xray\Xray-core\v1.8.8\Xray-freebsd-arm64-v8a.zip   
[1661/2453] Checking is OK   | E:\01.userData\ZhuoMian\Github_Releases_批量下载 xray\Xray-core\v1.8.8\Xray-linux-32.zip            
[1662/2453] Checking is OK   | E:\01.userData\ZhuoMian\Github_Releases_批量下载 xray\Xray-core\v1.8.8\Xray-linux-64.zip            
[1663/2453] Checking is OK   | E:\01.userData\ZhuoMian\Github_Releases_批量下载 xray\Xray-core\v1.8.8\Xray-linux-arm32-v5.zip      
[1664/2453] Checking is OK   | E:\01.userData\ZhuoMian\Github_Releases_批量下载 xray\Xray-core\v1.8.8\Xray-linux-arm32-v6.zip      
[1665/2453] Checking is OK   | E:\01.userData\ZhuoMian\Github_Releases_批量下载 xray\Xray-core\v1.8.8\Xray-linux-arm32-v7a.zip     
[1666/2453] Checking is OK   | E:\01.userData\ZhuoMian\Github_Releases_批量下载 xray\Xray-core\v1.8.8\Xray-linux-arm64-v8a.zip     
[1667/2453] Checking is OK   | E:\01.userData\ZhuoMian\Github_Releases_批量下载 xray\Xray-core\v1.8.8\Xray-linux-loong64.zip       
[1668/2453] Checking is OK   | E:\01.userData\ZhuoMian\Github_Releases_批量下载 xray\Xray-core\v1.8.8\Xray-linux-mips32.zip        
[1669/2453] Checking is OK   | E:\01.userData\ZhuoMian\Github_Releases_批量下载 xray\Xray-core\v1.8.8\Xray-linux-mips32le.zip      
[1670/2453] Checking is OK   | E:\01.userData\ZhuoMian\Github_Releases_批量下载 xray\Xray-core\v1.8.8\Xray-linux-mips64.zip        
[1671/2453] Checking is OK   | E:\01.userData\ZhuoMian\Github_Releases_批量下载 xray\Xray-core\v1.8.8\Xray-linux-mips64le.zip      
[1672/2453] Checking is OK   | E:\01.userData\ZhuoMian\Github_Releases_批量下载 xray\Xray-core\v1.8.8\Xray-linux-ppc64.zip         
[1673/2453] Checking is OK   | E:\01.userData\ZhuoMian\Github_Releases_批量下载 xray\Xray-core\v1.8.8\Xray-linux-ppc64le.zip       
[1674/2453] Checking is OK   | E:\01.userData\ZhuoMian\Github_Releases_批量下载 xray\Xray-core\v1.8.8\Xray-linux-riscv64.zip       
[1675/2453] Checking is OK   | E:\01.userData\ZhuoMian\Github_Releases_批量下载 xray\Xray-core\v1.8.8\Xray-linux-s390x.zip         
[1676/2453] Checking is OK   | E:\01.userData\ZhuoMian\Github_Releases_批量下载 xray\Xray-core\v1.8.8\Xray-macos-64.zip            
[1677/2453] Checking is OK   | E:\01.userData\ZhuoMian\Github_Releases_批量下载 xray\Xray-core\v1.8.8\Xray-macos-arm64-v8a.zip     
[1678/2453] Checking is OK   | E:\01.userData\ZhuoMian\Github_Releases_批量下载 xray\Xray-core\v1.8.8\Xray-openbsd-32.zip          
[1679/2453] Checking is OK   | E:\01.userData\ZhuoMian\Github_Releases_批量下载 xray\Xray-core\v1.8.8\Xray-openbsd-64.zip          
[1680/2453] Checking is OK   | E:\01.userData\ZhuoMian\Github_Releases_批量下载 xray\Xray-core\v1.8.8\Xray-openbsd-arm32-v7a.zip   
[1681/2453] Checking is OK   | E:\01.userData\ZhuoMian\Github_Releases_批量下载 xray\Xray-core\v1.8.8\Xray-openbsd-arm64-v8a.zip   
[1682/2453] Checking is OK   | E:\01.userData\ZhuoMian\Github_Releases_批量下载 xray\Xray-core\v1.8.8\Xray-windows-32.zip          
[1683/2453] Checking is OK   | E:\01.userData\ZhuoMian\Github_Releases_批量下载 xray\Xray-core\v1.8.8\Xray-windows-64.zip          
[1684/2453] Checking is OK   | E:\01.userData\ZhuoMian\Github_Releases_批量下载 xray\Xray-core\v1.8.8\Xray-windows-arm32-v7a.zip   
[1685/2453] Checking is OK   | E:\01.userData\ZhuoMian\Github_Releases_批量下载 xray\Xray-core\v1.8.8\Xray-windows-arm64-v8a.zip   
[1686/2453] Checking is OK   | E:\01.userData\ZhuoMian\Github_Releases_批量下载 xray\Xray-core\v1.8.9\Xray-android-arm64-v8a.zip   
[1687/2453] Checking is OK   | E:\01.userData\ZhuoMian\Github_Releases_批量下载 xray\Xray-core\v1.8.9\Xray-freebsd-32.zip          
[1688/2453] Checking is OK   | E:\01.userData\ZhuoMian\Github_Releases_批量下载 xray\Xray-core\v1.8.9\Xray-freebsd-64.zip          
[1689/2453] Checking is OK   | E:\01.userData\ZhuoMian\Github_Releases_批量下载 xray\Xray-core\v1.8.9\Xray-freebsd-arm32-v7a.zip   
[1690/2453] Checking is OK   | E:\01.userData\ZhuoMian\Github_Releases_批量下载 xray\Xray-core\v1.8.9\Xray-freebsd-arm64-v8a.zip   
[1691/2453] Checking is OK   | E:\01.userData\ZhuoMian\Github_Releases_批量下载 xray\Xray-core\v1.8.9\Xray-linux-32.zip            
[1692/2453] Checking is OK   | E:\01.userData\ZhuoMian\Github_Releases_批量下载 xray\Xray-core\v1.8.9\Xray-linux-64.zip            
[1693/2453] Checking is OK   | E:\01.userData\ZhuoMian\Github_Releases_批量下载 xray\Xray-core\v1.8.9\Xray-linux-arm32-v5.zip      
[1694/2453] Checking is OK   | E:\01.userData\ZhuoMian\Github_Releases_批量下载 xray\Xray-core\v1.8.9\Xray-linux-arm32-v6.zip      
[1695/2453] Checking is OK   | E:\01.userData\ZhuoMian\Github_Releases_批量下载 xray\Xray-core\v1.8.9\Xray-linux-arm32-v7a.zip     
[1696/2453] Checking is OK   | E:\01.userData\ZhuoMian\Github_Releases_批量下载 xray\Xray-core\v1.8.9\Xray-linux-arm64-v8a.zip     
[1697/2453] Checking is OK   | E:\01.userData\ZhuoMian\Github_Releases_批量下载 xray\Xray-core\v1.8.9\Xray-linux-loong64.zip       
[1698/2453] Checking is OK   | E:\01.userData\ZhuoMian\Github_Releases_批量下载 xray\Xray-core\v1.8.9\Xray-linux-mips32.zip        
[1699/2453] Checking is OK   | E:\01.userData\ZhuoMian\Github_Releases_批量下载 xray\Xray-core\v1.8.9\Xray-linux-mips32le.zip      
[1700/2453] Checking is OK   | E:\01.userData\ZhuoMian\Github_Releases_批量下载 xray\Xray-core\v1.8.9\Xray-linux-mips64.zip        
[1701/2453] Checking is OK   | E:\01.userData\ZhuoMian\Github_Releases_批量下载 xray\Xray-core\v1.8.9\Xray-linux-mips64le.zip      
[1702/2453] Checking is OK   | E:\01.userData\ZhuoMian\Github_Releases_批量下载 xray\Xray-core\v1.8.9\Xray-linux-ppc64.zip         
[1703/2453] Checking is OK   | E:\01.userData\ZhuoMian\Github_Releases_批量下载 xray\Xray-core\v1.8.9\Xray-linux-ppc64le.zip       
[1704/2453] Checking is OK   | E:\01.userData\ZhuoMian\Github_Releases_批量下载 xray\Xray-core\v1.8.9\Xray-linux-riscv64.zip       
[1705/2453] Checking is OK   | E:\01.userData\ZhuoMian\Github_Releases_批量下载 xray\Xray-core\v1.8.9\Xray-linux-s390x.zip         
[1706/2453] Checking is OK   | E:\01.userData\ZhuoMian\Github_Releases_批量下载 xray\Xray-core\v1.8.9\Xray-macos-64.zip            
[1707/2453] Checking is OK   | E:\01.userData\ZhuoMian\Github_Releases_批量下载 xray\Xray-core\v1.8.9\Xray-macos-arm64-v8a.zip     
[1708/2453] Checking is OK   | E:\01.userData\ZhuoMian\Github_Releases_批量下载 xray\Xray-core\v1.8.9\Xray-openbsd-32.zip          
[1709/2453] Checking is OK   | E:\01.userData\ZhuoMian\Github_Releases_批量下载 xray\Xray-core\v1.8.9\Xray-openbsd-64.zip          
[1710/2453] Checking is OK   | E:\01.userData\ZhuoMian\Github_Releases_批量下载 xray\Xray-core\v1.8.9\Xray-openbsd-arm32-v7a.zip   
[1711/2453] Checking is OK   | E:\01.userData\ZhuoMian\Github_Releases_批量下载 xray\Xray-core\v1.8.9\Xray-openbsd-arm64-v8a.zip   
[1712/2453] Checking is OK   | E:\01.userData\ZhuoMian\Github_Releases_批量下载 xray\Xray-core\v1.8.9\Xray-windows-32.zip          
[1713/2453] Checking is OK   | E:\01.userData\ZhuoMian\Github_Releases_批量下载 xray\Xray-core\v1.8.9\Xray-windows-64.zip          
[1714/2453] Checking is OK   | E:\01.userData\ZhuoMian\Github_Releases_批量下载 xray\Xray-core\v1.8.9\Xray-windows-arm32-v7a.zip   
[1715/2453] Checking is OK   | E:\01.userData\ZhuoMian\Github_Releases_批量下载 xray\Xray-core\v1.8.9\Xray-windows-arm64-v8a.zip   
[1716/2453] Checking is OK   | E:\01.userData\ZhuoMian\Github_Releases_批量下载 xray\Xray-core\v24.10.16\Xray-android-arm64-v8a.zip
[1717/2453] Checking is OK   | E:\01.userData\ZhuoMian\Github_Releases_批量下载 xray\Xray-core\v24.10.16\Xray-freebsd-32.zip       
[1718/2453] Checking is OK   | E:\01.userData\ZhuoMian\Github_Releases_批量下载 xray\Xray-core\v24.10.16\Xray-freebsd-64.zip       
[1719/2453] Checking is OK   | E:\01.userData\ZhuoMian\Github_Releases_批量下载 xray\Xray-core\v24.10.16\Xray-freebsd-arm32-v7a.zip
[1720/2453] Checking is OK   | E:\01.userData\ZhuoMian\Github_Releases_批量下载 xray\Xray-core\v24.10.16\Xray-freebsd-arm64-v8a.zip
[1721/2453] Checking is OK   | E:\01.userData\ZhuoMian\Github_Releases_批量下载 xray\Xray-core\v24.10.16\Xray-linux-32.zip         
[1722/2453] Checking is OK   | E:\01.userData\ZhuoMian\Github_Releases_批量下载 xray\Xray-core\v24.10.16\Xray-linux-64.zip         
[1723/2453] Checking is OK   | E:\01.userData\ZhuoMian\Github_Releases_批量下载 xray\Xray-core\v24.10.16\Xray-linux-arm32-v5.zip   
[1724/2453] Checking is OK   | E:\01.userData\ZhuoMian\Github_Releases_批量下载 xray\Xray-core\v24.10.16\Xray-linux-arm32-v6.zip   
[1725/2453] Checking is OK   | E:\01.userData\ZhuoMian\Github_Releases_批量下载 xray\Xray-core\v24.10.16\Xray-linux-arm32-v7a.zip  
[1726/2453] Checking is OK   | E:\01.userData\ZhuoMian\Github_Releases_批量下载 xray\Xray-core\v24.10.16\Xray-linux-arm64-v8a.zip  
[1727/2453] Checking is OK   | E:\01.userData\ZhuoMian\Github_Releases_批量下载 xray\Xray-core\v24.10.16\Xray-linux-loong64.zip    
[1728/2453] Checking is OK   | E:\01.userData\ZhuoMian\Github_Releases_批量下载 xray\Xray-core\v24.10.16\Xray-linux-mips32.zip     
[1729/2453] Checking is OK   | E:\01.userData\ZhuoMian\Github_Releases_批量下载 xray\Xray-core\v24.10.16\Xray-linux-mips32le.zip   
[1730/2453] Checking is OK   | E:\01.userData\ZhuoMian\Github_Releases_批量下载 xray\Xray-core\v24.10.16\Xray-linux-mips64.zip     
[1731/2453] Checking is OK   | E:\01.userData\ZhuoMian\Github_Releases_批量下载 xray\Xray-core\v24.10.16\Xray-linux-mips64le.zip   
[1732/2453] Checking is OK   | E:\01.userData\ZhuoMian\Github_Releases_批量下载 xray\Xray-core\v24.10.16\Xray-linux-ppc64.zip      
[1733/2453] Checking is OK   | E:\01.userData\ZhuoMian\Github_Releases_批量下载 xray\Xray-core\v24.10.16\Xray-linux-ppc64le.zip    
[1734/2453] Checking is OK   | E:\01.userData\ZhuoMian\Github_Releases_批量下载 xray\Xray-core\v24.10.16\Xray-linux-riscv64.zip    
[1735/2453] Checking is OK   | E:\01.userData\ZhuoMian\Github_Releases_批量下载 xray\Xray-core\v24.10.16\Xray-linux-s390x.zip      
[1736/2453] Checking is OK   | E:\01.userData\ZhuoMian\Github_Releases_批量下载 xray\Xray-core\v24.10.16\Xray-macos-64.zip         
[1737/2453] Checking is OK   | E:\01.userData\ZhuoMian\Github_Releases_批量下载 xray\Xray-core\v24.10.16\Xray-macos-arm64-v8a.zip  
[1738/2453] Checking is OK   | E:\01.userData\ZhuoMian\Github_Releases_批量下载 xray\Xray-core\v24.10.16\Xray-openbsd-32.zip       
[1739/2453] Checking is OK   | E:\01.userData\ZhuoMian\Github_Releases_批量下载 xray\Xray-core\v24.10.16\Xray-openbsd-64.zip       
[1740/2453] Checking is OK   | E:\01.userData\ZhuoMian\Github_Releases_批量下载 xray\Xray-core\v24.10.16\Xray-openbsd-arm32-v7a.zip
[1741/2453] Checking is OK   | E:\01.userData\ZhuoMian\Github_Releases_批量下载 xray\Xray-core\v24.10.16\Xray-openbsd-arm64-v8a.zip
[1742/2453] Checking is OK   | E:\01.userData\ZhuoMian\Github_Releases_批量下载 xray\Xray-core\v24.10.16\Xray-win7-32.zip          
[1743/2453] Checking is OK   | E:\01.userData\ZhuoMian\Github_Releases_批量下载 xray\Xray-core\v24.10.16\Xray-win7-64.zip          
[1744/2453] Checking is OK   | E:\01.userData\ZhuoMian\Github_Releases_批量下载 xray\Xray-core\v24.10.16\Xray-windows-32.zip       
[1745/2453] Checking is OK   | E:\01.userData\ZhuoMian\Github_Releases_批量下载 xray\Xray-core\v24.10.16\Xray-windows-64.zip       
[1746/2453] Checking is OK   | E:\01.userData\ZhuoMian\Github_Releases_批量下载 xray\Xray-core\v24.10.16\Xray-windows-arm32-v7a.zip
[1747/2453] Checking is OK   | E:\01.userData\ZhuoMian\Github_Releases_批量下载 xray\Xray-core\v24.10.16\Xray-windows-arm64-v8a.zip
[1748/2453] Checking is OK   | E:\01.userData\ZhuoMian\Github_Releases_批量下载 xray\Xray-core\v24.10.31\Xray-android-arm64-v8a.zip
[1749/2453] Checking is OK   | E:\01.userData\ZhuoMian\Github_Releases_批量下载 xray\Xray-core\v24.10.31\Xray-freebsd-32.zip       
[1750/2453] Checking is OK   | E:\01.userData\ZhuoMian\Github_Releases_批量下载 xray\Xray-core\v24.10.31\Xray-freebsd-64.zip       
[1751/2453] Checking is OK   | E:\01.userData\ZhuoMian\Github_Releases_批量下载 xray\Xray-core\v24.10.31\Xray-freebsd-arm32-v7a.zip
[1752/2453] Checking is OK   | E:\01.userData\ZhuoMian\Github_Releases_批量下载 xray\Xray-core\v24.10.31\Xray-freebsd-arm64-v8a.zip
[1753/2453] Checking is OK   | E:\01.userData\ZhuoMian\Github_Releases_批量下载 xray\Xray-core\v24.10.31\Xray-linux-32.zip         
[1754/2453] Checking is OK   | E:\01.userData\ZhuoMian\Github_Releases_批量下载 xray\Xray-core\v24.10.31\Xray-linux-64.zip         
[1755/2453] Checking is OK   | E:\01.userData\ZhuoMian\Github_Releases_批量下载 xray\Xray-core\v24.10.31\Xray-linux-arm32-v5.zip   
[1756/2453] Checking is OK   | E:\01.userData\ZhuoMian\Github_Releases_批量下载 xray\Xray-core\v24.10.31\Xray-linux-arm32-v6.zip   
[1757/2453] Checking is OK   | E:\01.userData\ZhuoMian\Github_Releases_批量下载 xray\Xray-core\v24.10.31\Xray-linux-arm32-v7a.zip  
[1758/2453] Checking is OK   | E:\01.userData\ZhuoMian\Github_Releases_批量下载 xray\Xray-core\v24.10.31\Xray-linux-arm64-v8a.zip  
[1759/2453] Checking is OK   | E:\01.userData\ZhuoMian\Github_Releases_批量下载 xray\Xray-core\v24.10.31\Xray-linux-loong64.zip    
[1760/2453] Checking is OK   | E:\01.userData\ZhuoMian\Github_Releases_批量下载 xray\Xray-core\v24.10.31\Xray-linux-mips32.zip     
[1761/2453] Checking is OK   | E:\01.userData\ZhuoMian\Github_Releases_批量下载 xray\Xray-core\v24.10.31\Xray-linux-mips32le.zip   
[1762/2453] Checking is OK   | E:\01.userData\ZhuoMian\Github_Releases_批量下载 xray\Xray-core\v24.10.31\Xray-linux-mips64.zip     
[1763/2453] Checking is OK   | E:\01.userData\ZhuoMian\Github_Releases_批量下载 xray\Xray-core\v24.10.31\Xray-linux-mips64le.zip   
[1764/2453] Checking is OK   | E:\01.userData\ZhuoMian\Github_Releases_批量下载 xray\Xray-core\v24.10.31\Xray-linux-ppc64.zip      
[1765/2453] Checking is OK   | E:\01.userData\ZhuoMian\Github_Releases_批量下载 xray\Xray-core\v24.10.31\Xray-linux-ppc64le.zip    
[1766/2453] Checking is OK   | E:\01.userData\ZhuoMian\Github_Releases_批量下载 xray\Xray-core\v24.10.31\Xray-linux-riscv64.zip    
[1767/2453] Checking is OK   | E:\01.userData\ZhuoMian\Github_Releases_批量下载 xray\Xray-core\v24.10.31\Xray-linux-s390x.zip      
[1768/2453] Checking is OK   | E:\01.userData\ZhuoMian\Github_Releases_批量下载 xray\Xray-core\v24.10.31\Xray-macos-64.zip         
[1769/2453] Checking is OK   | E:\01.userData\ZhuoMian\Github_Releases_批量下载 xray\Xray-core\v24.10.31\Xray-macos-arm64-v8a.zip  
[1770/2453] Checking is OK   | E:\01.userData\ZhuoMian\Github_Releases_批量下载 xray\Xray-core\v24.10.31\Xray-openbsd-32.zip       
[1771/2453] Checking is OK   | E:\01.userData\ZhuoMian\Github_Releases_批量下载 xray\Xray-core\v24.10.31\Xray-openbsd-64.zip       
[1772/2453] Checking is OK   | E:\01.userData\ZhuoMian\Github_Releases_批量下载 xray\Xray-core\v24.10.31\Xray-openbsd-arm32-v7a.zip
[1773/2453] Checking is OK   | E:\01.userData\ZhuoMian\Github_Releases_批量下载 xray\Xray-core\v24.10.31\Xray-openbsd-arm64-v8a.zip
[1774/2453] Checking is OK   | E:\01.userData\ZhuoMian\Github_Releases_批量下载 xray\Xray-core\v24.10.31\Xray-win7-32.zip          
[1775/2453] Checking is OK   | E:\01.userData\ZhuoMian\Github_Releases_批量下载 xray\Xray-core\v24.10.31\Xray-win7-64.zip          
[1776/2453] Checking is OK   | E:\01.userData\ZhuoMian\Github_Releases_批量下载 xray\Xray-core\v24.10.31\Xray-windows-32.zip       
[1777/2453] Checking is OK   | E:\01.userData\ZhuoMian\Github_Releases_批量下载 xray\Xray-core\v24.10.31\Xray-windows-64.zip       
[1778/2453] Checking is OK   | E:\01.userData\ZhuoMian\Github_Releases_批量下载 xray\Xray-core\v24.10.31\Xray-windows-arm32-v7a.zip
[1779/2453] Checking is OK   | E:\01.userData\ZhuoMian\Github_Releases_批量下载 xray\Xray-core\v24.10.31\Xray-windows-arm64-v8a.zip
[1780/2453] Checking is OK   | E:\01.userData\ZhuoMian\Github_Releases_批量下载 xray\Xray-core\v24.11.11\Xray-android-arm64-v8a.zip
[1781/2453] Checking is OK   | E:\01.userData\ZhuoMian\Github_Releases_批量下载 xray\Xray-core\v24.11.11\Xray-freebsd-32.zip       
[1782/2453] Checking is OK   | E:\01.userData\ZhuoMian\Github_Releases_批量下载 xray\Xray-core\v24.11.11\Xray-freebsd-64.zip       
[1783/2453] Checking is OK   | E:\01.userData\ZhuoMian\Github_Releases_批量下载 xray\Xray-core\v24.11.11\Xray-freebsd-arm32-v7a.zip
[1784/2453] Checking is OK   | E:\01.userData\ZhuoMian\Github_Releases_批量下载 xray\Xray-core\v24.11.11\Xray-freebsd-arm64-v8a.zip
[1785/2453] Checking is OK   | E:\01.userData\ZhuoMian\Github_Releases_批量下载 xray\Xray-core\v24.11.11\Xray-linux-32.zip         
[1786/2453] Checking is OK   | E:\01.userData\ZhuoMian\Github_Releases_批量下载 xray\Xray-core\v24.11.11\Xray-linux-64.zip         
[1787/2453] Checking is OK   | E:\01.userData\ZhuoMian\Github_Releases_批量下载 xray\Xray-core\v24.11.11\Xray-linux-arm32-v5.zip   
[1788/2453] Checking is OK   | E:\01.userData\ZhuoMian\Github_Releases_批量下载 xray\Xray-core\v24.11.11\Xray-linux-arm32-v6.zip   
[1789/2453] Checking is OK   | E:\01.userData\ZhuoMian\Github_Releases_批量下载 xray\Xray-core\v24.11.11\Xray-linux-arm32-v7a.zip  
[1790/2453] Checking is OK   | E:\01.userData\ZhuoMian\Github_Releases_批量下载 xray\Xray-core\v24.11.11\Xray-linux-arm64-v8a.zip  
[1791/2453] Checking is OK   | E:\01.userData\ZhuoMian\Github_Releases_批量下载 xray\Xray-core\v24.11.11\Xray-linux-loong64.zip    
[1792/2453] Checking is OK   | E:\01.userData\ZhuoMian\Github_Releases_批量下载 xray\Xray-core\v24.11.11\Xray-linux-mips32.zip     
[1793/2453] Checking is OK   | E:\01.userData\ZhuoMian\Github_Releases_批量下载 xray\Xray-core\v24.11.11\Xray-linux-mips32le.zip   
[1794/2453] Checking is OK   | E:\01.userData\ZhuoMian\Github_Releases_批量下载 xray\Xray-core\v24.11.11\Xray-linux-mips64.zip     
[1795/2453] Checking is OK   | E:\01.userData\ZhuoMian\Github_Releases_批量下载 xray\Xray-core\v24.11.11\Xray-linux-mips64le.zip   
[1796/2453] Checking is OK   | E:\01.userData\ZhuoMian\Github_Releases_批量下载 xray\Xray-core\v24.11.11\Xray-linux-ppc64.zip      
[1797/2453] Checking is OK   | E:\01.userData\ZhuoMian\Github_Releases_批量下载 xray\Xray-core\v24.11.11\Xray-linux-ppc64le.zip    
[1798/2453] Checking is OK   | E:\01.userData\ZhuoMian\Github_Releases_批量下载 xray\Xray-core\v24.11.11\Xray-linux-riscv64.zip    
[1799/2453] Checking is OK   | E:\01.userData\ZhuoMian\Github_Releases_批量下载 xray\Xray-core\v24.11.11\Xray-linux-s390x.zip      
[1800/2453] Checking is OK   | E:\01.userData\ZhuoMian\Github_Releases_批量下载 xray\Xray-core\v24.11.11\Xray-macos-64.zip         
[1801/2453] Checking is OK   | E:\01.userData\ZhuoMian\Github_Releases_批量下载 xray\Xray-core\v24.11.11\Xray-macos-arm64-v8a.zip  
[1802/2453] Checking is OK   | E:\01.userData\ZhuoMian\Github_Releases_批量下载 xray\Xray-core\v24.11.11\Xray-openbsd-32.zip       
[1803/2453] Checking is OK   | E:\01.userData\ZhuoMian\Github_Releases_批量下载 xray\Xray-core\v24.11.11\Xray-openbsd-64.zip       
[1804/2453] Checking is OK   | E:\01.userData\ZhuoMian\Github_Releases_批量下载 xray\Xray-core\v24.11.11\Xray-openbsd-arm32-v7a.zip
[1805/2453] Checking is OK   | E:\01.userData\ZhuoMian\Github_Releases_批量下载 xray\Xray-core\v24.11.11\Xray-openbsd-arm64-v8a.zip
[1806/2453] Checking is OK   | E:\01.userData\ZhuoMian\Github_Releases_批量下载 xray\Xray-core\v24.11.11\Xray-win7-32.zip          
[1807/2453] Checking is OK   | E:\01.userData\ZhuoMian\Github_Releases_批量下载 xray\Xray-core\v24.11.11\Xray-win7-64.zip          
[1808/2453] Checking is OK   | E:\01.userData\ZhuoMian\Github_Releases_批量下载 xray\Xray-core\v24.11.11\Xray-windows-32.zip       
[1809/2453] Checking is OK   | E:\01.userData\ZhuoMian\Github_Releases_批量下载 xray\Xray-core\v24.11.11\Xray-windows-64.zip       
[1810/2453] Checking is OK   | E:\01.userData\ZhuoMian\Github_Releases_批量下载 xray\Xray-core\v24.11.11\Xray-windows-arm32-v7a.zip
[1811/2453] Checking is OK   | E:\01.userData\ZhuoMian\Github_Releases_批量下载 xray\Xray-core\v24.11.11\Xray-windows-arm64-v8a.zip
[1812/2453] Checking is OK   | E:\01.userData\ZhuoMian\Github_Releases_批量下载 xray\Xray-core\v24.11.21\Xray-android-arm64-v8a.zip
[1813/2453] Checking is OK   | E:\01.userData\ZhuoMian\Github_Releases_批量下载 xray\Xray-core\v24.11.21\Xray-freebsd-32.zip       
[1814/2453] Checking is OK   | E:\01.userData\ZhuoMian\Github_Releases_批量下载 xray\Xray-core\v24.11.21\Xray-freebsd-64.zip       
[1815/2453] Checking is OK   | E:\01.userData\ZhuoMian\Github_Releases_批量下载 xray\Xray-core\v24.11.21\Xray-freebsd-arm32-v7a.zip
[1816/2453] Checking is OK   | E:\01.userData\ZhuoMian\Github_Releases_批量下载 xray\Xray-core\v24.11.21\Xray-freebsd-arm64-v8a.zip
[1817/2453] Checking is OK   | E:\01.userData\ZhuoMian\Github_Releases_批量下载 xray\Xray-core\v24.11.21\Xray-linux-32.zip         
[1818/2453] Checking is OK   | E:\01.userData\ZhuoMian\Github_Releases_批量下载 xray\Xray-core\v24.11.21\Xray-linux-64.zip         
[1819/2453] Checking is OK   | E:\01.userData\ZhuoMian\Github_Releases_批量下载 xray\Xray-core\v24.11.21\Xray-linux-arm32-v5.zip   
[1820/2453] Checking is OK   | E:\01.userData\ZhuoMian\Github_Releases_批量下载 xray\Xray-core\v24.11.21\Xray-linux-arm32-v6.zip   
[1821/2453] Checking is OK   | E:\01.userData\ZhuoMian\Github_Releases_批量下载 xray\Xray-core\v24.11.21\Xray-linux-arm32-v7a.zip  
[1822/2453] Checking is OK   | E:\01.userData\ZhuoMian\Github_Releases_批量下载 xray\Xray-core\v24.11.21\Xray-linux-arm64-v8a.zip  
[1823/2453] Checking is OK   | E:\01.userData\ZhuoMian\Github_Releases_批量下载 xray\Xray-core\v24.11.21\Xray-linux-loong64.zip    
[1824/2453] Checking is OK   | E:\01.userData\ZhuoMian\Github_Releases_批量下载 xray\Xray-core\v24.11.21\Xray-linux-mips32.zip     
[1825/2453] Checking is OK   | E:\01.userData\ZhuoMian\Github_Releases_批量下载 xray\Xray-core\v24.11.21\Xray-linux-mips32le.zip   
[1826/2453] Checking is OK   | E:\01.userData\ZhuoMian\Github_Releases_批量下载 xray\Xray-core\v24.11.21\Xray-linux-mips64.zip     
[1827/2453] Checking is OK   | E:\01.userData\ZhuoMian\Github_Releases_批量下载 xray\Xray-core\v24.11.21\Xray-linux-mips64le.zip   
[1828/2453] Checking is OK   | E:\01.userData\ZhuoMian\Github_Releases_批量下载 xray\Xray-core\v24.11.21\Xray-linux-ppc64.zip      
[1829/2453] Checking is OK   | E:\01.userData\ZhuoMian\Github_Releases_批量下载 xray\Xray-core\v24.11.21\Xray-linux-ppc64le.zip    
[1830/2453] Checking is OK   | E:\01.userData\ZhuoMian\Github_Releases_批量下载 xray\Xray-core\v24.11.21\Xray-linux-riscv64.zip    
[1831/2453] Checking is OK   | E:\01.userData\ZhuoMian\Github_Releases_批量下载 xray\Xray-core\v24.11.21\Xray-linux-s390x.zip      
[1832/2453] Checking is OK   | E:\01.userData\ZhuoMian\Github_Releases_批量下载 xray\Xray-core\v24.11.21\Xray-macos-64.zip         
[1833/2453] Checking is OK   | E:\01.userData\ZhuoMian\Github_Releases_批量下载 xray\Xray-core\v24.11.21\Xray-macos-arm64-v8a.zip  
[1834/2453] Checking is OK   | E:\01.userData\ZhuoMian\Github_Releases_批量下载 xray\Xray-core\v24.11.21\Xray-openbsd-32.zip       
[1835/2453] Checking is OK   | E:\01.userData\ZhuoMian\Github_Releases_批量下载 xray\Xray-core\v24.11.21\Xray-openbsd-64.zip       
[1836/2453] Checking is OK   | E:\01.userData\ZhuoMian\Github_Releases_批量下载 xray\Xray-core\v24.11.21\Xray-openbsd-arm32-v7a.zip
[1837/2453] Checking is OK   | E:\01.userData\ZhuoMian\Github_Releases_批量下载 xray\Xray-core\v24.11.21\Xray-openbsd-arm64-v8a.zip
[1838/2453] Checking is OK   | E:\01.userData\ZhuoMian\Github_Releases_批量下载 xray\Xray-core\v24.11.21\Xray-win7-32.zip          
[1839/2453] Checking is OK   | E:\01.userData\ZhuoMian\Github_Releases_批量下载 xray\Xray-core\v24.11.21\Xray-win7-64.zip          
[1840/2453] Checking is OK   | E:\01.userData\ZhuoMian\Github_Releases_批量下载 xray\Xray-core\v24.11.21\Xray-windows-32.zip       
[1841/2453] Checking is OK   | E:\01.userData\ZhuoMian\Github_Releases_批量下载 xray\Xray-core\v24.11.21\Xray-windows-64.zip       
[1842/2453] Checking is OK   | E:\01.userData\ZhuoMian\Github_Releases_批量下载 xray\Xray-core\v24.11.21\Xray-windows-arm32-v7a.zip
[1843/2453] Checking is OK   | E:\01.userData\ZhuoMian\Github_Releases_批量下载 xray\Xray-core\v24.11.21\Xray-windows-arm64-v8a.zip
[1844/2453] Checking is OK   | E:\01.userData\ZhuoMian\Github_Releases_批量下载 xray\Xray-core\v24.11.30\Xray-android-arm64-v8a.zip
[1845/2453] Checking is OK   | E:\01.userData\ZhuoMian\Github_Releases_批量下载 xray\Xray-core\v24.11.30\Xray-freebsd-32.zip       
[1846/2453] Checking is OK   | E:\01.userData\ZhuoMian\Github_Releases_批量下载 xray\Xray-core\v24.11.30\Xray-freebsd-64.zip       
[1847/2453] Checking is OK   | E:\01.userData\ZhuoMian\Github_Releases_批量下载 xray\Xray-core\v24.11.30\Xray-freebsd-arm32-v7a.zip
[1848/2453] Checking is OK   | E:\01.userData\ZhuoMian\Github_Releases_批量下载 xray\Xray-core\v24.11.30\Xray-freebsd-arm64-v8a.zip
[1849/2453] Checking is OK   | E:\01.userData\ZhuoMian\Github_Releases_批量下载 xray\Xray-core\v24.11.30\Xray-linux-32.zip         
[1850/2453] Checking is OK   | E:\01.userData\ZhuoMian\Github_Releases_批量下载 xray\Xray-core\v24.11.30\Xray-linux-64.zip         
[1851/2453] Checking is OK   | E:\01.userData\ZhuoMian\Github_Releases_批量下载 xray\Xray-core\v24.11.30\Xray-linux-arm32-v5.zip   
[1852/2453] Checking is OK   | E:\01.userData\ZhuoMian\Github_Releases_批量下载 xray\Xray-core\v24.11.30\Xray-linux-arm32-v6.zip   
[1853/2453] Checking is OK   | E:\01.userData\ZhuoMian\Github_Releases_批量下载 xray\Xray-core\v24.11.30\Xray-linux-arm32-v7a.zip  
[1854/2453] Checking is OK   | E:\01.userData\ZhuoMian\Github_Releases_批量下载 xray\Xray-core\v24.11.30\Xray-linux-arm64-v8a.zip  
[1855/2453] Checking is OK   | E:\01.userData\ZhuoMian\Github_Releases_批量下载 xray\Xray-core\v24.11.30\Xray-linux-loong64.zip    
[1856/2453] Checking is OK   | E:\01.userData\ZhuoMian\Github_Releases_批量下载 xray\Xray-core\v24.11.30\Xray-linux-mips32.zip     
[1857/2453] Checking is OK   | E:\01.userData\ZhuoMian\Github_Releases_批量下载 xray\Xray-core\v24.11.30\Xray-linux-mips32le.zip   
[1858/2453] Checking is OK   | E:\01.userData\ZhuoMian\Github_Releases_批量下载 xray\Xray-core\v24.11.30\Xray-linux-mips64.zip     
[1859/2453] Checking is OK   | E:\01.userData\ZhuoMian\Github_Releases_批量下载 xray\Xray-core\v24.11.30\Xray-linux-mips64le.zip   
[1860/2453] Checking is OK   | E:\01.userData\ZhuoMian\Github_Releases_批量下载 xray\Xray-core\v24.11.30\Xray-linux-ppc64.zip      
[1861/2453] Checking is OK   | E:\01.userData\ZhuoMian\Github_Releases_批量下载 xray\Xray-core\v24.11.30\Xray-linux-ppc64le.zip    
[1862/2453] Checking is OK   | E:\01.userData\ZhuoMian\Github_Releases_批量下载 xray\Xray-core\v24.11.30\Xray-linux-riscv64.zip    
[1863/2453] Checking is OK   | E:\01.userData\ZhuoMian\Github_Releases_批量下载 xray\Xray-core\v24.11.30\Xray-linux-s390x.zip      
[1864/2453] Checking is OK   | E:\01.userData\ZhuoMian\Github_Releases_批量下载 xray\Xray-core\v24.11.30\Xray-macos-64.zip         
[1865/2453] Checking is OK   | E:\01.userData\ZhuoMian\Github_Releases_批量下载 xray\Xray-core\v24.11.30\Xray-macos-arm64-v8a.zip  
[1866/2453] Checking is OK   | E:\01.userData\ZhuoMian\Github_Releases_批量下载 xray\Xray-core\v24.11.30\Xray-openbsd-32.zip       
[1867/2453] Checking is OK   | E:\01.userData\ZhuoMian\Github_Releases_批量下载 xray\Xray-core\v24.11.30\Xray-openbsd-64.zip       
[1868/2453] Checking is OK   | E:\01.userData\ZhuoMian\Github_Releases_批量下载 xray\Xray-core\v24.11.30\Xray-openbsd-arm32-v7a.zip
[1869/2453] Checking is OK   | E:\01.userData\ZhuoMian\Github_Releases_批量下载 xray\Xray-core\v24.11.30\Xray-openbsd-arm64-v8a.zip
[1870/2453] Checking is OK   | E:\01.userData\ZhuoMian\Github_Releases_批量下载 xray\Xray-core\v24.11.30\Xray-win7-32.zip          
[1871/2453] Checking is OK   | E:\01.userData\ZhuoMian\Github_Releases_批量下载 xray\Xray-core\v24.11.30\Xray-win7-64.zip          
[1872/2453] Checking is OK   | E:\01.userData\ZhuoMian\Github_Releases_批量下载 xray\Xray-core\v24.11.30\Xray-windows-32.zip       
[1873/2453] Checking is OK   | E:\01.userData\ZhuoMian\Github_Releases_批量下载 xray\Xray-core\v24.11.30\Xray-windows-64.zip       
[1874/2453] Checking is OK   | E:\01.userData\ZhuoMian\Github_Releases_批量下载 xray\Xray-core\v24.11.30\Xray-windows-arm32-v7a.zip
[1875/2453] Checking is OK   | E:\01.userData\ZhuoMian\Github_Releases_批量下载 xray\Xray-core\v24.11.30\Xray-windows-arm64-v8a.zip
[1876/2453] Checking is OK   | E:\01.userData\ZhuoMian\Github_Releases_批量下载 xray\Xray-core\v24.11.5\Xray-android-arm64-v8a.zip 
[1877/2453] Checking is OK   | E:\01.userData\ZhuoMian\Github_Releases_批量下载 xray\Xray-core\v24.11.5\Xray-freebsd-32.zip        
[1878/2453] Checking is OK   | E:\01.userData\ZhuoMian\Github_Releases_批量下载 xray\Xray-core\v24.11.5\Xray-freebsd-64.zip        
[1879/2453] Checking is OK   | E:\01.userData\ZhuoMian\Github_Releases_批量下载 xray\Xray-core\v24.11.5\Xray-freebsd-arm32-v7a.zip 
[1880/2453] Checking is OK   | E:\01.userData\ZhuoMian\Github_Releases_批量下载 xray\Xray-core\v24.11.5\Xray-freebsd-arm64-v8a.zip 
[1881/2453] Checking is OK   | E:\01.userData\ZhuoMian\Github_Releases_批量下载 xray\Xray-core\v24.11.5\Xray-linux-32.zip          
[1882/2453] Checking is OK   | E:\01.userData\ZhuoMian\Github_Releases_批量下载 xray\Xray-core\v24.11.5\Xray-linux-64.zip          
[1883/2453] Checking is OK   | E:\01.userData\ZhuoMian\Github_Releases_批量下载 xray\Xray-core\v24.11.5\Xray-linux-arm32-v5.zip    
[1884/2453] Checking is OK   | E:\01.userData\ZhuoMian\Github_Releases_批量下载 xray\Xray-core\v24.11.5\Xray-linux-arm32-v6.zip    
[1885/2453] Checking is OK   | E:\01.userData\ZhuoMian\Github_Releases_批量下载 xray\Xray-core\v24.11.5\Xray-linux-arm32-v7a.zip   
[1886/2453] Checking is OK   | E:\01.userData\ZhuoMian\Github_Releases_批量下载 xray\Xray-core\v24.11.5\Xray-linux-arm64-v8a.zip   
[1887/2453] Checking is OK   | E:\01.userData\ZhuoMian\Github_Releases_批量下载 xray\Xray-core\v24.11.5\Xray-linux-loong64.zip     
[1888/2453] Checking is OK   | E:\01.userData\ZhuoMian\Github_Releases_批量下载 xray\Xray-core\v24.11.5\Xray-linux-mips32.zip      
[1889/2453] Checking is OK   | E:\01.userData\ZhuoMian\Github_Releases_批量下载 xray\Xray-core\v24.11.5\Xray-linux-mips32le.zip    
[1890/2453] Checking is OK   | E:\01.userData\ZhuoMian\Github_Releases_批量下载 xray\Xray-core\v24.11.5\Xray-linux-mips64.zip      
[1891/2453] Checking is OK   | E:\01.userData\ZhuoMian\Github_Releases_批量下载 xray\Xray-core\v24.11.5\Xray-linux-mips64le.zip    
[1892/2453] Checking is OK   | E:\01.userData\ZhuoMian\Github_Releases_批量下载 xray\Xray-core\v24.11.5\Xray-linux-ppc64.zip       
[1893/2453] Checking is OK   | E:\01.userData\ZhuoMian\Github_Releases_批量下载 xray\Xray-core\v24.11.5\Xray-linux-ppc64le.zip     
[1894/2453] Checking is OK   | E:\01.userData\ZhuoMian\Github_Releases_批量下载 xray\Xray-core\v24.11.5\Xray-linux-riscv64.zip     
[1895/2453] Checking is OK   | E:\01.userData\ZhuoMian\Github_Releases_批量下载 xray\Xray-core\v24.11.5\Xray-linux-s390x.zip       
[1896/2453] Checking is OK   | E:\01.userData\ZhuoMian\Github_Releases_批量下载 xray\Xray-core\v24.11.5\Xray-macos-64.zip          
[1897/2453] Checking is OK   | E:\01.userData\ZhuoMian\Github_Releases_批量下载 xray\Xray-core\v24.11.5\Xray-macos-arm64-v8a.zip   
[1898/2453] Checking is OK   | E:\01.userData\ZhuoMian\Github_Releases_批量下载 xray\Xray-core\v24.11.5\Xray-openbsd-32.zip        
[1899/2453] Checking is OK   | E:\01.userData\ZhuoMian\Github_Releases_批量下载 xray\Xray-core\v24.11.5\Xray-openbsd-64.zip        
[1900/2453] Checking is OK   | E:\01.userData\ZhuoMian\Github_Releases_批量下载 xray\Xray-core\v24.11.5\Xray-openbsd-arm32-v7a.zip 
[1901/2453] Checking is OK   | E:\01.userData\ZhuoMian\Github_Releases_批量下载 xray\Xray-core\v24.11.5\Xray-openbsd-arm64-v8a.zip 
[1902/2453] Checking is OK   | E:\01.userData\ZhuoMian\Github_Releases_批量下载 xray\Xray-core\v24.11.5\Xray-win7-32.zip           
[1903/2453] Checking is OK   | E:\01.userData\ZhuoMian\Github_Releases_批量下载 xray\Xray-core\v24.11.5\Xray-win7-64.zip           
[1904/2453] Checking is OK   | E:\01.userData\ZhuoMian\Github_Releases_批量下载 xray\Xray-core\v24.11.5\Xray-windows-32.zip        
[1905/2453] Checking is OK   | E:\01.userData\ZhuoMian\Github_Releases_批量下载 xray\Xray-core\v24.11.5\Xray-windows-64.zip        
[1906/2453] Checking is OK   | E:\01.userData\ZhuoMian\Github_Releases_批量下载 xray\Xray-core\v24.11.5\Xray-windows-arm32-v7a.zip 
[1907/2453] Checking is OK   | E:\01.userData\ZhuoMian\Github_Releases_批量下载 xray\Xray-core\v24.11.5\Xray-windows-arm64-v8a.zip 
[1908/2453] Checking is OK   | E:\01.userData\ZhuoMian\Github_Releases_批量下载 xray\Xray-core\v24.12.15\Xray-android-arm64-v8a.zip
[1909/2453] Checking is OK   | E:\01.userData\ZhuoMian\Github_Releases_批量下载 xray\Xray-core\v24.12.15\Xray-freebsd-32.zip       
[1910/2453] Checking is OK   | E:\01.userData\ZhuoMian\Github_Releases_批量下载 xray\Xray-core\v24.12.15\Xray-freebsd-64.zip       
[1911/2453] Checking is OK   | E:\01.userData\ZhuoMian\Github_Releases_批量下载 xray\Xray-core\v24.12.15\Xray-freebsd-arm32-v7a.zip
[1912/2453] Checking is OK   | E:\01.userData\ZhuoMian\Github_Releases_批量下载 xray\Xray-core\v24.12.15\Xray-freebsd-arm64-v8a.zip
[1913/2453] Checking is OK   | E:\01.userData\ZhuoMian\Github_Releases_批量下载 xray\Xray-core\v24.12.15\Xray-linux-32.zip         
[1914/2453] Checking is OK   | E:\01.userData\ZhuoMian\Github_Releases_批量下载 xray\Xray-core\v24.12.15\Xray-linux-64.zip         
[1915/2453] Checking is OK   | E:\01.userData\ZhuoMian\Github_Releases_批量下载 xray\Xray-core\v24.12.15\Xray-linux-arm32-v5.zip   
[1916/2453] Checking is OK   | E:\01.userData\ZhuoMian\Github_Releases_批量下载 xray\Xray-core\v24.12.15\Xray-linux-arm32-v6.zip   
[1917/2453] Checking is OK   | E:\01.userData\ZhuoMian\Github_Releases_批量下载 xray\Xray-core\v24.12.15\Xray-linux-arm32-v7a.zip  
[1918/2453] Checking is OK   | E:\01.userData\ZhuoMian\Github_Releases_批量下载 xray\Xray-core\v24.12.15\Xray-linux-arm64-v8a.zip  
[1919/2453] Checking is OK   | E:\01.userData\ZhuoMian\Github_Releases_批量下载 xray\Xray-core\v24.12.15\Xray-linux-loong64.zip    
[1920/2453] Checking is OK   | E:\01.userData\ZhuoMian\Github_Releases_批量下载 xray\Xray-core\v24.12.15\Xray-linux-mips32.zip     
[1921/2453] Checking is OK   | E:\01.userData\ZhuoMian\Github_Releases_批量下载 xray\Xray-core\v24.12.15\Xray-linux-mips32le.zip   
[1922/2453] Checking is OK   | E:\01.userData\ZhuoMian\Github_Releases_批量下载 xray\Xray-core\v24.12.15\Xray-linux-mips64.zip     
[1923/2453] Checking is OK   | E:\01.userData\ZhuoMian\Github_Releases_批量下载 xray\Xray-core\v24.12.15\Xray-linux-mips64le.zip   
[1924/2453] Checking is OK   | E:\01.userData\ZhuoMian\Github_Releases_批量下载 xray\Xray-core\v24.12.15\Xray-linux-ppc64.zip      
[1925/2453] Checking is OK   | E:\01.userData\ZhuoMian\Github_Releases_批量下载 xray\Xray-core\v24.12.15\Xray-linux-ppc64le.zip    
[1926/2453] Checking is OK   | E:\01.userData\ZhuoMian\Github_Releases_批量下载 xray\Xray-core\v24.12.15\Xray-linux-riscv64.zip    
[1927/2453] Checking is OK   | E:\01.userData\ZhuoMian\Github_Releases_批量下载 xray\Xray-core\v24.12.15\Xray-linux-s390x.zip      
[1928/2453] Checking is OK   | E:\01.userData\ZhuoMian\Github_Releases_批量下载 xray\Xray-core\v24.12.15\Xray-macos-64.zip         
[1929/2453] Checking is OK   | E:\01.userData\ZhuoMian\Github_Releases_批量下载 xray\Xray-core\v24.12.15\Xray-macos-arm64-v8a.zip  
[1930/2453] Checking is OK   | E:\01.userData\ZhuoMian\Github_Releases_批量下载 xray\Xray-core\v24.12.15\Xray-openbsd-32.zip       
[1931/2453] Checking is OK   | E:\01.userData\ZhuoMian\Github_Releases_批量下载 xray\Xray-core\v24.12.15\Xray-openbsd-64.zip       
[1932/2453] Checking is OK   | E:\01.userData\ZhuoMian\Github_Releases_批量下载 xray\Xray-core\v24.12.15\Xray-openbsd-arm32-v7a.zip
[1933/2453] Checking is OK   | E:\01.userData\ZhuoMian\Github_Releases_批量下载 xray\Xray-core\v24.12.15\Xray-openbsd-arm64-v8a.zip
[1934/2453] Checking is OK   | E:\01.userData\ZhuoMian\Github_Releases_批量下载 xray\Xray-core\v24.12.15\Xray-win7-32.zip          
[1935/2453] Checking is OK   | E:\01.userData\ZhuoMian\Github_Releases_批量下载 xray\Xray-core\v24.12.15\Xray-win7-64.zip          
[1936/2453] Checking is OK   | E:\01.userData\ZhuoMian\Github_Releases_批量下载 xray\Xray-core\v24.12.15\Xray-windows-32.zip       
[1937/2453] Checking is OK   | E:\01.userData\ZhuoMian\Github_Releases_批量下载 xray\Xray-core\v24.12.15\Xray-windows-64.zip       
[1938/2453] Checking is OK   | E:\01.userData\ZhuoMian\Github_Releases_批量下载 xray\Xray-core\v24.12.15\Xray-windows-arm32-v7a.zip
[1939/2453] Checking is OK   | E:\01.userData\ZhuoMian\Github_Releases_批量下载 xray\Xray-core\v24.12.15\Xray-windows-arm64-v8a.zip
[1940/2453] Checking is OK   | E:\01.userData\ZhuoMian\Github_Releases_批量下载 xray\Xray-core\v24.12.18\Xray-android-arm64-v8a.zip
[1941/2453] Checking is OK   | E:\01.userData\ZhuoMian\Github_Releases_批量下载 xray\Xray-core\v24.12.18\Xray-freebsd-32.zip       
[1942/2453] Checking is OK   | E:\01.userData\ZhuoMian\Github_Releases_批量下载 xray\Xray-core\v24.12.18\Xray-freebsd-64.zip       
[1943/2453] Checking is OK   | E:\01.userData\ZhuoMian\Github_Releases_批量下载 xray\Xray-core\v24.12.18\Xray-freebsd-arm32-v7a.zip
[1944/2453] Checking is OK   | E:\01.userData\ZhuoMian\Github_Releases_批量下载 xray\Xray-core\v24.12.18\Xray-freebsd-arm64-v8a.zip
[1945/2453] Checking is OK   | E:\01.userData\ZhuoMian\Github_Releases_批量下载 xray\Xray-core\v24.12.18\Xray-linux-32.zip         
[1946/2453] Checking is OK   | E:\01.userData\ZhuoMian\Github_Releases_批量下载 xray\Xray-core\v24.12.18\Xray-linux-64.zip         
[1947/2453] Checking is OK   | E:\01.userData\ZhuoMian\Github_Releases_批量下载 xray\Xray-core\v24.12.18\Xray-linux-arm32-v5.zip   
[1948/2453] Checking is OK   | E:\01.userData\ZhuoMian\Github_Releases_批量下载 xray\Xray-core\v24.12.18\Xray-linux-arm32-v6.zip   
[1949/2453] Checking is OK   | E:\01.userData\ZhuoMian\Github_Releases_批量下载 xray\Xray-core\v24.12.18\Xray-linux-arm32-v7a.zip  
[1950/2453] Checking is OK   | E:\01.userData\ZhuoMian\Github_Releases_批量下载 xray\Xray-core\v24.12.18\Xray-linux-arm64-v8a.zip  
[1951/2453] Checking is OK   | E:\01.userData\ZhuoMian\Github_Releases_批量下载 xray\Xray-core\v24.12.18\Xray-linux-loong64.zip    
[1952/2453] Checking is OK   | E:\01.userData\ZhuoMian\Github_Releases_批量下载 xray\Xray-core\v24.12.18\Xray-linux-mips32.zip     
[1953/2453] Checking is OK   | E:\01.userData\ZhuoMian\Github_Releases_批量下载 xray\Xray-core\v24.12.18\Xray-linux-mips32le.zip   
[1954/2453] Checking is OK   | E:\01.userData\ZhuoMian\Github_Releases_批量下载 xray\Xray-core\v24.12.18\Xray-linux-mips64.zip     
[1955/2453] Checking is OK   | E:\01.userData\ZhuoMian\Github_Releases_批量下载 xray\Xray-core\v24.12.18\Xray-linux-mips64le.zip   
[1956/2453] Checking is OK   | E:\01.userData\ZhuoMian\Github_Releases_批量下载 xray\Xray-core\v24.12.18\Xray-linux-ppc64.zip      
[1957/2453] Checking is OK   | E:\01.userData\ZhuoMian\Github_Releases_批量下载 xray\Xray-core\v24.12.18\Xray-linux-ppc64le.zip    
[1958/2453] Checking is OK   | E:\01.userData\ZhuoMian\Github_Releases_批量下载 xray\Xray-core\v24.12.18\Xray-linux-riscv64.zip    
[1959/2453] Checking is OK   | E:\01.userData\ZhuoMian\Github_Releases_批量下载 xray\Xray-core\v24.12.18\Xray-linux-s390x.zip      
[1960/2453] Checking is OK   | E:\01.userData\ZhuoMian\Github_Releases_批量下载 xray\Xray-core\v24.12.18\Xray-macos-64.zip         
[1961/2453] Checking is OK   | E:\01.userData\ZhuoMian\Github_Releases_批量下载 xray\Xray-core\v24.12.18\Xray-macos-arm64-v8a.zip  
[1962/2453] Checking is OK   | E:\01.userData\ZhuoMian\Github_Releases_批量下载 xray\Xray-core\v24.12.18\Xray-openbsd-32.zip       
[1963/2453] Checking is OK   | E:\01.userData\ZhuoMian\Github_Releases_批量下载 xray\Xray-core\v24.12.18\Xray-openbsd-64.zip       
[1964/2453] Checking is OK   | E:\01.userData\ZhuoMian\Github_Releases_批量下载 xray\Xray-core\v24.12.18\Xray-openbsd-arm32-v7a.zip
[1965/2453] Checking is OK   | E:\01.userData\ZhuoMian\Github_Releases_批量下载 xray\Xray-core\v24.12.18\Xray-openbsd-arm64-v8a.zip
[1966/2453] Checking is OK   | E:\01.userData\ZhuoMian\Github_Releases_批量下载 xray\Xray-core\v24.12.18\Xray-win7-32.zip          
[1967/2453] Checking is OK   | E:\01.userData\ZhuoMian\Github_Releases_批量下载 xray\Xray-core\v24.12.18\Xray-win7-64.zip          
[1968/2453] Checking is OK   | E:\01.userData\ZhuoMian\Github_Releases_批量下载 xray\Xray-core\v24.12.18\Xray-windows-32.zip       
[1969/2453] Checking is OK   | E:\01.userData\ZhuoMian\Github_Releases_批量下载 xray\Xray-core\v24.12.18\Xray-windows-64.zip       
[1970/2453] Checking is OK   | E:\01.userData\ZhuoMian\Github_Releases_批量下载 xray\Xray-core\v24.12.18\Xray-windows-arm32-v7a.zip
[1971/2453] Checking is OK   | E:\01.userData\ZhuoMian\Github_Releases_批量下载 xray\Xray-core\v24.12.18\Xray-windows-arm64-v8a.zip
[1972/2453] Checking is OK   | E:\01.userData\ZhuoMian\Github_Releases_批量下载 xray\Xray-core\v24.12.28\Xray-android-arm64-v8a.zip
[1973/2453] Checking is OK   | E:\01.userData\ZhuoMian\Github_Releases_批量下载 xray\Xray-core\v24.12.28\Xray-freebsd-32.zip       
[1974/2453] Checking is OK   | E:\01.userData\ZhuoMian\Github_Releases_批量下载 xray\Xray-core\v24.12.28\Xray-freebsd-64.zip       
[1975/2453] Checking is OK   | E:\01.userData\ZhuoMian\Github_Releases_批量下载 xray\Xray-core\v24.12.28\Xray-freebsd-arm32-v7a.zip
[1976/2453] Checking is OK   | E:\01.userData\ZhuoMian\Github_Releases_批量下载 xray\Xray-core\v24.12.28\Xray-freebsd-arm64-v8a.zip
[1977/2453] Checking is OK   | E:\01.userData\ZhuoMian\Github_Releases_批量下载 xray\Xray-core\v24.12.28\Xray-linux-32.zip         
[1978/2453] Checking is OK   | E:\01.userData\ZhuoMian\Github_Releases_批量下载 xray\Xray-core\v24.12.28\Xray-linux-64.zip         
[1979/2453] Checking is OK   | E:\01.userData\ZhuoMian\Github_Releases_批量下载 xray\Xray-core\v24.12.28\Xray-linux-arm32-v5.zip   
[1980/2453] Checking is OK   | E:\01.userData\ZhuoMian\Github_Releases_批量下载 xray\Xray-core\v24.12.28\Xray-linux-arm32-v6.zip   
[1981/2453] Checking is OK   | E:\01.userData\ZhuoMian\Github_Releases_批量下载 xray\Xray-core\v24.12.28\Xray-linux-arm32-v7a.zip  
[1982/2453] Checking is OK   | E:\01.userData\ZhuoMian\Github_Releases_批量下载 xray\Xray-core\v24.12.28\Xray-linux-arm64-v8a.zip  
[1983/2453] Checking is OK   | E:\01.userData\ZhuoMian\Github_Releases_批量下载 xray\Xray-core\v24.12.28\Xray-linux-loong64.zip    
[1984/2453] Checking is OK   | E:\01.userData\ZhuoMian\Github_Releases_批量下载 xray\Xray-core\v24.12.28\Xray-linux-mips32.zip     
[1985/2453] Checking is OK   | E:\01.userData\ZhuoMian\Github_Releases_批量下载 xray\Xray-core\v24.12.28\Xray-linux-mips32le.zip   
[1986/2453] Checking is OK   | E:\01.userData\ZhuoMian\Github_Releases_批量下载 xray\Xray-core\v24.12.28\Xray-linux-mips64.zip     
[1987/2453] Checking is OK   | E:\01.userData\ZhuoMian\Github_Releases_批量下载 xray\Xray-core\v24.12.28\Xray-linux-mips64le.zip   
[1988/2453] Checking is OK   | E:\01.userData\ZhuoMian\Github_Releases_批量下载 xray\Xray-core\v24.12.28\Xray-linux-ppc64.zip      
[1989/2453] Checking is OK   | E:\01.userData\ZhuoMian\Github_Releases_批量下载 xray\Xray-core\v24.12.28\Xray-linux-ppc64le.zip    
[1990/2453] Checking is OK   | E:\01.userData\ZhuoMian\Github_Releases_批量下载 xray\Xray-core\v24.12.28\Xray-linux-riscv64.zip    
[1991/2453] Checking is OK   | E:\01.userData\ZhuoMian\Github_Releases_批量下载 xray\Xray-core\v24.12.28\Xray-linux-s390x.zip      
[1992/2453] Checking is OK   | E:\01.userData\ZhuoMian\Github_Releases_批量下载 xray\Xray-core\v24.12.28\Xray-macos-64.zip         
[1993/2453] Checking is OK   | E:\01.userData\ZhuoMian\Github_Releases_批量下载 xray\Xray-core\v24.12.28\Xray-macos-arm64-v8a.zip  
[1994/2453] Checking is OK   | E:\01.userData\ZhuoMian\Github_Releases_批量下载 xray\Xray-core\v24.12.28\Xray-openbsd-32.zip       
[1995/2453] Checking is OK   | E:\01.userData\ZhuoMian\Github_Releases_批量下载 xray\Xray-core\v24.12.28\Xray-openbsd-64.zip       
[1996/2453] Checking is OK   | E:\01.userData\ZhuoMian\Github_Releases_批量下载 xray\Xray-core\v24.12.28\Xray-openbsd-arm32-v7a.zip
[1997/2453] Checking is OK   | E:\01.userData\ZhuoMian\Github_Releases_批量下载 xray\Xray-core\v24.12.28\Xray-openbsd-arm64-v8a.zip
[1998/2453] Checking is OK   | E:\01.userData\ZhuoMian\Github_Releases_批量下载 xray\Xray-core\v24.12.28\Xray-win7-32.zip          
[1999/2453] Checking is OK   | E:\01.userData\ZhuoMian\Github_Releases_批量下载 xray\Xray-core\v24.12.28\Xray-win7-64.zip          
[2000/2453] Checking is OK   | E:\01.userData\ZhuoMian\Github_Releases_批量下载 xray\Xray-core\v24.12.28\Xray-windows-32.zip       
[2001/2453] Checking is OK   | E:\01.userData\ZhuoMian\Github_Releases_批量下载 xray\Xray-core\v24.12.28\Xray-windows-64.zip       
[2002/2453] Checking is OK   | E:\01.userData\ZhuoMian\Github_Releases_批量下载 xray\Xray-core\v24.12.28\Xray-windows-arm32-v7a.zip
[2003/2453] Checking is OK   | E:\01.userData\ZhuoMian\Github_Releases_批量下载 xray\Xray-core\v24.12.28\Xray-windows-arm64-v8a.zip
[2004/2453] Checking is OK   | E:\01.userData\ZhuoMian\Github_Releases_批量下载 xray\Xray-core\v24.12.31\Xray-android-arm64-v8a.zip
[2005/2453] Checking is OK   | E:\01.userData\ZhuoMian\Github_Releases_批量下载 xray\Xray-core\v24.12.31\Xray-freebsd-32.zip       
[2006/2453] Checking is OK   | E:\01.userData\ZhuoMian\Github_Releases_批量下载 xray\Xray-core\v24.12.31\Xray-freebsd-64.zip       
[2007/2453] Checking is OK   | E:\01.userData\ZhuoMian\Github_Releases_批量下载 xray\Xray-core\v24.12.31\Xray-freebsd-arm32-v7a.zip
[2008/2453] Checking is OK   | E:\01.userData\ZhuoMian\Github_Releases_批量下载 xray\Xray-core\v24.12.31\Xray-freebsd-arm64-v8a.zip
[2009/2453] Checking is OK   | E:\01.userData\ZhuoMian\Github_Releases_批量下载 xray\Xray-core\v24.12.31\Xray-linux-32.zip         
[2010/2453] Checking is OK   | E:\01.userData\ZhuoMian\Github_Releases_批量下载 xray\Xray-core\v24.12.31\Xray-linux-64.zip         
[2011/2453] Checking is OK   | E:\01.userData\ZhuoMian\Github_Releases_批量下载 xray\Xray-core\v24.12.31\Xray-linux-arm32-v5.zip   
[2012/2453] Checking is OK   | E:\01.userData\ZhuoMian\Github_Releases_批量下载 xray\Xray-core\v24.12.31\Xray-linux-arm32-v6.zip   
[2013/2453] Checking is OK   | E:\01.userData\ZhuoMian\Github_Releases_批量下载 xray\Xray-core\v24.12.31\Xray-linux-arm32-v7a.zip  
[2014/2453] Checking is OK   | E:\01.userData\ZhuoMian\Github_Releases_批量下载 xray\Xray-core\v24.12.31\Xray-linux-arm64-v8a.zip  
[2015/2453] Checking is OK   | E:\01.userData\ZhuoMian\Github_Releases_批量下载 xray\Xray-core\v24.12.31\Xray-linux-loong64.zip    
[2016/2453] Checking is OK   | E:\01.userData\ZhuoMian\Github_Releases_批量下载 xray\Xray-core\v24.12.31\Xray-linux-mips32.zip     
[2017/2453] Checking is OK   | E:\01.userData\ZhuoMian\Github_Releases_批量下载 xray\Xray-core\v24.12.31\Xray-linux-mips32le.zip   
[2018/2453] Checking is OK   | E:\01.userData\ZhuoMian\Github_Releases_批量下载 xray\Xray-core\v24.12.31\Xray-linux-mips64.zip     
[2019/2453] Checking is OK   | E:\01.userData\ZhuoMian\Github_Releases_批量下载 xray\Xray-core\v24.12.31\Xray-linux-mips64le.zip   
[2020/2453] Checking is OK   | E:\01.userData\ZhuoMian\Github_Releases_批量下载 xray\Xray-core\v24.12.31\Xray-linux-ppc64.zip      
[2021/2453] Checking is OK   | E:\01.userData\ZhuoMian\Github_Releases_批量下载 xray\Xray-core\v24.12.31\Xray-linux-ppc64le.zip    
[2022/2453] Checking is OK   | E:\01.userData\ZhuoMian\Github_Releases_批量下载 xray\Xray-core\v24.12.31\Xray-linux-riscv64.zip    
[2023/2453] Checking is OK   | E:\01.userData\ZhuoMian\Github_Releases_批量下载 xray\Xray-core\v24.12.31\Xray-linux-s390x.zip      
[2024/2453] Checking is OK   | E:\01.userData\ZhuoMian\Github_Releases_批量下载 xray\Xray-core\v24.12.31\Xray-macos-64.zip         
[2025/2453] Checking is OK   | E:\01.userData\ZhuoMian\Github_Releases_批量下载 xray\Xray-core\v24.12.31\Xray-macos-arm64-v8a.zip  
[2026/2453] Checking is OK   | E:\01.userData\ZhuoMian\Github_Releases_批量下载 xray\Xray-core\v24.12.31\Xray-openbsd-32.zip       
[2027/2453] Checking is OK   | E:\01.userData\ZhuoMian\Github_Releases_批量下载 xray\Xray-core\v24.12.31\Xray-openbsd-64.zip       
[2028/2453] Checking is OK   | E:\01.userData\ZhuoMian\Github_Releases_批量下载 xray\Xray-core\v24.12.31\Xray-openbsd-arm32-v7a.zip
[2029/2453] Checking is OK   | E:\01.userData\ZhuoMian\Github_Releases_批量下载 xray\Xray-core\v24.12.31\Xray-openbsd-arm64-v8a.zip
[2030/2453] Checking is OK   | E:\01.userData\ZhuoMian\Github_Releases_批量下载 xray\Xray-core\v24.12.31\Xray-win7-32.zip          
[2031/2453] Checking is OK   | E:\01.userData\ZhuoMian\Github_Releases_批量下载 xray\Xray-core\v24.12.31\Xray-win7-64.zip          
[2032/2453] Checking is OK   | E:\01.userData\ZhuoMian\Github_Releases_批量下载 xray\Xray-core\v24.12.31\Xray-windows-32.zip       
[2033/2453] Checking is OK   | E:\01.userData\ZhuoMian\Github_Releases_批量下载 xray\Xray-core\v24.12.31\Xray-windows-64.zip       
[2034/2453] Checking is OK   | E:\01.userData\ZhuoMian\Github_Releases_批量下载 xray\Xray-core\v24.12.31\Xray-windows-arm32-v7a.zip
[2035/2453] Checking is OK   | E:\01.userData\ZhuoMian\Github_Releases_批量下载 xray\Xray-core\v24.12.31\Xray-windows-arm64-v8a.zip
[2036/2453] Checking is OK   | E:\01.userData\ZhuoMian\Github_Releases_批量下载 xray\Xray-core\v24.9.16\Xray-android-arm64-v8a.zip 
[2037/2453] Checking is OK   | E:\01.userData\ZhuoMian\Github_Releases_批量下载 xray\Xray-core\v24.9.16\Xray-freebsd-32.zip        
[2038/2453] Checking is OK   | E:\01.userData\ZhuoMian\Github_Releases_批量下载 xray\Xray-core\v24.9.16\Xray-freebsd-64.zip        
[2039/2453] Checking is OK   | E:\01.userData\ZhuoMian\Github_Releases_批量下载 xray\Xray-core\v24.9.16\Xray-freebsd-arm32-v7a.zip 
[2040/2453] Checking is OK   | E:\01.userData\ZhuoMian\Github_Releases_批量下载 xray\Xray-core\v24.9.16\Xray-freebsd-arm64-v8a.zip 
[2041/2453] Checking is OK   | E:\01.userData\ZhuoMian\Github_Releases_批量下载 xray\Xray-core\v24.9.16\Xray-linux-32.zip          
[2042/2453] Checking is OK   | E:\01.userData\ZhuoMian\Github_Releases_批量下载 xray\Xray-core\v24.9.16\Xray-linux-64.zip          
[2043/2453] Checking is OK   | E:\01.userData\ZhuoMian\Github_Releases_批量下载 xray\Xray-core\v24.9.16\Xray-linux-arm32-v5.zip    
[2044/2453] Checking is OK   | E:\01.userData\ZhuoMian\Github_Releases_批量下载 xray\Xray-core\v24.9.16\Xray-linux-arm32-v6.zip    
[2045/2453] Checking is OK   | E:\01.userData\ZhuoMian\Github_Releases_批量下载 xray\Xray-core\v24.9.16\Xray-linux-arm32-v7a.zip   
[2046/2453] Checking is OK   | E:\01.userData\ZhuoMian\Github_Releases_批量下载 xray\Xray-core\v24.9.16\Xray-linux-arm64-v8a.zip   
[2047/2453] Checking is OK   | E:\01.userData\ZhuoMian\Github_Releases_批量下载 xray\Xray-core\v24.9.16\Xray-linux-loong64.zip     
[2048/2453] Checking is OK   | E:\01.userData\ZhuoMian\Github_Releases_批量下载 xray\Xray-core\v24.9.16\Xray-linux-mips32.zip      
[2049/2453] Checking is OK   | E:\01.userData\ZhuoMian\Github_Releases_批量下载 xray\Xray-core\v24.9.16\Xray-linux-mips32le.zip    
[2050/2453] Checking is OK   | E:\01.userData\ZhuoMian\Github_Releases_批量下载 xray\Xray-core\v24.9.16\Xray-linux-mips64.zip      
[2051/2453] Checking is OK   | E:\01.userData\ZhuoMian\Github_Releases_批量下载 xray\Xray-core\v24.9.16\Xray-linux-mips64le.zip    
[2052/2453] Checking is OK   | E:\01.userData\ZhuoMian\Github_Releases_批量下载 xray\Xray-core\v24.9.16\Xray-linux-ppc64.zip       
[2053/2453] Checking is OK   | E:\01.userData\ZhuoMian\Github_Releases_批量下载 xray\Xray-core\v24.9.16\Xray-linux-ppc64le.zip     
[2054/2453] Checking is OK   | E:\01.userData\ZhuoMian\Github_Releases_批量下载 xray\Xray-core\v24.9.16\Xray-linux-riscv64.zip     
[2055/2453] Checking is OK   | E:\01.userData\ZhuoMian\Github_Releases_批量下载 xray\Xray-core\v24.9.16\Xray-linux-s390x.zip       
[2056/2453] Checking is OK   | E:\01.userData\ZhuoMian\Github_Releases_批量下载 xray\Xray-core\v24.9.16\Xray-macos-64.zip          
[2057/2453] Checking is OK   | E:\01.userData\ZhuoMian\Github_Releases_批量下载 xray\Xray-core\v24.9.16\Xray-macos-arm64-v8a.zip   
[2058/2453] Checking is OK   | E:\01.userData\ZhuoMian\Github_Releases_批量下载 xray\Xray-core\v24.9.16\Xray-openbsd-32.zip        
[2059/2453] Checking is OK   | E:\01.userData\ZhuoMian\Github_Releases_批量下载 xray\Xray-core\v24.9.16\Xray-openbsd-64.zip        
[2060/2453] Checking is OK   | E:\01.userData\ZhuoMian\Github_Releases_批量下载 xray\Xray-core\v24.9.16\Xray-openbsd-arm32-v7a.zip 
[2061/2453] Checking is OK   | E:\01.userData\ZhuoMian\Github_Releases_批量下载 xray\Xray-core\v24.9.16\Xray-openbsd-arm64-v8a.zip 
[2062/2453] Checking is OK   | E:\01.userData\ZhuoMian\Github_Releases_批量下载 xray\Xray-core\v24.9.16\Xray-win7-32.zip           
[2063/2453] Checking is OK   | E:\01.userData\ZhuoMian\Github_Releases_批量下载 xray\Xray-core\v24.9.16\Xray-win7-64.zip           
[2064/2453] Checking is OK   | E:\01.userData\ZhuoMian\Github_Releases_批量下载 xray\Xray-core\v24.9.16\Xray-windows-32.zip        
[2065/2453] Checking is OK   | E:\01.userData\ZhuoMian\Github_Releases_批量下载 xray\Xray-core\v24.9.16\Xray-windows-64.zip        
[2066/2453] Checking is OK   | E:\01.userData\ZhuoMian\Github_Releases_批量下载 xray\Xray-core\v24.9.16\Xray-windows-arm32-v7a.zip 
[2067/2453] Checking is OK   | E:\01.userData\ZhuoMian\Github_Releases_批量下载 xray\Xray-core\v24.9.16\Xray-windows-arm64-v8a.zip 
[2068/2453] Checking is OK   | E:\01.userData\ZhuoMian\Github_Releases_批量下载 xray\Xray-core\v24.9.19\Xray-android-arm64-v8a.zip 
[2069/2453] Checking is OK   | E:\01.userData\ZhuoMian\Github_Releases_批量下载 xray\Xray-core\v24.9.19\Xray-freebsd-32.zip        
[2070/2453] Checking is OK   | E:\01.userData\ZhuoMian\Github_Releases_批量下载 xray\Xray-core\v24.9.19\Xray-freebsd-64.zip        
[2071/2453] Checking is OK   | E:\01.userData\ZhuoMian\Github_Releases_批量下载 xray\Xray-core\v24.9.19\Xray-freebsd-arm32-v7a.zip 
[2072/2453] Checking is OK   | E:\01.userData\ZhuoMian\Github_Releases_批量下载 xray\Xray-core\v24.9.19\Xray-freebsd-arm64-v8a.zip 
[2073/2453] Checking is OK   | E:\01.userData\ZhuoMian\Github_Releases_批量下载 xray\Xray-core\v24.9.19\Xray-linux-32.zip          
[2074/2453] Checking is OK   | E:\01.userData\ZhuoMian\Github_Releases_批量下载 xray\Xray-core\v24.9.19\Xray-linux-64.zip          
[2075/2453] Checking is OK   | E:\01.userData\ZhuoMian\Github_Releases_批量下载 xray\Xray-core\v24.9.19\Xray-linux-arm32-v5.zip    
[2076/2453] Checking is OK   | E:\01.userData\ZhuoMian\Github_Releases_批量下载 xray\Xray-core\v24.9.19\Xray-linux-arm32-v6.zip    
[2077/2453] Checking is OK   | E:\01.userData\ZhuoMian\Github_Releases_批量下载 xray\Xray-core\v24.9.19\Xray-linux-arm32-v7a.zip   
[2078/2453] Checking is OK   | E:\01.userData\ZhuoMian\Github_Releases_批量下载 xray\Xray-core\v24.9.19\Xray-linux-arm64-v8a.zip   
[2079/2453] Checking is OK   | E:\01.userData\ZhuoMian\Github_Releases_批量下载 xray\Xray-core\v24.9.19\Xray-linux-loong64.zip     
[2080/2453] Checking is OK   | E:\01.userData\ZhuoMian\Github_Releases_批量下载 xray\Xray-core\v24.9.19\Xray-linux-mips32.zip      
[2081/2453] Checking is OK   | E:\01.userData\ZhuoMian\Github_Releases_批量下载 xray\Xray-core\v24.9.19\Xray-linux-mips32le.zip    
[2082/2453] Checking is OK   | E:\01.userData\ZhuoMian\Github_Releases_批量下载 xray\Xray-core\v24.9.19\Xray-linux-mips64.zip      
[2083/2453] Checking is OK   | E:\01.userData\ZhuoMian\Github_Releases_批量下载 xray\Xray-core\v24.9.19\Xray-linux-mips64le.zip    
[2084/2453] Checking is OK   | E:\01.userData\ZhuoMian\Github_Releases_批量下载 xray\Xray-core\v24.9.19\Xray-linux-ppc64.zip       
[2085/2453] Checking is OK   | E:\01.userData\ZhuoMian\Github_Releases_批量下载 xray\Xray-core\v24.9.19\Xray-linux-ppc64le.zip     
[2086/2453] Checking is OK   | E:\01.userData\ZhuoMian\Github_Releases_批量下载 xray\Xray-core\v24.9.19\Xray-linux-riscv64.zip     
[2087/2453] Checking is OK   | E:\01.userData\ZhuoMian\Github_Releases_批量下载 xray\Xray-core\v24.9.19\Xray-linux-s390x.zip       
[2088/2453] Checking is OK   | E:\01.userData\ZhuoMian\Github_Releases_批量下载 xray\Xray-core\v24.9.19\Xray-macos-64.zip          
[2089/2453] Checking is OK   | E:\01.userData\ZhuoMian\Github_Releases_批量下载 xray\Xray-core\v24.9.19\Xray-macos-arm64-v8a.zip   
[2090/2453] Checking is OK   | E:\01.userData\ZhuoMian\Github_Releases_批量下载 xray\Xray-core\v24.9.19\Xray-openbsd-32.zip        
[2091/2453] Checking is OK   | E:\01.userData\ZhuoMian\Github_Releases_批量下载 xray\Xray-core\v24.9.19\Xray-openbsd-64.zip        
[2092/2453] Checking is OK   | E:\01.userData\ZhuoMian\Github_Releases_批量下载 xray\Xray-core\v24.9.19\Xray-openbsd-arm32-v7a.zip 
[2093/2453] Checking is OK   | E:\01.userData\ZhuoMian\Github_Releases_批量下载 xray\Xray-core\v24.9.19\Xray-openbsd-arm64-v8a.zip 
[2094/2453] Checking is OK   | E:\01.userData\ZhuoMian\Github_Releases_批量下载 xray\Xray-core\v24.9.19\Xray-win7-32.zip           
[2095/2453] Checking is OK   | E:\01.userData\ZhuoMian\Github_Releases_批量下载 xray\Xray-core\v24.9.19\Xray-win7-64.zip           
[2096/2453] Checking is OK   | E:\01.userData\ZhuoMian\Github_Releases_批量下载 xray\Xray-core\v24.9.19\Xray-windows-32.zip        
[2097/2453] Checking is OK   | E:\01.userData\ZhuoMian\Github_Releases_批量下载 xray\Xray-core\v24.9.19\Xray-windows-64.zip        
[2098/2453] Checking is OK   | E:\01.userData\ZhuoMian\Github_Releases_批量下载 xray\Xray-core\v24.9.19\Xray-windows-arm32-v7a.zip 
[2099/2453] Checking is OK   | E:\01.userData\ZhuoMian\Github_Releases_批量下载 xray\Xray-core\v24.9.19\Xray-windows-arm64-v8a.zip 
[2100/2453] Checking is OK   | E:\01.userData\ZhuoMian\Github_Releases_批量下载 xray\Xray-core\v24.9.30\Xray-android-arm64-v8a.zip 
[2101/2453] Checking is OK   | E:\01.userData\ZhuoMian\Github_Releases_批量下载 xray\Xray-core\v24.9.30\Xray-freebsd-32.zip        
[2102/2453] Checking is OK   | E:\01.userData\ZhuoMian\Github_Releases_批量下载 xray\Xray-core\v24.9.30\Xray-freebsd-64.zip        
[2103/2453] Checking is OK   | E:\01.userData\ZhuoMian\Github_Releases_批量下载 xray\Xray-core\v24.9.30\Xray-freebsd-arm32-v7a.zip 
[2104/2453] Checking is OK   | E:\01.userData\ZhuoMian\Github_Releases_批量下载 xray\Xray-core\v24.9.30\Xray-freebsd-arm64-v8a.zip 
[2105/2453] Checking is OK   | E:\01.userData\ZhuoMian\Github_Releases_批量下载 xray\Xray-core\v24.9.30\Xray-linux-32.zip          
[2106/2453] Checking is OK   | E:\01.userData\ZhuoMian\Github_Releases_批量下载 xray\Xray-core\v24.9.30\Xray-linux-64.zip          
[2107/2453] Checking is OK   | E:\01.userData\ZhuoMian\Github_Releases_批量下载 xray\Xray-core\v24.9.30\Xray-linux-arm32-v5.zip    
[2108/2453] Checking is OK   | E:\01.userData\ZhuoMian\Github_Releases_批量下载 xray\Xray-core\v24.9.30\Xray-linux-arm32-v6.zip    
[2109/2453] Checking is OK   | E:\01.userData\ZhuoMian\Github_Releases_批量下载 xray\Xray-core\v24.9.30\Xray-linux-arm32-v7a.zip   
[2110/2453] Checking is OK   | E:\01.userData\ZhuoMian\Github_Releases_批量下载 xray\Xray-core\v24.9.30\Xray-linux-arm64-v8a.zip   
[2111/2453] Checking is OK   | E:\01.userData\ZhuoMian\Github_Releases_批量下载 xray\Xray-core\v24.9.30\Xray-linux-loong64.zip     
[2112/2453] Checking is OK   | E:\01.userData\ZhuoMian\Github_Releases_批量下载 xray\Xray-core\v24.9.30\Xray-linux-mips32.zip      
[2113/2453] Checking is OK   | E:\01.userData\ZhuoMian\Github_Releases_批量下载 xray\Xray-core\v24.9.30\Xray-linux-mips32le.zip    
[2114/2453] Checking is OK   | E:\01.userData\ZhuoMian\Github_Releases_批量下载 xray\Xray-core\v24.9.30\Xray-linux-mips64.zip      
[2115/2453] Checking is OK   | E:\01.userData\ZhuoMian\Github_Releases_批量下载 xray\Xray-core\v24.9.30\Xray-linux-mips64le.zip    
[2116/2453] Checking is OK   | E:\01.userData\ZhuoMian\Github_Releases_批量下载 xray\Xray-core\v24.9.30\Xray-linux-ppc64.zip       
[2117/2453] Checking is OK   | E:\01.userData\ZhuoMian\Github_Releases_批量下载 xray\Xray-core\v24.9.30\Xray-linux-ppc64le.zip     
[2118/2453] Checking is OK   | E:\01.userData\ZhuoMian\Github_Releases_批量下载 xray\Xray-core\v24.9.30\Xray-linux-riscv64.zip     
[2119/2453] Checking is OK   | E:\01.userData\ZhuoMian\Github_Releases_批量下载 xray\Xray-core\v24.9.30\Xray-linux-s390x.zip       
[2120/2453] Checking is OK   | E:\01.userData\ZhuoMian\Github_Releases_批量下载 xray\Xray-core\v24.9.30\Xray-macos-64.zip          
[2121/2453] Checking is OK   | E:\01.userData\ZhuoMian\Github_Releases_批量下载 xray\Xray-core\v24.9.30\Xray-macos-arm64-v8a.zip   
[2122/2453] Checking is OK   | E:\01.userData\ZhuoMian\Github_Releases_批量下载 xray\Xray-core\v24.9.30\Xray-openbsd-32.zip        
[2123/2453] Checking is OK   | E:\01.userData\ZhuoMian\Github_Releases_批量下载 xray\Xray-core\v24.9.30\Xray-openbsd-64.zip        
[2124/2453] Checking is OK   | E:\01.userData\ZhuoMian\Github_Releases_批量下载 xray\Xray-core\v24.9.30\Xray-openbsd-arm32-v7a.zip 
[2125/2453] Checking is OK   | E:\01.userData\ZhuoMian\Github_Releases_批量下载 xray\Xray-core\v24.9.30\Xray-openbsd-arm64-v8a.zip 
[2126/2453] Checking is OK   | E:\01.userData\ZhuoMian\Github_Releases_批量下载 xray\Xray-core\v24.9.30\Xray-win7-32.zip           
[2127/2453] Checking is OK   | E:\01.userData\ZhuoMian\Github_Releases_批量下载 xray\Xray-core\v24.9.30\Xray-win7-64.zip           
[2128/2453] Checking is OK   | E:\01.userData\ZhuoMian\Github_Releases_批量下载 xray\Xray-core\v24.9.30\Xray-windows-32.zip        
[2129/2453] Checking is OK   | E:\01.userData\ZhuoMian\Github_Releases_批量下载 xray\Xray-core\v24.9.30\Xray-windows-64.zip        
[2130/2453] Checking is OK   | E:\01.userData\ZhuoMian\Github_Releases_批量下载 xray\Xray-core\v24.9.30\Xray-windows-arm32-v7a.zip 
[2131/2453] Checking is OK   | E:\01.userData\ZhuoMian\Github_Releases_批量下载 xray\Xray-core\v24.9.30\Xray-windows-arm64-v8a.zip 
[2132/2453] Checking is OK   | E:\01.userData\ZhuoMian\Github_Releases_批量下载 xray\Xray-core\v24.9.7\Xray-android-arm64-v8a.zip  
[2133/2453] Checking is OK   | E:\01.userData\ZhuoMian\Github_Releases_批量下载 xray\Xray-core\v24.9.7\Xray-freebsd-32.zip         
[2134/2453] Checking is OK   | E:\01.userData\ZhuoMian\Github_Releases_批量下载 xray\Xray-core\v24.9.7\Xray-freebsd-64.zip         
[2135/2453] Checking is OK   | E:\01.userData\ZhuoMian\Github_Releases_批量下载 xray\Xray-core\v24.9.7\Xray-freebsd-arm32-v7a.zip  
[2136/2453] Checking is OK   | E:\01.userData\ZhuoMian\Github_Releases_批量下载 xray\Xray-core\v24.9.7\Xray-freebsd-arm64-v8a.zip  
[2137/2453] Checking is OK   | E:\01.userData\ZhuoMian\Github_Releases_批量下载 xray\Xray-core\v24.9.7\Xray-linux-32.zip           
[2138/2453] Checking is OK   | E:\01.userData\ZhuoMian\Github_Releases_批量下载 xray\Xray-core\v24.9.7\Xray-linux-64.zip           
[2139/2453] Checking is OK   | E:\01.userData\ZhuoMian\Github_Releases_批量下载 xray\Xray-core\v24.9.7\Xray-linux-arm32-v5.zip     
[2140/2453] Checking is OK   | E:\01.userData\ZhuoMian\Github_Releases_批量下载 xray\Xray-core\v24.9.7\Xray-linux-arm32-v6.zip     
[2141/2453] Checking is OK   | E:\01.userData\ZhuoMian\Github_Releases_批量下载 xray\Xray-core\v24.9.7\Xray-linux-arm32-v7a.zip    
[2142/2453] Checking is OK   | E:\01.userData\ZhuoMian\Github_Releases_批量下载 xray\Xray-core\v24.9.7\Xray-linux-arm64-v8a.zip    
[2143/2453] Checking is OK   | E:\01.userData\ZhuoMian\Github_Releases_批量下载 xray\Xray-core\v24.9.7\Xray-linux-loong64.zip      
[2144/2453] Checking is OK   | E:\01.userData\ZhuoMian\Github_Releases_批量下载 xray\Xray-core\v24.9.7\Xray-linux-mips32.zip       
[2145/2453] Checking is OK   | E:\01.userData\ZhuoMian\Github_Releases_批量下载 xray\Xray-core\v24.9.7\Xray-linux-mips32le.zip     
[2146/2453] Checking is OK   | E:\01.userData\ZhuoMian\Github_Releases_批量下载 xray\Xray-core\v24.9.7\Xray-linux-mips64.zip       
[2147/2453] Checking is OK   | E:\01.userData\ZhuoMian\Github_Releases_批量下载 xray\Xray-core\v24.9.7\Xray-linux-mips64le.zip     
[2148/2453] Checking is OK   | E:\01.userData\ZhuoMian\Github_Releases_批量下载 xray\Xray-core\v24.9.7\Xray-linux-ppc64.zip        
[2149/2453] Checking is OK   | E:\01.userData\ZhuoMian\Github_Releases_批量下载 xray\Xray-core\v24.9.7\Xray-linux-ppc64le.zip      
[2150/2453] Checking is OK   | E:\01.userData\ZhuoMian\Github_Releases_批量下载 xray\Xray-core\v24.9.7\Xray-linux-riscv64.zip      
[2151/2453] Checking is OK   | E:\01.userData\ZhuoMian\Github_Releases_批量下载 xray\Xray-core\v24.9.7\Xray-linux-s390x.zip        
[2152/2453] Checking is OK   | E:\01.userData\ZhuoMian\Github_Releases_批量下载 xray\Xray-core\v24.9.7\Xray-macos-64.zip           
[2153/2453] Checking is OK   | E:\01.userData\ZhuoMian\Github_Releases_批量下载 xray\Xray-core\v24.9.7\Xray-macos-arm64-v8a.zip    
[2154/2453] Checking is OK   | E:\01.userData\ZhuoMian\Github_Releases_批量下载 xray\Xray-core\v24.9.7\Xray-openbsd-32.zip         
[2155/2453] Checking is OK   | E:\01.userData\ZhuoMian\Github_Releases_批量下载 xray\Xray-core\v24.9.7\Xray-openbsd-64.zip         
[2156/2453] Checking is OK   | E:\01.userData\ZhuoMian\Github_Releases_批量下载 xray\Xray-core\v24.9.7\Xray-openbsd-arm32-v7a.zip  
[2157/2453] Checking is OK   | E:\01.userData\ZhuoMian\Github_Releases_批量下载 xray\Xray-core\v24.9.7\Xray-openbsd-arm64-v8a.zip  
[2158/2453] Checking is OK   | E:\01.userData\ZhuoMian\Github_Releases_批量下载 xray\Xray-core\v24.9.7\Xray-win7-32.zip            
[2159/2453] Checking is OK   | E:\01.userData\ZhuoMian\Github_Releases_批量下载 xray\Xray-core\v24.9.7\Xray-win7-64.zip            
[2160/2453] Checking is OK   | E:\01.userData\ZhuoMian\Github_Releases_批量下载 xray\Xray-core\v24.9.7\Xray-windows-32.zip         
[2161/2453] Checking is OK   | E:\01.userData\ZhuoMian\Github_Releases_批量下载 xray\Xray-core\v24.9.7\Xray-windows-64.zip         
[2162/2453] Checking is OK   | E:\01.userData\ZhuoMian\Github_Releases_批量下载 xray\Xray-core\v24.9.7\Xray-windows-arm32-v7a.zip  
[2163/2453] Checking is OK   | E:\01.userData\ZhuoMian\Github_Releases_批量下载 xray\Xray-core\v24.9.7\Xray-windows-arm64-v8a.zip  
[2164/2453] Checking is OK   | E:\01.userData\ZhuoMian\Github_Releases_批量下载 xray\Xray-core\v25.1.1\Xray-android-arm64-v8a.zip  
[2165/2453] Checking is OK   | E:\01.userData\ZhuoMian\Github_Releases_批量下载 xray\Xray-core\v25.1.1\Xray-freebsd-32.zip         
[2166/2453] Checking is OK   | E:\01.userData\ZhuoMian\Github_Releases_批量下载 xray\Xray-core\v25.1.1\Xray-freebsd-64.zip         
[2167/2453] Checking is OK   | E:\01.userData\ZhuoMian\Github_Releases_批量下载 xray\Xray-core\v25.1.1\Xray-freebsd-arm32-v7a.zip  
[2168/2453] Checking is OK   | E:\01.userData\ZhuoMian\Github_Releases_批量下载 xray\Xray-core\v25.1.1\Xray-freebsd-arm64-v8a.zip  
[2169/2453] Checking is OK   | E:\01.userData\ZhuoMian\Github_Releases_批量下载 xray\Xray-core\v25.1.1\Xray-linux-32.zip           
[2170/2453] Checking is OK   | E:\01.userData\ZhuoMian\Github_Releases_批量下载 xray\Xray-core\v25.1.1\Xray-linux-64.zip           
[2171/2453] Checking is OK   | E:\01.userData\ZhuoMian\Github_Releases_批量下载 xray\Xray-core\v25.1.1\Xray-linux-arm32-v5.zip     
[2172/2453] Checking is OK   | E:\01.userData\ZhuoMian\Github_Releases_批量下载 xray\Xray-core\v25.1.1\Xray-linux-arm32-v6.zip     
[2173/2453] Checking is OK   | E:\01.userData\ZhuoMian\Github_Releases_批量下载 xray\Xray-core\v25.1.1\Xray-linux-arm32-v7a.zip    
[2174/2453] Checking is OK   | E:\01.userData\ZhuoMian\Github_Releases_批量下载 xray\Xray-core\v25.1.1\Xray-linux-arm64-v8a.zip    
[2175/2453] Checking is OK   | E:\01.userData\ZhuoMian\Github_Releases_批量下载 xray\Xray-core\v25.1.1\Xray-linux-loong64.zip      
[2176/2453] Checking is OK   | E:\01.userData\ZhuoMian\Github_Releases_批量下载 xray\Xray-core\v25.1.1\Xray-linux-mips32.zip       
[2177/2453] Checking is OK   | E:\01.userData\ZhuoMian\Github_Releases_批量下载 xray\Xray-core\v25.1.1\Xray-linux-mips32le.zip     
[2178/2453] Checking is OK   | E:\01.userData\ZhuoMian\Github_Releases_批量下载 xray\Xray-core\v25.1.1\Xray-linux-mips64.zip       
[2179/2453] Checking is OK   | E:\01.userData\ZhuoMian\Github_Releases_批量下载 xray\Xray-core\v25.1.1\Xray-linux-mips64le.zip     
[2180/2453] Checking is OK   | E:\01.userData\ZhuoMian\Github_Releases_批量下载 xray\Xray-core\v25.1.1\Xray-linux-ppc64.zip        
[2181/2453] Checking is OK   | E:\01.userData\ZhuoMian\Github_Releases_批量下载 xray\Xray-core\v25.1.1\Xray-linux-ppc64le.zip      
[2182/2453] Checking is OK   | E:\01.userData\ZhuoMian\Github_Releases_批量下载 xray\Xray-core\v25.1.1\Xray-linux-riscv64.zip      
[2183/2453] Checking is OK   | E:\01.userData\ZhuoMian\Github_Releases_批量下载 xray\Xray-core\v25.1.1\Xray-linux-s390x.zip        
[2184/2453] Checking is OK   | E:\01.userData\ZhuoMian\Github_Releases_批量下载 xray\Xray-core\v25.1.1\Xray-macos-64.zip           
[2185/2453] Checking is OK   | E:\01.userData\ZhuoMian\Github_Releases_批量下载 xray\Xray-core\v25.1.1\Xray-macos-arm64-v8a.zip    
[2186/2453] Checking is OK   | E:\01.userData\ZhuoMian\Github_Releases_批量下载 xray\Xray-core\v25.1.1\Xray-openbsd-32.zip         
[2187/2453] Checking is OK   | E:\01.userData\ZhuoMian\Github_Releases_批量下载 xray\Xray-core\v25.1.1\Xray-openbsd-64.zip         
[2188/2453] Checking is OK   | E:\01.userData\ZhuoMian\Github_Releases_批量下载 xray\Xray-core\v25.1.1\Xray-openbsd-arm32-v7a.zip  
[2189/2453] Checking is OK   | E:\01.userData\ZhuoMian\Github_Releases_批量下载 xray\Xray-core\v25.1.1\Xray-openbsd-arm64-v8a.zip  
[2190/2453] Checking is OK   | E:\01.userData\ZhuoMian\Github_Releases_批量下载 xray\Xray-core\v25.1.1\Xray-win7-32.zip            
[2191/2453] Checking is OK   | E:\01.userData\ZhuoMian\Github_Releases_批量下载 xray\Xray-core\v25.1.1\Xray-win7-64.zip            
[2192/2453] Checking is OK   | E:\01.userData\ZhuoMian\Github_Releases_批量下载 xray\Xray-core\v25.1.1\Xray-windows-32.zip         
[2193/2453] Checking is OK   | E:\01.userData\ZhuoMian\Github_Releases_批量下载 xray\Xray-core\v25.1.1\Xray-windows-64.zip         
[2194/2453] Checking is OK   | E:\01.userData\ZhuoMian\Github_Releases_批量下载 xray\Xray-core\v25.1.1\Xray-windows-arm32-v7a.zip  
[2195/2453] Checking is OK   | E:\01.userData\ZhuoMian\Github_Releases_批量下载 xray\Xray-core\v25.1.1\Xray-windows-arm64-v8a.zip  
[2196/2453] Checking is OK   | E:\01.userData\ZhuoMian\Github_Releases_批量下载 xray\Xray-core\v25.1.30\Xray-android-arm64-v8a.zip 
[2197/2453] Checking is OK   | E:\01.userData\ZhuoMian\Github_Releases_批量下载 xray\Xray-core\v25.1.30\Xray-freebsd-32.zip        
[2198/2453] Checking is OK   | E:\01.userData\ZhuoMian\Github_Releases_批量下载 xray\Xray-core\v25.1.30\Xray-freebsd-64.zip        
[2199/2453] Checking is OK   | E:\01.userData\ZhuoMian\Github_Releases_批量下载 xray\Xray-core\v25.1.30\Xray-freebsd-arm32-v7a.zip 
[2200/2453] Checking is OK   | E:\01.userData\ZhuoMian\Github_Releases_批量下载 xray\Xray-core\v25.1.30\Xray-freebsd-arm64-v8a.zip 
[2201/2453] Checking is OK   | E:\01.userData\ZhuoMian\Github_Releases_批量下载 xray\Xray-core\v25.1.30\Xray-linux-32.zip          
[2202/2453] Checking is OK   | E:\01.userData\ZhuoMian\Github_Releases_批量下载 xray\Xray-core\v25.1.30\Xray-linux-64.zip          
[2203/2453] Checking is OK   | E:\01.userData\ZhuoMian\Github_Releases_批量下载 xray\Xray-core\v25.1.30\Xray-linux-arm32-v5.zip    
[2204/2453] Checking is OK   | E:\01.userData\ZhuoMian\Github_Releases_批量下载 xray\Xray-core\v25.1.30\Xray-linux-arm32-v6.zip    
[2205/2453] Checking is OK   | E:\01.userData\ZhuoMian\Github_Releases_批量下载 xray\Xray-core\v25.1.30\Xray-linux-arm32-v7a.zip   
[2206/2453] Checking is OK   | E:\01.userData\ZhuoMian\Github_Releases_批量下载 xray\Xray-core\v25.1.30\Xray-linux-arm64-v8a.zip   
[2207/2453] Checking is OK   | E:\01.userData\ZhuoMian\Github_Releases_批量下载 xray\Xray-core\v25.1.30\Xray-linux-loong64.zip     
[2208/2453] Checking is OK   | E:\01.userData\ZhuoMian\Github_Releases_批量下载 xray\Xray-core\v25.1.30\Xray-linux-mips32.zip      
[2209/2453] Checking is OK   | E:\01.userData\ZhuoMian\Github_Releases_批量下载 xray\Xray-core\v25.1.30\Xray-linux-mips32le.zip    
[2210/2453] Checking is OK   | E:\01.userData\ZhuoMian\Github_Releases_批量下载 xray\Xray-core\v25.1.30\Xray-linux-mips64.zip      
[2211/2453] Checking is OK   | E:\01.userData\ZhuoMian\Github_Releases_批量下载 xray\Xray-core\v25.1.30\Xray-linux-mips64le.zip    
[2212/2453] Checking is OK   | E:\01.userData\ZhuoMian\Github_Releases_批量下载 xray\Xray-core\v25.1.30\Xray-linux-ppc64.zip       
[2213/2453] Checking is OK   | E:\01.userData\ZhuoMian\Github_Releases_批量下载 xray\Xray-core\v25.1.30\Xray-linux-ppc64le.zip     
[2214/2453] Checking is OK   | E:\01.userData\ZhuoMian\Github_Releases_批量下载 xray\Xray-core\v25.1.30\Xray-linux-riscv64.zip     
[2215/2453] Checking is OK   | E:\01.userData\ZhuoMian\Github_Releases_批量下载 xray\Xray-core\v25.1.30\Xray-linux-s390x.zip       
[2216/2453] Checking is OK   | E:\01.userData\ZhuoMian\Github_Releases_批量下载 xray\Xray-core\v25.1.30\Xray-macos-64.zip          
[2217/2453] Checking is OK   | E:\01.userData\ZhuoMian\Github_Releases_批量下载 xray\Xray-core\v25.1.30\Xray-macos-arm64-v8a.zip   
[2218/2453] Checking is OK   | E:\01.userData\ZhuoMian\Github_Releases_批量下载 xray\Xray-core\v25.1.30\Xray-openbsd-32.zip        
[2219/2453] Checking is OK   | E:\01.userData\ZhuoMian\Github_Releases_批量下载 xray\Xray-core\v25.1.30\Xray-openbsd-64.zip        
[2220/2453] Checking is OK   | E:\01.userData\ZhuoMian\Github_Releases_批量下载 xray\Xray-core\v25.1.30\Xray-openbsd-arm32-v7a.zip 
[2221/2453] Checking is OK   | E:\01.userData\ZhuoMian\Github_Releases_批量下载 xray\Xray-core\v25.1.30\Xray-openbsd-arm64-v8a.zip 
[2222/2453] Checking is OK   | E:\01.userData\ZhuoMian\Github_Releases_批量下载 xray\Xray-core\v25.1.30\Xray-win7-32.zip           
[2223/2453] Checking is OK   | E:\01.userData\ZhuoMian\Github_Releases_批量下载 xray\Xray-core\v25.1.30\Xray-win7-64.zip           
[2224/2453] Checking is OK   | E:\01.userData\ZhuoMian\Github_Releases_批量下载 xray\Xray-core\v25.1.30\Xray-windows-32.zip        
[2225/2453] Checking is OK   | E:\01.userData\ZhuoMian\Github_Releases_批量下载 xray\Xray-core\v25.1.30\Xray-windows-64.zip        
[2226/2453] Checking is OK   | E:\01.userData\ZhuoMian\Github_Releases_批量下载 xray\Xray-core\v25.1.30\Xray-windows-arm32-v7a.zip 
[2227/2453] Checking is OK   | E:\01.userData\ZhuoMian\Github_Releases_批量下载 xray\Xray-core\v25.1.30\Xray-windows-arm64-v8a.zip 
[2228/2453] Checking is OK   | E:\01.userData\ZhuoMian\Github_Releases_批量下载 xray\Xray-core\v25.2.18\Xray-android-arm64-v8a.zip 
[2229/2453] Checking is OK   | E:\01.userData\ZhuoMian\Github_Releases_批量下载 xray\Xray-core\v25.2.18\Xray-freebsd-32.zip        
[2230/2453] Checking is OK   | E:\01.userData\ZhuoMian\Github_Releases_批量下载 xray\Xray-core\v25.2.18\Xray-freebsd-64.zip        
[2231/2453] Checking is OK   | E:\01.userData\ZhuoMian\Github_Releases_批量下载 xray\Xray-core\v25.2.18\Xray-freebsd-arm32-v7a.zip 
[2232/2453] Checking is OK   | E:\01.userData\ZhuoMian\Github_Releases_批量下载 xray\Xray-core\v25.2.18\Xray-freebsd-arm64-v8a.zip 
[2233/2453] Checking is OK   | E:\01.userData\ZhuoMian\Github_Releases_批量下载 xray\Xray-core\v25.2.18\Xray-linux-32.zip          
[2234/2453] Checking is OK   | E:\01.userData\ZhuoMian\Github_Releases_批量下载 xray\Xray-core\v25.2.18\Xray-linux-64.zip          
[2235/2453] Checking is OK   | E:\01.userData\ZhuoMian\Github_Releases_批量下载 xray\Xray-core\v25.2.18\Xray-linux-arm32-v5.zip    
[2236/2453] Checking is OK   | E:\01.userData\ZhuoMian\Github_Releases_批量下载 xray\Xray-core\v25.2.18\Xray-linux-arm32-v6.zip    
[2237/2453] Checking is OK   | E:\01.userData\ZhuoMian\Github_Releases_批量下载 xray\Xray-core\v25.2.18\Xray-linux-arm32-v7a.zip   
[2238/2453] Checking is OK   | E:\01.userData\ZhuoMian\Github_Releases_批量下载 xray\Xray-core\v25.2.18\Xray-linux-arm64-v8a.zip   
[2239/2453] Checking is OK   | E:\01.userData\ZhuoMian\Github_Releases_批量下载 xray\Xray-core\v25.2.18\Xray-linux-loong64.zip     
[2240/2453] Checking is OK   | E:\01.userData\ZhuoMian\Github_Releases_批量下载 xray\Xray-core\v25.2.18\Xray-linux-mips32.zip      
[2241/2453] Checking is OK   | E:\01.userData\ZhuoMian\Github_Releases_批量下载 xray\Xray-core\v25.2.18\Xray-linux-mips32le.zip    
[2242/2453] Checking is OK   | E:\01.userData\ZhuoMian\Github_Releases_批量下载 xray\Xray-core\v25.2.18\Xray-linux-mips64.zip      
[2243/2453] Checking is OK   | E:\01.userData\ZhuoMian\Github_Releases_批量下载 xray\Xray-core\v25.2.18\Xray-linux-mips64le.zip    
[2244/2453] Checking is OK   | E:\01.userData\ZhuoMian\Github_Releases_批量下载 xray\Xray-core\v25.2.18\Xray-linux-ppc64.zip       
[2245/2453] Checking is OK   | E:\01.userData\ZhuoMian\Github_Releases_批量下载 xray\Xray-core\v25.2.18\Xray-linux-ppc64le.zip     
[2246/2453] Checking is OK   | E:\01.userData\ZhuoMian\Github_Releases_批量下载 xray\Xray-core\v25.2.18\Xray-linux-riscv64.zip     
[2247/2453] Checking is OK   | E:\01.userData\ZhuoMian\Github_Releases_批量下载 xray\Xray-core\v25.2.18\Xray-linux-s390x.zip       
[2248/2453] Checking is OK   | E:\01.userData\ZhuoMian\Github_Releases_批量下载 xray\Xray-core\v25.2.18\Xray-macos-64.zip          
[2249/2453] Checking is OK   | E:\01.userData\ZhuoMian\Github_Releases_批量下载 xray\Xray-core\v25.2.18\Xray-macos-arm64-v8a.zip   
[2250/2453] Checking is OK   | E:\01.userData\ZhuoMian\Github_Releases_批量下载 xray\Xray-core\v25.2.18\Xray-openbsd-32.zip        
[2251/2453] Checking is OK   | E:\01.userData\ZhuoMian\Github_Releases_批量下载 xray\Xray-core\v25.2.18\Xray-openbsd-64.zip        
[2252/2453] Checking is OK   | E:\01.userData\ZhuoMian\Github_Releases_批量下载 xray\Xray-core\v25.2.18\Xray-openbsd-arm32-v7a.zip 
[2253/2453] Checking is OK   | E:\01.userData\ZhuoMian\Github_Releases_批量下载 xray\Xray-core\v25.2.18\Xray-openbsd-arm64-v8a.zip 
[2254/2453] Checking is OK   | E:\01.userData\ZhuoMian\Github_Releases_批量下载 xray\Xray-core\v25.2.18\Xray-win7-32.zip           
[2255/2453] Checking is OK   | E:\01.userData\ZhuoMian\Github_Releases_批量下载 xray\Xray-core\v25.2.18\Xray-win7-64.zip           
[2256/2453] Checking is OK   | E:\01.userData\ZhuoMian\Github_Releases_批量下载 xray\Xray-core\v25.2.18\Xray-windows-32.zip        
[2257/2453] Checking is OK   | E:\01.userData\ZhuoMian\Github_Releases_批量下载 xray\Xray-core\v25.2.18\Xray-windows-64.zip        
[2258/2453] Checking is OK   | E:\01.userData\ZhuoMian\Github_Releases_批量下载 xray\Xray-core\v25.2.18\Xray-windows-arm32-v7a.zip 
[2259/2453] Checking is OK   | E:\01.userData\ZhuoMian\Github_Releases_批量下载 xray\Xray-core\v25.2.18\Xray-windows-arm64-v8a.zip 
[2260/2453] Checking is OK   | E:\01.userData\ZhuoMian\Github_Releases_批量下载 xray\Xray-core\v25.2.21\Xray-android-arm64-v8a.zip 
[2261/2453] Checking is OK   | E:\01.userData\ZhuoMian\Github_Releases_批量下载 xray\Xray-core\v25.2.21\Xray-freebsd-32.zip        
[2262/2453] Checking is OK   | E:\01.userData\ZhuoMian\Github_Releases_批量下载 xray\Xray-core\v25.2.21\Xray-freebsd-64.zip        
[2263/2453] Checking is OK   | E:\01.userData\ZhuoMian\Github_Releases_批量下载 xray\Xray-core\v25.2.21\Xray-freebsd-arm32-v7a.zip 
[2264/2453] Checking is OK   | E:\01.userData\ZhuoMian\Github_Releases_批量下载 xray\Xray-core\v25.2.21\Xray-freebsd-arm64-v8a.zip 
[2265/2453] Checking is OK   | E:\01.userData\ZhuoMian\Github_Releases_批量下载 xray\Xray-core\v25.2.21\Xray-linux-32.zip          
[2266/2453] Checking is OK   | E:\01.userData\ZhuoMian\Github_Releases_批量下载 xray\Xray-core\v25.2.21\Xray-linux-64.zip          
[2267/2453] Checking is OK   | E:\01.userData\ZhuoMian\Github_Releases_批量下载 xray\Xray-core\v25.2.21\Xray-linux-arm32-v5.zip    
[2268/2453] Checking is OK   | E:\01.userData\ZhuoMian\Github_Releases_批量下载 xray\Xray-core\v25.2.21\Xray-linux-arm32-v6.zip    
[2269/2453] Checking is OK   | E:\01.userData\ZhuoMian\Github_Releases_批量下载 xray\Xray-core\v25.2.21\Xray-linux-arm32-v7a.zip   
[2270/2453] Checking is OK   | E:\01.userData\ZhuoMian\Github_Releases_批量下载 xray\Xray-core\v25.2.21\Xray-linux-arm64-v8a.zip   
[2271/2453] Checking is OK   | E:\01.userData\ZhuoMian\Github_Releases_批量下载 xray\Xray-core\v25.2.21\Xray-linux-loong64.zip     
[2272/2453] Checking is OK   | E:\01.userData\ZhuoMian\Github_Releases_批量下载 xray\Xray-core\v25.2.21\Xray-linux-mips32.zip      
[2273/2453] Checking is OK   | E:\01.userData\ZhuoMian\Github_Releases_批量下载 xray\Xray-core\v25.2.21\Xray-linux-mips32le.zip    
[2274/2453] Checking is OK   | E:\01.userData\ZhuoMian\Github_Releases_批量下载 xray\Xray-core\v25.2.21\Xray-linux-mips64.zip      
[2275/2453] Checking is OK   | E:\01.userData\ZhuoMian\Github_Releases_批量下载 xray\Xray-core\v25.2.21\Xray-linux-mips64le.zip    
[2276/2453] Checking is OK   | E:\01.userData\ZhuoMian\Github_Releases_批量下载 xray\Xray-core\v25.2.21\Xray-linux-ppc64.zip       
[2277/2453] Checking is OK   | E:\01.userData\ZhuoMian\Github_Releases_批量下载 xray\Xray-core\v25.2.21\Xray-linux-ppc64le.zip     
[2278/2453] Checking is OK   | E:\01.userData\ZhuoMian\Github_Releases_批量下载 xray\Xray-core\v25.2.21\Xray-linux-riscv64.zip     
[2279/2453] Checking is OK   | E:\01.userData\ZhuoMian\Github_Releases_批量下载 xray\Xray-core\v25.2.21\Xray-linux-s390x.zip       
[2280/2453] Checking is OK   | E:\01.userData\ZhuoMian\Github_Releases_批量下载 xray\Xray-core\v25.2.21\Xray-macos-64.zip          
[2281/2453] Checking is OK   | E:\01.userData\ZhuoMian\Github_Releases_批量下载 xray\Xray-core\v25.2.21\Xray-macos-arm64-v8a.zip   
[2282/2453] Checking is OK   | E:\01.userData\ZhuoMian\Github_Releases_批量下载 xray\Xray-core\v25.2.21\Xray-openbsd-32.zip        
[2283/2453] Checking is OK   | E:\01.userData\ZhuoMian\Github_Releases_批量下载 xray\Xray-core\v25.2.21\Xray-openbsd-64.zip        
[2284/2453] Checking is OK   | E:\01.userData\ZhuoMian\Github_Releases_批量下载 xray\Xray-core\v25.2.21\Xray-openbsd-arm32-v7a.zip 
[2285/2453] Checking is OK   | E:\01.userData\ZhuoMian\Github_Releases_批量下载 xray\Xray-core\v25.2.21\Xray-openbsd-arm64-v8a.zip 
[2286/2453] Checking is OK   | E:\01.userData\ZhuoMian\Github_Releases_批量下载 xray\Xray-core\v25.2.21\Xray-win7-32.zip           
[2287/2453] Checking is OK   | E:\01.userData\ZhuoMian\Github_Releases_批量下载 xray\Xray-core\v25.2.21\Xray-win7-64.zip           
[2288/2453] Checking is OK   | E:\01.userData\ZhuoMian\Github_Releases_批量下载 xray\Xray-core\v25.2.21\Xray-windows-32.zip        
[2289/2453] Checking is OK   | E:\01.userData\ZhuoMian\Github_Releases_批量下载 xray\Xray-core\v25.2.21\Xray-windows-64.zip        
[2290/2453] Checking is OK   | E:\01.userData\ZhuoMian\Github_Releases_批量下载 xray\Xray-core\v25.2.21\Xray-windows-arm32-v7a.zip 
[2291/2453] Checking is OK   | E:\01.userData\ZhuoMian\Github_Releases_批量下载 xray\Xray-core\v25.2.21\Xray-windows-arm64-v8a.zip 
[2292/2453] Checking is OK   | E:\01.userData\ZhuoMian\Github_Releases_批量下载 xray\Xray-core\v25.3.3\Xray-android-arm64-v8a.zip  
[2293/2453] Checking is OK   | E:\01.userData\ZhuoMian\Github_Releases_批量下载 xray\Xray-core\v25.3.3\Xray-freebsd-32.zip         
[2294/2453] Checking is OK   | E:\01.userData\ZhuoMian\Github_Releases_批量下载 xray\Xray-core\v25.3.3\Xray-freebsd-64.zip         
[2295/2453] Checking is OK   | E:\01.userData\ZhuoMian\Github_Releases_批量下载 xray\Xray-core\v25.3.3\Xray-freebsd-arm32-v7a.zip  
[2296/2453] Checking is OK   | E:\01.userData\ZhuoMian\Github_Releases_批量下载 xray\Xray-core\v25.3.3\Xray-freebsd-arm64-v8a.zip  
[2297/2453] Checking is OK   | E:\01.userData\ZhuoMian\Github_Releases_批量下载 xray\Xray-core\v25.3.3\Xray-linux-32.zip           
[2298/2453] Checking is OK   | E:\01.userData\ZhuoMian\Github_Releases_批量下载 xray\Xray-core\v25.3.3\Xray-linux-64.zip           
[2299/2453] Checking is OK   | E:\01.userData\ZhuoMian\Github_Releases_批量下载 xray\Xray-core\v25.3.3\Xray-linux-arm32-v5.zip     
[2300/2453] Checking is OK   | E:\01.userData\ZhuoMian\Github_Releases_批量下载 xray\Xray-core\v25.3.3\Xray-linux-arm32-v6.zip     
[2301/2453] Checking is OK   | E:\01.userData\ZhuoMian\Github_Releases_批量下载 xray\Xray-core\v25.3.3\Xray-linux-arm32-v7a.zip    
[2302/2453] Checking is OK   | E:\01.userData\ZhuoMian\Github_Releases_批量下载 xray\Xray-core\v25.3.3\Xray-linux-arm64-v8a.zip    
[2303/2453] Checking is OK   | E:\01.userData\ZhuoMian\Github_Releases_批量下载 xray\Xray-core\v25.3.3\Xray-linux-loong64.zip      
[2304/2453] Checking is OK   | E:\01.userData\ZhuoMian\Github_Releases_批量下载 xray\Xray-core\v25.3.3\Xray-linux-mips32.zip       
[2305/2453] Checking is OK   | E:\01.userData\ZhuoMian\Github_Releases_批量下载 xray\Xray-core\v25.3.3\Xray-linux-mips32le.zip     
[2306/2453] Checking is OK   | E:\01.userData\ZhuoMian\Github_Releases_批量下载 xray\Xray-core\v25.3.3\Xray-linux-mips64.zip       
[2307/2453] Checking is OK   | E:\01.userData\ZhuoMian\Github_Releases_批量下载 xray\Xray-core\v25.3.3\Xray-linux-mips64le.zip     
[2308/2453] Checking is OK   | E:\01.userData\ZhuoMian\Github_Releases_批量下载 xray\Xray-core\v25.3.3\Xray-linux-ppc64.zip        
[2309/2453] Checking is OK   | E:\01.userData\ZhuoMian\Github_Releases_批量下载 xray\Xray-core\v25.3.3\Xray-linux-ppc64le.zip      
[2310/2453] Checking is OK   | E:\01.userData\ZhuoMian\Github_Releases_批量下载 xray\Xray-core\v25.3.3\Xray-linux-riscv64.zip      
[2311/2453] Checking is OK   | E:\01.userData\ZhuoMian\Github_Releases_批量下载 xray\Xray-core\v25.3.3\Xray-linux-s390x.zip        
[2312/2453] Checking is OK   | E:\01.userData\ZhuoMian\Github_Releases_批量下载 xray\Xray-core\v25.3.3\Xray-macos-64.zip           
[2313/2453] Checking is OK   | E:\01.userData\ZhuoMian\Github_Releases_批量下载 xray\Xray-core\v25.3.3\Xray-macos-arm64-v8a.zip    
[2314/2453] Checking is OK   | E:\01.userData\ZhuoMian\Github_Releases_批量下载 xray\Xray-core\v25.3.3\Xray-openbsd-32.zip         
[2315/2453] Checking is OK   | E:\01.userData\ZhuoMian\Github_Releases_批量下载 xray\Xray-core\v25.3.3\Xray-openbsd-64.zip         
[2316/2453] Checking is OK   | E:\01.userData\ZhuoMian\Github_Releases_批量下载 xray\Xray-core\v25.3.3\Xray-openbsd-arm32-v7a.zip  
[2317/2453] Checking is OK   | E:\01.userData\ZhuoMian\Github_Releases_批量下载 xray\Xray-core\v25.3.3\Xray-openbsd-arm64-v8a.zip  
[2318/2453] Checking is OK   | E:\01.userData\ZhuoMian\Github_Releases_批量下载 xray\Xray-core\v25.3.3\Xray-win7-32.zip            
[2319/2453] Checking is OK   | E:\01.userData\ZhuoMian\Github_Releases_批量下载 xray\Xray-core\v25.3.3\Xray-win7-64.zip            
[2320/2453] Checking is OK   | E:\01.userData\ZhuoMian\Github_Releases_批量下载 xray\Xray-core\v25.3.3\Xray-windows-32.zip         
[2321/2453] Checking is OK   | E:\01.userData\ZhuoMian\Github_Releases_批量下载 xray\Xray-core\v25.3.3\Xray-windows-64.zip         
[2322/2453] Checking is OK   | E:\01.userData\ZhuoMian\Github_Releases_批量下载 xray\Xray-core\v25.3.3\Xray-windows-arm32-v7a.zip  
[2323/2453] Checking is OK   | E:\01.userData\ZhuoMian\Github_Releases_批量下载 xray\Xray-core\v25.3.3\Xray-windows-arm64-v8a.zip  
[2324/2453] Checking is OK   | E:\01.userData\ZhuoMian\Github_Releases_批量下载 xray\Xray-core\v25.3.31\Xray-android-arm64-v8a.zip 
[2325/2453] Checking is OK   | E:\01.userData\ZhuoMian\Github_Releases_批量下载 xray\Xray-core\v25.3.31\Xray-freebsd-32.zip        
[2326/2453] Checking is OK   | E:\01.userData\ZhuoMian\Github_Releases_批量下载 xray\Xray-core\v25.3.31\Xray-freebsd-64.zip        
[2327/2453] Checking is OK   | E:\01.userData\ZhuoMian\Github_Releases_批量下载 xray\Xray-core\v25.3.31\Xray-freebsd-arm32-v7a.zip 
[2328/2453] Checking is OK   | E:\01.userData\ZhuoMian\Github_Releases_批量下载 xray\Xray-core\v25.3.31\Xray-freebsd-arm64-v8a.zip 
[2329/2453] Checking is OK   | E:\01.userData\ZhuoMian\Github_Releases_批量下载 xray\Xray-core\v25.3.31\Xray-linux-32.zip          
[2330/2453] Checking is OK   | E:\01.userData\ZhuoMian\Github_Releases_批量下载 xray\Xray-core\v25.3.31\Xray-linux-64.zip          
[2331/2453] Checking is OK   | E:\01.userData\ZhuoMian\Github_Releases_批量下载 xray\Xray-core\v25.3.31\Xray-linux-arm32-v5.zip    
[2332/2453] Checking is OK   | E:\01.userData\ZhuoMian\Github_Releases_批量下载 xray\Xray-core\v25.3.31\Xray-linux-arm32-v6.zip    
[2333/2453] Checking is OK   | E:\01.userData\ZhuoMian\Github_Releases_批量下载 xray\Xray-core\v25.3.31\Xray-linux-arm32-v7a.zip   
[2334/2453] Checking is OK   | E:\01.userData\ZhuoMian\Github_Releases_批量下载 xray\Xray-core\v25.3.31\Xray-linux-arm64-v8a.zip   
[2335/2453] Checking is OK   | E:\01.userData\ZhuoMian\Github_Releases_批量下载 xray\Xray-core\v25.3.31\Xray-linux-loong64.zip     
[2336/2453] Checking is OK   | E:\01.userData\ZhuoMian\Github_Releases_批量下载 xray\Xray-core\v25.3.31\Xray-linux-mips32.zip      
[2337/2453] Checking is OK   | E:\01.userData\ZhuoMian\Github_Releases_批量下载 xray\Xray-core\v25.3.31\Xray-linux-mips32le.zip    
[2338/2453] Checking is OK   | E:\01.userData\ZhuoMian\Github_Releases_批量下载 xray\Xray-core\v25.3.31\Xray-linux-mips64.zip      
[2339/2453] Checking is OK   | E:\01.userData\ZhuoMian\Github_Releases_批量下载 xray\Xray-core\v25.3.31\Xray-linux-mips64le.zip    
[2340/2453] Checking is OK   | E:\01.userData\ZhuoMian\Github_Releases_批量下载 xray\Xray-core\v25.3.31\Xray-linux-ppc64.zip       
[2341/2453] Checking is OK   | E:\01.userData\ZhuoMian\Github_Releases_批量下载 xray\Xray-core\v25.3.31\Xray-linux-ppc64le.zip     
[2342/2453] Checking is OK   | E:\01.userData\ZhuoMian\Github_Releases_批量下载 xray\Xray-core\v25.3.31\Xray-linux-riscv64.zip     
[2343/2453] Checking is OK   | E:\01.userData\ZhuoMian\Github_Releases_批量下载 xray\Xray-core\v25.3.31\Xray-linux-s390x.zip       
[2344/2453] Checking is OK   | E:\01.userData\ZhuoMian\Github_Releases_批量下载 xray\Xray-core\v25.3.31\Xray-macos-64.zip          
[2345/2453] Checking is OK   | E:\01.userData\ZhuoMian\Github_Releases_批量下载 xray\Xray-core\v25.3.31\Xray-macos-arm64-v8a.zip   
[2346/2453] Checking is OK   | E:\01.userData\ZhuoMian\Github_Releases_批量下载 xray\Xray-core\v25.3.31\Xray-openbsd-32.zip        
[2347/2453] Checking is OK   | E:\01.userData\ZhuoMian\Github_Releases_批量下载 xray\Xray-core\v25.3.31\Xray-openbsd-64.zip        
[2348/2453] Checking is OK   | E:\01.userData\ZhuoMian\Github_Releases_批量下载 xray\Xray-core\v25.3.31\Xray-openbsd-arm32-v7a.zip 
[2349/2453] Checking is OK   | E:\01.userData\ZhuoMian\Github_Releases_批量下载 xray\Xray-core\v25.3.31\Xray-openbsd-arm64-v8a.zip 
[2350/2453] Checking is OK   | E:\01.userData\ZhuoMian\Github_Releases_批量下载 xray\Xray-core\v25.3.31\Xray-win7-32.zip           
[2351/2453] Checking is OK   | E:\01.userData\ZhuoMian\Github_Releases_批量下载 xray\Xray-core\v25.3.31\Xray-win7-64.zip           
[2352/2453] Checking is OK   | E:\01.userData\ZhuoMian\Github_Releases_批量下载 xray\Xray-core\v25.3.31\Xray-windows-32.zip        
[2353/2453] Checking is OK   | E:\01.userData\ZhuoMian\Github_Releases_批量下载 xray\Xray-core\v25.3.31\Xray-windows-64.zip        
[2354/2453] Checking is OK   | E:\01.userData\ZhuoMian\Github_Releases_批量下载 xray\Xray-core\v25.3.31\Xray-windows-arm32-v7a.zip 
[2355/2453] Checking is OK   | E:\01.userData\ZhuoMian\Github_Releases_批量下载 xray\Xray-core\v25.3.31\Xray-windows-arm64-v8a.zip 
[2356/2453] Checking is OK   | E:\01.userData\ZhuoMian\Github_Releases_批量下载 xray\Xray-core\v25.3.6\Xray-android-arm64-v8a.zip  
[2357/2453] Checking is OK   | E:\01.userData\ZhuoMian\Github_Releases_批量下载 xray\Xray-core\v25.3.6\Xray-freebsd-32.zip         
[2358/2453] Checking is OK   | E:\01.userData\ZhuoMian\Github_Releases_批量下载 xray\Xray-core\v25.3.6\Xray-freebsd-64.zip         
[2359/2453] Checking is OK   | E:\01.userData\ZhuoMian\Github_Releases_批量下载 xray\Xray-core\v25.3.6\Xray-freebsd-arm32-v7a.zip  
[2360/2453] Checking is OK   | E:\01.userData\ZhuoMian\Github_Releases_批量下载 xray\Xray-core\v25.3.6\Xray-freebsd-arm64-v8a.zip  
[2361/2453] Checking is OK   | E:\01.userData\ZhuoMian\Github_Releases_批量下载 xray\Xray-core\v25.3.6\Xray-linux-32.zip           
[2362/2453] Checking is OK   | E:\01.userData\ZhuoMian\Github_Releases_批量下载 xray\Xray-core\v25.3.6\Xray-linux-64.zip           
[2363/2453] Checking is OK   | E:\01.userData\ZhuoMian\Github_Releases_批量下载 xray\Xray-core\v25.3.6\Xray-linux-arm32-v5.zip     
[2364/2453] Checking is OK   | E:\01.userData\ZhuoMian\Github_Releases_批量下载 xray\Xray-core\v25.3.6\Xray-linux-arm32-v6.zip     
[2365/2453] Checking is OK   | E:\01.userData\ZhuoMian\Github_Releases_批量下载 xray\Xray-core\v25.3.6\Xray-linux-arm32-v7a.zip    
[2366/2453] Checking is OK   | E:\01.userData\ZhuoMian\Github_Releases_批量下载 xray\Xray-core\v25.3.6\Xray-linux-arm64-v8a.zip    
[2367/2453] Checking is OK   | E:\01.userData\ZhuoMian\Github_Releases_批量下载 xray\Xray-core\v25.3.6\Xray-linux-loong64.zip      
[2368/2453] Checking is OK   | E:\01.userData\ZhuoMian\Github_Releases_批量下载 xray\Xray-core\v25.3.6\Xray-linux-mips32.zip       
[2369/2453] Checking is OK   | E:\01.userData\ZhuoMian\Github_Releases_批量下载 xray\Xray-core\v25.3.6\Xray-linux-mips32le.zip     
[2370/2453] Checking is OK   | E:\01.userData\ZhuoMian\Github_Releases_批量下载 xray\Xray-core\v25.3.6\Xray-linux-mips64.zip       
[2371/2453] Checking is OK   | E:\01.userData\ZhuoMian\Github_Releases_批量下载 xray\Xray-core\v25.3.6\Xray-linux-mips64le.zip     
[2372/2453] Checking is OK   | E:\01.userData\ZhuoMian\Github_Releases_批量下载 xray\Xray-core\v25.3.6\Xray-linux-ppc64.zip        
[2373/2453] Checking is OK   | E:\01.userData\ZhuoMian\Github_Releases_批量下载 xray\Xray-core\v25.3.6\Xray-linux-ppc64le.zip      
[2374/2453] Checking is OK   | E:\01.userData\ZhuoMian\Github_Releases_批量下载 xray\Xray-core\v25.3.6\Xray-linux-riscv64.zip      
[2375/2453] Checking is OK   | E:\01.userData\ZhuoMian\Github_Releases_批量下载 xray\Xray-core\v25.3.6\Xray-linux-s390x.zip        
[2376/2453] Checking is OK   | E:\01.userData\ZhuoMian\Github_Releases_批量下载 xray\Xray-core\v25.3.6\Xray-macos-64.zip           
[2377/2453] Checking is OK   | E:\01.userData\ZhuoMian\Github_Releases_批量下载 xray\Xray-core\v25.3.6\Xray-macos-arm64-v8a.zip    
[2378/2453] Checking is OK   | E:\01.userData\ZhuoMian\Github_Releases_批量下载 xray\Xray-core\v25.3.6\Xray-openbsd-32.zip         
[2379/2453] Checking is OK   | E:\01.userData\ZhuoMian\Github_Releases_批量下载 xray\Xray-core\v25.3.6\Xray-openbsd-64.zip         
[2380/2453] Checking is OK   | E:\01.userData\ZhuoMian\Github_Releases_批量下载 xray\Xray-core\v25.3.6\Xray-openbsd-arm32-v7a.zip  
[2381/2453] Checking is OK   | E:\01.userData\ZhuoMian\Github_Releases_批量下载 xray\Xray-core\v25.3.6\Xray-openbsd-arm64-v8a.zip  
[2382/2453] Checking is OK   | E:\01.userData\ZhuoMian\Github_Releases_批量下载 xray\Xray-core\v25.3.6\Xray-win7-32.zip            
[2383/2453] Checking is OK   | E:\01.userData\ZhuoMian\Github_Releases_批量下载 xray\Xray-core\v25.3.6\Xray-win7-64.zip            
[2384/2453] Checking is OK   | E:\01.userData\ZhuoMian\Github_Releases_批量下载 xray\Xray-core\v25.3.6\Xray-windows-32.zip         
[2385/2453] Checking is OK   | E:\01.userData\ZhuoMian\Github_Releases_批量下载 xray\Xray-core\v25.3.6\Xray-windows-64.zip         
[2386/2453] Checking is OK   | E:\01.userData\ZhuoMian\Github_Releases_批量下载 xray\Xray-core\v25.3.6\Xray-windows-arm32-v7a.zip  
[2387/2453] Checking is OK   | E:\01.userData\ZhuoMian\Github_Releases_批量下载 xray\Xray-core\v25.3.6\Xray-windows-arm64-v8a.zip  
[2388/2453] Checking is OK   | E:\01.userData\ZhuoMian\Github_Releases_批量下载 xray\Xray-core\v25.4.30\Xray-android-amd64.zip     
[2389/2453] Checking is OK   | E:\01.userData\ZhuoMian\Github_Releases_批量下载 xray\Xray-core\v25.4.30\Xray-android-arm64-v8a.zip 
[2390/2453] Checking is OK   | E:\01.userData\ZhuoMian\Github_Releases_批量下载 xray\Xray-core\v25.4.30\Xray-freebsd-32.zip        
[2391/2453] Checking is OK   | E:\01.userData\ZhuoMian\Github_Releases_批量下载 xray\Xray-core\v25.4.30\Xray-freebsd-64.zip        
[2392/2453] Checking is OK   | E:\01.userData\ZhuoMian\Github_Releases_批量下载 xray\Xray-core\v25.4.30\Xray-freebsd-arm32-v7a.zip 
[2393/2453] Checking is OK   | E:\01.userData\ZhuoMian\Github_Releases_批量下载 xray\Xray-core\v25.4.30\Xray-freebsd-arm64-v8a.zip 
[2394/2453] Checking is OK   | E:\01.userData\ZhuoMian\Github_Releases_批量下载 xray\Xray-core\v25.4.30\Xray-linux-32.zip          
[2395/2453] Checking is OK   | E:\01.userData\ZhuoMian\Github_Releases_批量下载 xray\Xray-core\v25.4.30\Xray-linux-64.zip          
[2396/2453] Checking is OK   | E:\01.userData\ZhuoMian\Github_Releases_批量下载 xray\Xray-core\v25.4.30\Xray-linux-arm32-v5.zip    
[2397/2453] Checking is OK   | E:\01.userData\ZhuoMian\Github_Releases_批量下载 xray\Xray-core\v25.4.30\Xray-linux-arm32-v6.zip    
[2398/2453] Checking is OK   | E:\01.userData\ZhuoMian\Github_Releases_批量下载 xray\Xray-core\v25.4.30\Xray-linux-arm32-v7a.zip   
[2399/2453] Checking is OK   | E:\01.userData\ZhuoMian\Github_Releases_批量下载 xray\Xray-core\v25.4.30\Xray-linux-arm64-v8a.zip   
[2400/2453] Checking is OK   | E:\01.userData\ZhuoMian\Github_Releases_批量下载 xray\Xray-core\v25.4.30\Xray-linux-loong64.zip     
[2401/2453] Checking is OK   | E:\01.userData\ZhuoMian\Github_Releases_批量下载 xray\Xray-core\v25.4.30\Xray-linux-mips32.zip      
[2402/2453] Checking is OK   | E:\01.userData\ZhuoMian\Github_Releases_批量下载 xray\Xray-core\v25.4.30\Xray-linux-mips32le.zip    
[2403/2453] Checking is OK   | E:\01.userData\ZhuoMian\Github_Releases_批量下载 xray\Xray-core\v25.4.30\Xray-linux-mips64.zip      
[2404/2453] Checking is OK   | E:\01.userData\ZhuoMian\Github_Releases_批量下载 xray\Xray-core\v25.4.30\Xray-linux-mips64le.zip    
[2405/2453] Checking is OK   | E:\01.userData\ZhuoMian\Github_Releases_批量下载 xray\Xray-core\v25.4.30\Xray-linux-ppc64.zip       
[2406/2453] Checking is OK   | E:\01.userData\ZhuoMian\Github_Releases_批量下载 xray\Xray-core\v25.4.30\Xray-linux-ppc64le.zip     
[2407/2453] Checking is OK   | E:\01.userData\ZhuoMian\Github_Releases_批量下载 xray\Xray-core\v25.4.30\Xray-linux-riscv64.zip     
[2408/2453] Checking is OK   | E:\01.userData\ZhuoMian\Github_Releases_批量下载 xray\Xray-core\v25.4.30\Xray-linux-s390x.zip       
[2409/2453] Checking is OK   | E:\01.userData\ZhuoMian\Github_Releases_批量下载 xray\Xray-core\v25.4.30\Xray-macos-64.zip          
[2410/2453] Checking is OK   | E:\01.userData\ZhuoMian\Github_Releases_批量下载 xray\Xray-core\v25.4.30\Xray-macos-arm64-v8a.zip   
[2411/2453] Checking is OK   | E:\01.userData\ZhuoMian\Github_Releases_批量下载 xray\Xray-core\v25.4.30\Xray-openbsd-32.zip        
[2412/2453] Checking is OK   | E:\01.userData\ZhuoMian\Github_Releases_批量下载 xray\Xray-core\v25.4.30\Xray-openbsd-64.zip        
[2413/2453] Checking is OK   | E:\01.userData\ZhuoMian\Github_Releases_批量下载 xray\Xray-core\v25.4.30\Xray-openbsd-arm32-v7a.zip 
[2414/2453] Checking is OK   | E:\01.userData\ZhuoMian\Github_Releases_批量下载 xray\Xray-core\v25.4.30\Xray-openbsd-arm64-v8a.zip 
[2415/2453] Checking is OK   | E:\01.userData\ZhuoMian\Github_Releases_批量下载 xray\Xray-core\v25.4.30\Xray-win7-32.zip           
[2416/2453] Checking is OK   | E:\01.userData\ZhuoMian\Github_Releases_批量下载 xray\Xray-core\v25.4.30\Xray-win7-64.zip           
[2417/2453] Checking is OK   | E:\01.userData\ZhuoMian\Github_Releases_批量下载 xray\Xray-core\v25.4.30\Xray-windows-32.zip        
[2418/2453] Checking is OK   | E:\01.userData\ZhuoMian\Github_Releases_批量下载 xray\Xray-core\v25.4.30\Xray-windows-64.zip        
[2419/2453] Checking is OK   | E:\01.userData\ZhuoMian\Github_Releases_批量下载 xray\Xray-core\v25.4.30\Xray-windows-arm32-v7a.zip 
[2420/2453] Checking is OK   | E:\01.userData\ZhuoMian\Github_Releases_批量下载 xray\Xray-core\v25.4.30\Xray-windows-arm64-v8a.zip 
[2421/2453] Checking is OK   | E:\01.userData\ZhuoMian\Github_Releases_批量下载 xray\Xray-core\v25.5.16\Xray-android-amd64.zip     
[2422/2453] Checking is OK   | E:\01.userData\ZhuoMian\Github_Releases_批量下载 xray\Xray-core\v25.5.16\Xray-android-arm64-v8a.zip 
[2423/2453] Checking is OK   | E:\01.userData\ZhuoMian\Github_Releases_批量下载 xray\Xray-core\v25.5.16\Xray-freebsd-32.zip        
[2424/2453] Checking is OK   | E:\01.userData\ZhuoMian\Github_Releases_批量下载 xray\Xray-core\v25.5.16\Xray-freebsd-64.zip        
[2425/2453] Checking is OK   | E:\01.userData\ZhuoMian\Github_Releases_批量下载 xray\Xray-core\v25.5.16\Xray-freebsd-arm32-v7a.zip 
[2426/2453] Checking is OK   | E:\01.userData\ZhuoMian\Github_Releases_批量下载 xray\Xray-core\v25.5.16\Xray-freebsd-arm64-v8a.zip 
[2427/2453] Checking is OK   | E:\01.userData\ZhuoMian\Github_Releases_批量下载 xray\Xray-core\v25.5.16\Xray-linux-32.zip          
[2428/2453] Checking is OK   | E:\01.userData\ZhuoMian\Github_Releases_批量下载 xray\Xray-core\v25.5.16\Xray-linux-64.zip          
[2429/2453] Checking is OK   | E:\01.userData\ZhuoMian\Github_Releases_批量下载 xray\Xray-core\v25.5.16\Xray-linux-arm32-v5.zip    
[2430/2453] Checking is OK   | E:\01.userData\ZhuoMian\Github_Releases_批量下载 xray\Xray-core\v25.5.16\Xray-linux-arm32-v6.zip    
[2431/2453] Checking is OK   | E:\01.userData\ZhuoMian\Github_Releases_批量下载 xray\Xray-core\v25.5.16\Xray-linux-arm32-v7a.zip   
[2432/2453] Checking is OK   | E:\01.userData\ZhuoMian\Github_Releases_批量下载 xray\Xray-core\v25.5.16\Xray-linux-arm64-v8a.zip   
[2433/2453] Checking is OK   | E:\01.userData\ZhuoMian\Github_Releases_批量下载 xray\Xray-core\v25.5.16\Xray-linux-loong64.zip     
[2434/2453] Checking is OK   | E:\01.userData\ZhuoMian\Github_Releases_批量下载 xray\Xray-core\v25.5.16\Xray-linux-mips32.zip      
[2435/2453] Checking is OK   | E:\01.userData\ZhuoMian\Github_Releases_批量下载 xray\Xray-core\v25.5.16\Xray-linux-mips32le.zip    
[2436/2453] Checking is OK   | E:\01.userData\ZhuoMian\Github_Releases_批量下载 xray\Xray-core\v25.5.16\Xray-linux-mips64.zip      
[2437/2453] Checking is OK   | E:\01.userData\ZhuoMian\Github_Releases_批量下载 xray\Xray-core\v25.5.16\Xray-linux-mips64le.zip    
[2438/2453] Checking is OK   | E:\01.userData\ZhuoMian\Github_Releases_批量下载 xray\Xray-core\v25.5.16\Xray-linux-ppc64.zip       
[2439/2453] Checking is OK   | E:\01.userData\ZhuoMian\Github_Releases_批量下载 xray\Xray-core\v25.5.16\Xray-linux-ppc64le.zip     
[2440/2453] Checking is OK   | E:\01.userData\ZhuoMian\Github_Releases_批量下载 xray\Xray-core\v25.5.16\Xray-linux-riscv64.zip     
[2441/2453] Checking is OK   | E:\01.userData\ZhuoMian\Github_Releases_批量下载 xray\Xray-core\v25.5.16\Xray-linux-s390x.zip       
[2442/2453] Checking is OK   | E:\01.userData\ZhuoMian\Github_Releases_批量下载 xray\Xray-core\v25.5.16\Xray-macos-64.zip          
[2443/2453] Checking is OK   | E:\01.userData\ZhuoMian\Github_Releases_批量下载 xray\Xray-core\v25.5.16\Xray-macos-arm64-v8a.zip   
[2444/2453] Checking is OK   | E:\01.userData\ZhuoMian\Github_Releases_批量下载 xray\Xray-core\v25.5.16\Xray-openbsd-32.zip        
[2445/2453] Checking is OK   | E:\01.userData\ZhuoMian\Github_Releases_批量下载 xray\Xray-core\v25.5.16\Xray-openbsd-64.zip        
[2446/2453] Checking is OK   | E:\01.userData\ZhuoMian\Github_Releases_批量下载 xray\Xray-core\v25.5.16\Xray-openbsd-arm32-v7a.zip 
[2447/2453] Checking is OK   | E:\01.userData\ZhuoMian\Github_Releases_批量下载 xray\Xray-core\v25.5.16\Xray-openbsd-arm64-v8a.zip 
[2448/2453] Checking is OK   | E:\01.userData\ZhuoMian\Github_Releases_批量下载 xray\Xray-core\v25.5.16\Xray-win7-32.zip           
[2449/2453] Checking is OK   | E:\01.userData\ZhuoMian\Github_Releases_批量下载 xray\Xray-core\v25.5.16\Xray-win7-64.zip           
[2450/2453] Checking is OK   | E:\01.userData\ZhuoMian\Github_Releases_批量下载 xray\Xray-core\v25.5.16\Xray-windows-32.zip        
[2451/2453] Checking is OK   | E:\01.userData\ZhuoMian\Github_Releases_批量下载 xray\Xray-core\v25.5.16\Xray-windows-64.zip        
[2452/2453] Checking is OK   | E:\01.userData\ZhuoMian\Github_Releases_批量下载 xray\Xray-core\v25.5.16\Xray-windows-arm32-v7a.zip 
[2453/2453] Checking is OK   | E:\01.userData\ZhuoMian\Github_Releases_批量下载 xray\Xray-core\v25.5.16\Xray-windows-arm64-v8a.zip 
